member,group_id,m1,m2,m3,m4,m5,m6,m7,m8,m9,m10,m11,m12
6040160,1020990,3,3,2,0.0,1.0,0.0,6.333333333333333,44.666666666666664,11.666666666666666,1.6242487402207424,2.6952237177491387,1.5283208335737186
5625665,1020990,6,9,21,1.7709505944546688,4.297079327540665,3.169925001442312,8.833333333333334,37.666666666666664,13.166666666666666,1.5734184459837568,2.6995568697040144,1.7834066196901819
10961859,1020990,4,3,7,1.5219280948873621,2.5216406363433186,2.0,5.75,25.5,21.5,2.095967252188776,3.966962935482758,2.4251099295352727
7488037,1020990,3,10,27,2.287783719941071,4.578780557638898,3.584962500721156,6.333333333333333,42.333333333333336,3.3333333333333335,0.861654166907052,1.5022968652028394,0.3333333333333333
4582795,1020990,4,13,17,2.725480556997868,3.8077635764171953,3.0,5.75,23.0,19.0,1.7950791366611496,3.645432200464289,2.1751099295352727
13059212,1020990,6,3,10,1.584962500721156,3.321928094887362,1.0,8.833333333333334,38.666666666666664,15.0,1.604416461606009,2.8620820751462315,2.145060786597234
13283437,1020990,4,2,1,0.0,0.0,0.0,8.5,32.5,5.75,0.9455305560363263,1.4804820237218406,1.0
955822,1020990,11,84,44,2.488463450314924,5.368522527728205,4.700439718141092,6.090909090909091,16.636363636363637,10.636363636363637,1.6392175077674984,2.8695603366033797,1.7427204546765738
13101328,1020990,6,10,3,1.584962500721156,1.584962500721156,1.0,8.833333333333334,37.5,16.166666666666668,1.604416461606009,3.1515763408405992,2.145060786597234
8161873,1020990,4,4,18,1.584962500721156,4.169925001442313,1.0,5.75,25.25,18.75,2.0802086507303272,3.5548918442080097,2.6751099295352727
8571220,1020990,12,109,5,1.584962500721156,1.9219280948873623,1.0,5.666666666666667,14.0,11.75,1.2337786334708147,2.4295442786076604,1.6212772683587133
8785940,1020990,3,11,12,1.8910611120726526,3.418295834054489,3.0,11.0,68.33333333333333,21.666666666666668,2.0901952248200764,3.763483540871855,2.900146572713697
4254775,1020990,4,1,1,0.0,0.0,0.0,8.5,32.75,5.75,0.9455305560363263,1.4804820237218406,1.0
11881338,1020990,4,15,3,1.0,1.584962500721156,0.0,7.0,33.5,12.5,1.517476486021594,2.875177163131565,1.896240625180289
9756379,1020990,10,12,16,2.197159723424149,4.0,3.0,6.4,25.2,10.1,1.1905362659005714,2.14976788805404,1.3870364719583403
13031132,1020990,4,1,7,1.584962500721156,2.5216406363433186,1.0,5.75,26.0,21.5,2.0802086507303277,3.966962935482758,2.6751099295352727
12658463,1020990,8,8,1,0.0,0.0,0.0,7.375,28.75,12.625,1.4014326587946513,2.5618025682205934,1.7337955899479254
