member,group_id,m1,m2,m3,m4,m5,m6,m7,m8,m9,m10,m11,m12
185496006,10465352,2,2,5,1.9219280948873623,2.321928094887362,2.0,4.5,101.0,14.5,2.386376944702725,3.370111964470926,2.6388067184095583
8129512,10465352,3,3,4,1.0,1.5,0.0,4.0,68.33333333333333,18.0,2.4315606614309377,3.768026706238858,3.175180316754235
159698632,10465352,4,39,5,2.321928094887362,2.321928094887362,2.0,3.25,42.75,14.5,1.9736704960732034,3.2010200296791433,2.3813852375656763
155577362,10465352,1,1,4,1.5,2.0,1.584962500721156,5.0,163.0,24.0,2.4508257945180887,4.418295834054489,3.2776134368191165
10312435,10465352,5,163,24,2.4508257945180887,4.418295834054489,3.2776134368191165,2.6,9.6,8.6,1.8531568569324173,2.5415424759098895,1.966578002832949
85815482,10465352,3,3,25,2.5219280948873624,4.5638561897747225,4.247927513443588,4.0,68.33333333333333,11.0,1.9242512964684835,2.746741309647284,1.7592044789397054
