member,group_id,m1,m2,m3,m4,m5,m6,m7,m8,m9,m10,m11,m12
117349542,10633372,3,2,6,1.0,2.584962500721156,1.0,4.666666666666667,175.0,17.0,1.6934216567672162,3.1076598085316434,2.428467406287416
45939882,10633372,1,13,15,1.9219280948873623,3.4565647621309536,2.321928094887362,6.0,299.0,24.0,1.7924812503605778,4.303508854797679,2.584962500721156
2224020,10633372,4,103,25,2.287783719941071,4.0194705707972505,3.7004397181410926,4.0,115.25,9.5,1.428602336311985,2.6183584640599977,1.7267226489021295
12962454,10633372,6,299,24,1.7924812503605778,4.303508854797679,2.584962500721156,2.6666666666666665,46.833333333333336,10.0,1.3552733182859658,2.705153805848612,1.7240493179859693
155229052,10633372,1,3,6,0.0,2.584962500721156,0.0,6.0,299.0,24.0,1.7924812503605778,4.303508854797679,2.584962500721156
133074302,10633372,4,123,2,1.0,1.0,1.0,4.0,110.25,15.25,1.7505482662972527,3.3732261067593106,2.4018325784374026
185879871,10633372,3,37,6,1.9219280948873623,2.584962500721156,2.321928094887362,4.666666666666667,175.0,17.0,1.6934216567672162,3.1076598085316434,2.428467406287416
