member,group_id,m1,m2,m3,m4,m5,m6,m7,m8,m9,m10,m11,m12
141911752,10633372,4,1,6,0.0,2.584962500721156,1.0,7.5,140.5,14.25,1.7505482662972527,2.9769854815790215,2.4018325784374026
45939882,10633372,2,13,15,1.9219280948873623,3.4565647621309536,2.321928094887362,8.0,168.0,15.0,1.8572046726239702,3.4442356777594174,2.453445297804259
182899600,10633372,4,9,2,1.0,1.0,1.0,7.5,140.5,14.25,1.7505482662972527,2.9769854815790215,2.4018325784374026
145968722,10633372,4,1,12,1.5,3.418295834054489,2.0,7.5,140.5,14.25,1.7505482662972527,2.9769854815790215,2.4018325784374026
2224020,10633372,7,103,25,2.287783719941071,4.0194705707972505,3.7004397181410926,5.571428571428571,67.28571428571429,8.714285714285714,1.226479991386087,2.580236384533827,1.7469740986422686
12962454,10633372,8,299,24,1.7924812503605778,4.303508854797679,2.584962500721156,5.0,36.0,9.625,1.375323813021308,2.654272646233415,1.9582780003503972
101301532,10633372,4,1,9,1.3709505944546687,3.169925001442312,2.321928094887362,7.5,140.5,14.25,1.7505482662972527,2.9769854815790215,2.4018325784374026
133074302,10633372,7,123,2,1.0,1.0,1.0,5.571428571428571,64.42857142857143,12.0,1.4104490942348116,3.011589323219149,2.132751201233853
185879871,10633372,8,37,6,1.9219280948873623,2.584962500721156,2.321928094887362,5.0,68.75,11.875,1.35914295745546,2.8690909404929803,1.9911573010796215
