member,group_id,m1,m2,m3,m4,m5,m6,m7,m8,m9,m10,m11,m12
140015552,10660892,8,30,1,0.0,0.0,0.0,6.5,22.5,5.5,0.740194271103767,1.8641759081449762,0.7383613244510647
80686242,10660892,8,53,5,1.584962500721156,2.321928094887362,1.0,6.5,19.625,5.0,0.5420739585136224,1.573934896284056,0.6133613244510647
14444488,10660892,7,36,4,1.5,2.0,1.584962500721156,7.0,24.714285714285715,5.428571428571429,0.6316505955471622,1.6183492520626648,0.6174182992696231
175763272,10660892,8,31,1,0.0,0.0,0.0,6.5,22.375,5.5,0.740194271103767,1.8641759081449762,0.7383613244510647
193430730,10660892,6,1,18,0.9182958340544896,4.058813890331201,2.321928094887362,7.333333333333333,28.333333333333332,3.6666666666666665,0.6672097224626077,1.378271812351242,0.5974937501201927
98480042,10660892,6,38,2,1.0,1.0,0.0,7.0,28.333333333333332,2.6666666666666665,0.5141604167868593,1.1511484326014196,0.430827083453526
159214512,10660892,7,19,2,0.0,1.0,0.0,7.0,27.142857142857142,5.714285714285714,0.8459363098328766,1.7612063949198078,0.8438415136583597
187319281,10660892,6,1,9,0.9182958340544896,2.94770277922009,1.0,7.333333333333333,28.333333333333332,5.166666666666667,0.6672097224626077,1.5634569975364272,0.8178150992680863
188984496,10660892,4,1,3,0.0,1.584962500721156,0.0,7.5,38.0,2.25,0.646240625180289,0.8304820237218405,0.25
