member,group_id,m1,m2,m3,m4,m5,m6,m7,m8,m9,m10,m11,m12
140015552,10660892,7,30,1,0.0,0.0,0.0,4.428571428571429,29.285714285714285,5.428571428571429,0.5835660715315937,1.507399898568678,0.5121375001030223
80686242,10660892,7,53,5,1.584962500721156,2.321928094887362,1.0,4.428571428571429,26.0,4.857142857142857,0.35714285714285715,1.1756958850133405,0.36928035724587943
14444488,10660892,5,36,4,1.5,2.0,1.584962500721156,5.2,30.6,6.4,0.5169925001442313,1.5103598579961492,0.4
175763272,10660892,4,31,1,0.0,0.0,0.0,5.75,30.0,8.25,0.771240625180289,2.1379498224951865,0.896240625180289
98480042,10660892,4,38,2,1.0,1.0,0.0,5.75,34.5,3.0,0.771240625180289,1.3304820237218404,0.646240625180289
54561612,10660892,3,27,1,0.0,0.0,0.0,6.0,34.0,2.6666666666666665,0.5283208335737187,1.1073093649624541,0.3333333333333333
159214512,10660892,4,19,2,0.0,1.0,0.0,5.25,37.0,2.25,0.646240625180289,0.8304820237218405,0.25
188797177,10660892,4,1,23,0.0,4.229871195093384,1.0,5.75,37.5,2.75,0.771240625180289,1.0804820237218404,0.646240625180289
