member,group_id,m1,m2,m3,m4,m5,m6,m7,m8,m9,m10,m11,m12
69042752,1070193,13,214,3,1.0,1.584962500721156,1.0,10.846153846153847,82.84615384615384,5.076923076923077,1.4470407053316081,1.824381856335645,1.4876807694526635
49904802,1070193,12,85,2,0.0,1.0,0.0,11.25,100.0,5.333333333333333,1.5676274307759088,1.8930803443636155,1.611654166907052
117685252,1070193,7,6,3,1.0,1.584962500721156,1.0,12.571428571428571,132.28571428571428,6.714285714285714,1.9730755956158437,2.3778622910680034,2.048550000412089
8507271,1070193,13,248,3,1.584962500721156,1.584962500721156,1.584962500721156,10.846153846153847,80.23076923076923,5.076923076923077,1.4020435898915191,1.824381856335645,1.4426836540125747
80122542,1070193,12,120,2,1.0,1.0,1.0,11.166666666666666,92.16666666666667,4.916666666666667,1.400960764109242,1.7959938860903784,1.4449875002403854
100087342,1070193,11,37,2,1.0,1.0,1.0,11.727272727272727,108.45454545454545,5.363636363636363,1.4374117426646278,1.8540941852250932,1.4854409093531478
27931472,1070193,13,137,12,3.0,3.418295834054489,3.0,10.846153846153847,88.76923076923077,4.384615384615385,1.2931945514854541,1.683356215310004,1.3338346156065095
13319634,1070193,12,96,7,2.584962500721156,2.8073549220576046,2.584962500721156,11.166666666666666,94.16666666666667,4.5,1.2688805557158125,1.6453809759189113,1.3129072918469558
75025682,1070193,10,71,1,0.0,0.0,0.0,12.2,109.4,5.2,1.4811529169310904,1.8645036037476026,1.5339850002884625
26936532,1070193,7,55,5,2.0,2.321928094887362,2.0,12.571428571428571,139.42857142857142,5.0,1.595703571634616,1.9972197511822232,1.595703571634616
48520342,1070193,11,46,1,0.0,0.0,0.0,11.727272727272727,107.63636363636364,5.454545454545454,1.5283208335737186,1.945003276134184,1.5763500002622386
80139192,1070193,12,35,14,2.6416041678685933,3.6644977792004623,3.169925001442312,11.25,100.08333333333333,4.166666666666667,1.2641604167868594,1.6096250632497267,1.2641604167868594
28815962,1070193,13,76,6,2.0,2.584962500721156,2.0,10.846153846153847,93.46153846153847,4.846153846153846,1.3701176284085312,1.7474587794125682,1.4107576925295864
28610812,1070193,8,65,8,2.0,2.75,2.0,12.25,109.75,5.375,1.4033208335737186,1.8547101394273025,1.4693609377704335
