member,group_id,m1,m2,m3,m4,m5,m6,m7,m8,m9,m10,m11,m12
4049792,108878,3,1,7,0.9182958340544896,2.8073549220576046,1.0,5.0,26.333333333333332,4.0,0.930827083453526,1.5283208335737186,0.7739760316291208
9647489,108878,1,2,9,2.2359263506290326,3.169925001442312,2.584962500721156,4.0,94.0,4.0,1.584962500721156,2.0,1.0
2455745,108878,6,56,8,1.7924812503605778,3.0,2.321928094887362,3.5,9.166666666666666,4.333333333333333,1.0400373214903087,1.803474775788433,0.5
9295588,108878,3,12,1,0.0,0.0,0.0,5.0,22.666666666666668,6.0,1.2369256948050225,2.46410580759292,1.1073093649624541
12620965,108878,3,4,3,1.0,1.584962500721156,0.0,4.333333333333333,38.0,2.6666666666666665,0.861654166907052,1.1949875002403854,0.3333333333333333
3225455,108878,3,1,5,2.321928094887362,2.321928094887362,2.0,4.0,28.666666666666668,6.0,1.2641604167868594,2.368867712354825,0.7739760316291208
11363505,108878,3,2,7,1.0,2.5216406363433186,0.0,4.0,28.333333333333332,5.333333333333333,1.7048031150826466,2.3022968652028393,1.4406426982957872
2792370,108878,4,94,4,1.584962500721156,2.0,1.0,3.25,6.5,4.0,1.0589815876572581,1.584962500721156,0.646240625180289
11164950,108878,3,28,3,1.0,1.584962500721156,0.0,4.0,19.666666666666668,6.666666666666667,1.7048031150826466,2.6145229104102268,1.4406426982957872
7784185,108878,3,9,1,0.0,0.0,0.0,4.333333333333333,36.333333333333336,3.3333333333333335,1.1949875002403854,1.723308333814104,0.3333333333333333
12616058,108878,6,11,3,1.0,1.584962500721156,0.0,3.6666666666666665,29.333333333333332,4.0,0.8826232641893705,1.5653862371297933,0.7203213491478936
