member,group_id,m1,m2,m3,m4,m5,m6,m7,m8,m9,m10,m11,m12
2455745,108878,3,56,8,1.7924812503605778,3.0,2.584962500721156,5.0,41.333333333333336,2.6666666666666665,0.861654166907052,1.1949875002403854,0.861654166907052
9647489,108878,1,2,9,2.2359263506290326,3.169925001442312,2.8073549220576046,7.0,94.0,4.0,1.584962500721156,2.0,1.584962500721156
12620965,108878,3,4,3,1.0,1.584962500721156,1.0,5.0,38.0,2.6666666666666665,0.861654166907052,1.1949875002403854,0.861654166907052
2792370,108878,7,94,4,1.584962500721156,2.0,1.584962500721156,2.7142857142857144,15.0,4.285714285714286,1.1469153715699443,1.787110714903848,1.3417596318255371
3597813,108878,3,21,3,1.0,1.584962500721156,1.0,5.0,53.0,4.333333333333333,1.1258145836939113,1.6666666666666667,1.3899750004807707
7784185,108878,5,9,1,0.0,0.0,0.0,3.8,37.2,4.2,1.2754887502163468,1.9509775004326937,1.4339850002884624
12616058,108878,3,11,3,1.0,1.584962500721156,1.0,5.0,35.666666666666664,2.6666666666666665,0.861654166907052,1.1949875002403854,0.861654166907052
12271101,108878,1,2,3,1.0,1.584962500721156,1.0,7.0,94.0,4.0,1.584962500721156,2.0,1.584962500721156
