member,group_id,m1,m2,m3,m4,m5,m6,m7,m8,m9,m10,m11,m12
37263362,1141397,1,1,31,3.1496734471867414,4.954196310386877,4.169925001442313,2.0,612.0,4.0,1.584962500721156,2.0,1.584962500721156
14615091,1141397,1,37,45,4.0407754684868245,5.269630874107452,5.044394119358456,2.0,612.0,4.0,1.584962500721156,2.0,1.584962500721156
9722780,1141397,2,612,4,1.584962500721156,2.0,1.584962500721156,1.0,19.0,38.0,3.5952244578367827,5.111913592247165,4.607159560400385
