member,group_id,m1,m2,m3,m4,m5,m6,m7,m8,m9,m10,m11,m12
9770665,1159522,3,8,5,0.9182958340544896,2.321928094887362,1.0,3.3333333333333335,286.3333333333333,17.333333333333332,2.1309441652547307,3.58173381576519,2.2269378093631325
4840880,1159522,4,848,5,1.584962500721156,2.321928094887362,1.0,2.5,25.0,14.25,2.012023480996222,3.2667823855457327,2.1702033570223493
10126612,1159522,3,1,10,1.584962500721156,3.321928094887362,1.0,3.3333333333333335,288.6666666666667,15.666666666666666,1.9087219430325089,3.2484004824318564,2.2269378093631325
8440920,1159522,1,81,5,2.321928094887362,2.321928094887362,2.0,4.0,848.0,5.0,1.584962500721156,2.321928094887362,1.0
3042488,1159522,3,10,37,3.22290749432188,5.101345257520845,4.680813428089397,3.3333333333333335,285.6666666666667,6.666666666666667,1.362740278498934,2.6552614282206957,1.0
