member,group_id,m1,m2,m3,m4,m5,m6,m7,m8,m9,m10,m11,m12
11131810,1159522,1,5,4,1.5,2.0,2.0,6.0,848.0,5.0,1.584962500721156,2.321928094887362,1.584962500721156
9770665,1159522,1,8,5,0.9182958340544896,2.321928094887362,1.584962500721156,6.0,848.0,5.0,1.584962500721156,2.321928094887362,1.584962500721156
12060106,1159522,1,9,1,0.0,0.0,0.0,6.0,848.0,5.0,1.584962500721156,2.321928094887362,1.584962500721156
4840880,1159522,6,848,5,1.584962500721156,2.321928094887362,1.584962500721156,1.3333333333333333,20.166666666666668,9.166666666666666,1.493855237210622,2.221693991336121,1.9404694910395914
8440920,1159522,2,81,5,2.321928094887362,2.321928094887362,2.321928094887362,4.0,428.0,4.0,1.292481250360578,1.9534452978042591,1.292481250360578
9082941,1159522,2,8,3,1.0,1.584962500721156,1.0,4.0,464.5,5.0,1.9534452978042591,2.321928094887362,1.9534452978042591
3042488,1159522,1,10,37,3.22290749432188,5.101345257520845,4.735926350629031,6.0,848.0,5.0,1.584962500721156,2.321928094887362,1.584962500721156
