member,group_id,m1,m2,m3,m4,m5,m6,m7,m8,m9,m10,m11,m12
486530,1159522,2,3,77,3.522393930329911,6.110942384850749,5.700439718141095,3.0,424.5,4.0,0.792481250360578,1.9534452978042591,0.792481250360578
11348653,1159522,2,2,4,1.5,2.0,2.0,3.0,424.5,19.5,1.792481250360578,3.605358887154682,2.292481250360578
4840880,1159522,4,848,5,1.584962500721156,2.321928094887362,1.584962500721156,2.0,1.75,29.5,1.7555984825824777,3.6461736412484766,2.6751099295352736
9162488,1159522,2,1,34,2.0,4.888789679422001,3.0,3.0,425.0,4.5,1.542481250360578,2.160964047443681,1.792481250360578
11259133,1159522,2,1,3,0.0,1.584962500721156,0.0,3.0,425.5,41.0,2.5536782155255335,4.216435239869056,3.6427011094311257
