member,group_id,m1,m2,m3,m4,m5,m6,m7,m8,m9,m10,m11,m12
159099352,11695722,3,14,19,3.121928094887362,3.932138039759377,3.321928094887362,3.6666666666666665,8.333333333333334,39.333333333333336,2.0190710545618953,4.0631436574077515,3.42537480175808
173187722,11695722,5,7,2,0.0,1.0,0.0,2.8,7.8,45.0,2.2368054845329786,4.993443131725813,3.41149682375978
181222862,11695722,2,1,73,0.0,5.758183805396094,0.0,4.0,6.5,9.5,1.0024430820459216,2.54373142062517,1.729715809318649
176597102,11695722,3,6,17,2.004886164091843,4.08746284125034,3.459431618637298,3.6666666666666665,95.66666666666667,30.333333333333332,0.24064269829578744,3.5860612684653645,0.7739760316291208
8898769,11695722,1,25,4,1.5,2.0,2.0,4.0,279.0,16.0,0.7219280948873623,4.0,2.321928094887362
76047442,11695722,2,2,23,0.9182958340544896,4.436605434317882,2.584962500721156,3.0,141.5,48.0,1.4003044013961636,5.026527953666635,3.7256055559161627
75266612,11695722,3,15,54,3.005603666626659,5.428783048933156,4.954196310386877,3.6666666666666665,8.0,27.666666666666668,2.0578458639821298,3.5642619876831585,2.8812853965915752
10936280,11695722,3,3,62,3.0516094970590273,5.760647923290098,5.3219280948873635,3.6666666666666665,12.0,25.0,2.0425105871713405,3.453640362897511,2.7587081350914127
126084122,11695722,4,279,16,0.7219280948873623,4.0,2.321928094887362,2.0,9.25,31.0,1.6254656765128246,4.144281045725373,3.2934192840758545
156205882,11695722,2,4,80,2.078680707904965,6.053055907333271,5.129283016944964,3.0,140.5,19.5,0.8201119644709259,4.218302717158942,2.453445297804259
