member,group_id,m1,m2,m3,m4,m5,m6,m7,m8,m9,m10,m11,m12
141720352,11695722,1,3,2,1.0,1.0,0.0,3.0,114.0,10.0,1.0,3.321928094887362,0.0
126084122,11695722,1,279,16,0.7219280948873623,4.0,2.0,3.0,114.0,10.0,1.0,3.321928094887362,0.0
132123722,11695722,3,114,10,1.0,3.321928094887362,0.0,1.0,96.0,6.333333333333333,0.5739760316291208,1.6666666666666667,0.6666666666666666
64998182,11695722,1,6,1,0.0,0.0,0.0,3.0,114.0,10.0,1.0,3.321928094887362,0.0
