member,group_id,m1,m2,m3,m4,m5,m6,m7,m8,m9,m10,m11,m12
159099352,11695722,1,14,19,3.121928094887362,3.932138039759377,3.321928094887362,3.0,279.0,16.0,0.7219280948873623,4.0,2.321928094887362
126084122,11695722,3,279,16,0.7219280948873623,4.0,2.321928094887362,1.0,6.333333333333333,37.0,2.8595749460102966,4.911916787604791,3.9170584986504893
4818419,11695722,1,4,54,3.11353886979926,5.680813428089393,4.459431618637295,3.0,279.0,16.0,0.7219280948873623,4.0,2.321928094887362
3077080,11695722,1,1,38,2.3432578733442675,5.1227988949656025,3.969815782426811,3.0,279.0,16.0,0.7219280948873623,4.0,2.321928094887362
