member,group_id,m1,m2,m3,m4,m5,m6,m7,m8,m9,m10,m11,m12
74962432,11695722,2,3,5,1.584962500721156,2.321928094887362,1.0,4.5,143.0,24.5,1.7053249852141148,3.988571590756899,2.5478976275004674
76684832,11695722,1,1,2,0.0,1.0,0.0,7.0,279.0,16.0,0.7219280948873623,4.0,2.0
120406952,11695722,3,1,7,1.9219280948873623,2.5216406363433186,2.0,4.333333333333333,97.0,13.333333333333334,1.7967413096472837,3.4404200138317584,2.376427672314989
78075372,11695722,3,5,9,1.9182958340544893,2.9477027792200903,2.321928094887362,4.333333333333333,95.66666666666667,12.666666666666666,1.7979520632582415,3.298399299539501,2.2691183073525347
12850477,11695722,2,7,33,2.688721875540867,3.977143181513798,3.0957952550009344,4.5,141.0,10.5,1.153445297804259,3.160964047443681,1.5
101782252,11695722,1,1,6,0.0,2.584962500721156,0.0,7.0,279.0,16.0,0.7219280948873623,4.0,2.0
6755987,11695722,3,7,15,2.75,3.373557262275185,2.8073549220576046,4.333333333333333,95.0,10.666666666666666,1.5207173412764046,3.1564478051878027,2.107309364962454
126084122,11695722,7,279,16,0.7219280948873623,4.0,2.0,2.142857142857143,3.5714285714285716,11.0,1.5519869007434106,2.675276350708702,1.603582610277986
