member,group_id,m1,m2,m3,m4,m5,m6,m7,m8,m9,m10,m11,m12
129331072,11732872,3,2,1,0.0,0.0,0.0,4.0,50.333333333333336,25.0,2.871444243587336,4.20130480684755,3.107309364962454
6724850,11732872,4,65,14,2.2516291673878226,3.6644977792004623,2.321928094887362,3.25,22.75,32.25,2.3502356591835927,3.700966849724888,3.133269297763496
58683762,11732872,1,3,7,1.584962500721156,2.128085278891395,1.0,5.0,81.0,16.0,2.321928094887362,3.75,2.0
67352212,11732872,2,3,67,3.038239073360184,5.864450757557365,5.533077191053984,4.5,73.0,15.0,2.2867786311375924,3.707248889600231,2.160964047443681
14615091,11732872,3,5,45,4.0407754684868245,5.189416641342189,5.0,4.0,49.333333333333336,10.333333333333334,1.5245190874250616,2.4714992597334873,1.4406426982957872
8470999,11732872,5,81,16,2.321928094887362,3.75,2.0,2.6,15.6,26.8,2.1831212419911976,3.3692900913982817,2.7710010571882693
