member,group_id,m1,m2,m3,m4,m5,m6,m7,m8,m9,m10,m11,m12
98523362,1195749,1,3,3,1.584962500721156,1.584962500721156,1.0,4.0,686.0,11.0,3.0,3.459431618637298,2.8073549220576046
88777892,1195749,1,1,1,0.0,0.0,0.0,4.0,686.0,11.0,3.0,3.459431618637298,2.8073549220576046
2847699,1195749,1,36,20,3.5032583347756456,4.321928094887363,4.08746284125034,4.0,686.0,11.0,3.0,3.459431618637298,2.8073549220576046
3513269,1195749,4,686,11,3.0,3.459431618637298,2.8073549220576046,1.0,40.5,16.0,1.82760310275087,2.7649866257354487,2.102347734034425
14162939,1195749,1,122,40,2.2221915755066783,5.153055907333277,3.321928094887362,4.0,686.0,11.0,3.0,3.459431618637298,2.8073549220576046
