member,group_id,m1,m2,m3,m4,m5,m6,m7,m8,m9,m10,m11,m12
8888287,1195749,4,4,62,2.064993294935065,5.889680181354615,4.857980995127571,5.0,173.75,16.5,2.357254363294224,3.2088842750421134,2.953445297804259
3513269,1195749,7,686,11,3.0,3.459431618637298,3.0,3.0,4.142857142857143,35.714285714285715,1.799205900442764,3.7031076237141156,3.174093806604606
3523003,1195749,4,4,33,3.2374058114255173,4.9837880587523955,4.643856189774723,5.0,173.75,23.75,2.064151234171611,3.4353573056926683,3.0069764991424712
10263606,1195749,4,1,1,0.0,0.0,0.0,5.0,174.5,31.75,2.8735026870279903,4.681304320380767,4.167940546586152
3998426,1195749,5,4,21,3.1916116417513782,4.39231742277876,4.169925001442313,4.2,139.6,41.0,2.107039154075351,4.106809032382148,3.517860005230527
9393339,1195749,1,2,34,1.8676338909712125,4.454822399946606,3.459431618637298,7.0,686.0,11.0,3.0,3.459431618637298,3.0
3550492,1195749,2,3,98,2.232796664016174,6.201145303166432,5.087462841250338,6.0,345.0,16.0,3.095805820875689,3.925874520708029,3.5849625007211565
7637599,1195749,1,11,1,0.0,0.0,0.0,7.0,686.0,11.0,3.0,3.459431618637298,3.0
