member,group_id,m1,m2,m3,m4,m5,m6,m7,m8,m9,m10,m11,m12
98523362,1195749,1,3,3,1.584962500721156,1.584962500721156,1.584962500721156,7.0,686.0,11.0,3.0,3.459431618637298,3.0
33631592,1195749,2,5,3,0.0,1.584962500721156,0.0,5.5,344.0,11.0,2.112197222702993,3.459431618637298,3.084962500721156
93994922,1195749,4,2,11,1.224394445405986,3.459431618637298,3.169925001442312,3.75,183.25,4.0,0.75,1.2610985298396136,0.75
99737772,1195749,1,13,2,1.0,1.0,1.0,7.0,686.0,11.0,3.0,3.459431618637298,3.0
7558484,1195749,3,18,1,0.0,0.0,0.0,4.666666666666667,237.33333333333334,7.666666666666667,1.4081314818019954,2.306287745758199,2.0566416671474372
3513269,1195749,7,686,11,3.0,3.459431618637298,3.0,2.142857142857143,9.428571428571429,4.0,0.5441938494467345,1.4909587917338878,0.8221267860233527
98627892,1195749,1,1,7,0.0,2.8073549220576046,0.0,7.0,686.0,11.0,3.0,3.459431618637298,3.0
11438778,1195749,3,24,1,0.0,0.0,0.0,4.666666666666667,235.33333333333334,7.666666666666667,1.4081314818019954,2.306287745758199,2.0566416671474372
