member,group_id,m1,m2,m3,m4,m5,m6,m7,m8,m9,m10,m11,m12
37626882,12064552,1,10,14,0.8112781244591328,3.2359263506290334,1.584962500721156,9.0,114.0,2.0,0.0,0.0,0.0
12258180,12064552,1,5,4,2.0,2.0,1.584962500721156,9.0,114.0,2.0,0.0,0.0,0.0
127858022,12064552,9,114,2,0.0,0.0,0.0,1.4444444444444444,3.5555555555555554,11.666666666666666,1.2907182398945034,3.1496595699456607,1.7451302463478267
170452902,12064552,2,1,5,0.0,2.321928094887362,0.0,5.5,58.0,15.0,0.8647869792568111,2.318768755633025,1.729715809318649
12752743,12064552,2,2,8,0.0,3.0,0.0,5.5,57.5,8.0,0.4056390622295664,1.8322488896002311,0.792481250360578
17427961,12064552,1,6,11,2.8073549220576046,2.7321588913645707,2.584962500721156,9.0,114.0,2.0,0.0,0.0,0.0
9822477,12064552,2,2,28,1.7295739585136223,4.63753751126605,3.459431618637298,5.5,57.5,3.5,0.0,1.160964047443681,0.0
151720182,12064552,1,3,12,1.6644977792004616,3.584962500721156,2.584962500721156,9.0,114.0,2.0,0.0,0.0,0.0
170924822,12064552,2,1,14,0.8112781244591328,3.6644977792004623,1.584962500721156,5.5,58.0,5.0,0.0,1.5,0.0
9733273,12064552,1,2,9,1.7924812503605778,3.169925001442312,2.321928094887362,9.0,114.0,2.0,0.0,0.0,0.0
