member,group_id,m1,m2,m3,m4,m5,m6,m7,m8,m9,m10,m11,m12
3061353,1218347,1,1,7,1.9219280948873623,2.8073549220576046,2.0,2.0,296.0,26.0,3.180832987205441,4.440636352673266,3.584962500721156
4127853,1218347,2,296,26,3.180832987205441,4.440636352673266,3.584962500721156,1.0,6.5,5.0,1.7534452978042592,2.1961587113893803,1.5
13879718,1218347,1,12,3,1.584962500721156,1.584962500721156,1.0,2.0,296.0,26.0,3.180832987205441,4.440636352673266,3.584962500721156
