member,group_id,m1,m2,m3,m4,m5,m6,m7,m8,m9,m10,m11,m12
7692294,1218347,3,22,4,2.0,2.0,1.584962500721156,3.6666666666666665,86.33333333333333,14.0,1.9373579916376862,3.5780428844359715,2.54311887335987
102311912,1218347,3,1,18,1.780672129520887,3.9477027792200903,3.459431618637298,3.6666666666666665,93.33333333333333,9.333333333333334,2.0104672817973905,2.9288086246959417,1.9182958340544893
153855722,1218347,1,3,4,1.584962500721156,2.0,1.0,5.0,255.0,10.0,1.584962500721156,3.1219280948873624,1.0
11890931,1218347,5,255,10,1.584962500721156,3.1219280948873624,1.0,2.2,6.4,12.2,2.209600065108418,3.1818559771922437,2.582951767788372
10349367,1218347,3,3,14,2.446439344671015,3.6644977792004623,3.169925001442312,3.6666666666666665,92.66666666666667,10.666666666666666,1.7885448767473477,3.023210291369151,2.0147980397861516
7935096,1218347,1,3,21,3.2359263506290334,4.297079327540665,3.7004397181410926,5.0,255.0,10.0,1.584962500721156,3.1219280948873624,1.0
