member,group_id,m1,m2,m3,m4,m5,m6,m7,m8,m9,m10,m11,m12
11692002,12362482,1,1,4,0.0,2.0,0.0,4.0,23.0,3.0,1.0,1.584962500721156,1.0
87506152,12362482,1,2,21,2.5220552088742005,4.297079327540665,3.584962500721156,4.0,23.0,3.0,1.0,1.584962500721156,1.0
129481452,12362482,1,1,15,2.0,3.906890595608518,3.0,4.0,23.0,3.0,1.0,1.584962500721156,1.0
107708632,12362482,4,23,3,1.0,1.584962500721156,1.0,1.0,1.25,17.25,1.9998076105774558,3.713763591638154,2.73837125711234
183040414,12362482,1,1,29,3.4771752334356227,4.651084443403434,4.368522527728205,4.0,23.0,3.0,1.0,1.584962500721156,1.0
