member,group_id,m1,m2,m3,m4,m5,m6,m7,m8,m9,m10,m11,m12
12677667,12452482,6,74,2,1.0,1.0,0.0,5.833333333333333,76.5,3.3333333333333335,0.75,1.1020219365269626,0.26416041678685936
129976612,12452482,7,61,1,0.0,0.0,0.0,5.285714285714286,90.57142857142857,3.2857142857142856,0.9285714285714286,1.2303045170231108,0.22642321438873658
12611494,12452482,7,164,3,1.0,1.584962500721156,0.0,5.285714285714286,75.85714285714286,3.0,0.7857142857142857,1.0038813026343743,0.22642321438873658
3345387,12452482,5,18,2,1.0,1.0,0.0,6.4,101.2,1.8,0.6,0.7169925001442312,0.0
14274614,12452482,4,9,11,1.5,3.0271691184406193,1.584962500721156,6.75,107.75,2.0,0.75,0.896240625180289,0.0
59897,12452482,3,162,2,1.0,1.0,0.0,7.0,119.0,2.0,0.6666666666666666,0.861654166907052,0.0
140730842,12452482,7,132,2,1.0,1.0,0.0,5.285714285714286,80.42857142857143,3.142857142857143,0.7857142857142857,1.087447374165968,0.22642321438873658
130528732,12452482,5,75,1,0.0,0.0,0.0,6.4,89.8,2.0,0.8,0.9169925001442312,0.0
