member,group_id,m1,m2,m3,m4,m5,m6,m7,m8,m9,m10,m11,m12
43566272,12452482,3,10,3,1.0,0.9182958340544896,0.0,4.666666666666667,129.0,2.0,0.6666666666666666,0.861654166907052,0.0
12677667,12452482,2,74,2,1.0,1.0,0.0,5.0,111.5,1.5,0.5,0.5,0.0
129976612,12452482,5,61,1,0.0,0.0,0.0,3.4,108.4,2.4,1.0,1.1006516669551292,0.0
12611494,12452482,4,164,3,1.0,1.584962500721156,0.0,4.0,91.25,2.0,0.75,0.7295739585136224,0.0
59897,12452482,5,162,2,1.0,1.0,0.0,3.4,88.2,2.2,0.8,0.9006516669551292,0.0
140730842,12452482,3,132,2,1.0,1.0,0.0,4.666666666666667,129.0,2.0,0.6666666666666666,0.861654166907052,0.0
