member,group_id,m1,m2,m3,m4,m5,m6,m7,m8,m9,m10,m11,m12
90641412,12656192,7,3,7,1.584962500721156,2.8073549220576046,1.0,7.571428571428571,12.857142857142858,3.857142857142857,0.953311905173994,1.6638864178488897,0.5714285714285714
183040376,12656192,4,1,1,0.0,0.0,0.0,8.75,15.75,5.25,1.0220552088742005,2.1749180862090913,0.75
174071622,12656192,3,1,2,0.0,1.0,0.0,8.666666666666666,18.333333333333332,7.333333333333333,0.851971031725275,2.330617698776558,1.0
46243332,12656192,6,1,19,1.3709505944546687,3.82687488186464,2.0,8.833333333333334,17.833333333333332,4.833333333333333,1.1258145836939113,1.93320133639788,0.7641604167868593
184073417,12656192,6,10,2,0.0,1.0,0.0,8.833333333333334,16.333333333333332,7.666666666666667,1.3543063494363563,2.4043471500419864,1.0974937501201927
9427562,12656192,3,2,15,0.9709505944546686,3.906890595608518,2.0,8.666666666666666,18.0,3.0,0.5283208335737187,1.361654166907052,0.3333333333333333
134073482,12656192,2,1,2,0.0,1.0,0.0,12.0,29.5,5.5,0.792481250360578,2.1536774610288023,0.5
41413772,12656192,4,4,6,1.0,2.584962500721156,0.0,10.25,18.75,5.25,1.188721875540867,2.1749180862090913,0.75
94197262,12656192,13,40,4,0.0,1.5,0.0,5.615384615384615,6.230769230769231,6.153846153846154,0.9692343866037271,2.0623271861046426,0.8142278846708582
13926991,12656192,7,12,3,1.584962500721156,1.584962500721156,1.0,8.428571428571429,14.142857142857142,7.428571428571429,1.160834013802591,2.378353617369767,0.9407089286744509
145735662,12656192,11,19,7,1.584962500721156,2.8073549220576046,1.0,6.2727272727272725,9.0,5.454545454545454,0.9131030846066025,1.8723643546994753,0.6895420455201051
153772792,12656192,4,1,3,0.9182958340544896,1.584962500721156,1.0,8.75,15.75,4.75,0.792481250360578,1.7786774610288023,0.5
183878684,12656192,6,13,10,2.0,3.1219280948873624,1.584962500721156,8.833333333333334,15.833333333333334,6.333333333333333,1.0209730161030228,2.050692467560759,0.8333333333333334
98817822,12656192,10,13,3,1.584962500721156,1.584962500721156,1.0,6.6,10.5,7.5,1.0096788691072807,2.4140328417918044,0.8584962500721156
