member,group_id,m1,m2,m3,m4,m5,m6,m7,m8,m9,m10,m11,m12
59646592,12741882,6,6,8,1.6644977792004616,3.0,2.8073549220576046,6.0,22.666666666666668,9.833333333333334,1.053654682481227,2.2744271404936223,1.2203213491478937
24578532,12741882,6,5,11,2.321928094887362,3.459431618637298,2.321928094887362,6.0,22.833333333333332,9.333333333333334,0.9440829632000769,2.197855204054073,1.301225820342934
94483212,12741882,6,79,1,0.0,0.0,0.0,6.0,10.5,11.0,1.3310709790146373,2.7744271404936227,1.6882138361574945
131457072,12741882,6,19,2,0.0,1.0,0.0,6.0,20.5,10.833333333333334,1.3310709790146373,2.6077604738269557,1.6882138361574945
35321682,12741882,6,4,34,1.5,4.85216872360328,2.0,6.0,23.0,5.5,1.0810709790146373,1.965732353226409,1.3548805028241613
141966422,12741882,6,7,8,1.5,2.75,2.0,6.0,22.5,9.833333333333334,1.0810709790146373,2.316093807160289,1.3548805028241613
141810142,12741882,6,22,3,1.0,1.584962500721156,1.0,6.0,20.0,10.666666666666666,1.1644043123479706,2.510266723706763,1.5215471694908278
