member,group_id,m1,m2,m3,m4,m5,m6,m7,m8,m9,m10,m11,m12
183028576,12820052,7,2,1,0.0,0.0,0.0,8.571428571428571,39.0,1.1428571428571428,0.0,0.14285714285714285,0.0
150048512,12820052,2,10,2,0.0,1.0,0.0,9.5,18.5,1.5,0.0,0.5,0.0
96335012,12820052,7,2,1,0.0,0.0,0.0,8.571428571428571,39.0,1.1428571428571428,0.0,0.14285714285714285,0.0
13422020,12820052,7,4,1,0.0,0.0,0.0,8.571428571428571,38.714285714285715,1.1428571428571428,0.0,0.14285714285714285,0.0
115075462,12820052,13,223,1,0.0,0.0,0.0,5.0,6.846153846153846,1.3076923076923077,0.07692307692307693,0.23076923076923078,0.12192019236316586
183550535,12820052,7,3,1,0.0,0.0,0.0,8.571428571428571,38.857142857142854,1.1428571428571428,0.0,0.14285714285714285,0.0
38482632,12820052,3,9,1,0.0,0.0,0.0,9.0,80.0,1.3333333333333333,0.0,0.3333333333333333,0.0
15282441,12820052,7,4,1,0.0,0.0,0.0,8.571428571428571,38.714285714285715,1.1428571428571428,0.0,0.14285714285714285,0.0
155741482,12820052,1,6,1,0.0,0.0,0.0,13.0,223.0,1.0,0.0,0.0,0.0
180453742,12820052,8,22,1,0.0,0.0,0.0,7.625,32.875,1.25,0.0,0.25,0.0
162558542,12820052,3,2,1,0.0,0.0,0.0,9.0,82.33333333333333,1.3333333333333333,0.0,0.3333333333333333,0.0
132779762,12820052,1,13,1,0.0,0.0,0.0,13.0,223.0,1.0,0.0,0.0,0.0
174226132,12820052,2,3,4,1.0,2.0,1.584962500721156,12.0,119.0,1.5,0.0,0.5,0.0
99885782,12820052,11,15,2,0.0,1.0,0.0,6.0,25.818181818181817,1.3636363636363635,0.09090909090909091,0.2727272727272727,0.14408750006555965
157401182,12820052,1,4,1,0.0,0.0,0.0,13.0,223.0,1.0,0.0,0.0,0.0
