member,group_id,m1,m2,m3,m4,m5,m6,m7,m8,m9,m10,m11,m12
38626752,12820052,8,8,4,1.5,2.0,1.584962500721156,5.75,33.5,1.375,0.1981203125901445,0.25,0.125
115075462,12820052,9,223,1,0.0,0.0,0.0,5.222222222222222,9.0,1.7777777777777777,0.34277361119123956,0.5555555555555556,0.28721805563568403
102931142,12820052,2,28,2,0.0,1.0,0.0,9.5,116.0,1.0,0.0,0.0,0.0
100977382,12820052,2,2,5,0.0,2.321928094887362,0.0,8.0,8.5,1.0,0.0,0.0,0.0
110552282,12820052,6,8,1,0.0,0.0,0.0,6.5,41.666666666666664,2.1666666666666665,0.25,0.7203213491478936,0.26416041678685936
129398122,12820052,4,7,4,1.584962500721156,2.0,1.0,7.75,60.5,1.75,0.375,0.5,0.396240625180289
155741482,12820052,5,6,1,0.0,0.0,0.0,7.6,50.0,1.6,0.3,0.4,0.3169925001442312
160486802,12820052,5,2,1,0.0,0.0,0.0,7.6,50.8,1.6,0.3,0.4,0.3169925001442312
25417142,12820052,4,2,1,0.0,0.0,0.0,7.75,61.75,2.5,0.771240625180289,1.0,0.646240625180289
14561271,12820052,3,11,1,0.0,0.0,0.0,9.0,80.0,2.0,0.5,0.6666666666666666,0.5283208335737187
157885722,12820052,10,9,1,0.0,0.0,0.0,4.8,29.7,2.1,0.3084962500721156,0.7321928094887362,0.25849625007211563
