member,group_id,m1,m2,m3,m4,m5,m6,m7,m8,m9,m10,m11,m12
25928992,1286227,2,34,6,1.9219280948873623,2.584962500721156,2.321928094887362,2.0,77.5,1.0,0.0,0.0,0.0
114141152,1286227,5,1,3,0.0,1.584962500721156,1.0,7.0,227.2,3.4,0.3622556248918266,1.0088788238716908,0.6
55465762,1286227,5,61,1,0.0,0.0,0.0,7.4,308.4,2.4,0.5843856189774724,0.8339850002884625,0.6643856189774724
65804582,1286227,2,124,5,0.9182958340544896,2.321928094887362,1.584962500721156,8.0,437.5,4.5,1.4609640474436811,2.084962500721156,1.660964047443681
8076072,1286227,7,432,1,0.0,0.0,0.0,6.428571428571429,169.85714285714286,3.7142857142857144,0.5333151741923564,1.316331302971538,0.9031325849839088
24890792,1286227,2,105,1,0.0,0.0,0.0,2.0,42.0,3.5,0.9609640474436811,1.292481250360578,1.160964047443681
2344430,1286227,7,423,6,1.9219280948873623,2.584962500721156,2.321928094887362,5.571428571428571,186.42857142857142,2.2857142857142856,0.2740422620077842,0.8438415136583597,0.5121375001030223
189126480,1286227,2,1,4,0.0,2.0,1.0,8.0,437.5,4.5,1.4609640474436811,2.084962500721156,1.660964047443681
54913232,1286227,7,112,1,0.0,0.0,0.0,6.428571428571429,215.57142857142858,3.7142857142857144,0.5333151741923564,1.316331302971538,0.9031325849839088
7496082,1286227,9,452,3,1.0,1.584962500721156,1.0,5.222222222222222,143.77777777777777,3.6666666666666665,0.4057224503778872,1.3279205238852192,0.8785433995120575
34585042,1286227,7,123,1,0.0,0.0,0.0,6.428571428571429,214.0,3.7142857142857144,0.5333151741923564,1.316331302971538,0.9031325849839088
99258352,1286227,2,50,1,0.0,0.0,0.0,2.0,69.5,3.5,0.9609640474436811,1.292481250360578,1.160964047443681
183534128,1286227,5,17,11,0.8112781244591328,3.459431618637298,2.0,7.0,224.0,1.8,0.2,0.6339850002884624,0.4
