member,group_id,m1,m2,m3,m4,m5,m6,m7,m8,m9,m10,m11,m12
3995873,129277,14,42,44,4.12728313431329,5.41397707318275,5.044394119358456,11.571428571428571,35.5,4.928571428571429,1.1837149210177995,1.7041553793268203,1.3428058301087087
4114913,129277,10,3,1,0.0,0.0,0.0,13.5,47.1,7.9,1.37972081357556,1.9642795763678627,1.6214319120800766
4521893,129277,9,5,2,1.0,1.0,1.0,14.0,55.333333333333336,10.777777777777779,1.836596336346686,2.5019183201771966,2.0748611932708965
1322536,129277,13,8,2,1.0,1.0,1.0,12.0,39.69230769230769,7.923076923076923,1.2714897713169364,1.8540174909473788,1.5133654414952358
3867209,129277,4,5,6,1.584962500721156,2.584962500721156,1.584962500721156,14.75,71.5,14.75,2.3030614087586114,2.933976292017528,2.657339155019903
3593320,129277,7,15,3,1.584962500721156,1.584962500721156,1.584962500721156,14.428571428571429,69.57142857142857,13.285714285714286,2.0756238610171676,2.931037840227824,2.381964391348295
2904235,129277,16,120,2,1.0,1.0,1.0,10.5,26.875,6.875,1.132145595490083,1.7045095239848895,1.3286695775099515
4033740,129277,4,10,3,0.0,1.584962500721156,0.0,13.0,68.75,4.5,1.021240625180289,1.6609640474436809,1.146240625180289
4458033,129277,10,2,3,0.0,1.584962500721156,1.0,13.5,47.2,7.7,1.37972081357556,1.8057833262957472,1.5214319120800768
2894483,129277,14,110,8,2.584962500721156,3.0,2.584962500721156,11.571428571428571,30.642857142857142,7.5,1.2938806805600949,1.876582313125588,1.5184795171542302
3456659,129277,17,113,5,1.5,2.321928094887362,2.0,10.058823529411764,26.0,6.647058823529412,1.1293701193272048,1.6785403993877661,1.2849221024047282
509717,129277,14,21,2,1.0,1.0,1.0,11.571428571428571,37.0,7.928571428571429,1.407092287754463,2.0194394559827313,1.6316911243485985
3529013,129277,11,40,22,2.7321588913645707,4.459431618637295,3.459431618637298,12.272727272727273,43.90909090909091,7.363636363636363,1.4892882396797054,1.876617796698057,1.6181165110474474
3895957,129277,4,5,1,0.0,0.0,0.0,14.25,70.25,7.75,1.5580397228411427,2.195339928381164,1.8648579046593246
4600219,129277,4,1,1,0.0,0.0,0.0,13.0,71.0,5.0,1.021240625180289,2.05720467262397,1.146240625180289
3943738,129277,12,3,2,1.0,1.0,1.0,12.75,43.0,8.5,1.3774472522600145,2.008518948526327,1.6394792282865056
1845083,129277,10,11,1,0.0,0.0,0.0,13.5,46.3,7.9,1.37972081357556,1.9642795763678627,1.6214319120800766
2279935,129277,15,41,10,1.584962500721156,3.321928094887362,1.584962500721156,11.0,33.6,6.733333333333333,1.1686244684746783,1.6633482859247246,1.378250049295871
