member,group_id,m1,m2,m3,m4,m5,m6,m7,m8,m9,m10,m11,m12
8532477,129277,3,2,3,0.9182958340544896,1.584962500721156,1.0,3.0,1.3333333333333333,1.0,0.0,0.0,0.0
8499208,129277,3,1,1,0.0,0.0,0.0,3.0,1.6666666666666667,1.6666666666666667,0.3060986113514965,0.5283208335737187,0.3333333333333333
8512779,129277,3,1,1,0.0,0.0,0.0,3.0,1.6666666666666667,1.6666666666666667,0.3060986113514965,0.5283208335737187,0.3333333333333333
4127853,129277,1,36,26,3.180832987205441,4.440636352673266,3.584962500721156,1.0,99.0,10.0,3.121928094887362,3.321928094887362,3.169925001442312
5179886,129277,1,3,4,0.9182958340544896,2.0,1.0,5.0,191.0,11.0,1.584962500721156,3.459431618637298,1.0
2287055,129277,2,28,28,3.221097250057958,4.66449777920046,4.169925001442313,3.5,98.5,6.5,1.292481250360578,2.229715809318649,0.5
3350928,129277,1,99,10,3.121928094887362,3.321928094887362,3.169925001442312,1.0,36.0,26.0,3.180832987205441,4.440636352673266,3.584962500721156
5798993,129277,2,6,2,1.0,1.0,0.0,3.5,109.5,19.5,2.4030298753895574,4.061964698918879,2.5849625007211565
2541777,129277,2,3,4,0.0,2.0,0.0,3.5,97.5,6.5,1.292481250360578,2.229715809318649,0.5
6851830,129277,5,191,11,1.584962500721156,3.459431618637298,1.0,1.8,8.8,8.0,1.2278786168224898,2.132899555840092,1.0339850002884625
6796761,129277,2,4,2,1.0,1.0,0.0,3.5,97.0,7.5,0.792481250360578,2.729715809318649,0.5
7811453,129277,3,2,1,0.0,0.0,0.0,3.0,1.3333333333333333,1.6666666666666667,0.3060986113514965,0.5283208335737187,0.3333333333333333
