member,group_id,m1,m2,m3,m4,m5,m6,m7,m8,m9,m10,m11,m12
46213732,1302186,7,13,21,2.5216406363433186,4.165894208390023,2.584962500721156,12.0,184.0,5.142857142857143,1.3459363098328763,2.006218362087299,0.6174182992696231
196357127,1302186,8,4,18,0.9182958340544896,4.169925001442313,1.0,11.875,177.0,7.0,1.0420739585136223,2.317014970676135,0.6133613244510647
7933771,1302186,9,124,5,0.0,1.3709505944546687,0.0,11.0,144.22222222222223,7.777777777777778,1.0283208335737186,2.3705660191551914,0.6563211772898353
135011052,1302186,5,10,27,1.5,4.606739354015323,1.584962500721156,12.6,174.8,4.0,0.9169925001442312,1.8598416036774559,0.2
8992237,1302186,15,15,7,1.584962500721156,2.8073549220576046,1.0,8.466666666666667,96.26666666666667,9.533333333333333,1.1018771537263072,2.464462391889901,0.8265829127958795
7383533,1302186,14,11,5,1.0,2.321928094887362,0.0,8.928571428571429,102.85714285714286,9.5,1.0615350456591388,2.4474029164269924,0.7912011140750593
10776782,1302186,15,410,3,1.0,1.584962500721156,0.0,8.466666666666667,69.93333333333334,9.8,1.1408746537743844,2.545955219978998,0.8932495794625461
383024,1302186,14,436,2,1.0,1.0,0.0,8.785714285714286,72.92857142857143,10.5,1.2223657004725546,2.7695922000290087,0.957053120852728
3487569,1302186,12,412,7,2.2516291673878226,2.8073549220576046,2.321928094887362,9.75,85.58333333333333,8.416666666666666,1.0091551226533435,2.298876012339264,0.5974937501201927
163353712,1302186,8,3,7,0.0,2.5216406363433186,0.0,11.875,177.125,8.375,1.1568609377704335,2.5230505163135093,0.7383613244510647
70115852,1302186,3,8,12,2.2516291673878226,3.188721875540867,2.321928094887362,14.666666666666666,287.0,4.0,1.1949875002403854,1.7974391409262536,0.3333333333333333
192698059,1302186,7,2,10,1.584962500721156,2.5219280948873624,1.0,12.0,185.57142857142858,6.714285714285714,1.479747472064614,2.24107066401625,0.8438415136583597
195540335,1302186,7,2,2,1.0,1.0,0.0,12.0,185.57142857142858,7.857142857142857,1.5633135435962076,2.4584889632858733,0.9866986565155026
91408092,1302186,8,5,20,1.5,4.1219280948873624,1.584962500721156,11.875,176.875,6.75,0.9693609377704335,2.3230145839955036,0.5402410118609202
128556542,1302186,5,2,3,0.0,1.584962500721156,0.0,12.6,176.4,8.8,1.2169925001442312,2.4641969743362893,0.5169925001442313
193107839,1302186,5,2,1,0.0,0.0,0.0,13.0,194.4,5.4,1.1673183336217956,2.1785102068356794,0.6643856189774724
