member,group_id,m1,m2,m3,m4,m5,m6,m7,m8,m9,m10,m11,m12
185359107,13075542,1,2,2,0.0,1.0,0.0,6.0,88.0,11.0,1.0,3.459431618637298,1.0
7817416,13075542,6,88,11,1.0,3.459431618637298,1.0,1.6666666666666667,3.0,2.8333333333333335,0.6740184029580668,1.1949875002403854,0.861654166907052
12858189,13075542,2,1,4,1.0,2.0,1.0,4.5,48.0,7.0,1.292481250360578,2.522197059679227,1.292481250360578
11312051,13075542,1,1,1,0.0,0.0,0.0,6.0,88.0,11.0,1.0,3.459431618637298,1.0
183397272,13075542,1,1,1,0.0,0.0,0.0,6.0,88.0,11.0,1.0,3.459431618637298,1.0
122939192,13075542,2,5,6,1.4591479170272448,2.584962500721156,2.584962500721156,4.5,48.0,7.0,1.292481250360578,2.522197059679227,1.292481250360578
84287002,13075542,3,8,3,1.584962500721156,1.584962500721156,1.584962500721156,3.3333333333333335,31.333333333333332,7.0,1.1530493056757483,2.681464706452818,1.5283208335737186
