member,group_id,m1,m2,m3,m4,m5,m6,m7,m8,m9,m10,m11,m12
36690432,1313503,5,3,60,2.199687794731328,5.219902579793957,3.584962500721156,6.0,19.8,15.2,0.789132060920128,2.570023663290899,1.445763738099176
24704312,1313503,5,1,33,2.8159220638351665,4.801969876934213,3.8073549220576055,7.8,117.6,3.8,0.6613781191217036,1.1243856189774726,0.6
8207239,1313503,5,17,4,0.0,0.8112781244591328,0.0,6.0,17.0,26.4,1.2290696198663935,3.451748554357864,2.162756238243407
4147816,1313503,5,66,5,2.0,2.321928094887362,1.584962500721156,6.0,7.2,26.2,0.8290696198663936,3.1496185602722178,1.8457637380991758
159421982,1313503,4,1,19,0.9182958340544896,3.82687488186464,2.321928094887362,7.0,143.0,2.25,0.646240625180289,0.875,0.25
14489067,1313503,3,2,13,2.1556390622295662,3.334679141051595,2.8073549220576046,8.0,190.33333333333334,2.3333333333333335,0.861654166907052,0.8333333333333334,0.3333333333333333
34036782,1313503,8,85,2,1.0,1.0,0.0,5.875,63.5,10.5,1.0245934444659677,2.198181499342226,1.4920797423753216
87359422,1313503,5,3,25,1.0,4.5638561897747225,2.321928094887362,6.0,19.8,22.2,1.0290696198663936,2.701232941294746,1.6983706192659347
36113782,1313503,5,2,40,0.9456603046006402,5.153055907333276,3.321928094887362,6.0,20.0,19.2,1.0399375589462656,2.583392997783035,1.4983706192659347
11360183,1313503,10,11,2,0.0,0.0,0.0,5.9,66.9,18.4,1.2268160758775652,2.8493918868070027,1.762113611327464
140774462,1313503,4,1,2,0.0,1.0,0.0,7.0,143.0,6.5,0.8758145836939114,1.58171872046616,0.8304820237218405
907003,1313503,8,297,4,1.584962500721156,1.5,1.0,5.875,37.0,10.25,0.9514731318758232,2.135681499342226,1.3670797423753216
8281981,1313503,8,189,1,0.0,0.0,0.0,5.875,50.5,10.625,1.1495934444659677,2.323181499342226,1.4920797423753216
25230142,1313503,5,6,10,0.7219280948873623,3.1219280948873624,2.0,7.8,116.6,8.4,1.0801769129112646,1.4603939753868427,0.9614709844115211
