member,group_id,m1,m2,m3,m4,m5,m6,m7,m8,m9,m10,m11,m12
9362369,1313384,5,6,6,1.584962500721156,2.584962500721156,1.0,6.0,185.0,27.6,2.09330460058601,3.711518097079329,2.4044936717753442
9448422,1313384,3,17,16,3.5465935642949384,4.0,3.584962500721156,6.0,303.3333333333333,26.333333333333332,2.0366965308653637,3.3103733612937933,1.994596019584132
63932232,1313384,7,8,4,1.0,2.0,0.0,4.857142857142857,134.57142857142858,32.285714285714285,2.589029451403011,4.107392139301688,3.08445984547861
3858507,1313384,3,2,70,3.5251270918749347,5.609191988994017,4.9837880587523955,6.0,308.3333333333333,8.333333333333334,2.0438520216720315,2.7739760316291204,1.5283208335737186
33036012,1313384,5,11,22,2.9182958340544896,4.368522527728205,3.2776134368191165,6.0,184.0,24.4,1.826637933919343,3.3548060916779194,1.948970984411521
4840880,1313384,8,900,5,1.584962500721156,2.321928094887362,1.0,4.25,6.875,29.25,2.4582911172489146,3.9221899574305676,2.8970226773839283
73406132,1313384,1,5,9,2.128085278891395,2.94770277922009,2.584962500721156,8.0,900.0,5.0,1.584962500721156,2.321928094887362,1.0
4184279,1313384,5,5,13,2.5,3.5465935642949384,2.8073549220576046,6.0,185.2,26.2,1.9102971007302412,3.5191918843645724,2.0430226873638233
53846652,1313384,5,1,94,2.463264668154403,6.320546298486137,4.9375,6.0,186.0,10.0,1.9176441670993605,2.9644013375263323,1.6169936717753444
