member,group_id,m1,m2,m3,m4,m5,m6,m7,m8,m9,m10,m11,m12
4147816,1313503,6,66,5,2.0,2.321928094887362,1.584962500721156,6.5,115.66666666666667,2.3333333333333335,0.38448176593475303,0.6369880158145603,0.5
10091595,1313503,6,5,1,0.0,0.0,0.0,6.5,125.83333333333333,3.0,0.7178150992680864,1.0239760316291207,0.7641604167868593
17548761,1313503,6,5,5,0.7219280948873623,2.321928094887362,2.0,6.5,125.83333333333333,2.3333333333333335,0.5974937501201927,0.6369880158145603,0.430827083453526
9015379,1313503,6,119,2,0.0,0.0,0.0,6.5,106.83333333333333,2.8333333333333335,0.7178150992680864,1.0239760316291207,0.7641604167868593
11580052,1313503,7,79,1,0.0,0.0,0.0,5.857142857142857,97.57142857142857,10.142857142857142,0.8996850543706824,1.6346341634710144,1.3342642861263754
8467673,1313503,3,2,53,1.9909047849862587,5.298582954522376,4.754887502163471,7.0,188.33333333333334,2.0,0.5283208335737187,0.5,0.3333333333333333
907003,1313503,7,297,4,1.584962500721156,1.5,1.0,5.857142857142857,66.42857142857143,9.714285714285714,0.6732618399819458,1.4203484491853,1.1914071432692326
8281981,1313503,7,189,1,0.0,0.0,0.0,5.857142857142857,81.85714285714286,10.142857142857142,0.8996850543706824,1.6346341634710144,1.3342642861263754
