member,group_id,m1,m2,m3,m4,m5,m6,m7,m8,m9,m10,m11,m12
188878113,1313384,1,1,31,1.0,4.889680181354619,0.0,11.0,900.0,5.0,1.584962500721156,2.321928094887362,1.0
135471362,1313384,2,1,6,0.0,2.584962500721156,0.0,6.5,450.5,8.0,0.792481250360578,2.89067985676233,0.5
190478695,1313384,1,1,1,0.0,0.0,0.0,11.0,900.0,5.0,1.584962500721156,2.321928094887362,1.0
190023528,1313384,4,1,11,1.8910611120726526,3.459431618637298,3.0,5.75,226.0,18.75,1.3941644252379595,3.494052290173582,2.178561379416531
170794122,1313384,4,1,7,0.6500224216483541,2.8073549220576046,2.321928094887362,5.75,226.0,19.75,1.7044240978440341,3.657071464318505,2.34807935569469
168891882,1313384,1,4,11,2.4056390622295662,3.459431618637298,2.8073549220576046,11.0,900.0,5.0,1.584962500721156,2.321928094887362,1.0
72262702,1313384,4,2,10,2.75,3.321928094887362,2.8073549220576046,5.75,225.75,19.0,1.1794297032561225,3.528428171111066,2.2267226489021295
4840880,1313384,11,900,5,1.584962500721156,2.321928094887362,1.0,2.272727272727273,1.3636363636363635,13.454545454545455,0.92788101896249,2.9629255549559805,1.3201454945203388
161251602,1313384,4,1,53,0.5916727785823275,5.524998048861998,2.584962500721156,5.75,226.0,8.25,1.7190115086105409,2.977660682617407,2.282320754236242
50730582,1313384,1,1,4,0.9182958340544896,1.5,1.0,11.0,900.0,5.0,1.584962500721156,2.321928094887362,1.0
60231542,1313384,1,1,3,0.0,1.584962500721156,0.0,11.0,900.0,5.0,1.584962500721156,2.321928094887362,1.0
185322202,1313384,2,1,11,0.0,3.459431618637298,0.0,6.5,450.5,5.5,0.792481250360578,2.453445297804259,0.5
