member,group_id,m1,m2,m3,m4,m5,m6,m7,m8,m9,m10,m11,m12
74571392,1313503,2,1,6,0.0,2.584962500721156,0.0,6.0,191.0,3.0,1.292481250360578,1.5,1.292481250360578
185355623,1313503,4,7,13,1.9056390622295662,3.392747410448785,2.75,4.5,96.0,4.75,0.646240625180289,2.09807935569469,0.646240625180289
34036782,1313503,6,85,2,1.0,1.0,1.0,3.3333333333333335,51.5,7.333333333333333,0.7484335938251204,2.7283378889914505,0.8891604167868593
186710352,1313503,3,1,6,0.0,2.584962500721156,0.0,5.333333333333333,129.66666666666666,6.333333333333333,1.4968671876502408,2.1309158034829285,1.7783208335737186
185581371,1313503,2,2,8,1.0,3.0,1.0,6.0,191.0,3.0,1.292481250360578,1.5,1.292481250360578
186454558,1313503,3,1,7,0.0,2.8073549220576046,0.0,5.333333333333333,129.66666666666666,6.333333333333333,1.4968671876502408,2.1309158034829285,1.7783208335737186
907003,1313503,6,297,4,1.584962500721156,2.0,1.584962500721156,3.3333333333333335,16.166666666666668,7.0,0.6509398437049277,2.5616712223247835,0.7916666666666666
