member,group_id,m1,m2,m3,m4,m5,m6,m7,m8,m9,m10,m11,m12
36690432,13162912,10,106,60,2.199687794731328,5.298068512058837,3.7004397181410926,6.2,19.3,3.6,0.4503258334775646,1.2664497779200463,0.6169925001442312
28886792,13162912,7,10,1,0.0,0.0,0.0,7.714285714285714,40.714285714285715,12.142857142857142,0.6835214707789262,1.8517951844656142,0.897914602694607
183189640,13162912,7,2,4,0.0,2.0,0.0,7.714285714285714,41.857142857142854,11.714285714285714,0.6835214707789262,1.5660808987513286,0.897914602694607
137877072,13162912,8,33,1,0.0,0.0,0.0,7.0,32.625,11.25,0.7230812869315605,1.9953207864074125,1.035675277357781
182480625,13162912,6,3,4,0.0,2.0,0.0,8.333333333333334,48.166666666666664,13.5,0.7974417159087474,1.82709438187655,1.0475670364770415
69692212,13162912,8,26,1,0.0,0.0,0.0,7.0,33.875,11.125,0.7128682661883716,1.8703207864074125,0.9837955899479256
132141532,13162912,4,1,2,1.0,1.0,1.0,8.0,63.0,19.75,1.196162573863121,2.740641572814825,1.8213505547155622
23829852,13162912,10,112,14,2.584962500721156,3.6644977792004623,2.584962500721156,6.2,18.7,8.2,0.4117983628785817,1.4298068512058837,0.7285402218862249
184546109,13162912,3,2,4,0.9182958340544896,2.0,1.584962500721156,9.333333333333334,81.33333333333333,25.0,1.5948834318174947,2.9875220970864333,2.095134072954083
74464702,13162912,4,1,4,0.0,2.0,1.0,8.0,63.0,19.25,1.446162573863121,2.490641572814825,1.8213505547155622
11057631,13162912,5,3,1,0.0,0.0,0.0,8.4,51.2,16.0,0.9569300590904968,2.19251325825186,1.2570804437724497
