member,group_id,m1,m2,m3,m4,m5,m6,m7,m8,m9,m10,m11,m12
53441,1323916,6,8,2,1.0,1.0,1.0,8.833333333333334,11.833333333333334,9.666666666666666,1.118583583839832,1.8739420771386204,1.7218194796857695
6910659,1323916,11,5,5,0.8112781244591328,2.321928094887362,2.0,8.363636363636363,23.0,15.909090909090908,1.6346406395065023,2.599157260863761,2.208890768012055
3286181,1323916,8,2,60,2.1464657985040723,5.773557262275184,3.906890595608518,9.5,28.75,12.875,1.5401245503636534,2.5414682225069933,2.19794411630831
8239942,1323916,8,2,9,2.1556390622295662,3.169925001442312,3.0,9.5,28.75,19.25,1.5389778923979667,2.8669222551111027,2.311305440759375
8384906,1323916,12,19,1,0.0,0.0,0.0,7.833333333333333,24.166666666666668,15.416666666666666,1.691027096585888,2.7914683720924907,2.358149870677717
10458992,1323916,8,1,2,0.0,1.0,0.0,9.5,28.875,20.125,1.8084327751766622,3.1381628802913912,2.686305440759375
5048337,1323916,8,5,43,2.872605180935881,5.426264754702098,4.954196310386877,9.5,28.375,15.0,1.449357127559677,2.584879785953629,2.0670309019610156
10381723,1323916,8,164,11,2.94770277922009,3.459431618637298,3.169925001442312,9.5,8.5,19.0,1.4399699277741511,2.830733927961729,2.290064815579086
9568763,1323916,6,8,1,0.0,0.0,0.0,8.833333333333334,11.833333333333334,9.833333333333334,1.2852502505064987,2.040608743805287,1.8884861463524363
5929592,1323916,8,6,31,3.5337712560645564,4.954196310386877,4.459431618637295,9.5,28.25,16.5,1.3667113681685927,2.6438883414930316,2.1288764884297136
7658105,1323916,13,28,1,0.0,0.0,0.0,7.461538461538462,21.692307692307693,17.0,1.7590527369225508,2.9701530700766647,2.524720031091509
10013593,1323916,3,51,6,1.5,2.584962500721156,2.0,10.666666666666666,19.0,5.333333333333333,1.1082876525391192,1.2691183073525352,1.2691183073525352
326011,1323916,7,10,14,3.3248629576173574,3.8073549220576055,3.8073549220576055,7.857142857142857,17.142857142857142,7.428571428571429,0.840948363631662,1.57446572021361,1.3605088508652874
9863901,1323916,4,1,36,2.5753604209625025,5.114369445886754,4.523561956057013,8.0,13.5,4.5,1.0812157394043393,1.2018387305144014,1.2018387305144014
