member,group_id,m1,m2,m3,m4,m5,m6,m7,m8,m9,m10,m11,m12
2923296,1323916,4,54,2,1.0,1.0,1.0,7.0,51.0,14.5,2.356181938189935,2.701032498449253,2.564346960673163
20737761,1323916,2,47,5,1.584962500721156,2.321928094887362,1.584962500721156,12.5,157.0,6.5,1.973851389610045,2.229715809318649,2.084962500721156
3437987,1323916,4,20,4,2.0,2.0,2.0,7.0,59.5,14.0,2.106181938189935,2.451032498449253,2.314346960673163
66866692,1323916,2,14,1,0.0,0.0,0.0,8.0,87.0,6.0,1.473851389610045,1.729715809318649,1.584962500721156
3576739,1323916,3,12,20,3.75,4.321928094887363,4.0,7.0,95.33333333333333,7.666666666666667,1.9644111117521386,2.5937865711748866,2.2516291673878226
12373512,1323916,11,150,2,1.0,1.0,1.0,5.181818181818182,44.27272727272727,11.818181818181818,2.126825743646872,3.0187841655087557,2.4970547786509707
34963592,1323916,3,29,3,1.584962500721156,1.584962500721156,1.584962500721156,10.333333333333334,119.33333333333333,9.666666666666666,2.3955346786075737,2.819810539545766,2.6234549065278014
10051754,1323916,6,44,16,3.238901256602631,4.0,3.7004397181410926,7.5,75.16666666666667,5.166666666666667,1.4504317135639264,1.9918807858278287,1.6541354172676301
12595978,1323916,4,8,1,0.0,0.0,0.0,7.0,62.5,14.75,2.606181938189935,2.951032498449253,2.814346960673163
104583592,1323916,3,1,7,0.0,2.8073549220576046,1.0,10.333333333333334,108.66666666666667,18.333333333333332,2.8082425842532466,3.268043331265671,3.085795947564217
3386222,1323916,6,12,42,4.477024973539649,5.344698375159714,5.087462841250338,6.666666666666667,66.16666666666667,4.5,1.1579504632033484,1.711131090115817,1.361654166907052
2989646,1323916,3,70,11,2.6416041678685933,3.459431618637298,3.169925001442312,7.0,76.0,10.666666666666666,2.333876389129274,2.8812853965915752,2.528320833573719
42719252,1323916,5,3,2,0.0,1.0,0.0,8.6,92.6,8.4,2.071305807453007,2.673264442849163,2.4080579442051433
320698,1323916,7,66,10,2.2516291673878226,3.321928094887362,2.584962500721156,6.714285714285714,68.85714285714286,9.285714285714286,2.0709291482494008,2.689393404697588,2.3750360316781247
10381723,1323916,14,164,11,2.94770277922009,3.459431618637298,3.169925001442312,4.571428571428571,35.5,7.071428571428571,1.2896983023590647,1.8547024634595968,1.509125183019718
54615932,1323916,2,10,1,0.0,0.0,0.0,8.0,89.0,6.0,1.473851389610045,1.729715809318649,1.584962500721156
7323647,1323916,5,39,3,0.9182958340544896,1.584962500721156,1.584962500721156,8.6,85.4,8.2,1.8876466406421089,2.556271942704932,2.091065444060912
