member,group_id,m1,m2,m3,m4,m5,m6,m7,m8,m9,m10,m11,m12
57430272,13417342,1,2,11,2.5216406363433186,3.459431618637298,2.8073549220576046,10.0,113.0,5.0,1.0,2.321928094887362,1.0
9240640,13417342,1,34,19,2.75,3.9976702764876153,3.0,10.0,113.0,5.0,1.0,2.321928094887362,1.0
159076522,13417342,2,1,2,0.0,1.0,0.0,7.0,59.0,4.5,1.292481250360578,2.160964047443681,1.292481250360578
10408526,13417342,4,2,34,0.9182958340544896,4.746002827296315,1.584962500721156,5.25,33.75,5.75,1.8618846095653572,2.341580553561454,1.9073391550199026
2665135,13417342,1,6,7,2.0,2.8073549220576046,2.0,10.0,113.0,5.0,1.0,2.321928094887362,1.0
9783505,13417342,4,16,11,3.277613436819116,3.459431618637298,3.459431618637298,5.0,32.5,12.5,1.435055982235463,2.9688214610603207,1.7267226489021295
149616562,13417342,4,5,4,1.584962500721156,2.0,1.584962500721156,4.75,29.25,11.0,0.8758145836939114,2.4132233557262084,1.042481250360578
70923062,13417342,3,12,7,2.321928094887362,2.8073549220576046,2.321928094887362,5.666666666666667,44.0,6.666666666666667,1.9258711456063722,2.5937865711748866,2.1531438728790993
137866682,13417342,10,113,5,1.0,2.321928094887362,1.0,2.6,8.2,10.2,1.8459403003546597,2.7862208685894894,2.0343602137745735
137390972,13417342,3,1,3,1.584962500721156,1.584962500721156,1.584962500721156,6.0,40.0,14.333333333333334,1.1677527782585486,3.0226436407278925,1.3899750004807707
12766878,13417342,3,3,4,1.5,2.0,2.0,5.666666666666667,47.0,7.666666666666667,2.1998471772354926,2.862904878527422,2.260453237841553
