member,group_id,m1,m2,m3,m4,m5,m6,m7,m8,m9,m10,m11,m12
2884706,1342511,4,123,23,3.969815782426811,4.523561956057013,4.08746284125034,3.0,65.75,7.0,1.7515062957330592,2.066696635173726,1.7899678341945977
10068964,1342511,2,13,2,0.0,1.0,0.0,4.5,124.5,18.5,3.7582046733608747,4.165458439057309,3.8939512796957163
1503131,1342511,4,2,14,2.75,3.6644977792004623,3.0,3.25,69.75,38.25,2.332199238238392,3.4592196583259565,3.0359148488826966
10687882,1342511,2,3,1,0.0,0.0,0.0,4.5,124.5,18.5,3.7582046733608747,4.165458439057309,3.8939512796957163
3546509,1342511,3,25,127,2.3227717700213293,6.570092092608923,4.9837880587523955,2.3333333333333335,5.333333333333333,18.0,1.7861528644481164,2.966205982260219,2.3333333333333335
6458384,1342511,1,7,39,2.6084585933443494,5.234120167580196,4.0,3.0,25.0,127.0,2.3227717700213293,6.570092092608923,4.9837880587523955
4576146,1342511,3,121,11,3.459431618637298,3.459431618637298,3.459431618637298,4.333333333333333,83.66666666666667,17.0,3.4221364489072497,3.9984715524383603,3.5959675197971444
4898260,1342511,5,126,14,3.5465935642949384,3.8073549220576055,3.7004397181410926,3.0,52.4,10.2,2.035849480212822,2.529498270778955,2.109378891977528
12022203,1342511,2,7,1,0.0,0.0,0.0,3.5,13.5,70.5,2.536385885010665,5.117294935904693,3.9918940293761978
