member,group_id,m1,m2,m3,m4,m5,m6,m7,m8,m9,m10,m11,m12
141372512,1345524,8,2,3,0.0,1.584962500721156,0.0,9.25,118.75,12.375,1.303978111484083,2.0380049732119696,1.4208566370412092
11211779,1345524,4,99,7,1.0,2.5216406363433186,0.0,9.5,156.5,2.25,0.2295739585136224,0.7304820237218406,0.25
98671972,1345524,4,27,5,1.0,2.321928094887362,0.0,9.5,156.5,2.25,0.2295739585136224,0.7304820237218406,0.25
13717158,1345524,11,524,2,0.0,1.0,0.0,7.636363636363637,53.0,10.636363636363637,1.2136473387206501,2.1504090102304505,1.1242593723936067
8321702,1345524,8,240,5,2.0,2.321928094887362,1.584962500721156,9.25,89.0,12.125,1.053978111484083,1.945884273941194,1.2227363244510647
1437737,1345524,8,56,17,2.8073549220576046,4.08746284125034,2.584962500721156,9.25,112.0,10.625,0.9530587462268822,1.7251924306458217,1.0977363244510647
8299534,1345524,2,222,8,2.5216406363433186,3.0,2.584962500721156,1.0,2.0,11.5,1.0609640474436812,2.2297158093186473,1.584962500721156
8156398,1345524,1,3,22,2.1219280948873624,4.459431618637295,3.169925001442312,2.0,222.0,8.0,2.5216406363433186,3.0,2.584962500721156
8682736,1345524,5,29,5,0.9182958340544896,1.9219280948873623,1.0,8.2,144.6,3.2,0.4,1.168713746246136,0.0
2566417,1345524,8,2,62,3.3728408024272363,5.572720754670693,4.875,9.25,118.75,5.0,0.8823730111806785,1.5395351914682776,0.8114816370412092
163911312,1345524,9,15,1,0.0,0.0,0.0,8.222222222222221,118.88888888888889,11.333333333333334,1.159091654652518,1.9876669207129902,1.2629836773699639
194445011,1345524,11,7,1,0.0,0.0,0.0,7.636363636363637,100.0,10.727272727272727,1.2136473387206501,2.2413181011395413,1.1242593723936067
162951192,1345524,11,66,1,0.0,0.0,0.0,7.636363636363637,94.63636363636364,10.727272727272727,1.2136473387206501,2.2413181011395413,1.1242593723936067
194374745,1345524,1,1,1,0.0,0.0,0.0,2.0,222.0,8.0,2.5216406363433186,3.0,2.584962500721156
33848762,1345524,8,40,10,2.2516291673878226,3.321928094887362,2.321928094887362,9.25,114.0,11.5,1.0225244655606052,1.820884273941194,1.130615625180289
43794012,1345524,1,133,1,0.0,0.0,0.0,9.0,15.0,1.0,0.0,0.0,0.0
