member,group_id,m1,m2,m3,m4,m5,m6,m7,m8,m9,m10,m11,m12
81311012,1345524,7,90,2,0.0,0.0,0.0,7.428571428571429,158.85714285714286,2.2857142857142856,0.5121375001030223,0.8321694899518582,0.36928035724587943
14348677,1345524,7,42,3,1.584962500721156,1.584962500721156,1.0,7.428571428571429,165.71428571428572,2.142857142857143,0.2857142857142857,0.6057462755631217,0.22642321438873658
13717158,1345524,8,524,2,0.0,1.0,0.0,6.75,100.75,2.375,0.646240625180289,0.8012686162980205,0.4481203125901445
8321702,1345524,8,240,5,2.0,2.321928094887362,1.584962500721156,6.75,136.25,2.0,0.396240625180289,0.6360276044371003,0.25
80633052,1345524,7,1,1,0.0,0.0,0.0,7.428571428571429,171.57142857142858,2.4285714285714284,0.5121375001030223,0.8321694899518582,0.36928035724587943
6668884,1345524,3,128,3,1.584962500721156,1.584962500721156,1.0,8.0,304.6666666666667,3.3333333333333335,0.6666666666666666,1.4134079763139507,0.5283208335737187
72961332,1345524,7,15,1,0.0,0.0,0.0,7.428571428571429,169.57142857142858,2.4285714285714284,0.5121375001030223,0.8321694899518582,0.36928035724587943
8638777,1345524,8,150,3,0.0,0.9182958340544896,0.0,6.75,147.5,2.25,0.646240625180289,0.8114816370412092,0.4481203125901445
63082652,1345524,7,140,1,0.0,0.0,0.0,7.428571428571429,151.71428571428572,2.4285714285714284,0.5121375001030223,0.8321694899518582,0.36928035724587943
