member,group_id,m1,m2,m3,m4,m5,m6,m7,m8,m9,m10,m11,m12
2884706,135785,8,1662,23,3.969815782426811,4.523561956057013,4.0,6.0,449.375,17.875,2.4358677483474054,2.99197141982974,2.517563784046027
34535432,135785,5,3,10,1.9219280948873623,2.8464393446710154,2.0,7.0,1009.8,12.0,2.9847087489158275,3.2224553183278557,2.7813781191217037
4576146,135785,8,1088,11,3.459431618637298,3.459431618637298,3.321928094887362,6.0,521.125,19.375,2.4996657688210946,3.1249877120072043,2.602322772185107
62499282,135785,5,6,2,1.0,1.0,0.0,7.0,1009.2,13.6,3.1690943678933,3.591743187262059,3.1813781191217037
4898260,135785,6,1245,14,3.5465935642949384,3.8073549220576055,3.584962500721156,6.666666666666667,635.3333333333334,9.5,2.2164797125285935,2.5252268357087817,2.053654682481227
3191635,135785,5,199,10,2.75,3.321928094887362,2.8073549220576046,7.0,760.8,26.0,2.847647222004751,3.4967221906157895,3.149638569917892
5048824,135785,5,1,85,3.8612859297395556,6.178689283497274,5.426264754702098,7.0,800.4,11.0,2.62539003605684,2.9253699528938073,2.6258566033889936
65736572,135785,6,5,1,0.0,0.0,0.0,6.666666666666667,873.8333333333334,25.5,3.422471612386449,4.1021489950039856,3.690085045394703
4584030,135785,8,1048,10,2.94770277922009,3.321928094887362,3.0,6.0,526.125,19.5,2.5636318737482457,3.142175652475946,2.642563784046027
