member,group_id,m1,m2,m3,m4,m5,m6,m7,m8,m9,m10,m11,m12
2884706,135785,5,1662,23,3.969815782426811,4.523561956057013,4.0,4.6,676.6,16.2,2.5478698771439356,3.3880161258340786,3.0124579814366834
1119185,135785,4,1,44,2.785621423567352,5.351365993588126,5.1553993115749,5.0,1260.75,14.5,3.4808859361447846,3.77806914790982,3.4767226489021295
4576146,135785,5,1088,11,3.459431618637298,3.459431618637298,3.321928094887362,4.6,791.4,18.6,2.649946709901838,3.6008421933180217,3.148072362459211
4898260,135785,5,1245,14,3.5465935642949384,3.8073549220576055,3.584962500721156,4.6,760.0,18.0,2.6325143207703103,3.5312575326339597,3.0954654812924525
5977533,135785,4,1,2,0.0,1.0,0.0,5.0,1260.75,14.5,3.4808859361447846,3.77806914790982,3.4767226489021295
4584030,135785,5,1048,10,2.94770277922009,3.321928094887362,3.0,4.6,799.4,18.8,2.75229247778528,3.6283428980680084,3.212457981436684
