member,group_id,m1,m2,m3,m4,m5,m6,m7,m8,m9,m10,m11,m12
2884706,135785,8,1662,23,3.969815782426811,4.523561956057013,4.08746284125034,5.5,423.5,18.625,1.863957651866183,3.821810389506883,2.748946804499086
3958408,135785,4,2,17,0.9709505944546686,3.969815782426811,2.321928094887362,7.75,1260.75,14.5,3.4808859361447846,3.77806914790982,3.604314794867761
109637962,135785,4,1,17,0.9182958340544896,3.8077635764171953,1.584962500721156,7.75,1260.75,14.5,3.4808859361447846,3.77806914790982,3.604314794867761
117217072,135785,5,1,19,1.8799649487271108,4.247927513443588,3.169925001442312,7.2,1009.0,22.6,3.0224531240240013,4.164181806487333,3.60044433603844
4576146,135785,8,1088,11,3.459431618637298,3.459431618637298,3.459431618637298,5.5,495.25,20.125,1.9277556723398719,3.9548266816843474,2.827450707325716
1086899,135785,3,1,6,0.0,2.2516291673878226,1.0,8.0,1331.6666666666667,16.0,3.6586136551196824,3.9301161655839727,3.749111392676243
4898260,135785,8,1245,14,3.5465935642949384,3.8073549220576055,3.7004397181410926,5.5,475.625,19.75,1.916860429132667,3.911336268756809,2.7973246948877417
71367322,135785,5,2,55,1.188721875540867,5.708632440797383,3.584962500721156,7.2,1008.8,15.4,3.16070173866125,3.8720408210165735,3.5174368361826707
4584030,135785,7,1048,10,2.94770277922009,3.321928094887362,3.169925001442312,6.0,571.5714285714286,22.285714285714285,2.2762534597337405,4.217783972833842,3.129873182257245
