member,group_id,m1,m2,m3,m4,m5,m6,m7,m8,m9,m10,m11,m12
2884706,135785,4,1662,23,3.969815782426811,4.523561956057013,4.0,2.0,847.0,20.5,2.99141222268678,3.9826343824532744,3.4454726489021295
11076591,135785,2,7,47,2.011920928594794,5.341822894230831,3.875,3.0,1453.5,18.5,3.7582046733608747,4.165458439057309,3.792481250360578
4576146,135785,2,1088,11,3.459431618637298,3.459431618637298,3.321928094887362,3.0,1355.0,16.5,3.4587592808234504,3.922745025472188,3.5
4898260,135785,2,1245,14,3.5465935642949384,3.8073549220576055,3.584962500721156,3.0,834.5,35.0,2.9908683555108024,4.932692425143922,3.9375
4584030,135785,2,1048,10,2.94770277922009,3.321928094887362,3.0,3.0,1375.0,17.0,3.7146237005320546,3.9914967873471556,3.660964047443681
