member,group_id,m1,m2,m3,m4,m5,m6,m7,m8,m9,m10,m11,m12
2884706,135785,7,1662,23,3.969815782426811,4.523561956057013,4.08746284125034,5.285714285714286,484.0,15.714285714285714,2.2514505608872803,3.361057658683257,2.9279530033249492
5035471,135785,4,1,1,0.0,0.0,0.0,7.0,1260.75,14.5,3.4808859361447846,3.77806914790982,3.604314794867761
8398833,135785,4,3,10,1.3787834934861756,3.321928094887362,2.8073549220576046,7.0,1260.75,14.5,3.4808859361447846,3.77806914790982,3.604314794867761
4576146,135785,7,1088,11,3.459431618637298,3.459431618637298,3.459431618637298,5.285714285714286,566.0,17.428571428571427,2.3243625842857822,3.5130762783146454,3.0176717494125276
87626322,135785,4,1,26,2.2389205950315936,4.5465935642949376,3.773557262275185,7.0,1260.75,14.5,3.4808859361447846,3.77806914790982,3.604314794867761
4898260,135785,7,1245,14,3.5465935642949384,3.8073549220576055,3.7004397181410926,5.285714285714286,543.5714285714286,17.0,2.3119108777632618,3.4633729492546013,2.983242020911985
58153172,135785,4,2,38,2.188721875540867,5.0701673160182334,3.584962500721156,7.0,1260.75,14.5,3.4808859361447846,3.77806914790982,3.604314794867761
4584030,135785,7,1048,10,2.94770277922009,3.321928094887362,3.169925001442312,5.285714285714286,571.7142857142857,17.571428571428573,2.397466704202526,3.53271963885035,3.059029837583239
