member,group_id,m1,m2,m3,m4,m5,m6,m7,m8,m9,m10,m11,m12
104072002,1370552,7,9,1,0.0,0.0,0.0,7.0,85.28571428571429,3.2857142857142856,0.767278656350667,1.2660822767914675,0.2857142857142857
142406672,1370552,7,30,11,1.3709505944546687,3.2776134368191165,2.0,7.0,82.28571428571429,1.8571428571428572,0.5714285714285714,0.797851785817308,0.0
188185168,1370552,7,26,1,0.0,0.0,0.0,7.0,82.85714285714286,3.2857142857142856,0.767278656350667,1.2660822767914675,0.2857142857142857
187891571,1370552,7,28,2,0.0,1.0,0.0,7.0,82.57142857142857,3.142857142857143,0.767278656350667,1.1232251339343247,0.2857142857142857
6942201,1370552,7,236,2,1.0,1.0,0.0,7.0,52.857142857142854,3.142857142857143,0.6244215134935241,1.1232251339343247,0.2857142857142857
24314362,1370552,7,59,2,1.0,1.0,0.0,7.0,78.14285714285714,3.142857142857143,0.6244215134935241,1.1232251339343247,0.2857142857142857
8781851,1370552,7,205,2,1.0,1.0,0.0,7.0,57.285714285714285,3.142857142857143,0.6244215134935241,1.1232251339343247,0.2857142857142857
186916092,1370552,7,13,3,1.0,1.584962500721156,0.0,7.0,84.71428571428571,3.0,0.6244215134935241,1.0396590624027309,0.2857142857142857
