member,group_id,m1,m2,m3,m4,m5,m6,m7,m8,m9,m10,m11,m12
10293867,1374721,4,3,15,2.59490661824394,3.906890595608518,3.459431618637298,4.75,24.75,20.75,2.676470362341269,3.513213127214577,3.3482406933637954
11543981,1374721,1,1,37,1.780672129520887,5.101345257520845,3.584962500721156,7.0,55.0,46.0,3.271221945782624,5.480083695187445,4.857980995127571
9297104,1374721,4,31,3,1.584962500721156,1.584962500721156,1.584962500721156,4.75,17.75,23.75,2.9289563917219654,4.0936951509364174,3.816857972842831
12122612,1374721,4,7,7,2.128085278891395,2.8073549220576046,2.8073549220576046,4.75,23.75,22.75,2.7931756971794055,3.7880970456023055,3.511259867508719
7092500,1374721,7,55,46,3.271221945782624,5.480083695187445,4.857980995127571,2.7142857142857144,7.714285714285714,16.571428571428573,2.0101512242169917,3.1720744725740344,2.7695329742490955
8252917,1374721,4,6,27,3.721611723969903,4.180451390892102,4.142664355548851,4.75,24.0,17.75,2.394794085909779,3.4448229283936813,3.1774325091359072
13310010,1374721,1,5,26,2.2608203181716595,4.623516641218015,3.8073549220576055,7.0,55.0,46.0,3.271221945782624,5.480083695187445,4.857980995127571
13903230,1374721,1,1,1,0.0,0.0,0.0,7.0,55.0,46.0,3.271221945782624,5.480083695187445,4.857980995127571
