member,group_id,m1,m2,m3,m4,m5,m6,m7,m8,m9,m10,m11,m12
3995873,1382044,5,35,44,4.12728313431329,5.41397707318275,5.044394119358456,9.2,53.8,43.2,3.1568082014720114,4.523686662548801,4.202102521332252
8485127,1382044,8,48,21,3.09306920777189,4.297079327540665,3.8073549220576055,7.125,39.875,43.375,3.0845287747924615,4.663938319292194,4.297897661418017
8061576,1382044,9,21,33,3.2616995307732886,5.044394119358456,5.044394119358456,7.111111111111111,42.111111111111114,49.111111111111114,3.162247702719446,4.884956957672209,4.341702928304985
7191179,1382044,5,57,74,4.179080392352344,6.0743182304938195,5.680813428089393,8.8,46.8,47.8,2.9491113937851936,4.621377645975387,4.124290703731629
176044,1382044,9,89,4,1.5,2.0,2.0,7.111111111111111,34.55555555555556,52.333333333333336,3.3579920950275888,5.22322297093426,4.679968941567036
6676205,1382044,3,37,11,2.2810361125534233,3.459431618637298,3.169925001442312,9.333333333333334,53.0,59.666666666666664,3.674113825528923,5.191346397795184,4.655372829100935
1754635,1382044,5,12,80,2.577357921238747,6.146928094887357,5.058813890331199,9.2,53.8,43.2,3.1568082014720114,4.523686662548801,4.202102521332252
8789174,1382044,10,33,25,3.2776134368191165,4.5638561897747225,3.459431618637298,6.6,40.4,46.1,3.0725351530982605,4.790458216727091,4.383021385690833
5066649,1382044,6,14,17,2.999581230646064,3.969815782426811,3.906890595608518,8.666666666666666,47.0,43.333333333333336,2.9731043627829763,4.567327926236266,4.071468073452625
719099,1382044,10,78,133,4.651658831995762,6.713103676070166,6.699331946607902,6.6,35.9,35.3,2.935130613580596,4.5755334680975475,4.059031352893774
2549020,1382044,6,13,44,2.054585169337799,4.785534244673587,3.418295834054489,8.166666666666666,48.666666666666664,47.666666666666664,3.3116055704310963,4.727581333020662,4.46514361805026
