member,group_id,m1,m2,m3,m4,m5,m6,m7,m8,m9,m10,m11,m12
121368192,13851022,8,4,3,1.584962500721156,1.584962500721156,1.0,8.0,15.25,3.375,0.646240625180289,1.278602336311985,0.25
69561472,13851022,9,10,3,1.584962500721156,1.584962500721156,1.0,7.444444444444445,14.333333333333334,3.3333333333333335,0.5744361112713681,1.3126423545796706,0.2222222222222222
45938412,13851022,9,33,1,0.0,0.0,0.0,7.444444444444445,11.777777777777779,3.5555555555555554,0.7505430557959409,1.4887492991042435,0.3333333333333333
47710572,13851022,6,1,10,0.0,3.321928094887362,0.0,8.666666666666666,18.333333333333332,2.5,0.9591479170272447,1.0819755160549456,0.5
44087632,13851022,9,19,1,0.0,0.0,0.0,7.444444444444445,13.333333333333334,3.5555555555555554,0.7505430557959409,1.4887492991042435,0.3333333333333333
107034132,13851022,7,1,4,1.0,2.0,0.0,8.428571428571429,17.714285714285715,2.2857142857142856,0.8221267860233527,0.9274075851899534,0.42857142857142855
142026102,13851022,7,14,1,0.0,0.0,0.0,8.428571428571429,15.857142857142858,2.7142857142857144,0.9649839288804954,1.213121870904239,0.42857142857142855
157506742,13851022,4,13,3,0.0,1.584962500721156,0.0,9.0,26.0,1.75,0.646240625180289,0.646240625180289,0.25
85602232,13851022,8,2,5,1.584962500721156,2.321928094887362,1.0,8.0,15.5,3.125,0.646240625180289,1.1864816370412092,0.25
8781851,13851022,9,42,2,1.0,1.0,0.0,7.444444444444445,10.777777777777779,3.4444444444444446,0.6394319446848298,1.3776381879931323,0.3333333333333333
