member,group_id,m1,m2,m3,m4,m5,m6,m7,m8,m9,m10,m11,m12
42748202,1387035,1,19,1,0.0,0.0,0.0,2.0,294.0,21.0,3.2516291673878226,4.39231742277876,3.459431618637298
13818655,1387035,1,1,12,3.0220552088742,3.584962500721156,3.459431618637298,2.0,294.0,21.0,3.2516291673878226,4.39231742277876,3.459431618637298
5092271,1387035,2,294,21,3.2516291673878226,4.39231742277876,3.459431618637298,1.0,10.0,6.5,1.5110276044371,1.792481250360578,1.729715809318649
