member,group_id,m1,m2,m3,m4,m5,m6,m7,m8,m9,m10,m11,m12
2480738,1387035,4,1,14,0.8112781244591328,3.8073549220576055,2.0,6.0,86.75,15.25,1.4433174509327853,2.3656211846992483,1.5980793556946902
9675906,1387035,4,32,1,0.0,0.0,0.0,6.0,79.0,18.5,1.6461369820475684,3.3174599152136497,2.09807935569469
14104389,1387035,2,3,1,0.0,0.0,0.0,6.5,148.5,11.0,1.6258145836939113,2.19615871138938,1.792481250360578
144306022,1387035,1,1,1,0.0,0.0,0.0,11.0,294.0,21.0,3.2516291673878226,4.39231742277876,3.584962500721156
146860392,1387035,4,2,38,2.5216406363433186,5.0701673160182334,2.8073549220576046,6.0,86.5,9.25,1.0157268229617389,2.0499180862090913,1.396240625180289
42748202,1387035,5,19,1,0.0,0.0,0.0,5.6,71.8,17.4,1.3169095856380548,3.3632866450299077,1.678463484555752
8808719,1387035,2,3,1,0.0,0.0,0.0,6.5,148.5,11.0,1.6258145836939113,2.19615871138938,1.792481250360578
5092271,1387035,11,294,21,3.2516291673878226,4.39231742277876,3.584962500721156,3.3636363636363638,10.545454545454545,7.2727272727272725,0.3029926146184047,1.4021923456700707,0.672028856616251
14198897,1387035,3,1,1,0.0,0.0,0.0,6.666666666666667,115.66666666666667,11.666666666666666,1.0838763891292742,2.6463036623578993,1.1949875002403854
7643158,1387035,4,23,1,0.0,0.0,0.0,5.5,81.5,10.75,0.8129072918469556,2.7347277467684243,1.542481250360578
151063642,1387035,3,1,8,0.0,3.0,2.584962500721156,6.666666666666667,115.66666666666667,11.666666666666666,1.0838763891292742,2.6463036623578993,1.1949875002403854
69186172,1387035,5,30,13,0.0,3.5465935642949384,0.0,5.2,67.6,6.4,0.6503258334775646,1.478463484555752,1.2339850002884625
