member,group_id,m1,m2,m3,m4,m5,m6,m7,m8,m9,m10,m11,m12
185581212,1387035,6,16,1,0.0,0.0,0.0,7.666666666666667,57.166666666666664,5.0,0.791938194564637,1.1190409196110203,0.840732353226409
9675906,1387035,4,32,1,0.0,0.0,0.0,8.25,86.5,10.25,1.1879072918469555,2.630968371948714,1.2610985298396136
185329700,1387035,6,1,1,0.0,0.0,0.0,8.666666666666666,63.166666666666664,13.333333333333334,1.1152609396309385,2.5847738510836002,1.1740656865597423
146860392,1387035,6,2,38,2.5216406363433186,4.984769618706746,2.584962500721156,8.666666666666666,63.0,7.166666666666667,0.6949875002403854,1.7539789146324758,0.7432386031062164
42748202,1387035,8,19,1,0.0,0.0,0.0,7.25,49.5,10.875,1.023945704723204,2.2617007009028445,1.0786695775099513
28304012,1387035,4,3,6,1.5,2.584962500721156,1.584962500721156,8.25,93.75,9.0,0.8129072918469556,1.9847277467684246,0.8648579046593246
178017912,1387035,5,10,1,0.0,0.0,0.0,8.4,69.2,5.8,0.9503258334775644,1.3428491035332244,1.0088788238716908
5092271,1387035,13,294,21,3.2516291673878226,4.39231742277876,3.459431618637298,6.230769230769231,12.538461538461538,5.846153846153846,0.49537972849213907,1.2325550984101044,0.5196067309356514
183184190,1387035,5,3,1,0.0,0.0,0.0,8.4,69.2,5.8,0.9503258334775644,1.3428491035332244,1.0088788238716908
7643158,1387035,11,23,1,0.0,0.0,0.0,6.818181818181818,36.27272727272727,8.090909090909092,0.7446877852532392,1.6209610183080876,0.7844869654617828
169651262,1387035,6,4,5,1.5,2.321928094887362,1.584962500721156,7.666666666666667,59.166666666666664,4.333333333333333,0.5419381945646371,0.7320529037964599,0.5765719364395497
69186172,1387035,8,30,13,0.0,3.5465935642949384,0.0,7.25,48.125,9.375,1.023945704723204,1.8183765053659773,1.0786695775099513
9904126,1387035,6,9,1,0.0,0.0,0.0,7.666666666666667,58.333333333333336,5.0,0.791938194564637,1.1190409196110203,0.840732353226409
9643807,1387035,6,11,6,0.9182958340544896,2.584962500721156,1.0,8.666666666666666,61.5,12.5,0.9622116339551902,2.153946767630074,1.0073990198930758
