member,group_id,m1,m2,m3,m4,m5,m6,m7,m8,m9,m10,m11,m12
1922019,140195,6,3,26,1.8112781244591327,4.700439718141092,2.8073549220576046,8.166666666666666,120.0,7.666666666666667,1.8128591614209324,2.2857792508893575,1.357309364962454
2177861,140195,8,181,1,0.0,0.0,0.0,7.5,68.875,9.375,1.586054136623091,2.5000097155247993,1.3689013889790411
1543334,140195,9,80,10,2.321928094887362,3.321928094887362,1.5,6.777777777777778,72.66666666666667,7.444444444444445,1.151833888677485,1.8531277365901149,1.0501345679813698
1114443,140195,7,5,3,0.0,1.584962500721156,0.0,7.857142857142857,103.42857142857143,6.714285714285714,1.553879281217942,1.9592393579051637,1.1634080271106748
967794,140195,8,49,2,1.0,1.0,0.0,7.5,85.375,9.25,1.461054136623091,2.3750097155247993,1.3689013889790411
501364,140195,8,72,16,3.2776134368191165,4.0,3.321928094887362,7.5,82.5,7.5,1.1763524570207013,2.0000097155247993,0.9536603771181208
2180405,140195,7,162,4,1.0,2.0,0.0,7.857142857142857,80.85714285714286,10.142857142857142,1.6697761561406754,2.571439674885485,1.5644587302617612
1894967,140195,6,4,1,0.0,0.0,0.0,8.166666666666666,93.83333333333333,7.5,1.6461924947542659,2.216606334342884,1.357309364962454
1238587,140195,2,2,1,0.0,0.0,0.0,9.0,128.0,11.5,2.799770765853239,3.357337752668074,2.410964047443681
1919260,140195,9,176,13,3.277613436819116,3.392747410448785,3.321928094887362,6.777777777777778,62.0,7.111111111111111,1.0456466284628456,1.8452589237499568,0.8476981129938852
