member,group_id,m1,m2,m3,m4,m5,m6,m7,m8,m9,m10,m11,m12
55694592,14110192,3,1,8,0.9182958340544896,2.75,1.584962500721156,8.333333333333334,79.66666666666667,2.3333333333333335,0.3060986113514965,0.7739760316291208,0.5283208335737187
8379328,14110192,6,28,7,0.9182958340544896,1.8423709931771088,0.9182958340544896,5.833333333333333,41.0,2.8333333333333335,0.4172097224626076,0.8869880158145603,0.5283208335737187
56392192,14110192,3,5,8,1.584962500721156,3.0,1.584962500721156,7.666666666666667,68.66666666666667,4.333333333333333,0.612197222702993,1.3880996960214904,0.8344194449252152
161032932,14110192,4,1,1,0.0,0.0,0.0,7.75,66.75,3.5,0.4591479170272448,1.0410747720161178,0.6258145836939114
6355045,14110192,3,20,5,2.0,2.321928094887362,2.0,7.333333333333333,73.0,4.333333333333333,0.9727652780181631,1.7097610056483223,1.1949875002403854
143914822,14110192,8,61,1,0.0,0.0,0.0,5.0,32.0,4.375,0.8443609377704335,1.5054477631261798,1.0110276044371003
143760552,14110192,10,131,5,0.9182958340544896,2.321928094887362,1.584962500721156,4.4,19.2,4.0,0.7421554168830136,1.2721654010122077,0.8088220835496802
143999562,14110192,7,47,1,0.0,0.0,0.0,5.285714285714286,32.57142857142857,4.428571428571429,0.6199785718406606,1.4163284411520674,0.8104547623168512
134386602,14110192,4,27,7,2.0,2.8073549220576046,2.0,6.0,53.25,3.0,0.7295739585136224,1.160964047443681,0.896240625180289
160469902,14110192,3,1,1,0.0,0.0,0.0,7.333333333333333,73.0,4.333333333333333,0.9727652780181631,1.7097610056483223,1.1949875002403854
5584029,14110192,3,1,1,0.0,0.0,0.0,7.666666666666667,68.66666666666667,4.333333333333333,0.612197222702993,1.3880996960214904,0.8344194449252152
