member,group_id,m1,m2,m3,m4,m5,m6,m7,m8,m9,m10,m11,m12
152882752,14185962,4,1,4,0.0,2.0,0.0,7.0,17.0,16.25,1.1032721091064395,2.8027338947328673,1.4767226489021295
153015672,14185962,6,6,18,2.413088436425758,4.169925001442313,3.321928094887362,6.666666666666667,16.333333333333332,9.833333333333334,0.4863826390090816,2.1043288463683854,0.5974937501201927
14096327,14185962,6,2,3,1.0,1.584962500721156,0.0,7.333333333333333,18.166666666666668,4.833333333333333,0.8590370307805871,1.915308849388279,1.0283208335737186
4248113,14185962,9,39,4,2.0,2.0,1.584962500721156,6.111111111111111,8.88888888888889,10.222222222222221,0.7297011801232534,2.4764167973313667,0.9896545106231687
183738581,14185962,7,11,2,0.0,1.0,0.0,7.0,15.142857142857142,6.857142857142857,1.2239015173013257,2.3209629426418776,1.355979013761382
144410872,14185962,7,24,6,0.9182958340544896,2.584962500721156,1.0,7.0,13.285714285714286,6.285714285714286,1.0927163981506844,2.094539728253141,1.213121870904239
182730361,14185962,9,22,1,0.0,0.0,0.0,6.111111111111111,10.777777777777779,10.555555555555555,0.9519234023454756,2.698639019553589,1.1657614551477415
186959963,14185962,6,1,6,0.0,2.584962500721156,1.0,7.333333333333333,18.333333333333332,4.333333333333333,1.0257036974472538,1.7486421827216123,0.861654166907052
190745180,14185962,4,1,42,0.0,5.041010577489155,1.0,7.0,17.0,6.75,1.1032721091064395,2.042481250360578,1.2267226489021295
13924926,14185962,6,12,10,2.2359263506290326,3.321928094887362,2.584962500721156,7.333333333333333,16.5,3.6666666666666665,0.6530493056757483,1.6258145836939113,0.5974937501201927
