member,group_id,m1,m2,m3,m4,m5,m6,m7,m8,m9,m10,m11,m12
126345632,1427686,3,6,3,0.0,1.584962500721156,0.0,2.6666666666666665,214.33333333333334,4.666666666666667,0.6500706883049157,1.1949875002403854,0.861654166907052
5675543,1427686,2,1,12,1.950212064914747,3.584962500721156,2.584962500721156,3.5,323.5,2.0,0.0,0.792481250360578,0.0
9176316,1427686,4,641,1,0.0,0.0,0.0,2.0,2.25,7.0,0.7171269747423091,2.1470552088742005,1.2267226489021295
68631902,1427686,2,1,1,0.0,0.0,0.0,3.5,323.5,2.0,0.0,0.792481250360578,0.0
12274207,1427686,1,1,12,0.9182958340544896,3.418295834054489,2.321928094887362,4.0,641.0,1.0,0.0,0.0,0.0
