member,group_id,m1,m2,m3,m4,m5,m6,m7,m8,m9,m10,m11,m12
4853061,1427686,1,1,7,0.9182958340544896,2.8073549220576046,1.584962500721156,6.0,641.0,1.0,0.0,0.0,0.0
6331047,1427686,3,3,1,0.0,0.0,0.0,5.333333333333333,215.0,1.0,0.0,0.0,0.0
10646215,1427686,3,1,1,0.0,0.0,0.0,4.666666666666667,5.333333333333333,1.6666666666666667,0.3333333333333333,0.6666666666666666,0.3333333333333333
10431049,1427686,4,2,1,0.0,0.0,0.0,5.0,164.25,1.25,0.25,0.25,0.25
1230697,1427686,3,3,2,0.0,1.0,0.0,4.666666666666667,4.666666666666667,1.3333333333333333,0.3333333333333333,0.3333333333333333,0.3333333333333333
4214218,1427686,1,1,3,0.0,1.584962500721156,0.0,6.0,641.0,1.0,0.0,0.0,0.0
8843600,1427686,5,11,2,1.0,1.0,1.0,4.4,129.8,1.2,0.0,0.2,0.0
9176316,1427686,6,641,1,0.0,0.0,0.0,3.3333333333333335,3.3333333333333335,2.5,0.31971597234241494,0.8987195704631268,0.430827083453526
10532799,1427686,6,2,1,0.0,0.0,0.0,4.0,110.16666666666667,1.3333333333333333,0.16666666666666666,0.3333333333333333,0.16666666666666666
