member,group_id,m1,m2,m3,m4,m5,m6,m7,m8,m9,m10,m11,m12
163936192,14291952,1,55,6,1.584962500721156,2.584962500721156,1.584962500721156,1.0,2.0,7.0,0.9182958340544896,2.8073549220576046,1.584962500721156
8450824,14291952,1,1,13,1.2516291673878228,3.334679141051595,2.584962500721156,1.0,3.0,5.0,0.0,1.9219280948873623,0.0
189502449,14291952,1,3,5,0.0,1.9219280948873623,0.0,1.0,1.0,13.0,1.2516291673878228,3.334679141051595,2.584962500721156
191233311,14291952,1,2,7,0.9182958340544896,2.8073549220576046,1.584962500721156,1.0,55.0,6.0,1.584962500721156,2.584962500721156,1.584962500721156
