member,group_id,m1,m2,m3,m4,m5,m6,m7,m8,m9,m10,m11,m12
195747715,14291952,9,1,10,0.0,3.321928094887362,0.0,9.333333333333334,10.0,20.444444444444443,0.7830809692529012,3.0578467807015546,1.35875763227732
191682981,14291952,9,1,2,0.0,1.0,0.0,9.333333333333334,10.0,21.333333333333332,0.7830809692529012,3.315838791244595,1.35875763227732
191948558,14291952,9,1,2,0.0,1.0,0.0,9.333333333333334,10.0,21.333333333333332,0.7830809692529012,3.315838791244595,1.35875763227732
1838895,14291952,9,2,20,1.7924812503605778,4.321928094887363,2.321928094887362,9.333333333333334,9.88888888888889,19.333333333333332,0.5839163858795036,2.946735669590444,1.10076562173428
114780432,14291952,9,2,14,1.0,3.4677201004745006,0.0,9.333333333333334,9.88888888888889,20.0,0.67196985814179,3.0416476689696506,1.35875763227732
12340946,14291952,9,1,4,0.0,2.0,1.584962500721156,9.333333333333334,10.0,21.11111111111111,0.7830809692529012,3.204727680133484,1.182650687752747
195507798,14291952,9,1,48,0.7219280948873623,5.343094990837059,2.0,9.333333333333334,10.0,16.22222222222222,0.7028667364876386,2.8332726811515885,1.136535410055098
186783674,14291952,10,5,6,1.3709505944546687,2.251629167387823,2.0,8.6,8.8,19.8,0.6488056253280574,3.1712848048700897,1.1813781191217037
189243099,14291952,10,2,84,2.1623687835735015,6.136248672727248,4.321928094887363,8.6,9.1,12.0,0.5696638064161741,2.782822854336147,0.9491853096329674
145297182,14291952,10,75,4,0.0,2.0,0.0,8.6,1.8,20.0,0.7859006847735243,3.196447721608872,1.3813781191217038
10829535,14291952,3,2,10,0.8112781244591328,3.121928094887362,1.584962500721156,10.0,27.333333333333332,31.333333333333332,1.17777312600939,3.4626259467050233,2.1073093649624544
