member,group_id,m1,m2,m3,m4,m5,m6,m7,m8,m9,m10,m11,m12
113949002,145874,1,43,8,2.2516291673878226,3.0,2.321928094887362,1.0,241.0,11.0,1.584962500721156,3.459431618637298,1.0
12710644,145874,1,241,11,1.584962500721156,3.459431618637298,1.0,1.0,43.0,8.0,2.2516291673878226,3.0,2.321928094887362
