member,group_id,m1,m2,m3,m4,m5,m6,m7,m8,m9,m10,m11,m12
191528576,1458708,5,2,2,0.0,1.0,0.0,5.6,19.0,31.0,0.8561344259041774,3.1369002183260757,1.0088788238716908
122134882,1458708,5,2,11,1.5,3.459431618637298,1.584962500721156,5.6,19.0,29.2,0.5561344259041774,2.645013894598616,0.6918863237274596
9679111,1458708,2,6,1,0.0,0.0,0.0,6.0,38.0,63.0,0.8903360647604435,3.1109055691087177,1.729715809318649
66800152,1458708,6,14,12,1.0,3.418295834054489,0.0,4.666666666666667,15.666666666666666,24.333333333333332,0.5467786882534812,2.2110342095959816,0.840732353226409
9586643,1458708,6,67,1,0.0,0.0,0.0,4.833333333333333,6.0,26.166666666666668,0.7134453549201479,2.7807501819383966,0.840732353226409
8431160,1458708,6,9,125,1.780672129520887,6.2218111382174355,3.459431618637298,4.833333333333333,15.666666666666666,5.5,0.4166666666666667,1.7437816589021573,0.26416041678685936
9588378,1458708,1,11,1,0.0,0.0,0.0,6.0,14.0,12.0,1.0,3.418295834054489,0.0
185897882,1458708,5,3,6,0.0,2.584962500721156,0.0,5.6,18.8,30.2,0.8561344259041774,2.8199077181818444,1.0088788238716908
