member,group_id,m1,m2,m3,m4,m5,m6,m7,m8,m9,m10,m11,m12
13569189,1465949,10,26,1,0.0,0.0,0.0,10.3,52.1,11.1,1.372841050456183,2.3834737925834366,1.8230208118001872
9677030,1465949,13,151,2,0.0,1.0,0.0,9.0,32.30769230769231,9.615384615384615,1.3477609042248004,2.214033900388804,1.8319362014402327
8896326,1465949,13,136,28,2.6689801450225334,4.807354922057602,4.247927513443588,9.0,33.46153846153846,7.615384615384615,1.142454739223067,1.9211604448459119,1.505172546559957
14004766,1465949,8,58,2,1.0,1.0,1.0,11.25,60.0,9.5,0.8944136016012149,1.9276195918271666,1.291923794336741
5104620,1465949,8,19,1,0.0,0.0,0.0,11.25,64.875,9.625,1.0194136016012147,2.052619591827167,1.416923794336741
13837070,1465949,9,19,2,1.0,1.0,1.0,10.88888888888889,58.0,9.444444444444445,1.0434705737154168,2.065653526228849,1.4603050307501704
4941490,1465949,9,3,9,2.2359263506290326,3.169925001442312,2.8073549220576046,10.555555555555555,52.888888888888886,9.0,1.0172565347566354,2.0467729705130373,1.4817100394104363
13449394,1465949,11,5,6,0.0,2.584962500721156,0.0,9.909090909090908,50.45454545454545,10.0,1.4298555004147118,2.1136159477375647,1.8391098289092611
5403126,1465949,6,6,25,3.3371753411230776,4.243856189774722,4.08746284125034,12.166666666666666,73.66666666666667,12.166666666666666,1.0258848021349531,2.4034927891028888,1.555898392448988
6770489,1465949,4,9,9,1.7924812503605778,2.9477027792200903,2.584962500721156,13.0,102.75,16.5,1.5388272032024297,2.958998558474044,2.333847588673482
12968283,1465949,6,2,2,0.0,1.0,1.0,11.333333333333334,71.16666666666667,13.166666666666666,1.7318725272397921,2.834319872556415,2.357124212791922
3721628,1465949,13,44,34,2.4863286677871854,5.028639311838574,4.08746284125034,9.0,40.53846153846154,7.153846153846154,1.1565048528565556,1.904138568708914,1.5175159828825144
12640637,1465949,13,80,2,1.0,1.0,1.0,9.0,37.76923076923077,9.615384615384615,1.2708378273017236,2.214033900388804,1.7550131245171559
11119902,1465949,7,13,4,2.0,2.0,2.0,11.142857142857142,60.142857142857146,11.857142857142858,1.1987478804912504,2.6558402480085204,1.8775350395359334
