member,group_id,m1,m2,m3,m4,m5,m6,m7,m8,m9,m10,m11,m12
11574019,1467930,4,11,2,1.0,1.0,0.0,5.5,45.75,1.75,0.0,0.75,0.0
12052389,1467930,9,43,2,0.0,1.0,0.0,2.7777777777777777,18.333333333333332,13.222222222222221,1.1827872190911786,2.353226083146339,1.6880325349411962
7361228,1467930,2,1,27,2.35274578087187,4.754887502163471,3.7004397181410926,7.0,90.0,2.0,0.0,1.0,0.0
10536589,1467930,2,6,1,0.0,0.0,0.0,5.5,22.5,22.5,1.4363025904679405,3.1898765633975605,2.4534452978042594
9502541,1467930,1,4,8,2.5216406363433186,3.0,2.584962500721156,9.0,43.0,2.0,0.0,1.0,0.0
5048337,1467930,2,2,43,2.872605180935881,5.379753126795121,4.906890595608519,5.5,24.5,1.5,0.0,0.5,0.0
13703474,1467930,4,1,1,0.0,0.0,0.0,5.5,48.25,2.0,0.25,1.0,0.0
10009589,1467930,5,137,2,0.0,1.0,0.0,4.6,11.6,6.8,0.6705491561743739,1.5509775004326942,0.7400879436282185
13573755,1467930,4,2,2,0.0,1.0,0.0,5.5,48.0,1.75,0.25,0.75,0.0
12866079,1467930,1,1,33,1.8980933736695382,5.044394119358456,4.0,9.0,43.0,2.0,0.0,1.0,0.0
