member,group_id,m1,m2,m3,m4,m5,m6,m7,m8,m9,m10,m11,m12
156811392,14708692,8,3,12,1.4488156357251847,3.418295834054489,2.584962500721156,11.75,28.625,3.125,0.40449079382862907,0.924093426306098,0.3231203125901445
188169249,14708692,15,10,1,0.0,0.0,0.0,8.733333333333333,18.2,10.933333333333334,0.6867625656751104,2.0214543850055717,1.185097029146834
190220797,14708692,6,2,2,0.0,1.0,0.0,12.0,31.5,3.5,0.4081359392875308,1.0697159723424148,0.430827083453526
119244002,14708692,6,2,3,1.0,1.584962500721156,0.0,12.0,26.5,10.666666666666666,0.816118292370941,2.2062834900297106,1.2924812503605783
188672868,14708692,8,20,1,0.0,0.0,0.0,11.75,26.5,4.5,0.5855927482942771,1.3513804055629093,0.646240625180289
189479351,14708692,5,1,60,0.0,5.648394345536401,4.436605434317882,14.0,34.8,4.2,0.6471852701258065,1.278549482089757,0.5169925001442313
183024584,14708692,15,37,4,1.0,2.0,0.0,8.733333333333333,16.4,10.733333333333333,0.6200958990084438,1.8881210516722386,1.185097029146834
183935631,14708692,7,2,41,0.7424875695421236,5.259991029008325,4.169925001442313,11.571428571428571,27.428571428571427,3.857142857142857,0.736317454954789,1.3660960588415851,0.5121375001030223
185298000,14708692,7,2,6,1.584962500721156,2.2516291673878226,1.0,12.571428571428571,29.857142857142858,5.0,0.6581252778691002,1.3676543425220322,0.6549946429601652
161588272,14708692,6,19,3,0.9182958340544896,1.584962500721156,1.0,12.0,23.666666666666668,10.666666666666666,0.8297356533618593,2.2062834900297106,1.1258145836939115
12894038,14708692,14,8,13,2.2359263506290326,3.3927474104487847,2.584962500721156,9.0,19.5,10.714285714285714,0.5761080096069732,1.8520763117596282,1.0851066383200967
195015286,14708692,8,2,13,1.3709505944546687,3.180832987205441,2.0,11.5,29.0,3.75,0.6026111064187736,1.0805470722295758,0.4481203125901445
184266489,14708692,10,33,1,0.0,0.0,0.0,10.8,20.3,9.4,0.8383142651072166,2.0503496428104864,1.2339850002884625
148631132,14708692,15,83,2,0.0,1.0,0.0,8.733333333333333,13.333333333333334,10.866666666666667,0.6867625656751104,1.9547877183389053,1.185097029146834
184220605,14708692,11,36,1,0.0,0.0,0.0,10.090909090909092,18.272727272727273,10.454545454545455,0.694605007411822,1.9901727040575397,1.146048221432745
184186623,14708692,5,23,2,0.0,0.0,0.0,13.4,28.0,6.6,0.9213753890167403,1.914716079530845,0.9169925001442312
