member,group_id,m1,m2,m3,m4,m5,m6,m7,m8,m9,m10,m11,m12
74526752,1481631,4,99,6,0.9182958340544896,2.2516291673878226,1.0,1.75,24.0,2.75,0.0,1.438721875540867,0.0
62658242,1481631,1,87,1,0.0,0.0,0.0,1.0,2.0,2.0,1.0,1.0,0.0
101227332,1481631,2,35,3,0.0,1.584962500721156,0.0,3.0,53.5,4.5,0.4591479170272448,1.9182958340544893,0.5
10988489,1481631,2,8,3,0.0,1.584962500721156,0.0,3.0,67.0,4.5,0.4591479170272448,1.9182958340544893,0.5
54813482,1481631,1,1,1,0.0,0.0,0.0,2.0,29.0,2.0,0.0,1.0,0.0
70982452,1481631,1,2,2,1.0,1.0,0.0,1.0,87.0,1.0,0.0,0.0,0.0
4354397,1481631,2,29,2,0.0,1.0,0.0,2.5,50.0,3.5,0.4591479170272448,1.1258145836939113,0.5
83722622,1481631,1,24,3,0.0,1.584962500721156,0.0,4.0,99.0,6.0,0.9182958340544896,2.2516291673878226,1.0
