member,group_id,m1,m2,m3,m4,m5,m6,m7,m8,m9,m10,m11,m12
59232832,1481631,1,2,1,0.0,0.0,0.0,8.0,52.0,12.0,2.321928094887362,3.188721875540867,2.0
62658242,1481631,11,87,1,0.0,0.0,0.0,6.818181818181818,10.727272727272727,10.272727272727273,1.0318268289480104,2.2504156320260744,0.8538470384344329
80076232,1481631,6,2,1,0.0,0.0,0.0,8.333333333333334,22.833333333333332,10.333333333333334,0.9213611705901252,1.9178883856249351,0.967892487009601
11694665,1481631,8,52,12,2.321928094887362,3.188721875540867,2.0,6.0,20.75,11.0,1.128520877942594,2.3581762948256078,0.9240396778473452
11351816,1481631,4,2,1,0.0,0.0,0.0,8.75,27.75,8.75,0.5,1.9805919532571137,0.0
6805101,1481631,10,15,40,2.2062389286533897,5.221928094887363,3.8073549220576055,7.2,18.8,7.3,0.9143856189774724,1.9532643857399457,0.5584962500721156
77957422,1481631,8,4,20,1.0,4.221928094887362,0.0,7.375,23.0,10.75,1.003520877942594,2.2434601695847878,0.9240396778473452
43254672,1481631,8,3,13,1.0,3.7004397181410926,0.0,7.5,17.75,8.875,0.6910208779425939,1.5036023363119853,0.7259193652572007
74219312,1481631,5,3,6,1.0,2.2516291673878226,0.0,8.4,32.6,17.0,1.4056334047081502,3.243508113207349,1.4784634845557523
60018132,1481631,7,14,6,2.321928094887362,2.584962500721156,2.0,8.142857142857142,25.285714285714285,9.857142857142858,0.7897381462201073,1.7301556697956175,0.8296221317225151
8845620,1481631,8,17,1,0.0,0.0,0.0,7.5,16.0,10.375,0.8160208779425939,1.9661573010796216,0.7259193652572007
81234392,1481631,6,1,1,0.0,0.0,0.0,8.333333333333334,23.0,10.333333333333334,0.9213611705901252,1.9178883856249351,0.967892487009601
16109721,1481631,1,36,2,1.0,1.0,0.0,8.0,52.0,12.0,2.321928094887362,3.188721875540867,2.0
35106872,1481631,5,5,12,1.5,3.584962500721156,1.584962500721156,8.4,32.2,15.8,1.3056334047081504,2.976841446540683,1.1614709844115212
