member,group_id,m1,m2,m3,m4,m5,m6,m7,m8,m9,m10,m11,m12
9240640,1487390,6,66,19,2.75,3.8268748818646396,2.8073549220576046,9.166666666666666,69.0,15.833333333333334,1.4156938532936507,3.0944294113372544,1.857867487490372
3532257,1487390,16,255,18,2.5,4.169925001442313,2.8073549220576046,5.25,22.625,9.9375,1.3449749048678745,2.417259609485914,1.394820620399034
9976640,1487390,6,94,4,1.5,2.0,1.584962500721156,9.166666666666666,64.33333333333333,18.333333333333332,1.624027186626984,3.3989085583146945,2.0615995577131137
3104483,1487390,8,3,4,0.0,2.0,0.0,7.625,64.375,15.75,1.893881714421303,3.2963414091735106,2.1193199808749794
5471812,1487390,5,54,4,2.0,2.0,1.584962500721156,8.8,65.2,6.4,1.3169925001442313,2.0013033339102586,1.0784634845557521
6937283,1487390,4,25,7,1.584962500721156,2.8073549220576046,1.0,10.25,82.25,9.25,1.6017226489021295,2.8978697925681116,1.4518387305144012
13027910,1487390,5,2,3,1.0,1.584962500721156,0.0,8.8,75.6,6.6,1.5169925001442313,2.0843108337660268,1.3954559846999834
14214408,1487390,3,3,6,1.9219280948873623,2.2516291673878226,2.0,7.333333333333333,87.0,15.333333333333334,1.6488722225427361,3.602893604387397,1.9357849740192015
8460618,1487390,4,13,9,2.321928094887362,3.169925001442312,2.0,10.25,85.25,8.75,1.417481250360578,2.807227272721935,1.2018387305144012
11758028,1487390,5,6,1,0.0,0.0,0.0,8.8,74.8,7.0,1.7169925001442312,2.401303333910258,1.3954559846999834
12705164,1487390,5,5,4,1.5,2.0,1.584962500721156,8.8,75.0,6.4,1.4169925001442312,2.0013033339102586,1.0784634845557521
10046700,1487390,6,3,10,0.9182958340544896,2.8464393446710154,1.0,9.166666666666666,79.5,17.333333333333332,1.720977880951236,3.2578353342028588,2.1590933078333063
16257911,1487390,2,23,1,0.0,0.0,0.0,14.5,156.5,12.0,2.042481250360578,3.210777084415068,1.9036774610288023
8467673,1487390,6,1,53,1.9909047849862587,5.298582954522376,4.754887502163471,9.166666666666666,79.83333333333333,10.166666666666666,1.5422097224626077,2.849144732560965,1.5332787241393941
10189564,1487390,3,2,5,1.0,2.321928094887362,0.0,7.333333333333333,87.33333333333333,15.666666666666666,1.9561815875051902,3.579460628554217,2.602451640685868
14175453,1487390,13,58,6,1.584962500721156,2.2516291673878226,1.0,6.0,42.30769230769231,10.538461538461538,1.3896993242037896,2.438774200517032,1.4711142191109348
3486495,1487390,3,4,23,1.4466166676282082,4.316827716832515,3.0,7.333333333333333,86.66666666666667,9.666666666666666,1.807309364962454,2.9144940879058328,1.6024516406858682
