member,group_id,m1,m2,m3,m4,m5,m6,m7,m8,m9,m10,m11,m12
11287779,14900992,1,4,18,3.0565647621309537,4.058813890331201,3.906890595608518,6.0,95.0,11.0,1.5,3.459431618637298,2.0
181312522,14900992,2,2,3,1.0,1.584962500721156,1.0,4.0,48.0,7.0,1.2091479170272448,2.522197059679227,1.792481250360578
458043,14900992,2,1,12,1.5487949406953985,3.418295834054489,3.0,3.5,17.5,21.5,0.4056390622295664,2.577111092341762,1.0
184445941,14900992,3,3,42,0.8112781244591328,5.154222184683524,2.0,4.0,42.666666666666664,8.0,1.0162649802317996,2.2925758175639293,1.6666666666666667
41994422,14900992,2,71,2,1.0,1.0,1.0,5.0,63.5,6.0,0.75,1.729715809318649,1.0
181086102,14900992,2,1,3,0.9182958340544896,1.584962500721156,1.584962500721156,4.0,48.5,7.0,1.25,2.522197059679227,1.5
183788443,14900992,4,32,1,0.0,0.0,0.0,3.25,42.5,16.75,1.2150182662886326,3.257987409343828,2.0
152832382,14900992,6,95,11,1.5,3.459431618637298,2.0,2.3333333333333335,18.833333333333332,11.5,1.1310231201074294,2.23049351274284,1.5819755160549456
