member,group_id,m1,m2,m3,m4,m5,m6,m7,m8,m9,m10,m11,m12
173770562,1495269,13,22,1,0.0,0.0,0.0,9.153846153846153,37.0,4.076923076923077,0.4904625617834336,1.1595493432886543,0.6851454304314244
51294532,1495269,14,51,16,2.6464393446710153,4.0,3.321928094887362,8.714285714285714,32.42857142857143,3.142857142857143,0.37960974708819845,0.9756502831052618,0.5121375001030223
191662823,1495269,9,2,11,0.9182958340544896,3.459431618637298,1.584962500721156,10.88888888888889,16.333333333333332,4.222222222222222,0.606413052125572,1.17941220490169,0.8135475660985958
12591304,1495269,8,292,1,0.0,0.0,0.0,9.25,22.125,7.25,0.8036899083153218,1.5381265576707461,1.2142806897082654
191085804,1495269,9,3,7,0.0,2.8073549220576046,0.0,10.88888888888889,16.22222222222222,4.666666666666667,0.7084459225760708,1.2518651711883224,0.9896545106231687
162112592,1495269,8,3,2,1.0,1.0,1.0,11.375,18.125,5.0,0.570591897340688,1.2833483175868627,0.7383613244510647
93791922,1495269,11,16,1,0.0,0.0,0.0,9.636363636363637,13.181818181818182,4.636363636363637,0.5796375730167852,1.3703764966138643,0.8097173268735016
141509172,1495269,13,20,1,0.0,0.0,0.0,9.0,36.46153846153846,6.538461538461538,0.7045456326950921,1.6445503018552674,1.099939078337483
14174454,1495269,4,2,6,1.584962500721156,2.584962500721156,1.584962500721156,10.5,103.25,4.75,0.6616098361677538,1.0,0.8304820237218405
13879926,1495269,7,50,1,0.0,0.0,0.0,9.857142857142858,58.57142857142857,8.0,0.9185027523603678,1.6150017801951384,1.387749359666589
106255382,1495269,13,22,2,1.0,0.0,1.0,9.153846153846153,36.84615384615385,6.153846153846154,0.5057023634088492,1.5226301094921018,0.9010958090512402
101179222,1495269,4,1,29,1.1981174211304033,4.720049960644813,3.8073549220576055,10.25,96.0,1.25,0.25,0.0,0.25
140321692,1495269,6,9,2,0.0,1.0,0.0,10.5,67.66666666666667,3.6666666666666665,0.6077398907785025,0.6666666666666666,0.7203213491478936
192955773,1495269,8,1,7,0.8112781244591328,2.8073549220576046,2.0,11.375,18.125,5.0,0.570591897340688,1.2833483175868627,0.7383613244510647
181323422,1495269,9,9,1,0.0,0.0,0.0,10.88888888888889,15.555555555555555,5.333333333333333,0.7084459225760708,1.5637934958613897,0.9896545106231687
1971295,1495269,4,3,1,0.0,0.0,0.0,11.0,24.5,5.0,0.6616098361677538,1.25,0.8304820237218405
