member,group_id,m1,m2,m3,m4,m5,m6,m7,m8,m9,m10,m11,m12
7857633,1501582,5,45,4,1.584962500721156,1.5,1.0,8.2,58.4,5.4,1.6555226873638234,1.9169925001442312,0.9813781191217036
10262627,1501582,11,62,2,1.0,1.0,0.0,6.7272727272727275,40.54545454545455,3.727272727272727,0.987506903412752,1.3336295455856648,0.5369900541462289
11283238,1501582,5,5,1,0.0,0.0,0.0,10.0,81.2,3.0,1.0,1.5169925001442313,0.3169925001442312
1628199,1501582,5,12,2,1.0,1.0,0.0,8.2,65.0,5.8,1.7725151875080545,2.016992500144231,1.1813781191217037
11102792,1501582,5,9,1,0.0,0.0,0.0,10.0,80.8,2.4,1.0,1.1169925001442311,0.3169925001442312
4021161,1501582,15,188,4,2.0,2.0,1.584962500721156,5.266666666666667,23.666666666666668,4.333333333333333,1.1312786049736496,1.4960683945138165,0.6327902064219783
6067532,1501582,3,21,7,2.0,2.5216406363433186,1.584962500721156,11.333333333333334,113.66666666666667,3.0,1.3333333333333333,1.5283208335737186,0.5283208335737187
10211056,1501582,5,3,4,0.0,2.0,0.0,10.0,81.6,2.4,1.0,1.1169925001442311,0.3169925001442312
857265,1501582,9,10,2,1.0,1.0,0.0,6.888888888888889,48.111111111111114,2.7777777777777777,0.7777777777777778,1.122955904118275,0.3522138890491458
11074033,1501582,2,3,14,2.5216406363433186,3.6644977792004623,2.584962500721156,12.5,165.5,3.5,1.5,1.792481250360578,0.792481250360578
1969010,1501582,5,1,1,0.0,0.0,0.0,10.0,82.4,2.4,1.0,1.1169925001442311,0.3169925001442312
501364,1501582,5,21,16,3.2776134368191165,4.0,3.321928094887362,8.2,63.2,3.0,1.3169925001442313,1.4169925001442312,0.5169925001442313
10674868,1501582,5,9,3,1.0,1.584962500721156,0.0,8.2,65.6,5.6,1.7725151875080545,1.9,1.1813781191217037
6668884,1501582,1,10,3,1.584962500721156,1.584962500721156,1.0,15.0,188.0,4.0,2.0,2.0,1.584962500721156
11289306,1501582,3,1,2,1.0,1.0,0.0,11.333333333333334,113.66666666666667,3.0,1.3333333333333333,1.5283208335737186,0.5283208335737187
9254651,1501582,10,143,3,1.0,1.584962500721156,0.0,6.3,30.3,3.8,0.9521640636343319,1.3186138415543782,0.5754887502163468
