member,group_id,m1,m2,m3,m4,m5,m6,m7,m8,m9,m10,m11,m12
2721153,150828,5,11,12,2.4193819456463714,3.584962500721156,3.0,5.4,51.2,13.6,1.152147710866421,1.9179806032718443,1.3344850683942993
3057669,150828,4,2,1,0.0,0.0,0.0,5.75,63.75,16.5,1.4401846385830264,2.1474757540898053,1.668106335492874
1850986,150828,6,173,11,2.5216406363433186,3.0271691184406193,2.584962500721156,5.0,16.0,11.666666666666666,0.9430799772725263,1.6912827331066262,1.1812438068750566
3614730,150828,4,1,2,0.0,1.0,0.0,5.75,63.75,6.25,1.2352556454974226,1.653032904790444,1.396240625180289
2859891,150828,5,11,53,3.2390979179887864,5.562733897918601,4.08746284125034,5.4,51.4,5.2,0.988204516397938,1.3224263238323553,1.1169925001442311
2116533,150828,6,34,1,0.0,0.0,0.0,5.0,39.166666666666664,13.333333333333334,1.3633534166630794,2.1958109195133964,1.6120708903285828
1954360,150828,6,37,1,0.0,0.0,0.0,5.0,38.666666666666664,13.333333333333334,1.3633534166630794,2.1958109195133964,1.6120708903285828
