member,group_id,m1,m2,m3,m4,m5,m6,m7,m8,m9,m10,m11,m12
186334138,15274602,5,8,35,1.3709505944546687,4.9362862311688644,2.321928094887362,5.8,37.6,5.2,1.3498920559843237,1.5759565080807516,1.4784634845557523
83179232,15274602,2,12,6,2.321928094887362,2.584962500721156,2.321928094887362,7.5,77.0,9.5,2.624730139960809,2.778927222758198,2.696158711389381
182055172,15274602,3,6,5,1.5,2.321928094887362,2.0,6.666666666666667,54.0,18.0,2.2068036247920957,3.49804689222842,2.5714151725553744
36952682,15274602,6,25,1,0.0,0.0,0.0,5.166666666666667,30.5,10.666666666666666,1.4231177847384628,2.4440109463545956,1.7165346697312132
71190962,15274602,8,97,5,1.584962500721156,2.321928094887362,1.584962500721156,4.25,16.125,8.875,1.3469590378246228,2.156128522356091,1.6295217015691856
13659672,15274602,4,14,6,0.9182958340544896,2.584962500721156,1.584962500721156,6.5,45.5,5.25,1.3123650699804046,1.389463611379099,1.3480793556946904
89967962,15274602,7,57,14,3.6644977792004623,3.2359263506290334,3.8073549220576055,4.714285714285714,23.571428571428573,8.428571428571429,1.0994481463025252,2.1071524889122712,1.4019687416024336
148286012,15274602,2,4,3,1.0,1.584962500721156,1.0,7.0,61.0,3.0,0.792481250360578,1.160964047443681,0.792481250360578
187281918,15274602,5,3,1,0.0,0.0,0.0,6.0,40.2,12.2,1.5077413416861554,2.6158206354812834,1.8598416036774559
