member,group_id,m1,m2,m3,m4,m5,m6,m7,m8,m9,m10,m11,m12
45890022,1534629,4,1,8,2.4056390622295662,3.0,3.0,5.0,92.5,7.0,1.0804820237218404,1.8477942093616946,1.0804820237218404
10838951,1534629,4,81,12,2.0,2.617492461184755,2.0,5.0,72.5,6.0,1.181891789279232,1.943421094065506,1.3304820237218404
15782761,1534629,1,3,1,0.0,0.0,0.0,5.0,202.0,19.0,2.617492461184755,4.142664355548851,3.584962500721156
14424330,1534629,4,13,54,0.0,5.481648844715997,1.0,5.25,54.0,7.25,0.8839470738098112,1.7856660888872127,1.292481250360578
4325516,1534629,5,202,19,2.617492461184755,4.142664355548851,3.584962500721156,4.2,6.0,13.0,0.18365916681089792,1.6963297689431993,0.5169925001442313
12861166,1534629,4,7,3,0.0,1.584962500721156,0.0,5.0,91.0,8.25,1.681891789279232,2.2015535841814056,1.8304820237218404
3918990,1534629,4,276,12,2.321928094887362,3.188721875540867,2.321928094887362,5.0,23.75,6.0,1.1014097655573916,1.8006137404764777,1.25
12542574,1534629,4,7,8,0.9182958340544896,3.0,1.584962500721156,5.25,55.5,18.75,0.6543731152961888,2.406078300066212,1.146240625180289
54008882,1534629,4,1,1,0.0,0.0,0.0,5.25,57.0,20.5,0.8839470738098112,3.156078300066212,1.542481250360578
48011732,1534629,8,6,1,0.0,0.0,0.0,4.125,73.5,14.625,1.2829194315445216,2.8769362547139536,1.6864816370412092
