member,group_id,m1,m2,m3,m4,m5,m6,m7,m8,m9,m10,m11,m12
19341701,1534629,6,3,12,2.584962500721156,3.4182958340544896,2.584962500721156,4.666666666666667,96.33333333333333,9.166666666666666,1.3096193983544344,2.4223068654992717,1.5819755160549456
10838951,1534629,5,81,12,2.0,2.617492461184755,2.0,5.0,98.6,9.6,1.821869111502886,2.5499364130288416,2.015363119410166
15049321,1534629,2,7,4,1.584962500721156,2.0,1.584962500721156,6.0,178.5,12.0,2.160964047443681,2.903107168362811,2.160964047443681
6613002,1534629,2,37,47,2.287783719941071,5.136472161158421,3.7004397181410926,4.0,103.5,10.5,1.8087462305923776,2.5713321777744254,2.292481250360578
4325516,1534629,6,202,19,2.617492461184755,4.142664355548851,3.584962500721156,4.333333333333333,67.83333333333333,14.333333333333334,1.6991123859249315,2.5601637219897557,1.9345550522916017
3918990,1534629,7,276,12,2.321928094887362,3.188721875540867,2.321928094887362,4.142857142857143,44.57142857142857,8.428571428571429,1.386530470954508,2.39477359307275,1.6199785718406605
12542574,1534629,3,7,8,0.9182958340544896,3.0,1.584962500721156,5.333333333333333,95.33333333333333,9.0,1.6356301985361725,2.7306600701055044,1.6356301985361725
12861166,1534629,3,7,3,0.0,1.584962500721156,0.0,5.333333333333333,95.33333333333333,10.666666666666666,1.9417288098876693,3.202339236531786,2.163951032109891
12004600,1534629,4,5,1,0.0,0.0,0.0,6.0,140.5,13.75,2.381095764198318,3.3417936315822407,2.6229632740824185
26493852,1534629,2,5,2,1.0,1.0,1.0,4.0,119.5,33.0,2.452638090562913,4.639568258353636,3.6427011094311244
