member,group_id,m1,m2,m3,m4,m5,m6,m7,m8,m9,m10,m11,m12
112177462,1534862,1,696,18,1.5,4.169925001442313,1.584962500721156,1.0,6.0,23.0,1.9219280948873623,4.436605434317882,2.0
86609182,1534862,1,6,23,1.9219280948873623,4.436605434317882,2.0,1.0,696.0,18.0,1.5,4.169925001442313,1.584962500721156
