member,group_id,m1,m2,m3,m4,m5,m6,m7,m8,m9,m10,m11,m12
126477282,15495032,4,35,4,1.0,2.0,1.0,2.5,10.75,12.75,1.2741077878631342,3.5672559502035224,2.0192038992627075
189516260,15495032,2,5,12,1.0,3.584962500721156,1.0,4.0,30.5,10.5,1.862740278498934,2.9849078912134055,2.084962500721156
114367012,15495032,2,11,7,1.3709505944546687,2.8073549220576046,2.321928094887362,4.0,30.5,10.5,1.862740278498934,2.9849078912134055,2.084962500721156
187634071,15495032,2,1,15,0.0,3.906890595608518,1.584962500721156,4.0,30.5,10.5,1.862740278498934,2.9849078912134055,2.084962500721156
10023128,15495032,4,26,17,2.725480556997868,3.969815782426811,3.169925001442312,2.5,13.0,9.5,0.8427376486136672,3.07480200459682,1.4767226489021295
