member,group_id,m1,m2,m3,m4,m5,m6,m7,m8,m9,m10,m11,m12
35911712,15494572,1,1,19,1.823026490712885,3.9976702764876157,3.584962500721156,11.0,56.0,5.0,1.584962500721156,1.9219280948873623,1.0
118574052,15494572,6,3,31,1.9182958340544893,4.32027745701903,2.321928094887362,6.166666666666667,21.5,10.5,1.508935637336345,2.6387863628010377,1.553654682481227
49140612,15494572,5,2,1,0.0,0.0,0.0,6.6,25.6,8.0,1.1509775004326936,2.327084365512071,0.8643856189774723
6059339,15494572,1,1,3,0.9182958340544896,1.584962500721156,1.0,11.0,56.0,5.0,1.584962500721156,1.9219280948873623,1.0
12777293,15494572,4,1,32,2.380430487800112,4.385891110799899,4.0,7.0,15.75,12.75,1.7516291673878226,2.8113659716705097,1.660964047443681
154746192,15494572,11,56,5,1.584962500721156,1.9219280948873623,1.0,4.2727272727272725,7.454545454545454,11.636363636363637,1.102569952919889,2.5079325071292584,1.3844380627723527
24961012,15494572,7,67,7,1.584962500721156,2.5216406363433186,1.0,5.857142857142857,9.571428571428571,9.857142857142858,0.8697458336424002,2.204865521176581,0.8062651699678177
168595862,15494572,4,1,1,0.0,0.0,0.0,6.75,31.5,7.0,0.792481250360578,2.0542814983764663,0.5
41824922,15494572,4,1,4,0.0,2.0,0.0,7.75,32.25,13.75,1.9182958340544893,3.0455355055760496,1.660964047443681
143071322,15494572,4,1,3,0.9182958340544896,1.584962500721156,1.0,7.0,15.75,20.0,2.1171628308242285,3.5115981241901952,2.410964047443681
95516092,15494572,7,3,12,2.584962500721156,3.418295834054489,2.321928094887362,5.857142857142857,18.714285714285715,11.857142857142858,1.1981353081930575,2.3906713999672524,1.3317040135553373
69237662,15494572,4,1,15,0.0,3.7735572622751845,0.0,6.75,31.5,3.5,0.792481250360578,1.11089218280767,0.5
