member,group_id,m1,m2,m3,m4,m5,m6,m7,m8,m9,m10,m11,m12
126477282,15495032,8,35,4,1.0,1.5,0.0,4.25,8.375,13.5,1.512469729773613,3.004193823067116,1.7516867165841241
114367012,15495032,3,11,7,1.3709505944546687,2.5216406363433186,2.0,6.333333333333333,20.666666666666668,18.0,1.8007391956833334,3.410315191521177,2.107309364962454
189516260,15495032,5,5,12,1.0,3.418295834054489,0.0,5.6,14.8,11.6,1.8104140427364204,2.734086423198557,1.7383131275571262
183078441,15495032,4,6,2,1.0,1.0,0.0,6.5,17.5,11.5,1.7202799048068584,2.9527786283070405,1.3804101590858298
2882666,15495032,3,1,33,1.6767370300521327,4.923181998146335,3.321928094887362,6.333333333333333,24.0,9.333333333333334,1.6988103838175121,2.6098014042535045,1.6666666666666667
157990192,15495032,3,11,2,0.0,1.0,0.0,7.0,21.666666666666668,11.333333333333334,1.9603732064091446,2.797606226391224,1.8405468787811063
89260402,15495032,3,3,22,2.1709505944546685,4.277613436819114,3.169925001442312,7.0,22.0,11.0,1.5751601856659558,2.908686470157228,1.0
168470452,15495032,5,4,13,2.1556390622295662,3.085055102756477,2.5216406363433186,5.6,16.6,7.4,1.1450961113995735,2.145211882094337,0.6
10023128,15495032,8,26,17,2.725480556997868,3.8077635764171953,3.0,4.25,9.5,11.875,1.2967846601488795,2.715723376014967,1.3766867165841241
