member,group_id,m1,m2,m3,m4,m5,m6,m7,m8,m9,m10,m11,m12
1814728,15694182,1,18,1,0.0,0.0,0,1.0,2.0,13.0,0.0,3.3927474104487847,0.0
121994822,15694182,1,2,13,0.0,3.3927474104487847,0,1.0,18.0,1.0,0.0,0.0,0.0
