member,group_id,m1,m2,m3,m4,m5,m6,m7,m8,m9,m10,m11,m12
118044032,15872762,7,10,1,0.0,0.0,0.0,7.857142857142857,6.428571428571429,5.571428571428571,0.9258680017020867,1.7518687759546065,1.0702647280470963
192075042,15872762,10,3,1,0.0,0.0,0.0,7.4,9.1,7.9,0.9128945804482719,2.052880168812549,1.107681559705083
80597602,15872762,8,5,1,0.0,0.0,0.0,7.875,10.25,8.375,0.4661967448142028,1.7140100502602236,0.521240625180289
185696356,15872762,5,10,1,0.0,0.0,0.0,10.2,14.2,9.0,0.7459147917027245,1.8531440512886497,0.8339850002884625
98707522,15872762,5,1,3,0.0,0.9182958340544896,0.0,8.4,8.8,6.0,0.5836591668108979,1.6226053624610413,0.5169925001442313
193483076,15872762,5,1,17,0.0,3.5280643115840498,0.0,8.4,8.8,3.2,0.5836591668108979,1.1006516669551292,0.5169925001442313
136096552,15872762,7,6,3,0.0,0.9182958340544896,0.0,7.857142857142857,7.0,5.285714285714286,0.9258680017020867,1.620683656803965,1.0702647280470963
10344235,15872762,10,8,4,0.9182958340544896,2.0,1.0,7.4,8.3,6.8,0.37295739585136223,1.3297042902802942,0.4169925001442312
186133451,15872762,3,4,1,0.0,0.0,0.0,8.666666666666666,21.0,13.666666666666666,0.9370927081530444,2.755240085481083,1.0566416671474375
3600590,15872762,5,1,15,1.4591479170272448,3.589898095464287,2.321928094887362,7.8,4.8,2.0,0.3,0.5836591668108979,0.3169925001442312
92099022,15872762,5,4,2,0.0,0.0,0.0,8.4,8.2,6.2,0.5836591668108979,1.8062645292719393,0.5169925001442313
26871632,15872762,5,3,4,1.5,2.0,1.584962500721156,7.8,4.4,4.2,0.29182958340544896,0.9016387859037553,0.46438561897747244
192257139,15872762,10,2,1,0.0,0.0,0.0,8.0,10.2,6.9,0.6688721875540867,1.5773914185962026,0.807681559705083
187475284,15872762,3,7,2,0.0,1.0,0.0,8.666666666666666,20.0,13.333333333333334,0.9370927081530444,2.4219067521477493,1.0566416671474375
8035731,15872762,3,1,3,0.9182958340544896,1.584962500721156,1.0,9.666666666666666,13.666666666666666,12.666666666666666,0.5765246528378741,2.226919251907364,0.861654166907052
9787926,15872762,9,30,33,0.8112781244591328,4.680757755722092,1.584962500721156,7.333333333333333,7.333333333333333,2.2222222222222223,0.4262879631232199,0.7966583334935903,0.39832916674679514
86332822,15872762,14,26,6,2.0,2.584962500721156,1.584962500721156,6.5,6.785714285714286,5.642857142857143,0.23225014667149887,1.1582384812041024,0.3274973214800826
67575412,15872762,4,4,9,1.5219280948873621,3.169925001442312,2.0,9.5,11.25,2.75,0.5,0.8758145836939114,0.396240625180289
