member,group_id,m1,m2,m3,m4,m5,m6,m7,m8,m9,m10,m11,m12
1697442,1590333,9,84,2,1.0,1.0,1.0,6.333333333333333,34.44444444444444,17.555555555555557,2.1821514647665214,3.5061185080908754,2.987910865111378
182384162,1590333,7,1,7,1.5,2.8073549220576046,2.0,7.571428571428571,43.714285714285715,15.571428571428571,1.9806709928539985,3.380600571118941,2.8448454089289266
12202759,1590333,7,43,10,2.5216406363433186,3.321928094887362,2.8073549220576046,7.571428571428571,37.714285714285715,15.142857142857142,1.8347223305192386,3.3070901178575474,2.729508991492126
182551530,1590333,7,1,14,1.3787834934861758,3.8073549220576055,2.8073549220576046,7.571428571428571,43.714285714285715,14.571428571428571,1.9979876366416875,3.237743428261798,2.729508991492126
12867179,1590333,9,112,6,2.0,2.584962500721156,2.0,6.333333333333333,31.333333333333332,17.11111111111111,2.0710403536554103,3.330011563566303,2.8767997540002668
9273451,1590333,3,76,3,1.584962500721156,1.584962500721156,1.584962500721156,7.0,69.0,16.333333333333332,2.229901244066516,2.694502550975896,2.46410580759292
183199855,1590333,7,4,29,3.0414460711655216,4.625053839880556,4.321928094887363,7.571428571428571,43.285714285714285,12.428571428571429,1.760464411258924,3.1209292971442335,2.5131413953735895
6046031,1590333,3,11,41,3.689703732199547,4.498545152206532,4.39231742277876,7.0,90.66666666666667,3.6666666666666665,1.5283208335737186,1.723308333814104,1.5283208335737186
3430929,1590333,7,61,37,3.2728043273346197,5.047291203466791,4.39231742277876,7.571428571428571,35.142857142857146,11.285714285714286,1.7274132318061959,3.0606096737747714,2.5030857771033896
187849048,1590333,7,1,11,0.6500224216483541,3.277613436819116,2.584962500721156,7.571428571428571,43.714285714285715,15.0,2.102096361189948,3.313420783295868,2.7612793373973332
