member,group_id,m1,m2,m3,m4,m5,m6,m7,m8,m9,m10,m11,m12
132967872,15972402,7,79,3,1.584962500721156,1.584962500721156,1.584962500721156,3.2857142857142856,11.428571428571429,18.0,1.1788809703973062,1.8647652537140338,1.5717573833239271
159154342,15972402,7,53,2,1.0,1.0,1.0,3.2857142857142856,15.142857142857142,18.142857142857142,1.2624470419288998,1.9483313252456278,1.6553234548555211
184803242,15972402,3,3,2,0.0,1.0,0.0,5.666666666666667,44.666666666666664,2.0,0.861654166907052,0.861654166907052,0.861654166907052
126672522,15972402,2,3,12,2.9477027792200903,3.584962500721156,3.169925001442312,7.0,66.0,2.5,1.292481250360578,1.292481250360578,1.292481250360578
56967472,15972402,3,8,106,3.304464013561053,6.468394275277082,5.8323766818251785,5.666666666666667,47.0,2.0,0.861654166907052,0.861654166907052,0.861654166907052
159914832,15972402,3,9,1,0.0,0.0,0.0,5.666666666666667,46.666666666666664,37.0,1.963142171427403,3.017785591999413,2.805779727515445
184686105,15972402,3,2,1,0.0,0.0,0.0,5.666666666666667,45.0,2.3333333333333335,0.861654166907052,1.1949875002403854,0.861654166907052
162723262,15972402,2,2,2,1.0,1.0,1.0,7.0,66.0,2.5,1.292481250360578,1.292481250360578,1.292481250360578
