member,group_id,m1,m2,m3,m4,m5,m6,m7,m8,m9,m10,m11,m12
1416320,1602563,1,2,18,2.5220552088742005,4.169925001442313,3.584962500721156,6.0,61.0,18.0,2.845350936622437,4.058813890331201,3.459431618637298
7526273,1602563,1,7,50,3.2780262306743597,5.523856189774728,5.072140159802107,6.0,61.0,18.0,2.845350936622437,4.058813890331201,3.459431618637298
11495458,1602563,2,41,5,1.5,2.321928094887362,2.0,4.0,34.0,9.5,1.4226754683112186,2.0294069451656007,1.729715809318649
10529485,1602563,6,61,18,2.845350936622437,4.058813890331201,3.459431618637298,1.3333333333333333,10.0,13.833333333333334,1.5919517678227306,2.460951547684067,2.207010860207403
3200591,1602563,1,1,8,2.2516291673878226,2.75,2.584962500721156,6.0,61.0,18.0,2.845350936622437,4.058813890331201,3.459431618637298
10452209,1602563,1,2,1,0.0,0.0,0.0,6.0,61.0,18.0,2.845350936622437,4.058813890331201,3.459431618637298
9594549,1602563,2,7,1,0.0,0.0,0.0,4.0,51.0,11.5,2.1726754683112186,3.1903709926092816,2.729715809318649
