member,group_id,m1,m2,m3,m4,m5,m6,m7,m8,m9,m10,m11,m12
11549440,1606325,13,1224,8,2.321928094887362,2.5,2.321928094887362,6.384615384615385,42.38461538461539,4.230769230769231,0.604016692420191,1.1175793255347566,0.6923076923076923
10575905,1606325,5,22,4,2.0,2.0,2.0,8.4,320.4,9.4,1.234829019269969,2.288713746246136,1.4643856189774724
11064551,1606325,5,21,2,1.0,1.0,1.0,8.4,268.4,7.8,1.034829019269969,1.4043281272686634,1.2643856189774723
11635879,1606325,6,94,1,0.0,0.0,0.0,8.5,218.5,3.3333333333333335,0.5536546824812271,1.1678150992680865,0.5536546824812271
7336265,1606325,5,222,4,1.0,1.5,1.0,8.4,280.4,9.4,1.4348290192699689,2.388713746246136,1.6643856189774724
13454090,1606325,6,4,2,0.0,1.0,0.0,8.5,233.5,3.1666666666666665,0.5536546824812271,1.0011484326014197,0.5536546824812271
13298347,1606325,5,2,1,0.0,0.0,0.0,8.4,272.2,8.0,1.234829019269969,1.6043281272686634,1.4643856189774724
9088043,1606325,6,1,3,1.0,1.584962500721156,1.0,8.5,234.0,3.0,0.3869880158145604,0.903654682481227,0.3869880158145604
2487213,1606325,9,88,28,2.8522170014624826,4.521640636343317,4.0,7.0,176.33333333333334,3.111111111111111,0.7024364549874846,1.1024364549874848,0.7024364549874846
12999726,1606325,10,14,1,0.0,0.0,0.0,7.1,151.6,5.2,0.7174145096349844,1.2528531231951834,0.8321928094887362
14338158,1606325,5,14,1,0.0,0.0,0.0,8.4,269.8,8.0,1.234829019269969,1.6043281272686634,1.4643856189774724
14384586,1606325,6,1,1,0.0,0.0,0.0,8.5,234.0,3.3333333333333335,0.5536546824812271,1.1678150992680865,0.5536546824812271
7654161,1606325,5,1,2,0.0,1.0,0.0,8.4,324.6,9.8,1.634829019269969,2.488713746246136,1.8643856189774723
14208799,1606325,10,67,5,0.0,1.9219280948873623,0.0,7.1,167.1,5.4,0.9174145096349845,1.4106603137064473,1.0321928094887363
