member,group_id,m1,m2,m3,m4,m5,m6,m7,m8,m9,m10,m11,m12
101470852,1627496,4,1,4,1.0,2.0,1.0,5.25,8.75,14.0,1.7578634114808693,3.2853424878142365,2.3545739585136225
9753061,1627496,4,28,24,2.125814583693911,4.334962500721156,3.418295834054489,5.25,2.0,9.0,1.4764097655573916,2.7016018626339475,1.75
102562982,1627496,3,1,15,2.1609640474436813,3.773557262275185,3.321928094887362,9.666666666666666,23.666666666666668,28.0,2.3254891139749705,3.818738992439464,2.937927063739012
136269382,1627496,4,1,39,2.289432036254818,5.009635872652927,4.643856189774723,7.5,17.75,25.0,2.60410095308068,3.9112029347181054,3.3015246534989493
11174920,1627496,4,2,17,3.0,3.969815782426811,3.0,5.25,8.5,10.75,1.2578634114808693,2.7928885422075336,1.8545739585136223
129573352,1627496,4,2,15,2.5216406363433186,3.773557262275185,2.8073549220576046,7.5,17.5,31.0,2.546048803058555,4.220222587312541,3.760649970428229
118177132,1627496,6,2,12,1.9056390622295662,3.2516291673878226,3.0,6.833333333333333,17.0,21.5,2.1837136542698037,3.62683254341106,2.7053461708785878
95955372,1627496,5,1,9,1.061278124459133,2.94770277922009,3.0,7.4,14.2,24.2,2.101059664102999,3.6313683192137405,3.0501824831082947
13194286,1627496,11,38,58,3.602910079649727,5.521605564018485,4.906890595608519,5.363636363636363,4.0,14.545454545454545,1.6145125437863888,3.179661897871144,2.609283957033982
72343182,1627496,5,1,7,2.2516291673878226,2.8073549220576046,2.584962500721156,7.4,14.2,24.6,1.8629894555172613,3.6594378906462373,3.1331899829640633
112743442,1627496,7,3,3,0.0,1.584962500721156,0.0,6.142857142857143,14.571428571428571,21.857142857142858,2.4526978621845816,3.885888455629744,3.2220007314512698
128497362,1627496,5,1,2,0.0,1.0,0.0,7.4,14.2,25.6,2.3133152889948256,4.020908875057758,3.6501824831082947
137676762,1627496,4,1,4,0.9182958340544896,2.0,1.584962500721156,7.5,17.75,33.75,2.946885003630762,4.663611902881337,4.066248075762341
38372252,1627496,11,30,23,3.373557262275185,4.349648912578752,3.906890595608518,5.363636363636363,4.7272727272727275,17.727272727272727,1.6353627999113471,3.2862034116383922,2.7001930479430736
119189052,1627496,5,1,31,1.2772018112022605,4.47823219741386,3.8521687236032816,7.4,14.2,19.8,2.0578749267543737,3.3252624355749867,2.8797487383876383
