member,group_id,m1,m2,m3,m4,m5,m6,m7,m8,m9,m10,m11,m12
21290311,1665147,1,2,1,0.0,0.0,0.0,4.0,14.0,110.0,3.4735190521214,6.617723349888303,5.794309137239126
11951719,1665147,2,1,7,1.2516291673878228,2.8073549220576046,2.321928094887362,3.0,7.5,58.0,2.4867595260607,4.6013429253047295,3.689635818980141
1356021,1665147,2,1,6,1.5,2.584962500721156,1.584962500721156,3.0,7.5,58.5,2.3625741097546116,4.712539135972953,4.058118616063244
9553241,1665147,4,14,110,3.4735190521214,6.617723349888303,5.794309137239126,1.5,1.5,5.75,1.2199286115698045,2.140560606055268,1.6229632740824185
11190909,1665147,1,2,9,2.128085278891395,3.169925001442312,2.584962500721156,4.0,14.0,110.0,3.4735190521214,6.617723349888303,5.794309137239126
