member,group_id,m1,m2,m3,m4,m5,m6,m7,m8,m9,m10,m11,m12
2608440,1667976,3,539,4,2.0,2.0,2.0,1.0,3.6666666666666665,36.333333333333336,1.6805100576764886,2.8725031895365074,2.3333333333333335
12381501,1667976,1,6,103,3.0415301730294657,6.29558147372216,5.0,3.0,539.0,4.0,2.0,2.0,2.0
14160536,1667976,1,4,5,2.0,2.321928094887362,2.0,3.0,539.0,4.0,2.0,2.0,2.0
25107902,1667976,1,1,1,0.0,0.0,0.0,3.0,539.0,4.0,2.0,2.0,2.0
