member,group_id,m1,m2,m3,m4,m5,m6,m7,m8,m9,m10,m11,m12
145354882,16756732,6,70,10,1.9182958340544893,3.321928094887362,2.584962500721156,1.6666666666666667,1.1666666666666667,16.5,1.1149356190373731,2.9277520685641534,1.8274575068541516
160259792,16756732,3,2,10,1.3709505944546687,3.321928094887362,2.321928094887362,3.3333333333333335,24.0,18.0,1.8655783416274028,2.86955265528951,2.4402962837833955
3347346,16756732,2,1,43,3.6784391908277185,5.286729870981167,4.735926350629031,4.5,36.0,10.0,1.6446232142545791,3.321928094887362,2.453445297804259
180344632,16756732,1,1,35,0.7219280948873623,4.957854445516393,2.321928094887362,6.0,70.0,10.0,1.9182958340544893,3.321928094887362,2.584962500721156
69593912,16756732,1,1,2,0.0,1.0,0.0,6.0,70.0,10.0,1.9182958340544893,3.321928094887362,2.584962500721156
183132602,16756732,2,1,1,0.0,0.0,0.0,4.5,36.0,10.0,1.6446232142545791,3.321928094887362,2.453445297804259
182765278,16756732,1,1,8,0.9182958340544896,3.0,1.584962500721156,6.0,70.0,10.0,1.9182958340544893,3.321928094887362,2.584962500721156
