member,group_id,m1,m2,m3,m4,m5,m6,m7,m8,m9,m10,m11,m12
5063654,1681205,9,2,12,1.9219280948873623,3.584962500721156,2.0,9.444444444444445,14.444444444444445,13.11111111111111,0.8600145732289545,1.9521050672574856,1.318929413287045
9854090,1681205,9,2,53,2.6100635408770727,4.8784949827018025,4.169925001442313,9.444444444444445,14.444444444444445,8.555555555555555,0.7835550792300976,1.8083792359263025,1.07782663534901
27633322,1681205,2,5,20,0.8112781244591328,4.1219280948873624,1.584962500721156,10.5,51.0,3.0,0.0,1.5,0.0
8397389,1681205,9,5,2,0.0,1.0,0.0,9.444444444444445,14.11111111111111,14.222222222222221,1.0735621393275503,2.2393231228931696,1.5411516355092671
955822,1681205,9,2,44,2.488463450314924,5.368522527728205,4.700439718141092,9.444444444444445,14.444444444444445,9.555555555555555,0.7970662004036697,1.7539317309233688,1.0188805557158125
14264561,1681205,9,1,1,0.0,0.0,0.0,9.444444444444445,14.555555555555555,14.333333333333334,1.0735621393275503,2.3504342340042808,1.5411516355092671
26522802,1681205,10,4,2,0.0,1.0,0.0,8.6,13.3,14.8,1.0473337378407084,2.4275836200925887,1.545532722030456
13225620,1681205,2,2,14,1.5,3.4677201004745006,2.8073549220576046,10.5,53.5,2.5,0.0,1.0,0.0
26654772,1681205,9,1,1,0.0,0.0,0.0,9.444444444444445,14.555555555555555,14.333333333333334,1.0735621393275503,2.3504342340042808,1.5411516355092671
12613913,1681205,11,98,4,0.0,2.0,0.0,7.909090909090909,3.727272727272727,14.545454545454545,1.0884852162188259,2.431232391036399,1.6602438311238332
12816186,1681205,9,8,10,2.6416041678685933,3.321928094887362,3.0,9.444444444444445,13.777777777777779,13.333333333333334,0.7800505651199288,1.9813311123501292,1.2078183021759339
20909311,1681205,10,9,1,0.0,0.0,0.0,8.6,12.5,14.3,1.1162059253947951,2.462162820651302,1.667771964164101
