member,group_id,m1,m2,m3,m4,m5,m6,m7,m8,m9,m10,m11,m12
193510018,1683370,6,1,61,0.0,5.422220124306263,1.0,6.0,8.166666666666666,28.833333333333332,0.8457403537674724,3.7567422179464764,2.002248955445499
190518630,1683370,6,1,38,0.0,5.0900327766014835,2.321928094887362,6.0,8.166666666666666,32.666666666666664,0.8457403537674724,3.8121067758972735,1.7819276062976055
136269482,1683370,6,4,13,1.3787834934861756,3.7004397181410926,2.584962500721156,6.0,7.666666666666667,36.833333333333336,0.6159431048531098,4.0437056189740055,1.7380885386586395
186940811,1683370,6,1,22,0.0,4.1523912776298655,0.0,6.0,8.166666666666666,35.333333333333336,0.8457403537674724,3.9683803590592106,2.168915622112166
196068173,1683370,6,2,74,0.9182958340544896,5.7397927237078274,3.52164063634332,6.0,8.0,26.666666666666668,0.6926910480917242,3.7038134513795495,1.5819755160549456
185639152,1683370,6,9,25,2.7773627950641693,3.8577968115985937,3.584962500721156,6.0,6.833333333333333,34.833333333333336,0.3828465545901108,4.017479436731089,1.5714218719919728
65386392,1683370,6,32,1,0.0,0.0,0.0,6.0,3.0,38.833333333333336,0.8457403537674724,4.660445571997521,2.168915622112166
