member,group_id,m1,m2,m3,m4,m5,m6,m7,m8,m9,m10,m11,m12
158918072,16833152,3,159,1,0.0,0.0,0.0,1.6666666666666667,21.0,14.0,2.391074411859714,3.5972863181617463,3.0256051990169435
192927713,16833152,2,16,11,2.0588138903312014,3.2776134368191165,3.169925001442312,2.5,99.5,11.0,1.660964047443681,2.19615871138938,1.660964047443681
193975988,16833152,1,7,10,1.7924812503605778,3.121928094887362,2.584962500721156,3.0,159.0,1.0,0.0,0.0,0.0
144002702,16833152,2,40,21,3.321928094887362,4.39231742277876,3.321928094887362,2.5,87.5,6.0,1.0294069451656007,1.6388067184095583,1.584962500721156
