member,group_id,m1,m2,m3,m4,m5,m6,m7,m8,m9,m10,m11,m12
188084859,16833152,5,12,5,2.0,2.321928094887362,1.584962500721156,5.4,42.0,55.2,1.0957853863952813,2.823127370304386,1.7296018084951812
187618599,16833152,6,46,2,1.0,1.0,0.0,4.666666666666667,30.0,49.666666666666664,1.5697926582404682,3.28091540997548,2.3721619238661766
6558633,16833152,2,4,19,2.9398290174664026,4.247927513443588,4.0,6.0,102.5,1.5,0.5,0.5,0.0
7698252,16833152,5,2,252,3.507976337521738,7.090450421858924,6.648009042475905,5.4,44.0,5.8,0.7941901188909337,1.8694229049100737,0.7169925001442312
158918072,16833152,6,159,1,0.0,0.0,0.0,4.666666666666667,11.166666666666666,49.833333333333336,1.736459324907135,3.447582076642147,2.3721619238661766
190246715,16833152,5,2,15,0.9709505944546686,3.7735572622751845,2.0,5.4,44.0,53.2,1.3015952675043476,2.5328015368268217,1.646594308639412
183162558,16833152,5,1,6,0.0,2.2516291673878226,0.0,5.4,44.2,55.0,1.4957853863952812,2.8371871558042945,2.046594308639412
