member,group_id,m1,m2,m3,m4,m5,m6,m7,m8,m9,m10,m11,m12
192927713,16833152,2,16,11,2.0588138903312014,3.277613436819116,3.0,8.5,99.5,11.0,1.660964047443681,2.1485396637703325,1.584962500721156
191662182,16833152,3,14,6,2.2516291673878226,2.584962500721156,2.321928094887362,6.0,56.333333333333336,9.0,0.0,1.3612853965915743,0.5283208335737187
184314284,16833152,5,9,1,0.0,0.0,0.0,5.6,43.4,12.2,1.3147114524550367,2.674307416053222,1.415363119410166
10904077,16833152,4,14,17,3.0957952550009344,3.8077635764171953,3.321928094887362,6.5,51.25,11.25,1.3676907372920697,2.619068913011354,1.438721875540867
144002702,16833152,7,40,21,3.321928094887362,4.297079327540665,3.169925001442312,4.714285714285714,29.428571428571427,7.714285714285714,1.0433491428018649,1.8949390482487232,1.2724129422297883
53886222,16833152,5,3,8,1.0,2.4056390622295662,0.0,6.0,45.0,11.0,1.5133116408338427,2.375680033246609,1.815363119410166
194406286,16833152,2,1,11,1.8423709931771088,3.459431618637298,2.584962500721156,6.5,80.5,1.0,0.0,0.0,0.0
195766390,16833152,3,2,1,0.0,0.0,0.0,6.333333333333333,66.66666666666667,11.0,1.7214330293548237,2.5855036487259877,1.9182958340544893
158918072,16833152,10,159,1,0.0,0.0,0.0,3.8,10.3,11.6,1.4719372255065346,2.7689902974414906,1.8568668693380501
10189787,16833152,3,1,25,0.0,4.083856189774723,1.584962500721156,6.0,60.666666666666664,2.6666666666666665,0.7505430557959408,0.861654166907052,0.7739760316291208
196150271,16833152,4,3,15,1.1488348542809168,3.773557262275185,2.584962500721156,6.5,54.0,11.75,1.8544308374720742,2.627620491546857,1.6229632740824185
