member,group_id,m1,m2,m3,m4,m5,m6,m7,m8,m9,m10,m11,m12
192927713,16833152,5,16,11,2.0588138903312014,3.459431618637298,3.169925001442312,7.2,52.6,9.8,1.9026772559483174,2.4450414873887008,2.1988706873717714
64703972,16833152,2,1,4,0.0,2.0,1.584962500721156,8.0,99.5,11.0,1.660964047443681,2.19615871138938,1.660964047443681
191662182,16833152,7,14,6,2.2516291673878226,2.584962500721156,2.584962500721156,6.142857142857143,39.42857142857143,9.0,1.5489284425103327,2.2999537935513783,1.9858920046381965
187618599,16833152,7,46,2,1.0,1.0,1.0,6.142857142857143,34.857142857142854,9.571428571428571,1.7277326092800216,2.526377007940115,2.2123152190269333
192341862,16833152,5,2,8,1.5219280948873621,3.0,2.321928094887362,7.2,52.6,9.8,1.9026772559483174,2.4450414873887008,2.198870687371772
6558633,16833152,6,4,19,2.9398290174664026,4.247927513443588,4.08746284125034,6.666666666666667,46.166666666666664,8.166666666666666,1.6923832079156247,2.4061185903562023,2.0664572819896985
184314284,16833152,4,9,1,0.0,0.0,0.0,7.5,64.75,7.5,1.643389315568796,1.994319980874979,1.7267226489021295
144002702,16833152,8,40,21,3.321928094887362,4.39231742277876,3.321928094887362,5.5,31.375,6.5,1.2215250212590987,2.0365402041002554,1.8436551173777909
158918072,16833152,8,159,1,0.0,0.0,0.0,5.5,16.5,9.0,1.636766033120019,2.5855798819476004,2.2588961292387113
