member,group_id,m1,m2,m3,m4,m5,m6,m7,m8,m9,m10,m11,m12
187618599,16833152,2,46,2,1.0,1.0,0.0,4.0,80.5,1.5,0.5,0.5,0.0
187090413,16833152,1,1,4,0.9182958340544896,2.0,1.0,6.0,159.0,1.0,0.0,0.0,0.0
187215540,16833152,1,1,5,0.8112781244591328,1.9219280948873623,1.584962500721156,6.0,159.0,1.0,0.0,0.0,0.0
186712469,16833152,1,2,17,1.0,3.969815782426811,1.584962500721156,6.0,159.0,1.0,0.0,0.0,0.0
158918072,16833152,6,159,1,0.0,0.0,0.0,1.3333333333333333,10.666666666666666,5.833333333333333,1.1215956597522705,2.0356119953669225,0.9591479170272447
102388922,16833152,2,2,2,1.0,1.0,0.0,4.0,102.5,1.5,0.5,0.5,0.0
188084859,16833152,1,12,5,2.0,2.321928094887362,1.584962500721156,6.0,159.0,1.0,0.0,0.0,0.0
