member,group_id,m1,m2,m3,m4,m5,m6,m7,m8,m9,m10,m11,m12
77895682,1686446,1,1,1,0.0,0.0,0.0,6.0,91.0,9.0,2.584962500721156,2.6416041678685933,2.321928094887362
34358982,1686446,5,4,3,0.9182958340544896,1.584962500721156,1.0,7.8,55.4,3.4,0.7169925001442312,0.6727064525511912,0.46438561897747244
11261159,1686446,3,32,9,1.584962500721156,2.6416041678685933,1.0,9.0,60.666666666666664,2.3333333333333335,0.3333333333333333,0.24064269829578744,0.0
61891912,1686446,1,3,2,0.0,1.0,0.0,13.0,140.0,5.0,1.0,0.7219280948873623,0.0
35023692,1686446,2,3,2,0.0,1.0,0.0,7.5,71.5,8.0,0.5,1.7270434931259664,0.0
12897489,1686446,7,11,1,0.0,0.0,0.0,6.142857142857143,43.42857142857143,4.285714285714286,0.8697458336424003,1.2271569901922437,0.6174182992696231
8142706,1686446,13,140,5,1.0,0.7219280948873623,0.0,3.5384615384615383,18.923076923076923,3.8461538461538463,0.5452477565766771,1.1852065115292707,0.45437619966219367
9046963,1686446,1,25,7,2.0,2.8073549220576046,1.584962500721156,13.0,140.0,5.0,1.0,0.7219280948873623,0.0
74352892,1686446,6,4,1,0.0,0.0,0.0,6.666666666666667,50.5,3.3333333333333335,0.750543055795941,0.8247491272461853,0.5536546824812271
79398132,1686446,2,3,11,0.0,2.7321588913645707,0.0,7.5,71.5,3.5,0.5,0.8609640474436812,0.0
62401142,1686446,3,2,2,0.0,1.0,0.0,9.0,60.666666666666664,2.3333333333333335,0.3333333333333333,0.24064269829578744,0.0
13155479,1686446,7,31,1,0.0,0.0,0.0,6.142857142857143,40.57142857142857,4.285714285714286,0.8697458336424003,1.2271569901922437,0.6174182992696231
51586392,1686446,1,11,1,0.0,0.0,0.0,13.0,140.0,5.0,1.0,0.7219280948873623,0.0
13415547,1686446,2,26,1,0.0,0.0,0.0,9.5,72.0,3.0,0.5,0.36096404744368116,0.0
13507996,1686446,6,91,9,2.584962500721156,2.6416041678685933,2.321928094887362,6.5,31.833333333333332,2.0,0.31971597234241494,0.38448176593475303,0.16666666666666666
