member,group_id,m1,m2,m3,m4,m5,m6,m7,m8,m9,m10,m11,m12
193952229,16913732,2,1,2,1.0,1.0,1.0,8.0,20.0,10.5,2.8646415084724834,3.307354922057605,3.0646415084724836
11931301,16913732,3,4,14,2.1556390622295662,3.6644977792004623,2.75,6.666666666666667,11.0,9.666666666666666,1.6929025814448007,2.7846494954508483,2.481285396591575
195478407,16913732,7,2,13,1.1567796494470395,3.546593564294939,3.1219280948873624,5.571428571428571,8.285714285714286,13.428571428571429,2.4451861787547413,3.313001631961502,2.941932647801584
9614952,16913732,5,1,22,2.9464393446710155,4.368522527728205,4.321928094887363,7.0,10.6,13.8,2.43420089876593,3.5409169362193564,3.1287057069222177
640298,16913732,5,8,28,3.784941827437642,4.735926350629031,4.39231742277876,7.0,9.2,12.6,2.2665004022126043,3.4674361716391915,3.114627841343938
192959852,16913732,7,3,7,1.5,2.8073549220576046,2.0,5.571428571428571,7.571428571428571,46.42857142857143,2.422957093317836,4.487241379414607,3.8283352348090283
69616142,16913732,6,11,7,2.8073549220576046,2.8073549220576046,2.8073549220576046,6.0,7.333333333333333,14.333333333333334,2.2183481527405102,3.3776253811278973,3.0263502845734744
193739538,16913732,3,2,2,1.0,1.0,1.0,6.666666666666667,11.666666666666666,13.666666666666666,2.078115602187989,3.672815421851002,3.064618729924908
116452822,16913732,10,29,14,2.9219280948873623,3.8073549220576055,3.321928094887362,4.4,3.4,33.6,1.9694410620567055,3.6075187435102714,3.0226418548775835
162388472,16913732,3,1,40,1.0408520829727552,5.171928094887363,3.584962500721156,6.666666666666667,11.0,74.0,2.241443942212932,4.529239706120904,3.5232852027769836
183438105,16913732,3,1,201,2.302403731751434,6.973009274247501,5.247927513443589,6.666666666666667,11.0,20.333333333333332,1.8209267259533723,3.928879313000858,2.968963531869506
