member,group_id,m1,m2,m3,m4,m5,m6,m7,m8,m9,m10,m11,m12
134838402,1697457,3,1,1,0.0,0.0,0.0,4.333333333333333,67.66666666666667,18.0,1.5449507478458955,3.195572396844956,2.130772474259587
31485512,1697457,4,29,27,1.8423709931771086,3.6982458350160328,2.8073549220576046,3.25,99.25,9.5,1.0943609377704335,2.302599862601549,1.292481250360578
135021292,1697457,3,1,3,1.0,1.584962500721156,1.0,4.333333333333333,67.66666666666667,17.333333333333332,1.2116174145125622,2.6672515632712375,1.7974391409262536
32945422,1697457,3,13,9,2.321928094887362,2.2810361125534233,2.321928094887362,4.0,61.666666666666664,8.666666666666666,0.5974937501201926,1.4345029515992263,0.861654166907052
54174192,1697457,3,1,1,0.0,0.0,0.0,4.0,65.66666666666667,11.333333333333334,1.3714697817493133,2.194848322450367,1.6356301985361725
11890931,1697457,1,222,10,1.584962500721156,3.321928094887362,1.584962500721156,4.0,29.0,27.0,1.8423709931771086,3.6982458350160328,2.8073549220576046
12962454,1697457,6,173,24,1.7924812503605778,4.303508854797679,2.584962500721156,3.1666666666666665,9.333333333333334,7.0,0.8607165146774118,1.2607074080484353,1.0215471694908278
50353402,1697457,3,11,1,0.0,0.0,0.0,4.0,62.333333333333336,11.333333333333334,1.3714697817493133,2.194848322450367,1.6356301985361725
