member,group_id,m1,m2,m3,m4,m5,m6,m7,m8,m9,m10,m11,m12
5048424,1697457,5,9,16,2.2516291673878226,3.5,2.321928094887362,6.0,116.2,13.0,1.447180806506243,2.840722823997162,1.9428491035332243
185155915,1697457,6,16,9,2.1556390622295662,3.169925001442312,2.8073549220576046,5.5,103.33333333333333,13.333333333333334,1.4719823562815784,2.755614853090583,1.8022968652028393
173038412,1697457,1,1,6,0.0,2.584962500721156,1.0,1.0,222.0,10.0,1.584962500721156,3.121928094887362,1.0
12008813,1697457,5,1,5,0.0,1.9219280948873623,1.0,6.0,117.8,15.2,1.8975066399838076,3.15633720501969,2.2072347225106967
53307052,1697457,4,46,8,1.5,2.0,1.584962500721156,6.25,145.0,15.0,1.8089760081328037,3.070421506274612,2.1785613794165304
11890931,1697457,1,222,10,1.584962500721156,3.121928094887362,1.0,1.0,1.0,6.0,0.0,2.584962500721156,1.0
2224020,1697457,6,319,25,2.287783719941071,3.9434651896016453,3.584962500721156,5.5,52.833333333333336,10.666666666666666,1.4499582466629946,2.626691488397361,1.6726956020922474
12962454,1697457,7,173,24,1.7924812503605778,4.16829583405449,2.321928094887362,4.714285714285714,66.28571428571429,9.714285714285714,1.4564359927940658,2.350516302855116,1.6141725740553254
48112632,1697457,1,21,17,1.5219280948873621,3.8077635764171953,2.0,1.0,2.0,7.0,0.9182958340544896,2.5216406363433186,1.0
32159482,1697457,1,1,3,1.0,0.9182958340544896,0.0,7.0,173.0,24.0,1.7924812503605778,4.16829583405449,2.321928094887362
71348252,1697457,1,2,7,0.9182958340544896,2.5216406363433186,1.0,1.0,21.0,17.0,1.5219280948873621,3.8077635764171953,2.0
133074302,1697457,6,72,2,1.0,1.0,0.0,5.5,94.0,14.5,1.6645888666531727,3.1172690199976354,2.27018935221244
