member,group_id,m1,m2,m3,m4,m5,m6,m7,m8,m9,m10,m11,m12
59552612,1697457,3,7,27,1.7947367178034823,4.458591205867174,4.0,6.0,188.0,17.0,1.6934216567672162,3.1076598085316434,2.428467406287416
10287013,1697457,1,34,2,1.0,1.0,1.0,1.0,26.0,14.0,1.780672129520887,3.8073549220576055,3.584962500721156
46539402,1697457,2,7,16,2.5216406363433186,3.577819531114783,2.8073549220576046,4.5,93.0,16.5,2.05720467262397,3.292272483675551,2.453445297804259
102605422,1697457,4,5,7,1.0,2.8073549220576046,1.0,5.5,141.5,27.75,1.6872759650380198,3.7824675053008616,2.86383180507614
32945422,1697457,2,13,9,2.321928094887362,2.2810361125534233,2.321928094887362,4.5,90.0,20.0,2.157060943351948,3.940664192956231,2.6961587113893803
10153491,1697457,4,2,60,1.6688388898504305,5.806890595608517,4.169925001442313,5.5,142.25,14.5,1.5200662425754121,3.032583586913134,2.071350554715562
2224020,1697457,6,319,25,2.287783719941071,4.0194705707972505,3.7004397181410926,4.0,44.0,21.5,1.5296641588169757,3.5910450966288807,2.512802599508472
3198870,1697457,1,26,14,1.780672129520887,3.8073549220576055,3.584962500721156,1.0,34.0,2.0,1.0,1.0,1.0
12962454,1697457,7,173,24,1.7924812503605778,4.303508854797679,2.584962500721156,3.7142857142857144,60.714285714285715,20.857142857142858,1.7992754369750952,3.4215947054283933,2.714235390932625
141016252,1697457,1,5,9,1.9219280948873623,3.169925001442312,2.321928094887362,6.0,319.0,25.0,2.287783719941071,4.0194705707972505,3.7004397181410926
133074302,1697457,5,72,2,1.0,1.0,1.0,4.8,101.2,28.6,1.7087681155911123,4.279163229825644,3.091065444060912
