member,group_id,m1,m2,m3,m4,m5,m6,m7,m8,m9,m10,m11,m12
91615522,1697457,3,8,2,1.0,1.0,0.0,4.666666666666667,71.33333333333333,23.666666666666668,1.9444189062824675,3.452570825132226,2.4406426982957874
10287013,1697457,1,34,2,1.0,1.0,0.0,7.0,7.0,2.0,0.0,1.0,0.0
48802312,1697457,2,163,2,1.0,1.0,0.0,5.5,20.5,23.5,2.0203877342434122,3.0947083206710944,2.5
31485512,1697457,2,29,27,1.8423709931771086,3.5245437633162986,2.584962500721156,4.5,114.5,6.0,0.792481250360578,2.0609640474436812,0.5
130776842,1697457,7,7,2,0.0,1.0,0.0,2.4285714285714284,94.71428571428571,16.0,1.7515128875350954,2.71488347622862,1.5581272279440739
14615091,1697457,4,34,45,4.0407754684868245,5.189416641342189,5.0,3.75,87.75,7.5,0.9481203125901445,1.7920739585136225,0.5804820237218405
11890931,1697457,2,222,10,1.584962500721156,3.121928094887362,1.0,4.5,18.0,14.5,0.9211854965885543,2.2622718816581493,1.292481250360578
12962454,1697457,3,173,24,1.7924812503605778,4.16829583405449,2.321928094887362,4.666666666666667,16.333333333333332,16.333333333333332,1.680258489495608,2.3964722137807297,1.6666666666666667
