member,group_id,m1,m2,m3,m4,m5,m6,m7,m8,m9,m10,m11,m12
49160672,1703379,10,11,7,2.2516291673878226,2.8073549220576046,2.321928094887362,8.6,47.9,20.6,1.4788109110903969,2.8456082078080507,1.40146486953847
8012289,1703379,4,7,10,0.7219280948873623,3.321928094887362,2.0,7.75,106.75,8.0,1.5804820237218404,2.5179820237218404,0.896240625180289
129842752,1703379,8,4,6,0.8112781244591328,2.584962500721156,1.584962500721156,9.625,58.5,25.0,1.7054372066389378,3.219568300566199,1.718951786193863
77086072,1703379,8,13,2,1.0,1.0,0.0,9.625,57.375,25.5,1.6818469721963294,3.4176886131563435,1.9170720987840075
102515272,1703379,7,15,2,1.0,1.0,0.0,7.571428571428571,67.0,22.285714285714285,1.9929126069600032,3.3628330126115316,2.1666645412613925
101013372,1703379,8,2,44,1.5,5.413977073182751,1.584962500721156,9.625,58.75,20.25,1.6193469721963294,2.8659414790085,1.7189517861938632
91931402,1703379,1,1,5,0.0,2.321928094887362,1.0,16.0,400.0,16.0,2.321928094887362,3.75,2.0
111576622,1703379,11,36,104,4.069940390836319,6.416691881561031,6.259761193221231,7.909090909090909,42.18181818181818,11.0,1.3823385670985913,2.5695491775119605,1.1510707361610897
57221582,1703379,4,2,10,1.0,3.321928094887362,0.0,7.75,108.0,8.0,1.5109640474436812,2.5179820237218404,1.396240625180289
3540728,1703379,8,2,22,1.5,4.368522527728205,1.584962500721156,9.625,58.75,23.0,1.6193469721963294,2.996623297190318,1.7189517861938632
34098002,1703379,8,3,4,1.0,2.0,0.0,9.625,58.625,25.25,1.6818469721963294,3.2926886131563435,1.9170720987840075
102190132,1703379,1,2,15,1.4488156357251847,3.6402239289418516,2.584962500721156,16.0,400.0,16.0,2.321928094887362,3.75,2.0
8470999,1703379,16,400,16,2.321928094887362,3.75,2.0,6.0,7.625,15.8125,1.3827800165403754,2.8461088154872836,1.5057165182772203
123514232,1703379,4,10,4,2.0,2.0,1.584962500721156,7.75,106.0,9.5,1.2609640474436812,2.848464047443681,1.0
93525882,1703379,2,10,12,2.2359263506290326,3.418295834054489,2.584962500721156,13.5,218.0,60.0,3.1959342428618402,5.083345940780516,4.129880596610615
34231452,1703379,4,3,5,1.584962500721156,1.9219280948873623,1.0,11.0,115.5,32.25,2.4108744132778757,3.493511700904659,2.645422322027148
153640542,1703379,8,1,1,0.0,0.0,0.0,9.625,58.875,25.625,1.8068469721963294,3.5426886131563435,1.9170720987840075
