member,group_id,m1,m2,m3,m4,m5,m6,m7,m8,m9,m10,m11,m12
9709153,1703379,1,6,7,1.9219280948873623,2.8073549220576046,2.0,14.0,400.0,16.0,2.321928094887362,3.75,2.0
6348970,1703379,1,14,295,4.06863162460996,6.91163968311218,7.143565320293303,14.0,400.0,16.0,2.321928094887362,3.75,2.0
10249034,1703379,1,4,18,2.3709505944546683,4.058813890331201,3.169925001442312,14.0,400.0,16.0,2.321928094887362,3.75,2.0
13418830,1703379,6,64,13,2.321928094887362,3.334679141051595,2.0,7.333333333333333,69.66666666666667,8.166666666666666,1.0683581550640273,2.343963531869506,0.8333333333333334
119139342,1703379,1,1,15,0.0,3.906890595608518,0.0,14.0,400.0,16.0,2.321928094887362,3.75,2.0
10593584,1703379,6,9,4,1.584962500721156,1.5,1.0,7.333333333333333,78.83333333333333,9.666666666666666,1.1911857540917283,2.6497433887114386,1.0
35054032,1703379,6,2,3,0.0,1.584962500721156,0.0,7.333333333333333,80.0,9.833333333333334,1.4553461708785875,2.635582971924579,1.1666666666666667
155785072,1703379,6,3,1,0.0,0.0,0.0,7.333333333333333,79.83333333333333,10.166666666666666,1.4553461708785875,2.8997433887114386,1.1666666666666667
111576622,1703379,2,36,104,4.069940390836319,6.416691881561031,6.259761193221231,8.0,201.0,19.0,1.910964047443681,4.059261263864102,1.792481250360578
8023733,1703379,6,2,10,0.9182958340544896,3.321928094887362,1.0,7.333333333333333,80.0,8.666666666666666,1.3022968652028393,2.3460887062302116,1.0
8307253,1703379,6,2,15,1.584962500721156,3.906890595608518,1.0,7.333333333333333,80.0,7.833333333333333,1.1911857540917283,2.248594956110019,1.0
8470999,1703379,14,400,16,2.321928094887362,3.75,2.0,3.2857142857142856,12.428571428571429,38.357142857142854,1.697031898449556,3.504445001603006,2.177153007897526
3540728,1703379,2,2,22,1.5,4.368522527728205,1.584962500721156,8.0,218.0,60.0,3.1959342428618402,5.083345940780516,4.129880596610615
12949212,1703379,1,24,10,1.9219280948873623,3.121928094887362,2.0,14.0,400.0,16.0,2.321928094887362,3.75,2.0
139310302,1703379,1,5,20,1.4949188482339508,3.821928094887362,3.321928094887362,14.0,400.0,16.0,2.321928094887362,3.75,2.0
