member,group_id,m1,m2,m3,m4,m5,m6,m7,m8,m9,m10,m11,m12
12563168,1714747,5,117,12,1.75,3.584962500721156,3.0,4.6,69.2,16.8,2.4192342388079986,3.0167522567420293,2.798870687371771
12864168,1714747,5,4,25,3.7841837197791888,4.453660689688184,4.321928094887363,4.6,91.8,14.2,2.012397494852161,2.843012618948624,2.5344850683942988
3386222,1714747,4,119,42,4.477024973539649,5.344698375159714,5.087462841250338,5.0,85.75,13.25,2.342286555125086,3.331006352317897,2.97672264890213
11639824,1714747,5,106,13,2.25,3.7004397181410926,3.0,4.6,71.4,16.6,2.3192342388079985,2.993656813258042,2.798870687371771
3915157,1714747,5,116,3,1.584962500721156,1.584962500721156,1.584962500721156,4.6,69.4,18.6,2.452241738663768,3.416752256742029,3.0818781872275403
74751772,1714747,4,1,1,0.0,0.0,0.0,5.0,85.75,13.25,2.342286555125086,3.331006352317897,2.97672264890213
