member,group_id,m1,m2,m3,m4,m5,m6,m7,m8,m9,m10,m11,m12
78221632,1717536,4,19,1,0.0,0.0,0.0,7.75,33.5,4.0,0.8804101590858296,1.6823207542362417,1.2018387305144012
19037251,1717536,4,3,13,2.584962500721156,3.7004397181410926,2.584962500721156,8.25,33.0,9.25,1.6624314788086787,2.585551471813832,1.9036774610288025
5843781,1717536,15,112,5,1.0,1.9219280948873623,1.0,4.2,8.733333333333333,6.133333333333334,1.181324087670343,1.8939914576154944,1.3665920242149097
96759462,1717536,1,2,11,1.0,3.459431618637298,1.0,15.0,112.0,5.0,1.0,1.9219280948873623,1.0
3504391,1717536,10,12,11,2.128085278891395,3.2776134368191165,2.8073549220576046,5.0,19.3,6.4,1.307013539982043,1.978739998160576,1.3884170519108436
180320072,1717536,4,5,2,0.0,1.0,0.0,8.25,32.5,12.0,2.3086721039889677,3.2606614013491053,2.5499180862090913
187441706,1717536,3,1,1,0.0,0.0,0.0,9.333333333333334,49.0,7.0,1.8166711245929192,2.5071565421979467,2.0430943389816556
57510252,1717536,4,1,2,0.0,1.0,1.0,7.75,38.0,3.75,0.8804101590858296,1.4323207542362417,0.9518387305144012
2436877,1717536,3,23,5,2.321928094887362,2.321928094887362,2.321928094887362,9.333333333333334,41.666666666666664,5.666666666666667,1.0426950929637984,1.7331805105688263,1.269118307352535
13755630,1717536,3,6,2,1.0,1.0,1.0,10.333333333333334,44.0,6.0,1.0426950929637984,2.0665138439021598,1.269118307352535
9652687,1717536,3,3,1,0.0,0.0,0.0,8.666666666666666,51.666666666666664,8.333333333333334,2.054414934737304,2.80990757836202,2.3257599744999724
14384526,1717536,6,13,7,2.5216406363433186,2.8073549220576046,2.8073549220576046,6.166666666666667,28.833333333333332,4.0,0.6069340279780989,1.2703946355047424,0.861654166907052
45707442,1717536,5,30,13,2.6416041678685933,3.7004397181410926,3.169925001442312,7.4,28.4,5.2,1.1299451830469427,1.8013792907528168,1.322941968823042
10685977,1717536,6,8,2,0.0,1.0,0.0,7.0,27.166666666666668,4.666666666666667,1.1082876525391188,1.6678160756273472,1.4357849740192015
11977787,1717536,4,3,19,3.52164063634332,4.142664355548851,3.8073549220576055,8.25,33.0,7.75,1.4282619449031377,2.4749953124618926,1.5980793556946902
188213183,1717536,3,2,2,0.0,1.0,0.0,10.0,51.333333333333336,9.666666666666666,1.923229815586663,2.966660416615857,2.3257599744999724
