member,group_id,m1,m2,m3,m4,m5,m6,m7,m8,m9,m10,m11,m12
13161506,1719862,2,195,1,0.0,0.0,0.0,2.0,5.0,12.5,1.188721875540867,2.9767425142246804,1.660964047443681
8560426,1719862,2,2,22,1.4591479170272448,4.368522527728205,2.321928094887362,2.0,101.5,2.0,0.4591479170272448,0.792481250360578,0.5
156938732,1719862,2,8,3,0.9182958340544896,1.584962500721156,1.0,2.0,98.5,11.5,0.7295739585136224,2.1842612638641024,1.160964047443681
