member,group_id,m1,m2,m3,m4,m5,m6,m7,m8,m9,m10,m11,m12
154575592,1719862,1,2,2,1.0,1.0,0.0,2.0,195.0,1.0,0.0,0.0,0.0
13161506,1719862,2,195,1,0.0,0.0,0.0,1.0,5.0,2.5,0.9591479170272448,1.292481250360578,0.5
156938732,1719862,1,8,3,0.9182958340544896,1.584962500721156,1.0,2.0,195.0,1.0,0.0,0.0,0.0
