member,group_id,m1,m2,m3,m4,m5,m6,m7,m8,m9,m10,m11,m12
12168841,1728639,2,7,9,1.7924812503605778,3.169925001442312,2.321928094887362,5.0,186.0,2.5,0.792481250360578,1.0,0.5
19008491,1728639,2,2,1,0.0,0.0,0.0,4.5,185.5,3.0,0.5,1.160964047443681,0.0
7177963,1728639,2,2,26,3.057476076289932,4.440636352673265,4.0,5.0,186.0,2.5,0.792481250360578,1.0,0.5
8896311,1728639,3,2,4,1.584962500721156,2.0,1.0,3.6666666666666665,126.33333333333333,12.0,1.6166524422168367,2.5368537847051926,2.107309364962454
6351375,1728639,2,1,5,1.0,2.321928094887362,0.0,4.5,186.0,1.0,0.0,0.0,0.0
7694039,1728639,2,1,7,1.9182958340544893,2.8073549220576046,2.321928094887362,4.5,186.0,1.0,0.0,0.0,0.0
7756859,1728639,7,370,1,0.0,0.0,0.0,2.142857142857143,2.4285714285714284,7.571428571428571,1.3361736659180221,2.1056920530086494,1.377693741396389
18796251,1728639,2,2,1,0.0,0.0,0.0,4.5,185.5,4.0,0.9591479170272447,1.4036774610288023,1.160964047443681
