member,group_id,m1,m2,m3,m4,m5,m6,m7,m8,m9,m10,m11,m12
8621507,1728934,4,1,2,0.0,1.0,0.0,7.75,17.0,2.0,0.396240625180289,0.625,0.25
547205,1728934,2,3,64,2.990759147096384,5.757659765557392,4.857980995127571,10.0,22.0,1.5,0.0,0.5,0.0
32413222,1728934,8,14,1,0.0,0.0,0.0,6.75,10.75,2.125,0.3856203125901445,0.7277410118609202,0.3231203125901445
35227112,1728934,8,12,1,0.0,0.0,0.0,6.75,9.875,13.5,0.4089896728407477,1.230991552821703,0.7403977497682918
25650712,1728934,5,1,96,1.6869548820048255,6.347932422573624,4.923181998146334,8.2,14.4,1.2,0.0,0.2,0.0
11514704,1728934,9,5,1,0.0,0.0,0.0,6.333333333333333,10.777777777777779,19.11111111111111,0.6864126699001344,1.7141689203353754,1.262902832666118
3824306,1728934,4,3,4,1.584962500721156,1.5,1.0,7.75,16.5,1.5,0.0,0.5,0.0
48882452,1728934,8,14,1,0.0,0.0,0.0,7.0,10.625,13.5,0.3983693602506032,1.2087325646826232,0.8135180623584363
49887192,1728934,5,2,1,0.0,0.0,0.0,8.2,16.4,2.0,0.3,0.6643856189774724,0.3169925001442312
8518872,1728934,11,39,2,0.0,1.0,0.0,5.7272727272727275,6.090909090909091,16.09090909090909,0.7056978663474878,1.538865480274398,1.1241932267268238
13727386,1728934,5,2,1,0.0,0.0,0.0,8.2,14.2,20.2,0.3373909764009651,1.4695864845147248,0.9846363996292669
155231,1728934,5,10,5,1.5,2.321928094887362,1.584962500721156,8.2,14.8,1.2,0.0,0.2,0.0
