member,group_id,m1,m2,m3,m4,m5,m6,m7,m8,m9,m10,m11,m12
185809256,17287502,2,1,10,0.0,3.321928094887362,0.0,5.0,32.5,12.5,1.7237043259426152,3.6144093452479398,2.745926548164837
13193641,17287502,5,51,15,0.7219280948873623,3.906890595608518,2.321928094887362,3.2,4.4,16.6,1.1111158136959562,3.6717143634582,1.9323556195543972
22097961,17287502,2,1,12,0.0,3.584962500721156,1.584962500721156,5.0,32.5,12.5,1.7237043259426152,3.6144093452479398,2.745926548164837
183645227,17287502,4,4,43,1.4591479170272446,5.379753126795121,2.584962500721156,3.75,22.75,14.5,1.288539203450291,3.5077171435539665,2.410964047443681
185716076,17287502,3,2,29,1.5612781244591327,4.789015477886192,3.0,4.333333333333333,18.0,19.666666666666668,1.8948761580083708,3.7622145741345463,2.584962500721156
114510992,17287502,3,2,8,1.3709505944546687,2.75,2.321928094887362,4.333333333333333,30.333333333333332,21.333333333333332,1.227025337304869,3.9572020743749317,2.3022968652028393
185162321,17287502,5,14,10,2.725480556997868,3.321928094887362,3.169925001442312,3.2,18.2,14.4,0.7566412438692989,3.6375518339648765,1.7813781191217035
278228,17287502,4,36,6,1.5,2.584962500721156,2.0,3.75,5.5,22.5,1.7792142982347285,4.060174174892168,2.7692038992627075
