member,group_id,m1,m2,m3,m4,m5,m6,m7,m8,m9,m10,m11,m12
14392356,1731425,13,5,1,0.0,0.0,0.0,8.692307692307692,22.384615384615383,13.846153846153847,1.5093314731956693,2.2517139652889115,1.8148569756608746
16811301,1731425,6,2,2,0.0,1.0,0.0,9.5,36.5,24.5,1.9295754936281628,2.9195656744320644,2.4915474156361075
6997094,1731425,6,13,9,1.9219280948873623,3.169925001442312,2.321928094887362,9.5,34.666666666666664,23.333333333333332,1.6092541444802688,2.557911507525012,2.104559399821547
8706247,1731425,9,8,2,1.0,1.0,1.0,10.333333333333334,14.555555555555555,6.0,1.3584291116149931,1.7780905572896728,1.4945790124258143
9430377,1731425,9,6,16,3.121928094887362,4.0,3.321928094887362,10.333333333333334,14.777777777777779,4.444444444444445,1.122659323294175,1.4447572239563398,1.236587001882774
5003370,1731425,9,8,3,1.0,1.584962500721156,1.0,10.333333333333334,14.555555555555555,5.888888888888889,1.3584291116149931,1.713094723876211,1.4945790124258143
13402281,1731425,9,10,1,0.0,0.0,0.0,10.333333333333334,14.333333333333334,6.111111111111111,1.4695402227261043,1.889201668400784,1.6056901235369254
13900428,1731425,13,47,4,2.0,2.0,2.0,8.692307692307692,19.153846153846153,13.615384615384615,1.3554853193495155,2.097867811442758,1.6610108218147206
7716109,1731425,9,15,6,1.9219280948873623,2.584962500721156,2.321928094887362,10.333333333333334,13.777777777777779,5.555555555555555,1.2559926566275084,1.6019836127651,1.3476981129938852
11836942,1731425,9,5,3,1.0,1.584962500721156,1.0,10.333333333333334,14.88888888888889,5.888888888888889,1.3584291116149931,1.7130947238762113,1.4945790124258143
8248945,1731425,13,12,19,3.182005814760214,4.247927513443588,3.8073549220576055,8.692307692307692,21.846153846153847,12.461538461538462,1.2645617951371915,1.9249503104086356,1.521983520117982
13386036,1731425,9,23,1,0.0,0.0,0.0,10.333333333333334,12.88888888888889,6.111111111111111,1.4695402227261043,1.889201668400784,1.6056901235369254
9553241,1731425,6,9,110,3.4735190521214,6.5995415317064845,5.820001476871679,9.5,35.333333333333336,6.5,1.3506556516079293,1.9863087524809835,1.5215471694908278
8479708,1731425,6,133,4,1.0,1.5,1.0,9.5,14.666666666666666,24.166666666666668,1.762908826961496,2.836232341098731,2.324880748969441
