member,group_id,m1,m2,m3,m4,m5,m6,m7,m8,m9,m10,m11,m12
135530592,1735610,10,1,9,0.0,3.169925001442312,0.0,11.1,5.3,42.1,1.6730360111884024,3.1248056454369086,2.197973893284679
149492962,1735610,5,2,48,1.6963052716018407,5.360902344426088,4.643856189774723,11.8,8.0,21.8,2.070967578333109,3.7385121162964365,2.3672347225106973
8381989,1735610,13,19,10,2.5,3.321928094887362,2.8073549220576046,9.307692307692308,3.0,44.46153846153846,1.5382004441786294,3.4982954505279293,2.313538568752703
169885222,1735610,10,1,10,0.7219280948873623,3.321928094887362,2.0,11.1,5.3,42.0,1.600843201699666,3.1096053360924034,1.997973893284679
124985352,1735610,4,1,6,0.0,2.584962500721156,0.0,10.5,8.5,104.75,2.9096430038615697,4.87898244336559,4.052670358893034
10034217,1735610,1,2,40,2.33012496531497,5.031687083026442,3.8073549220576055,1.0,122.0,12.0,2.321928094887362,2.9182958340544896,2.0
6348970,1735610,12,7,295,4.06863162460996,6.91163968311218,7.143565320293303,9.75,4.083333333333333,20.416666666666668,1.394305739842532,3.0439355770176815,1.7579945671478932
116443082,1735610,11,4,28,1.823067982273661,4.321296333684861,3.121928094887362,10.454545454545455,4.7272727272727275,40.90909090909091,1.5094179455647456,3.223417042413875,2.1365151843394683
111576622,1735610,4,1,104,4.069940390836319,6.435922650791801,6.259761193221231,10.5,8.5,80.25,1.89215790615249,3.9162424058479286,2.487730060587727
3918990,1735610,1,122,12,2.321928094887362,2.9182958340544896,2.0,1.0,2.0,40.0,2.33012496531497,5.031687083026442,3.8073549220576055
7917968,1735610,13,7,10,1.0,2.8464393446710154,0.0,9.307692307692308,3.923076923076923,44.46153846153846,1.6535850595632446,3.5348715082368787,2.5294889473725184
57958062,1735610,11,8,50,3.4468074086707277,4.743465189601648,4.906890595608519,10.454545454545455,4.363636363636363,38.90909090909091,1.3618052704377397,3.1850380555123494,1.9742458660920903
69819182,1735610,10,3,5,1.584962500721156,2.321928094887362,1.0,11.1,5.1,42.5,1.5145397611162867,3.209605336092404,2.0979738932846788
155675762,1735610,10,1,1,0.0,0.0,0.0,11.1,5.3,42.9,1.6730360111884024,3.44179814558114,2.197973893284679
11092181,1735610,11,2,11,1.584962500721156,3.459431618637298,1.0,10.454545454545455,4.909090909090909,42.45454545454545,1.5310638984331553,3.301768380145472,2.3294177384201373
157382102,1735610,10,1,1,0.0,0.0,0.0,11.1,5.3,42.9,1.6730360111884024,3.44179814558114,2.197973893284679
