member,group_id,m1,m2,m3,m4,m5,m6,m7,m8,m9,m10,m11,m12
33840672,1736095,2,5,11,0.0,3.459431618637298,0.0,4.0,124.5,1.5,0.0,0.5,0.0
33256512,1736095,2,14,34,1.5709505944546687,4.969815782426809,3.321928094887362,4.5,78.0,27.0,1.3050317704385364,2.4672267574230102,2.123963756721794
41236132,1736095,1,3,1,0.0,0.0,0.0,1.0,11.0,1.0,0.0,0.0,0.0
9854090,1736095,3,6,53,2.6100635408770727,4.9344535148460205,4.247927513443588,3.3333333333333335,59.333333333333336,14.333333333333334,0.8569835314848895,2.458484948218792,1.4406426982957872
9383789,1736095,2,99,2,0.0,1.0,0.0,4.0,77.5,6.0,0.0,1.729715809318649,0.0
13994543,1736095,2,14,8,1.0,2.4056390622295662,1.0,4.5,78.0,27.0,1.3050317704385364,2.4672267574230102,2.123963756721794
11156528,1736095,1,97,2,0.0,1.0,0.0,1.0,2.0,2.0,1.0,1.0,1.0
13404306,1736095,6,150,1,0.0,0.0,0.0,2.0,36.166666666666664,18.166666666666668,0.8635023558886236,2.794889996356616,1.4283092680551583
4053053,1736095,1,2,2,1.0,1.0,1.0,1.0,97.0,2.0,0.0,1.0,0.0
14321206,1736095,1,11,1,0.0,0.0,0.0,1.0,3.0,1.0,0.0,0.0,0.0
11710109,1736095,1,79,1,0.0,0.0,0.0,6.0,150.0,1.0,0.0,0.0,0.0
