member,group_id,m1,m2,m3,m4,m5,m6,m7,m8,m9,m10,m11,m12
57069312,1736095,4,26,9,0.9182958340544896,3.169925001442312,1.0,6.75,45.0,3.5,1.0266507842661188,1.188721875540867,0.896240625180289
13404306,1736095,3,150,1,0.0,0.0,0.0,4.666666666666667,24.333333333333332,19.333333333333332,2.145390966251681,3.2888268342679443,2.376427672314989
11710109,1736095,6,79,1,0.0,0.0,0.0,4.833333333333333,21.833333333333332,7.666666666666667,1.3830972245634978,2.4780491278872128,1.5073990198930758
14389919,1736095,2,1,9,0.9182958340544896,3.169925001442312,1.0,4.0,41.0,8.0,1.177694271103767,1.8867786311375925,1.729715809318649
96771882,1736095,8,51,3,1.584962500721156,1.584962500721156,1.0,4.375,61.625,9.625,1.036393358553962,1.8276710006209127,1.2142806897082654
11156528,1736095,2,97,2,0.0,1.0,0.0,1.0,16.0,15.5,0.32501121082417705,2.7199682351989036,1.160964047443681
119609652,1736095,9,16,9,2.5216406363433186,3.169925001442312,2.584962500721156,3.6666666666666665,51.44444444444444,3.0,0.38925092608618284,1.0290864553079986,0.39832916674679514
30725052,1736095,2,3,15,2.355388542207534,3.773557262275185,3.459431618637298,4.0,40.0,5.0,0.4591479170272448,1.584962500721156,0.5
12045116,1736095,3,14,39,2.5995812306460646,4.781518002082677,3.8073549220576055,4.666666666666667,69.66666666666667,6.666666666666667,1.2788638893696596,1.6949875002403854,1.1073093649624541
10028093,1736095,2,1,3,0.0,1.584962500721156,0.0,5.5,10.5,5.5,1.7608203181716593,2.084962500721156,1.292481250360578
85527872,1736095,1,30,3,0.0,0.9182958340544896,0.0,2.0,97.0,2.0,0.0,1.0,0.0
122762572,1736095,2,5,2,1.0,1.0,0.0,5.5,8.5,6.0,1.2608203181716593,2.377443751081734,1.292481250360578
21284941,1736095,4,34,1,0.0,0.0,0.0,6.75,43.0,5.5,1.256224742779741,1.981203125901445,1.146240625180289
38607702,1736095,1,2,28,0.6500224216483541,4.521640636343317,2.321928094887362,2.0,97.0,2.0,0.0,1.0,0.0
64498912,1736095,3,166,1,0.0,0.0,0.0,6.0,24.0,6.333333333333333,1.868867712354825,2.5207474747403578,1.723308333814104
113904872,1736095,1,5,7,1.5,2.8073549220576046,1.584962500721156,3.0,166.0,1.0,0.0,0.0,0.0
5048424,1736095,3,8,16,2.2516291673878226,3.5,2.321928094887362,4.666666666666667,71.66666666666667,14.333333333333334,1.3948479104557403,2.122160167601278,1.6024516406858684
9383789,1736095,2,99,2,0.0,0.0,0.0,5.5,9.0,7.0,1.2608203181716593,2.545926548164837,2.084962500721156
125428602,1736095,2,2,5,0.0,1.9219280948873623,1.584962500721156,5.5,57.5,5.5,1.2608203181716593,1.584962500721156,1.292481250360578
