member,group_id,m1,m2,m3,m4,m5,m6,m7,m8,m9,m10,m11,m12
57069312,1736095,3,26,9,0.9182958340544896,3.169925001442312,1.584962500721156,3.0,100.66666666666667,36.666666666666664,1.6298088380940696,2.6844522586660795,2.4724463941821115
64498912,1736095,3,166,1,0.0,0.0,0.0,3.0,54.0,39.333333333333336,1.9359074494455661,3.7410939258135163,3.00076722775583
96771882,1736095,3,51,3,1.584962500721156,1.584962500721156,1.584962500721156,3.0,92.33333333333333,38.666666666666664,1.4075866158718473,3.212773092239798,2.4724463941821115
9383789,1736095,2,99,2,0.0,1.0,0.0,2.0,23.0,10.5,0.9591479170272448,3.095990105158256,1.292481250360578
56967472,1736095,3,85,106,3.304464013561053,6.468394275277082,5.8323766818251785,3.0,81.0,4.333333333333333,0.8344194449252152,1.584962500721156,1.0566416671474375
143700852,1736095,2,44,9,1.0,3.169925001442312,1.0,2.0,50.5,7.0,0.4591479170272448,2.0110276044371,0.792481250360578
145315932,1736095,2,2,12,0.9182958340544896,3.0220552088742,1.584962500721156,2.0,71.5,5.5,0.5,2.084962500721156,0.5
