member,group_id,m1,m2,m3,m4,m5,m6,m7,m8,m9,m10,m11,m12
10402982,1736095,2,11,6,0.9182958340544896,2.584962500721156,1.0,2.5,124.5,1.5,0.0,0.0,0.0
9383789,1736095,2,99,2,0.0,0.0,0.0,2.5,80.5,3.5,0.4591479170272448,1.292481250360578,0.5
13404306,1736095,3,150,1,0.0,0.0,0.0,1.6666666666666667,39.0,3.0,0.3060986113514965,0.861654166907052,0.3333333333333333
14321206,1736095,2,11,1,0.0,0.0,0.0,2.0,2.0,4.5,0.4854752972273343,1.9036774610288023,1.0
33120922,1736095,2,1,2,0.0,1.0,0.0,2.0,7.0,4.0,0.4854752972273343,1.4036774610288023,1.0
28445722,1736095,1,7,1,0.0,0.0,0.0,3.0,150.0,1.0,0.0,0.0,0.0
4102302,1736095,2,3,7,0.9709505944546686,2.8073549220576046,2.0,2.0,6.0,1.5,0.0,0.5,0.0
