member,group_id,m1,m2,m3,m4,m5,m6,m7,m8,m9,m10,m11,m12
183027105,1759977,6,1,12,1.0,3.584962500721156,0.0,7.333333333333333,84.5,5.5,0.7412231326979256,1.6033546868652644,0.840732353226409
27718562,1759977,2,5,4,1.584962500721156,2.0,1.0,9.0,245.0,5.0,0.75,1.473851389610045,0.792481250360578
106487972,1759977,6,3,3,1.0,1.584962500721156,0.0,7.333333333333333,84.16666666666667,7.0,0.7412231326979256,1.9366880201985976,0.840732353226409
8038852,1759977,9,460,9,1.5,2.94770277922009,1.584962500721156,5.444444444444445,6.222222222222222,5.777777777777778,0.8246164139353186,1.8897097602991835,0.8288257354041443
64393992,1759977,8,6,1,0.0,0.0,0.0,6.0,63.125,7.0,0.9170731530870889,2.2443863277390927,1.0055492649198068
5632079,1759977,3,1,4,0.9182958340544896,2.0,1.0,8.666666666666666,165.33333333333334,3.6666666666666665,0.5,0.9825675930733633,0.5283208335737187
192574897,1759977,6,1,2,0.0,1.0,0.0,7.333333333333333,84.5,7.166666666666667,0.9078897993645922,2.0341817703187903,0.840732353226409
9594388,1759977,9,30,1,0.0,0.0,0.0,5.444444444444445,54.0,6.666666666666667,0.9912830806019853,2.2172322913236377,1.004932679928717
9366484,1759977,6,7,17,1.9473387961875537,4.08746284125034,3.459431618637298,7.333333333333333,83.5,4.666666666666667,0.5833333333333334,1.5196046301104005,0.26416041678685936
124057432,1759977,3,2,8,0.9709505944546686,2.75,2.0,8.666666666666666,165.33333333333334,3.6666666666666665,0.5,0.9825675930733633,0.5283208335737187
