member,group_id,m1,m2,m3,m4,m5,m6,m7,m8,m9,m10,m11,m12
180824672,17606712,10,61,3,0.0,1.584962500721156,0.0,3.6,2.8,9.0,0.7488486470809897,2.451161542599425,1.1419385281363932
188036421,17606712,1,4,2,1.0,1.0,1.0,10.0,61.0,3.0,0.0,1.584962500721156,0.0
43772682,17606712,4,1,1,0.0,0.0,0.0,6.5,19.0,5.25,0.896240625180289,2.111884609565357,0.896240625180289
193095533,17606712,4,1,11,0.0,3.2776134368191165,0.0,6.5,19.0,2.75,0.896240625180289,1.292481250360578,0.896240625180289
185882799,17606712,4,3,3,1.584962500721156,1.584962500721156,1.584962500721156,6.5,18.5,4.75,0.5,1.7156439843850682,0.5
190333427,17606712,4,4,6,0.9182958340544896,2.2516291673878226,1.584962500721156,6.5,18.5,12.75,0.9963070340085629,2.8726299313644095,1.8123650699804046
57555412,17606712,8,11,4,2.0,2.0,2.0,4.5,9.125,9.625,0.5610608088512371,2.4718312289785054,1.0524231601704912
185011189,17606712,4,1,35,1.9852281360342514,4.957854445516393,3.6644977792004623,6.5,19.25,5.5,0.7295739585136224,2.196073611832267,1.292481250360578
192600728,17606712,1,1,10,0.0,3.321928094887362,0.0,10.0,61.0,3.0,0.0,1.584962500721156,0.0
190087034,17606712,2,1,9,0.0,3.169925001442312,0.0,9.0,36.0,3.5,1.0,1.792481250360578,1.0
190347228,17606712,4,1,9,0.0,2.94770277922009,1.584962500721156,6.5,19.25,12.0,1.2258809925221854,2.6986115284063428,1.8123650699804046
