member,group_id,m1,m2,m3,m4,m5,m6,m7,m8,m9,m10,m11,m12
102030112,1769861,7,97,2,1.0,1.0,1.0,3.2857142857142856,71.71428571428571,6.0,1.0126029764995432,1.9814806742262008,1.334264286126375
131582112,1769861,2,2,1,0.0,0.0,0.0,7.0,222.5,1.5,0.5,0.5,0.5
44661802,1769861,3,94,3,1.584962500721156,1.584962500721156,1.584962500721156,6.0,166.0,5.0,1.1949875002403854,1.5283208335737186,1.1949875002403854
185295469,1769861,2,1,8,0.0,3.0,1.584962500721156,7.0,222.5,1.5,0.5,0.5,0.5
71847182,1769861,4,53,12,2.584962500721156,3.584962500721156,2.584962500721156,5.0,135.5,4.75,1.1258145836939115,1.5713505547155622,1.292481250360578
185194168,1769861,2,1,4,1.0,2.0,1.0,7.0,222.5,1.5,0.5,0.5,0.5
12138940,1769861,3,3,13,1.9182958340544896,3.7004397181410926,2.584962500721156,6.0,166.0,5.0,1.1949875002403854,1.5283208335737186,1.1949875002403854
13837087,1769861,7,348,1,0.0,0.0,0.0,3.2857142857142856,35.857142857142854,6.142857142857143,1.155460119356686,2.1243378170833433,1.4771214289835177
