member,group_id,m1,m2,m3,m4,m5,m6,m7,m8,m9,m10,m11,m12
14220035,1769861,6,2,11,1.3787834934861756,3.459431618637298,2.584962500721156,7.5,95.0,2.3333333333333335,0.861654166907052,1.1258145836939113,0.3333333333333333
4643207,1769861,4,1,4,1.0,2.0,0.0,8.0,117.5,2.25,0.646240625180289,1.042481250360578,0.25
7940648,1769861,4,3,2,1.0,1.0,0.0,8.25,117.75,4.25,0.594695873371544,1.5110985298396136,0.646240625180289
8387304,1769861,2,2,4,1.5,2.0,1.584962500721156,9.5,176.5,2.0,0.792481250360578,0.792481250360578,0.5
44661802,1769861,7,94,3,1.584962500721156,1.584962500721156,1.0,7.285714285714286,67.28571428571429,5.285714285714286,0.6478137983802857,1.64347951715423,0.9649839288804954
51569742,1769861,5,5,3,1.584962500721156,1.584962500721156,1.0,6.6,93.6,2.8,0.7,1.3169925001442313,0.3169925001442312
35091312,1769861,5,1,16,1.5709505944546687,3.875,3.169925001442312,7.6,89.8,2.2,0.6339850002884624,0.9509775004326937,0.4
56171152,1769861,5,2,1,0.0,0.0,0.0,7.6,89.6,5.2,0.9481751191793961,1.7259775004326936,1.0339850002884625
42468562,1769861,7,4,3,1.584962500721156,1.584962500721156,1.0,7.285714285714286,80.14285714285714,5.285714285714286,0.6478137983802857,1.64347951715423,0.9649839288804954
7632724,1769861,9,113,2,0.0,1.0,0.0,6.111111111111111,52.111111111111114,3.6666666666666665,1.1259634439610715,1.5982493469158976,0.6205513889690173
13837087,1769861,14,348,1,0.0,0.0,0.0,4.857142857142857,17.5,5.0,1.1233044447462595,1.8758930326441943,0.9232008931146986
41604692,1769861,4,4,3,1.0,1.584962500721156,0.0,8.0,116.75,2.5,0.646240625180289,1.146240625180289,0.25
56496952,1769861,5,1,3,0.0,1.584962500721156,0.0,7.6,89.8,4.8,0.9481751191793961,1.4089850002884625,1.0339850002884625
44818172,1769861,1,5,12,2.5216406363433186,3.418295834054489,2.584962500721156,14.0,348.0,1.0,0.0,0.0,0.0
22763231,1769861,4,8,3,1.0,1.584962500721156,0.0,8.25,116.5,4.0,0.594695873371544,1.3648579046593246,0.646240625180289
