member,group_id,m1,m2,m3,m4,m5,m6,m7,m8,m9,m10,m11,m12
96240992,1778811,7,1,2,0.0,1.0,0.0,11.857142857142858,53.0,2.7142857142857144,0.4941639881467492,1.0560453461112516,0.33170401355533746
54807172,1778811,14,25,7,1.4591479170272446,2.8073549220576046,2.321928094887362,9.428571428571429,47.0,2.9285714285714284,0.7076350425434655,1.0964773397974574,0.3274973214800826
3502053,1778811,11,64,11,2.321928094887362,3.0957952550009344,2.0,9.545454545454545,54.27272727272727,3.1818181818181817,1.0040100379771273,1.3823726012723452,0.5901684633026977
14240838,1778811,15,67,1,0.0,0.0,0.0,9.133333333333333,44.8,3.533333333333333,0.8244025675090508,1.386792924599782,0.46045937304056783
8030151,1778811,7,12,4,1.0,1.5,0.0,12.571428571428571,70.28571428571429,2.5714285714285716,0.6370211310038921,0.9967542747857024,0.33170401355533746
94322732,1778811,7,2,1,0.0,0.0,0.0,12.857142857142858,74.85714285714286,4.0,0.9687251445592295,1.4390107397858358,0.6174182992696231
13955374,1778811,9,74,1,0.0,0.0,0.0,11.222222222222221,44.22222222222222,2.6666666666666665,0.4954608796696939,1.1085866581666575,0.2579920105430402
69586322,1778811,6,19,3,1.584962500721156,1.584962500721156,1.0,12.166666666666666,54.833333333333336,4.833333333333333,1.2968460019857677,1.8455125297501418,0.984481765934753
12398611,1778811,12,139,2,1.0,1.0,0.0,10.333333333333334,42.25,3.25,0.5650896676595506,1.1310895982084044,0.3601606745739468
5010994,1778811,5,73,5,2.0,2.321928094887362,1.584962500721156,12.0,57.4,4.6,1.0643856189774723,1.7175296702661218,0.4
5970258,1778811,10,8,1,0.0,0.0,0.0,10.8,57.2,2.8,0.5459147917027245,1.1477279923499917,0.23219280948873622
65131062,1778811,16,57,3,1.0,1.584962500721156,0.0,8.75,43.75,3.4375,0.8353774070397352,1.3260582105172234,0.5307408185206046
37678612,1778811,7,1,4,0.0,2.0,0.0,11.857142857142858,53.0,2.4285714285714284,0.4941639881467492,0.9131882032541087,0.33170401355533746
3990008,1778811,5,1,5,1.0,2.321928094887362,0.0,12.0,71.8,4.6,1.2643856189774723,1.7175296702661218,0.7169925001442312
13950292,1778811,8,98,1,0.0,0.0,0.0,12.25,58.75,4.0,0.9726345014893258,1.4466343973126066,0.5402410118609202
14070582,1778811,4,18,4,2.0,2.0,1.584962500721156,11.75,41.25,6.0,1.5915096281589407,2.2682687946252127,1.3304820237218404
3943163,1778811,13,98,3,1.0,1.584962500721156,0.0,9.615384615384615,49.15384615384615,3.4615384615384617,0.8743106548181356,1.247456259098121,0.5312992765852707
