member,group_id,m1,m2,m3,m4,m5,m6,m7,m8,m9,m10,m11,m12
189109760,17790532,7,7,1,0.0,0.0,0.0,7.285714285714286,8.857142857142858,1.0,0.0,0.0,0.0
195188258,17790532,7,3,1,0.0,0.0,0.0,7.285714285714286,9.428571428571429,1.0,0.0,0.0,0.0
186150573,17790532,2,8,1,0.0,0.0,0.0,8.0,13.5,1.0,0.0,0.0,0.0
185093678,17790532,7,10,1,0.0,0.0,0.0,7.285714285714286,8.428571428571429,1.0,0.0,0.0,0.0
185093422,17790532,7,9,1,0.0,0.0,0.0,7.285714285714286,8.571428571428571,1.0,0.0,0.0,0.0
184949843,17790532,8,13,1,0.0,0.0,0.0,6.5,8.0,1.0,0.0,0.0,0.0
190355928,17790532,7,6,1,0.0,0.0,0.0,7.285714285714286,9.0,1.0,0.0,0.0,0.0
33744922,17790532,8,14,1,0.0,0.0,0.0,6.5,7.875,1.0,0.0,0.0,0.0
185725339,17790532,7,7,1,0.0,0.0,0.0,7.285714285714286,8.857142857142858,1.0,0.0,0.0,0.0
