member,group_id,m1,m2,m3,m4,m5,m6,m7,m8,m9,m10,m11,m12
11602274,1786474,4,42,2,0.0,1.0,0.0,6.0,55.0,8.0,0.8129072918469558,1.8261237308696014,1.146240625180289
12864168,1786474,1,1,25,3.7841837197791888,4.453660689688184,4.321928094887363,8.0,125.0,13.0,1.2516291673878228,3.334679141051595,2.584962500721156
7561706,1786474,5,102,1,0.0,0.0,0.0,5.6,63.4,8.4,0.9673183336217959,2.0852846036731534,1.2339850002884625
13003501,1786474,5,16,1,0.0,0.0,0.0,5.6,69.6,6.8,0.6503258334775646,1.660898984695681,0.9169925001442312
14111441,1786474,7,12,17,2.0,3.969815782426811,2.0,4.857142857142857,73.71428571428571,4.142857142857143,0.4052273811584256,1.0652296051341368,0.5957035716346161
13059769,1786474,4,53,10,1.584962500721156,3.121928094887362,1.584962500721156,6.0,87.5,8.0,0.8129072918469558,1.8261237308696014,1.146240625180289
3862263,1786474,4,67,1,0.0,0.0,0.0,6.0,48.75,8.25,0.8129072918469558,2.0761237308696012,1.146240625180289
14385689,1786474,4,111,1,0.0,0.0,0.0,6.0,73.0,10.25,1.2091479170272448,2.606605754591442,1.542481250360578
10990461,1786474,8,125,13,1.2516291673878228,3.334679141051595,2.584962500721156,4.25,50.5,7.25,0.9211432775625431,1.5681755708752947,0.9883613244510648
