member,group_id,m1,m2,m3,m4,m5,m6,m7,m8,m9,m10,m11,m12
615008,1814498,6,6,21,3.0269868333592873,4.39231742277876,3.7004397181410926,7.833333333333333,12.666666666666666,5.333333333333333,1.4582102647976045,1.9356301985361728,1.6190409196110203
9674913,1814498,10,10,10,2.584962500721156,3.321928094887362,2.584962500721156,6.1,12.1,5.4,1.1691285921423757,1.649152544116604,1.3829722735086059
46166082,1814498,4,14,1,0.0,0.0,0.0,7.75,21.0,4.0,1.146240625180289,1.4767226489021295,1.146240625180289
4255908,1814498,7,13,6,2.321928094887362,2.584962500721156,2.321928094887362,7.142857142857143,10.0,7.714285714285714,1.564902903893936,2.3183558621903204,1.870393877274265
16072901,1814498,4,1,7,1.5,2.8073549220576046,2.0,8.75,17.75,5.0,1.4767226489021295,1.8729632740824185,1.4767226489021295
25381862,1814498,5,23,2,1.0,1.0,1.0,6.6,15.2,25.6,1.0598630818281145,2.277688845221575,1.8279102704797594
9971083,1814498,3,1,113,1.714352908419416,6.481553630499358,5.55458885167764,7.0,24.666666666666668,2.0,0.6666666666666666,0.861654166907052,0.6666666666666666
13821837,1814498,7,8,1,0.0,0.0,0.0,7.142857142857143,10.714285714285714,8.428571428571429,1.8966069174492735,2.6876362194362002,2.2020978908296023
34227982,1814498,6,3,2,1.0,1.0,1.0,7.833333333333333,13.166666666666666,8.5,1.7960414036908192,2.501016435665966,2.0691142059678693
9772688,1814498,11,40,3,1.0,1.584962500721156,1.0,5.7272727272727275,8.363636363636363,15.818181818181818,1.3627819391422118,2.246367696893782,1.906297644316805
32636752,1814498,5,11,1,0.0,0.0,0.0,6.6,17.6,25.8,1.2598630818281145,2.477688845221575,2.0279102704797594
10901659,1814498,6,2,10,1.8423709931771088,3.121928094887362,2.8073549220576046,7.833333333333333,13.333333333333334,7.166666666666667,1.655646238161301,2.147361753184739,1.767888385624935
