member,group_id,m1,m2,m3,m4,m5,m6,m7,m8,m9,m10,m11,m12
189271617,18189115,4,2,4,0.9182958340544896,2.0,1.584962500721156,6.75,26.75,12.5,2.196697549706778,2.4400167538177757,2.3409283189375474
159154342,18189115,8,38,2,1.0,1.0,1.0,4.5,11.25,11.125,1.6883924135440807,2.747385740192192,2.139825097239207
8641671,18189115,4,12,3,1.584962500721156,1.584962500721156,1.584962500721156,6.75,21.0,4.5,1.375,1.75,1.5
13470345,18189115,4,26,36,4.286790198827112,4.760067015271103,4.363713275750189,6.75,20.75,4.5,1.3545739585136225,1.75,1.646240625180289
191144404,18189115,3,1,17,0.9182958340544896,4.08746284125034,1.584962500721156,7.666666666666667,27.0,4.666666666666667,1.5,1.6666666666666667,1.6666666666666667
192592822,18189115,2,3,13,1.2987949406953985,3.5465935642949384,3.0,8.0,37.5,5.0,1.5,1.5,1.5
109335992,18189115,4,3,4,1.0,2.0,1.0,6.75,23.25,4.25,1.521240625180289,1.646240625180289,1.646240625180289
31907642,18189115,8,37,8,2.0,2.0,2.0,4.5,11.375,10.375,1.5633924135440807,2.622385740192192,2.014825097239207
188969983,18189115,7,6,4,1.5,2.0,2.0,5.0,17.0,10.571428571428571,1.6726206239510353,2.4903560510346567,1.8740858254162365
