member,group_id,m1,m2,m3,m4,m5,m6,m7,m8,m9,m10,m11,m12
37322912,18223630,15,115,2,0.0,1.0,0.0,4.6,4.933333333333334,8.666666666666666,0.8277917620976911,2.438832276184701,1.1485879126997252
194014337,18223630,1,1,5,0.0,2.321928094887362,0.0,15.0,115.0,2.0,0.0,1.0,0.0
46160572,18223630,7,33,2,0.0,1.0,0.0,7.571428571428571,21.0,7.428571428571429,1.000671712283971,2.245060160895737,1.1888468706981945
194777724,18223630,3,1,1,0.0,0.0,0.0,8.666666666666666,39.666666666666664,9.333333333333334,0.7323865744747163,2.686271296777067,1.5283208335737186
191109799,18223630,4,1,34,0.6500224216483541,4.7345216647797495,2.321928094887362,8.75,34.25,3.25,0.6258145836939114,1.646240625180289,0.5
194485212,18223630,6,3,10,0.9709505944546686,3.321928094887362,2.0,8.666666666666666,28.833333333333332,5.166666666666667,0.6303537040242175,1.676468981721867,0.6666666666666666
81672972,18223630,2,4,13,2.251629167387823,3.334679141051595,2.321928094887362,11.0,74.0,2.0,0.0,1.0,0.0
193953678,18223630,3,1,7,0.0,2.8073549220576046,0.0,7.0,39.333333333333336,7.333333333333333,1.281285396591575,2.4727652780181635,1.3333333333333333
13900818,18223630,8,3,18,2.197159723424149,4.058813890331201,3.0,7.0,21.875,4.0,0.3194891368969781,1.5402410118609202,0.5731203125901445
192555540,18223630,8,3,4,0.0,2.0,0.0,7.25,21.875,9.25,0.7901738842878522,2.2125282688399337,1.1652410118609202
194684926,18223630,3,1,8,0.0,3.0,1.584962500721156,8.666666666666666,39.666666666666664,7.0,0.7323865744747163,1.6862712967770672,1.0
92933302,18223630,6,1,1,0.0,0.0,0.0,8.666666666666666,29.166666666666668,6.666666666666667,0.7921788030999957,2.2301236642030937,1.0
166363992,18223630,4,1,3,0.9182958340544896,1.584962500721156,1.0,8.75,34.25,11.0,0.5587462305923776,2.433630416194937,0.8304820237218405
4922138,18223630,3,2,8,1.9219280948873623,3.0,2.0,7.0,39.0,7.0,0.6406426982957875,2.4085502520373647,0.6666666666666666
141532572,18223630,8,18,4,1.584962500721156,2.0,1.0,7.25,20.0,9.25,0.5920535716977077,2.2125282688399337,1.0402410118609202
146510142,18223630,3,1,12,1.9219280948873623,3.4182958340544896,2.0,7.0,39.333333333333336,5.666666666666667,0.6406426982957875,2.2691183073525347,0.6666666666666666
