member,group_id,m1,m2,m3,m4,m5,m6,m7,m8,m9,m10,m11,m12
37322912,18223630,11,115,2,0.0,1.0,0.0,3.909090909090909,6.090909090909091,4.181818181818182,0.6369900541462289,1.705319978454213,0.5077238637019232
111247072,18223630,2,1,1,0.0,0.0,0.0,6.5,60.0,3.5,0.75,1.4609640474436811,0.792481250360578
81780002,18223630,5,1,4,1.0,2.0,0.0,7.0,34.0,3.6,0.3169925001442312,1.6503258334775643,0.4
81798442,18223630,5,1,6,0.0,2.251629167387823,1.0,7.0,34.0,3.2,0.5169925001442313,1.6,0.2
191893963,18223630,3,1,8,0.0,3.0,0.0,7.333333333333333,45.0,4.666666666666667,1.1689635318695062,2.0,1.0
78691982,18223630,2,5,5,1.5,1.9219280948873623,1.584962500721156,6.5,58.0,1.5,0.0,0.5,0.0
192555540,18223630,5,3,4,0.0,2.0,0.0,7.0,33.6,3.6,0.5169925001442313,1.6503258334775643,0.4
141532572,18223630,8,18,4,1.584962500721156,2.0,1.0,5.125,19.625,4.375,0.3652410118609203,1.7814536459234778,0.375
4922138,18223630,3,2,8,1.9219280948873623,3.0,2.0,7.333333333333333,44.666666666666664,4.666666666666667,0.5283208335737187,2.0,0.3333333333333333
46160572,18223630,6,33,2,0.0,1.0,0.0,6.166666666666667,23.166666666666668,3.5,0.430827083453526,1.541938194564637,0.3333333333333333
97172062,18223630,3,1,1,0.0,0.0,0.0,8.333333333333334,55.333333333333336,2.6666666666666665,0.5283208335737187,1.3333333333333333,0.3333333333333333
190080287,18223630,1,1,3,1.0,1.584962500721156,0.0,11.0,115.0,2.0,0.0,1.0,0.0
