member,group_id,m1,m2,m3,m4,m5,m6,m7,m8,m9,m10,m11,m12
37322912,18223630,12,115,2,0.0,1.0,0.0,4.0,8.916666666666666,7.416666666666667,0.9829383832261535,1.865119786476921,1.4128799872499862
46160572,18223630,1,33,2,0.0,1.0,0.0,12.0,115.0,2.0,0.0,1.0,0.0
81672972,18223630,5,4,13,2.251629167387823,3.3927474104487847,2.584962500721156,7.2,27.4,6.2,0.1892745871970884,1.1400879436282183,0.7614709844115211
103200122,18223630,5,1,26,0.946372935985442,4.700439718141092,3.8073549220576055,7.2,28.0,3.6,0.4503258334775646,0.8785494820897568,0.5169925001442313
183852112,18223630,5,13,1,0.0,0.0,0.0,7.2,25.6,8.6,0.6396004206746531,1.818637425717975,1.2784634845557523
189199633,18223630,2,5,22,2.0,4.459431618637295,3.0,8.5,66.5,3.0,0.792481250360578,1.5,0.792481250360578
119301012,18223630,1,8,10,1.8423709931771088,3.321928094887362,2.8073549220576046,12.0,115.0,2.0,0.0,1.0,0.0
120623062,18223630,8,3,1,0.0,0.0,0.0,5.75,20.5,6.625,0.7959908881019472,1.6268894029346548,1.1952803030276342
147915482,18223630,2,9,3,1.584962500721156,1.584962500721156,1.584962500721156,9.0,60.0,1.5,0.0,0.5,0.0
189459195,18223630,4,1,1,0.0,0.0,0.0,7.25,35.75,3.0,0.792481250360578,1.2304820237218406,0.792481250360578
141532572,18223630,5,18,4,1.584962500721156,2.0,1.584962500721156,6.0,26.2,6.2,0.7169925001442312,1.4762719427049313,0.9169925001442312
189205470,18223630,6,5,1,0.0,0.0,0.0,6.166666666666667,24.166666666666668,7.666666666666667,0.7971607673490703,1.779691604885172,1.329546653916653
2827615,18223630,4,7,5,1.584962500721156,1.9219280948873623,1.584962500721156,7.25,34.25,2.0,0.396240625180289,0.75,0.396240625180289
