member,group_id,m1,m2,m3,m4,m5,m6,m7,m8,m9,m10,m11,m12
12087298,18227785,4,10,1,0.0,0.0,0.0,4.5,14.25,14.75,0.650306870238239,1.7961934556505592,1.1308904890142533
182810792,18227785,6,51,1,0.0,0.0,0.0,3.3333333333333335,3.3333333333333335,11.833333333333334,0.6002045801588259,1.901890081865331,0.7539269926761688
63477422,18227785,4,4,52,2.601227480952956,5.262845727714875,4.523561956057013,4.5,15.75,2.0,0.0,0.48048202372184057,0.0
191194481,18227785,4,1,1,0.0,0.0,0.0,4.5,16.5,14.75,0.650306870238239,1.7961934556505592,1.1308904890142533
189109971,18227785,4,1,5,0.0,1.9219280948873623,0.0,4.5,16.5,13.75,0.650306870238239,1.3157114319287186,1.1308904890142533
193982102,18227785,2,1,9,0.0,2.6416041678685933,0.0,4.0,27.0,2.0,0.5,0.792481250360578,0.0
193412665,18227785,2,3,3,1.0,1.584962500721156,0.0,4.0,26.0,5.0,0.0,1.3208020839342967,0.0
