member,group_id,m1,m2,m3,m4,m5,m6,m7,m8,m9,m10,m11,m12
13470345,18240526,14,48,36,4.286790198827112,4.614369445886755,4.293660689688184,5.0,11.928571428571429,33.5,1.7934125380534003,3.8477851852587013,2.6074325528857294
14338986,18240526,5,2,20,1.9219280948873623,3.7414460711655213,2.0,9.0,38.0,32.4,2.5623217766741844,4.002861734039506,3.1253632079997598
12212491,18240526,4,1,12,0.0,2.617492461184755,1.0,10.75,47.25,41.0,3.1833842445645715,4.6383249448642845,3.7604633848194107
74897932,18240526,5,1,7,0.0,2.8073549220576046,0.0,9.6,39.2,46.4,3.269148810423496,4.821758811328116,4.151219811388752
183915516,18240526,3,1,13,0.8112781244591328,3.085055102756477,1.584962500721156,12.666666666666666,62.333333333333336,48.0,3.6038696277903077,4.937284569430538,4.347284513092547
182690794,18240526,3,2,6,2.0,2.584962500721156,1.584962500721156,10.0,43.0,47.0,3.356668074484677,4.844834933516517,3.9066418147967603
64546162,18240526,13,60,23,2.663532754804255,4.018794978907587,3.321928094887362,5.230769230769231,11.76923076923077,36.61538461538461,1.9023871520592661,3.990738812298449,2.760832756498452
52122162,18240526,2,2,169,3.491782573328347,6.670948983996434,6.286729870981169,13.5,54.0,29.5,3.4751614768156838,4.31658221239717,3.8077943922877733
183724884,18240526,3,2,15,0.8112781244591328,3.906890595608518,1.584962500721156,10.0,37.0,22.333333333333332,2.773757849362012,3.6796011623413025,3.2051962615251823
14029845,18240526,4,1,6,0.0,2.584962500721156,1.0,10.5,47.75,40.25,3.363303262809879,4.695417372679606,4.010463384819411
5048824,18240526,11,79,85,3.8612859297395556,6.178689283497274,5.426264754702098,5.909090909090909,11.727272727272727,20.727272727272727,1.8053880463266374,3.5746540103797075,2.318159936698543
182268952,18240526,3,3,8,1.3709505944546687,2.4056390622295662,2.0,10.0,36.666666666666664,24.666666666666668,2.5872003593635,4.1800183401342865,3.066850428432234
73320602,18240526,5,4,15,2.5216406363433186,3.4565647621309536,2.584962500721156,9.6,38.6,44.8,2.7648206831548316,4.691916843313447,3.6342273112445214
91128602,18240526,5,5,73,3.0124945324032355,5.840375586218013,5.129283016944964,9.6,38.4,33.2,2.666649903942848,4.2151546784960345,3.1253632079997598
46484572,18240526,4,4,17,2.6416041678685933,3.969815782426811,3.0,10.5,47.0,37.5,2.7029022208427307,4.349204052253193,3.5104633848194107
