member,group_id,m1,m2,m3,m4,m5,m6,m7,m8,m9,m10,m11,m12
12656128,1826361,13,17,5,2.0,2.321928094887362,1.584962500721156,10.615384615384615,15.076923076923077,14.153846153846153,0.8767452779338973,2.2096937672296444,1.4177330460811506
12773985,1826361,16,35,6,1.0,2.584962500721156,0.0,9.75,12.625,12.75,0.9451980731336583,2.1488300251378796,1.438468256236007
18128801,1826361,8,2,31,1.4488156357251847,4.82516405232236,2.584962500721156,12.625,19.875,11.5,0.9336925484366849,2.068996896483197,1.2463872475522075
9799197,1826361,8,8,16,2.725480556997868,4.0,3.0,11.75,22.75,5.125,0.46233255755013947,1.1408468719992078,0.5
14664009,1826361,15,25,1,0.0,0.0,0.0,10.133333333333333,13.866666666666667,13.733333333333333,1.0748779446759023,2.403196471258183,1.534366139985074
5827595,1826361,16,48,1,0.0,0.0,0.0,9.75,11.8125,13.0625,1.0076980731336584,2.310390181432952,1.438468256236007
9255979,1826361,8,1,3,0.0,1.584962500721156,0.0,12.625,20.0,15.0,1.114794502902333,2.4740220904333476,1.569507560142352
11543981,1826361,6,9,37,1.780672129520887,5.0472912034667905,3.459431618637298,13.166666666666666,25.0,2.5,0.5,0.8178150992680863,0.26416041678685936
9008529,1826361,8,5,1,0.0,0.0,0.0,12.875,21.625,11.625,0.9993304482024263,1.894240484755569,1.2704678822950066
11693619,1826361,10,20,1,0.0,0.0,0.0,11.5,19.7,9.6,1.020481314691987,1.9577698440293325,1.2044394119358455
18193171,1826361,9,5,1,0.0,0.0,0.0,12.11111111111111,21.0,11.666666666666666,0.7862950283043535,1.7308553822548143,1.0692416307774835
4990291,1826361,15,25,1,0.0,0.0,0.0,10.066666666666666,13.533333333333333,11.466666666666667,0.9561664693745098,2.1279301132973627,1.3037373654092543
6453023,1826361,9,13,26,2.6986604604011157,4.623516641218015,4.0,12.11111111111111,21.666666666666668,3.7777777777777777,0.6361645063330964,1.1007656217342798,0.5094402778579062
8597493,1826361,5,4,3,0.0,0.9182958340544896,0.0,12.6,25.6,5.2,0.7450961113995735,1.5169925001442313,0.6
11027418,1826361,8,12,2,0.0,1.0,0.0,11.75,22.25,6.875,0.803017627174873,1.5158468719992075,0.875
15702301,1826361,8,3,23,2.1735572622751858,4.436605434317882,3.8073549220576055,12.625,19.75,12.5,0.8430998451179348,2.1175667237337565,1.0935881948851511
12803039,1826361,10,5,52,2.2959831252182945,5.623516641218019,4.578780557638898,11.6,16.6,7.3,0.6622372898000369,1.5753622582969917,0.7977279923499918
