member,group_id,m1,m2,m3,m4,m5,m6,m7,m8,m9,m10,m11,m12
191988375,18270245,3,1,27,0.5916727785823275,4.504706483564823,2.8073549220576046,5.333333333333333,46.333333333333336,14.666666666666666,0.9853043650586083,3.4013233077163947,1.3022968652028395
195275534,18270245,3,1,20,0.0,4.321928094887363,0.0,5.333333333333333,46.333333333333336,17.0,1.1825286245860507,3.4622494372755477,2.238081839222041
128584112,18270245,1,4,4,2.0,2.0,2.0,7.0,101.0,21.0,1.3709505944546687,4.297079327540665,2.321928094887362
8838196,18270245,6,37,3,1.584962500721156,1.584962500721156,1.584962500721156,3.5,18.833333333333332,33.666666666666664,0.8449254981645371,4.127033693370424,2.531093606770353
19529461,18270245,7,101,21,1.3709505944546687,4.297079327540665,2.321928094887362,3.0,7.571428571428571,26.857142857142858,1.04050927075053,3.435726476200433,2.349942292350844
155224502,18270245,3,1,46,1.9718774381826407,5.480083695187445,5.087462841250338,5.333333333333333,47.333333333333336,37.0,1.3636550909811367,4.013482129101356,2.958902126011776
192886455,18270245,3,4,87,1.1350521777675853,6.158404559042247,4.969815782426809,5.333333333333333,46.333333333333336,23.333333333333332,1.6425968444528218,3.7873751744830884,2.9981178122862855
189208926,18270245,2,5,1,0.0,0.0,0.0,6.5,69.0,12.0,1.4779565475879124,2.9410209141309105,1.9534452978042591
