member,group_id,m1,m2,m3,m4,m5,m6,m7,m8,m9,m10,m11,m12
32211942,18270245,2,1,3,0.0,1.584962500721156,0.0,3.5,19.5,4.0,1.292481250360578,1.9534452978042591,1.292481250360578
11191240,18270245,2,1,28,0.5032583347756457,4.351823225551765,3.169925001442312,5.0,54.0,29.5,1.2161143594569008,4.683623321779449,2.660964047443681
192398735,18270245,1,1,27,0.9182958340544896,4.754887502163471,2.584962500721156,6.0,101.0,21.0,1.3709505944546687,4.297079327540665,2.321928094887362
149867472,18270245,2,1,10,1.3787834934861756,3.321928094887362,2.8073549220576046,5.5,69.0,12.0,1.4779565475879124,2.9410209141309105,1.9534452978042591
8838196,18270245,5,37,3,1.584962500721156,1.584962500721156,1.584962500721156,3.2,22.4,15.4,0.9622024424799955,3.3192130668109554,1.8258566033889934
19529461,18270245,6,101,21,1.3709505944546687,4.297079327540665,2.321928094887362,2.6666666666666665,8.0,18.166666666666668,0.9077630479161,3.4447885233438575,2.191200820823705
191424153,18270245,2,2,5,1.0,2.321928094887362,1.0,3.5,19.0,3.0,0.792481250360578,1.584962500721156,0.792481250360578
89400282,18270245,4,7,38,1.061278124459133,5.0701673160182334,3.0,3.75,35.0,13.75,0.8647928574878676,2.9547068886336856,1.7692038992627075
192183070,18270245,2,1,3,0.0,1.584962500721156,0.0,5.0,54.0,29.5,1.2161143594569008,4.683623321779449,2.660964047443681
