member,group_id,m1,m2,m3,m4,m5,m6,m7,m8,m9,m10,m11,m12
182987713,18297833,4,1,9,0.0,3.169925001442312,1.584962500721156,6.5,29.5,27.25,1.9791290216400874,4.026827202070131,3.5590962846272634
161302852,18297833,4,5,13,1.4466166676282082,3.7004397181410926,3.169925001442312,6.5,28.5,26.25,1.6174748547330353,3.894198522895436,3.1628556594469743
109665222,18297833,1,1,28,0.41381685030363374,4.66449777920046,3.4182958340544896,13.0,92.0,46.0,3.271221945782624,5.480083695187445,4.857980995127571
183784710,18297833,2,2,26,1.0,4.700439718141092,1.0,9.0,48.5,24.5,2.4280922232518902,3.5325230979543005,3.2214717479243635
180915692,18297833,6,2,8,0.8112781244591328,3.0,2.0,5.833333333333333,16.5,19.833333333333332,1.3925601835443724,3.992001787223933,2.3557515222723935
137270572,18297833,5,1,15,0.863120568566631,3.640223928941851,2.5216406363433186,6.8,19.8,20.0,1.660703731431747,3.945364858736118,2.7225736994582084
183695982,18297833,1,1,5,0.9182958340544896,2.321928094887362,1.584962500721156,13.0,92.0,46.0,3.271221945782624,5.480083695187445,4.857980995127571
183936814,18297833,5,5,3,1.584962500721156,1.584962500721156,1.584962500721156,5.4,23.2,28.2,1.466310717167839,4.478542205428555,3.047277027701811
11084606,18297833,2,1,12,0.0,3.584962500721156,0.0,9.5,47.0,27.0,2.0412500351208784,4.240041847593723,3.4289904975637855
7092500,18297833,13,92,46,3.271221945782624,5.480083695187445,4.857980995127571,3.769230769230769,3.076923076923077,16.307692307692307,0.9902172388521993,3.611995594993881,2.1725502397988516
183564245,18297833,5,1,10,0.0,3.321928094887362,1.0,6.8,19.8,21.0,1.8333278451450734,4.009024025547015,3.026901826726872
183600983,18297833,5,2,9,0.9182958340544896,3.169925001442312,1.584962500721156,6.8,19.6,21.2,1.6496686783341754,4.039424644236026,2.909909326582641
77949372,18297833,4,16,47,1.6137149724283615,5.341822894230832,4.623516641218014,6.5,25.75,17.75,1.575700278532997,3.4838527288730012,2.799457749503049
100932702,18297833,5,2,27,3.3027227528624894,4.754887502163471,4.169925001442313,6.8,19.6,17.6,1.1727832945725756,3.722432144091794,2.3929168264384093
