member,group_id,m1,m2,m3,m4,m5,m6,m7,m8,m9,m10,m11,m12
10371747,18302712,2,3,33,2.1812056673346514,4.453188816197032,4.0,3.0,10.0,74.0,2.73914712370191,5.076913681967433,4.461518628199232
71293162,18302712,4,18,17,1.8423709931771088,3.734521664779752,2.584962500721156,2.5,7.25,15.25,1.1981203125901445,3.3706136648200986,1.6785613794165308
4858831,18302712,2,2,36,1.5,5.1699250014423095,2.8073549220576046,4.0,18.5,14.5,1.8174261217688434,3.659742082750454,2.453445297804259
96565202,18302712,2,7,5,1.5,2.321928094887362,1.584962500721156,3.0,9.5,12.5,0.9211854965885544,3.070080363504659,1.292481250360578
14100437,18302712,2,1,8,0.0,2.4056390622295662,0.0,3.0,12.5,11.0,1.6711854965885544,3.028224879833557,2.084962500721156
82883352,18302712,4,19,12,1.792481250360578,3.584962500721156,2.321928094887362,2.5,6.0,55.5,2.3023474143887506,4.981625086408201,3.9983566460724655
5750429,18302712,2,1,136,3.6858129970432425,6.568864863213709,6.601109161511102,3.0,11.0,22.5,1.9868434588476147,4.019075658459094,3.160964047443681
