member,group_id,m1,m2,m3,m4,m5,m6,m7,m8,m9,m10,m11,m12
95396992,18354391,6,9,2,1.0,1.0,1.0,8.5,13.5,11.0,1.4418267113372714,2.2888295293888232,2.0248259594754896
4262434,18354391,10,15,46,2.6408113376394637,5.393127173448315,5.072140159802107,6.4,9.1,4.0,1.0595111431105322,1.7446453139949099,1.1661778097771986
56366532,18354391,3,3,7,1.0,2.5216406363433186,1.0,9.333333333333334,16.333333333333332,17.666666666666668,1.7146898908050365,2.9926965580564904,2.7473550537481395
12099973,18354391,11,23,4,1.584962500721156,2.0,1.584962500721156,6.181818181818182,8.0,8.181818181818182,1.233568736552556,2.1783450788026197,1.703083477961281
12754949,18354391,8,10,9,1.9219280948873623,3.169925001442312,2.321928094887362,7.125,11.0,8.25,1.091129021642033,1.893501834451473,1.4783784577456969
14018799,18354391,4,1,4,1.0,2.0,1.0,10.25,19.25,15.5,1.766499441825618,3.037003668902946,2.640998314032945
192365551,18354391,4,7,3,0.0,1.584962500721156,0.0,10.25,19.25,15.5,1.766499441825618,3.037003668902946,2.640998314032945
98241052,18354391,5,2,3,1.584962500721156,1.584962500721156,1.584962500721156,9.4,17.2,12.8,1.6131995534604944,2.6296029351223567,2.3127986512263563
25660502,18354391,6,5,4,1.584962500721156,2.0,1.584962500721156,7.333333333333333,13.0,12.5,1.5103942510782664,2.8572644167145858,2.3045046103275957
189483895,18354391,5,2,1,0.0,0.0,0.0,9.4,17.2,12.8,1.6131995534604944,2.6296029351223567,2.3127986512263563
3610940,18354391,12,29,3,0.9182958340544896,1.584962500721156,1.584962500721156,5.833333333333333,7.083333333333333,8.166666666666666,1.269660230728732,2.2415395002042486,1.6444931881311746
19551101,18354391,4,7,5,2.0,2.321928094887362,2.0,8.25,14.5,5.25,1.2516291673878228,2.2267226489021295,1.834962500721156
12834846,18354391,4,1,10,0.9182958340544896,3.321928094887362,2.584962500721156,8.25,16.0,4.0,1.5220552088742005,1.9767226489021295,1.688721875540867
