member,group_id,m1,m2,m3,m4,m5,m6,m7,m8,m9,m10,m11,m12
6348970,18405897,2,1,295,4.06863162460996,6.933986782972686,7.153624446394117,7.0,4.0,24.0,2.978600798792125,3.722395581076146,3.129870136938335
77697422,18405897,7,4,42,4.035273502696888,4.859828661431136,4.888789679422001,4.428571428571429,1.5714285714285714,55.714285714285715,2.115243060617268,3.7342561257162656,3.249113021434605
183248943,18405897,5,1,1,0.0,0.0,0.0,5.8,2.2,20.4,2.6323919691376565,3.8191637952091,3.2840284985477837
97456082,18405897,7,4,6,1.9219280948873623,2.584962500721156,1.3709505944546687,4.428571428571429,1.5714285714285714,60.857142857142854,2.4171495474472002,4.059237005817692,3.751661462144224
9227923,18405897,5,1,7,2.2516291673878226,2.8073549220576046,2.584962500721156,5.8,2.2,19.2,2.1820661356600923,3.257692810797579,2.7670359984035526
190319189,18405897,2,2,34,1.6113834567195195,4.969815782426809,4.058813890331201,7.0,4.0,24.0,2.978600798792125,3.722395581076146,3.129870136938335
12205942,18405897,5,1,26,2.4834585933443494,4.5465935642949376,3.875,5.8,2.2,15.4,2.135700250468787,2.9098450823501123,2.5090284985477838
9664957,18405897,5,1,21,2.469670487371862,4.297079327540665,3.7004397181410926,5.8,2.2,16.4,2.1384578716632845,2.9597479297009666,2.5439405549195655
