member,group_id,m1,m2,m3,m4,m5,m6,m7,m8,m9,m10,m11,m12
112023012,18522388,2,8,1,0.0,0.0,0.0,9.5,23.0,5.0,1.4609640474436811,2.0,1.0
186042372,18522388,2,2,4,0.0,2.0,0.0,6.5,19.5,7.0,1.7534452978042592,2.792481250360578,1.5
3373097,18522388,6,5,1,0.0,0.0,0.0,7.166666666666667,11.333333333333334,23.333333333333332,0.7752503422334974,2.217877426176386,1.0765719364395496
90725162,18522388,6,7,2,0.0,1.0,0.0,7.166666666666667,11.0,23.166666666666668,0.7752503422334974,2.051210759509719,1.0765719364395496
193692585,18522388,6,1,124,0.8112781244591328,6.722302056337157,3.459431618637298,7.166666666666667,12.0,2.8333333333333335,0.6400373214903087,1.0974937501201927,0.5
7264108,18522388,2,5,4,1.0,2.0,0.0,9.5,23.0,5.0,1.4609640474436811,2.0,1.0
148977612,18522388,2,1,6,1.584962500721156,2.584962500721156,1.0,6.5,20.0,6.0,0.9609640474436811,2.5,1.0
37243342,18522388,8,8,2,1.0,1.0,0.0,5.625,9.75,18.0,0.5814377566751231,1.7884080696322893,0.8074289523296623
184714802,18522388,1,3,1,0.0,0.0,0.0,11.0,38.0,8.0,1.9219280948873623,3.0,2.0
9632979,18522388,6,4,3,0.9182958340544896,1.584962500721156,1.0,7.166666666666667,11.5,23.0,0.6222010365577492,1.953717009389526,0.909905269772883
77099572,18522388,6,10,1,0.0,0.0,0.0,7.166666666666667,10.5,23.333333333333332,0.7752503422334974,2.217877426176386,1.0765719364395496
161763772,18522388,11,38,8,1.9219280948873623,3.0,2.0,4.2727272727272725,4.909090909090909,13.545454545454545,0.4831396781122526,1.5356570052526792,0.49631196533066346
