member,group_id,m1,m2,m3,m4,m5,m6,m7,m8,m9,m10,m11,m12
192718242,18522388,5,3,5,0.0,2.321928094887362,0.0,7.4,15.0,2.6,0.3843856189774725,0.8,0.4
112023012,18522388,3,8,1,0.0,0.0,0.0,8.333333333333334,16.333333333333332,5.0,0.9739760316291207,2.107309364962454,0.6666666666666666
3912997,18522388,3,4,9,2.0,2.94770277922009,1.584962500721156,9.666666666666666,21.0,3.3333333333333335,0.6406426982957875,1.0,0.6666666666666666
3373097,18522388,6,5,1,0.0,0.0,0.0,8.333333333333334,11.333333333333334,23.333333333333332,0.7752503422334974,2.217877426176386,1.0765719364395496
52351402,18522388,7,15,1,0.0,0.0,0.0,6.857142857142857,10.142857142857142,4.428571428571429,0.7031325849839088,1.7528044105867788,0.5121375001030223
4580330,18522388,5,4,2,0.0,1.0,0.0,7.6,13.6,4.0,0.5843856189774724,1.6643856189774724,0.4
90725162,18522388,9,7,2,0.0,1.0,0.0,7.0,10.0,16.22222222222222,0.6279446726001093,1.7008071730064793,0.7177146242930331
7264108,18522388,4,5,4,1.0,2.0,0.0,8.5,16.0,3.25,0.48048202372184057,1.25,0.5
37243342,18522388,7,8,2,1.0,1.0,0.0,7.428571428571429,10.428571428571429,20.0,0.521643150485855,1.7581806510083307,0.9227759455196141
193692585,18522388,6,1,124,0.8112781244591328,6.722302056337157,3.459431618637298,8.333333333333334,12.0,2.8333333333333335,0.6400373214903087,1.0974937501201927,0.5
184714802,18522388,1,3,1,0.0,0.0,0.0,13.0,38.0,8.0,1.9219280948873623,3.0,2.0
9632979,18522388,6,4,3,0.9182958340544896,1.584962500721156,1.0,8.333333333333334,11.5,23.0,0.6222010365577492,1.953717009389526,0.909905269772883
77099572,18522388,9,10,1,0.0,0.0,0.0,6.888888888888889,9.444444444444445,17.22222222222222,0.7390557837112204,2.064099492351752,0.893821568817606
161763772,18522388,13,38,8,1.9219280948873623,3.0,2.0,5.461538461538462,5.923076923076923,12.0,0.4407364583472017,1.4289919562435205,0.46495339379680417
