member,group_id,m1,m2,m3,m4,m5,m6,m7,m8,m9,m10,m11,m12
188995211,18617355,7,4,3,1.584962500721156,1.584962500721156,1.584962500721156,7.285714285714286,5.0,12.285714285714286,1.5674608762909386,2.8271528824607812,2.005167658936212
189354418,18617355,7,1,6,1.584962500721156,2.2516291673878226,1.584962500721156,7.285714285714286,5.428571428571429,11.857142857142858,1.5674608762909386,2.7319147872226863,2.005167658936212
187912762,18617355,7,5,1,0.0,0.0,0.0,7.285714285714286,4.857142857142857,12.571428571428571,1.7938840906796751,3.053576096849518,2.2315908733249485
10351829,18617355,7,2,26,2.8584585933443494,4.5465935642949376,4.0,7.285714285714286,5.285714285714286,9.0,1.3855328630590538,2.40406273052167,1.6601623018963774
189675702,18617355,7,2,27,1.3709505944546687,4.384517131793101,2.321928094887362,7.285714285714286,5.285714285714286,8.857142857142858,1.5980340057575795,2.4272165065933606,1.8998868597696112
12457306,18617355,9,21,3,1.0,1.584962500721156,1.0,5.666666666666667,2.2222222222222223,15.333333333333334,1.7326965058546355,3.2086400061051985,2.466943980755478
64293212,18617355,7,3,10,1.9219280948873623,3.321928094887362,2.321928094887362,7.285714285714286,5.142857142857143,11.285714285714286,1.5193229342671946,2.579014940437038,1.8998868597696112
191426685,18617355,1,1,29,0.4689955935892812,4.651084443403434,3.121928094887362,9.0,21.0,3.0,1.0,1.584962500721156,1.0
5556030,18617355,1,1,23,3.568084324344714,4.436605434317882,4.459431618637295,9.0,21.0,3.0,1.0,1.584962500721156,1.0
189588543,18617355,7,1,13,2.2359263506290326,3.7004397181410926,2.8073549220576046,7.285714285714286,5.428571428571429,10.857142857142858,1.4744660405898133,2.5249418514007904,1.8305401701738622
