member,group_id,m1,m2,m3,m4,m5,m6,m7,m8,m9,m10,m11,m12
73847802,18649808,4,3,17,2.4056390622295662,3.8077635764171953,2.8073549220576046,9.75,18.0,3.25,0.5,1.6229632740824185,0.0
188355620,18649808,7,21,1,0.0,0.0,0.0,8.285714285714286,11.285714285714286,8.285714285714286,1.2737883272262422,2.5183731758782564,1.3284582883410399
31493412,18649808,7,3,14,2.5219280948873624,3.6644977792004623,3.169925001442312,8.285714285714286,13.857142857142858,6.428571428571429,0.9135128850994761,1.9948734931353331,0.8756118595635668
182659046,18649808,5,1,28,1.7004397181410922,4.392724905113431,3.584962500721156,9.0,14.8,14.6,1.1018550141421426,2.4820947697513587,0.9169925001442312
188396617,18649808,11,23,2,1.0,1.0,0.0,6.636363636363637,7.818181818181818,14.0,1.2939161091790607,2.7502862443043075,1.58810300180269
10904077,18649808,6,1,17,3.0957952550009344,3.8077635764171953,3.321928094887362,9.166666666666666,16.333333333333332,4.666666666666667,0.7536546824812271,1.6927251459216894,0.5283208335737187
192142639,18649808,12,6,3,0.0,1.584962500721156,0.0,6.333333333333333,8.666666666666666,13.916666666666666,1.3776560118054224,2.777723663818891,1.6897073284905997
191024211,18649808,6,4,3,0.0,1.584962500721156,0.0,9.166666666666666,15.833333333333334,7.0,1.2696205583147162,2.063191991871029,1.0819755160549456
181292372,18649808,4,1,14,1.2987949406953985,3.6644977792004623,2.8073549220576046,9.5,17.75,5.75,0.8804820237218406,1.8928470937022452,0.792481250360578
193984789,18649808,4,2,3,0.0,1.584962500721156,0.0,9.75,18.25,6.75,1.1014097655573916,2.1786635430064285,0.7018387305144012
187431446,18649808,12,41,5,1.0,2.321928094887362,0.0,6.333333333333333,5.75,13.75,1.294322678472089,2.7163098643050407,1.6897073284905997
9385464,18649808,5,2,59,3.5092750707107125,5.503583253148274,4.584962500721156,9.0,14.6,8.4,0.7400879436282184,2.25992310014439,0.7169925001442312
190940058,18649808,5,2,4,0.0,2.0,0.0,9.0,14.6,19.4,1.441942957770361,2.9606397507740443,1.6339850002884624
