member,group_id,m1,m2,m3,m4,m5,m6,m7,m8,m9,m10,m11,m12
108850402,1871891,1,53,12,2.584962500721156,3.584962500721156,2.321928094887362,1.0,3.0,8.0,1.0,3.0,0.0
10437540,1871891,3,2,19,2.4056390622295662,4.142664355548851,2.8073549220576046,5.666666666666667,12.666666666666666,27.666666666666668,2.6588224473083035,3.5651755145439767,2.8884453057283923
13303369,1871891,3,2,2,1.0,1.0,0.0,5.666666666666667,12.666666666666666,33.333333333333336,3.1273688013848258,4.612730299726927,3.8242302797475936
120022282,1871891,3,1,3,0.0,1.584962500721156,1.0,5.666666666666667,12.666666666666666,29.0,2.631587725326467,4.093496348117696,3.2217786390617253
13194286,1871891,7,18,58,3.602910079649727,5.4656553485385455,4.857980995127571,3.2857142857142856,4.571428571428571,8.857142857142858,1.600626107738251,2.480626949567416,1.6592442634450302
80838162,1871891,2,6,4,1.584962500721156,1.5,1.0,7.0,18.0,40.5,3.488233670962456,4.847763271815965,4.332667958592588
89076852,1871891,2,1,5,1.9219280948873623,2.321928094887362,2.0,7.0,18.0,40.5,3.488233670962456,4.847763271815965,4.332667958592588
84242392,1871891,3,2,6,0.9182958340544896,2.584962500721156,1.0,5.666666666666667,12.333333333333334,28.0,2.3254891139749705,3.760163014784362,3.2217786390617253
8567801,1871891,1,3,8,1.0,3.0,0.0,1.0,53.0,12.0,2.584962500721156,3.584962500721156,2.321928094887362
38372252,1871891,7,18,23,3.373557262275185,4.229871195093384,3.8073549220576055,3.2857142857142856,4.571428571428571,13.857142857142858,1.6333907959346143,2.6571675429167243,1.809333702455025
