member,group_id,m1,m2,m3,m4,m5,m6,m7,m8,m9,m10,m11,m12
189128843,18732324,2,14,4,1.584962500721156,2.0,1.584962500721156,2.5,23.5,1.5,0.0,0.5,0.0
194100075,18732324,1,1,13,0.0,3.238901256602631,0.9182958340544896,5.0,115.0,5.0,1.584962500721156,2.321928094887362,1.584962500721156
103087502,18732324,5,115,5,1.584962500721156,2.321928094887362,1.584962500721156,1.8,7.8,9.0,1.0044110417748402,2.493318787229089,1.3006516669551291
6376431,18732324,2,14,1,0.0,0.0,0.0,2.5,23.5,3.0,0.792481250360578,1.5,0.792481250360578
189960912,18732324,3,33,2,0.0,1.0,0.0,1.6666666666666667,10.0,5.333333333333333,0.861654166907052,1.7592044789397054,0.861654166907052
185559984,18732324,1,2,11,1.0,3.277613436819116,1.0,3.0,33.0,2.0,0.0,1.0,0.0
193354896,18732324,2,1,5,0.0,2.321928094887362,0.0,3.5,59.5,3.0,0.792481250360578,1.160964047443681,0.792481250360578
125837492,18732324,2,4,1,0.0,0.0,0.0,3.5,58.0,5.0,0.792481250360578,2.321928094887362,0.792481250360578
100248632,18732324,2,15,8,2.0,3.0,2.0,3.5,66.5,11.5,2.3035088547976783,3.1138463397714076,2.584962500721156
5795454,18732324,2,18,18,3.0220552088742005,3.905764584655453,3.584962500721156,3.5,65.0,6.5,1.792481250360578,2.660964047443681,1.792481250360578
