member,group_id,m1,m2,m3,m4,m5,m6,m7,m8,m9,m10,m11,m12
38994242,18787801,1,4,25,3.646439344671015,4.293660689688185,4.247927513443588,7.0,33.0,1.0,0.0,0.0,0.0
14024069,18787801,2,1,1,0.0,0.0,0.0,5.5,17.5,1.0,0.0,0.0,0.0
190674215,18787801,7,33,1,0.0,0.0,0.0,2.142857142857143,1.7142857142857142,9.285714285714286,0.5209199063815736,1.6380551099192768,0.6068467876347983
185724907,18787801,1,1,1,0.0,0.0,0.0,7.0,33.0,1.0,0.0,0.0,0.0
106953132,18787801,4,2,1,0.0,0.0,0.0,3.75,9.25,9.5,0.0,1.7931812699366882,0.0
191381998,18787801,3,1,29,0.0,4.651084443403434,0.0,4.666666666666667,12.333333333333334,3.0,0.0,0.8405468787811062,0.0
54380182,18787801,3,2,7,0.0,2.5216406363433186,0.0,4.666666666666667,12.0,10.333333333333334,0.0,1.550361481134478,0.0
86763642,18787801,1,1,1,0.0,0.0,0.0,7.0,33.0,1.0,0.0,0.0,0.0
