member,group_id,m1,m2,m3,m4,m5,m6,m7,m8,m9,m10,m11,m12
189735531,18830891,4,485,2,1.0,1.0,1.0,1.5,20.0,28.75,2.2382847565173076,3.808662343673263,2.7378211787417426
191248338,18830891,1,46,7,1.584962500721156,2.5216406363433186,1.584962500721156,4.0,485.0,2.0,1.0,1.0,1.0
61120532,18830891,2,10,5,1.584962500721156,2.321928094887362,1.584962500721156,3.0,246.0,43.5,2.4306429648697776,3.61057782101003,3.2297158093186478
53558612,18830891,1,17,18,1.9219280948873623,4.169925001442313,2.321928094887362,4.0,485.0,2.0,1.0,1.0,1.0
5048824,18830891,2,7,85,3.8612859297395556,6.22115564202006,5.4594316186372955,3.0,247.5,3.5,1.292481250360578,1.660964047443681,1.292481250360578
