member,group_id,m1,m2,m3,m4,m5,m6,m7,m8,m9,m10,m11,m12
193357024,18953881,3,3,1,0.0,0.0,0.0,4.333333333333333,4.666666666666667,4.333333333333333,0.6666666666666666,1.723308333814104,0.6666666666666666
12873000,18953881,3,1,2,0.0,1.0,0.0,4.333333333333333,4.333333333333333,4.666666666666667,0.9727652780181631,1.9182958340544893,1.1949875002403854
120819532,18953881,3,1,3,0.9182958340544896,1.584962500721156,1.584962500721156,4.333333333333333,4.333333333333333,4.333333333333333,0.6666666666666666,1.723308333814104,0.6666666666666666
90525302,18953881,5,4,2,1.0,1.0,1.0,3.4,3.0,3.4,0.3836591668108979,1.3509775004326936,0.5169925001442313
13833175,18953881,3,2,2,0.0,1.0,0.0,4.333333333333333,5.0,4.0,0.6666666666666666,1.3899750004807707,0.6666666666666666
11115899,18953881,5,8,9,1.0,3.169925001442312,1.0,3.4,2.2,2.0,0.3836591668108979,0.9169925001442312,0.5169925001442313
