member,group_id,m1,m2,m3,m4,m5,m6,m7,m8,m9,m10,m11,m12
87658832,19179029,3,2,3,1.0,1.584962500721156,1.0,3.0,1.6666666666666667,1.6666666666666667,0.0,0.5283208335737187,0.5283208335737187
196395555,19179029,3,2,1,0.0,0.0,0.0,3.0,1.6666666666666667,2.3333333333333335,0.3333333333333333,1.0566416671474375,0.861654166907052
131275242,19179029,3,1,3,0.0,1.584962500721156,1.584962500721156,3.0,2.0,1.6666666666666667,0.3333333333333333,0.5283208335737187,0.3333333333333333
193683264,19179029,3,2,1,0.0,0.0,0.0,3.0,1.6666666666666667,2.3333333333333335,0.3333333333333333,1.0566416671474375,0.861654166907052
