member,group_id,m1,m2,m3,m4,m5,m6,m7,m8,m9,m10,m11,m12
196417759,1945681,5,1,14,0.0,3.8073549220576055,2.0,6.6,62.2,19.8,1.3001979997704007,4.0896184689283475,2.6088788238716907
190518630,1945681,5,1,38,0.0,5.142664355548852,2.584962500721156,6.6,62.2,15.0,1.3001979997704007,3.822556582230098,2.4918863237274596
36472362,1945681,11,298,23,2.845350936622437,4.436605434317882,3.459431618637298,4.090909090909091,3.727272727272727,24.545454545454547,1.2721032423321725,4.221209914170549,2.565894008314295
186397551,1945681,3,7,51,2.7098683589017414,5.2898807340435186,4.875,5.666666666666667,104.66666666666667,37.0,2.6712770880392616,4.889234633195455,3.8797802362174103
191928144,1945681,3,1,13,1.0,3.5465935642949384,1.0,7.333333333333333,103.33333333333333,14.666666666666666,2.1533793052930825,3.7393217159475136,3.0147980397861516
170802032,1945681,3,11,66,3.4830050302680133,5.862575937540279,4.857980995127571,5.666666666666667,103.33333333333333,32.0,2.4135648642505045,4.6983362320298685,3.885453237841553
13636501,1945681,2,1,17,0.0,4.08746284125034,0.0,7.5,150.0,17.0,2.1522494268248407,3.94801852647759,3.022197059679227
9166486,1945681,7,10,10,2.1556390622295662,3.321928094887362,3.0,5.428571428571429,43.57142857142857,18.142857142857142,0.9720712648070974,3.9913634792491735,2.232765231439944
182715381,1945681,5,1,17,0.0,4.08746284125034,2.0,6.6,62.2,19.2,1.3001979997704007,4.0335968850898,2.6088788238716907
188576410,1945681,3,5,22,1.6854752972273344,4.368522527728205,3.321928094887362,5.666666666666667,105.33333333333333,46.666666666666664,3.012741441930731,5.196354035300559,4.397470871254956
191147324,1945681,5,1,11,1.5,3.459431618637298,2.0,6.6,62.2,20.4,1.0001979997704007,4.159203129612409,2.6088788238716907
10003135,1945681,4,2,11,1.4591479170272446,3.459431618637298,2.584962500721156,5.75,77.5,15.75,1.5002474997130009,3.8481474836876304,1.8648579046593246
