member,group_id,m1,m2,m3,m4,m5,m6,m7,m8,m9,m10,m11,m12
2884706,209983,9,1230,23,3.969815782426811,4.523561956057013,4.0,5.888888888888889,375.0,11.555555555555555,2.0232934508142386,2.8876211406148857,2.0521258910921767
181462852,209983,4,4,34,2.1709505944546685,4.793345194191515,3.169925001442312,9.0,1144.75,14.5,3.4808859361447846,3.77806914790982,3.4767226489021295
126495782,209983,4,3,3,1.584962500721156,1.584962500721156,1.0,9.0,1144.75,14.5,3.4808859361447846,3.77806914790982,3.4767226489021295
107678842,209983,5,12,2,1.0,1.0,0.0,8.2,916.2,16.2,3.1847087489158277,3.9097764051914323,3.3428491035332244
47874892,209983,4,1,3,0.0,1.584962500721156,0.0,9.0,1144.75,14.5,3.4808859361447846,3.77806914790982,3.4767226489021295
13938861,209983,4,4,4,1.5,2.0,1.584962500721156,9.0,1144.75,14.5,3.4808859361447846,3.77806914790982,3.4767226489021295
4576146,209983,9,1076,11,3.459431618637298,3.459431618637298,3.321928094887362,5.888888888888889,392.1111111111111,12.88888888888889,2.080002802346407,3.0058578447726325,2.12746721388247
4898260,209983,9,1244,14,3.5465935642949384,3.8073549220576055,3.584962500721156,5.888888888888889,373.44444444444446,12.555555555555555,2.0703181417177805,2.9671996999481536,2.0982411687898264
35881082,209983,5,2,23,2.0,4.436605434317882,2.8073549220576046,8.2,918.2,12.0,2.9847087489158275,3.2224553183278557,2.7813781191217037
4584030,209983,9,1029,10,2.94770277922009,3.321928094887362,3.0,5.888888888888889,397.3333333333333,13.0,2.1368615622816525,3.0211360140781807,2.163237002203288
