member,group_id,m1,m2,m3,m4,m5,m6,m7,m8,m9,m10,m11,m12
2884706,209983,12,1230,23,3.969815782426811,4.523561956057013,4.08746284125034,7.166666666666667,284.5,10.5,1.6543714470348405,2.7984523778205173,2.0453429549184556
183040414,209983,7,43,29,3.4771752334356227,4.651084443403434,4.459431618637295,9.714285714285714,656.1428571428571,10.0,2.263119939804804,2.7228541958370527,2.4288888114560288
107678842,209983,8,12,2,1.0,1.0,1.0,9.0,578.25,15.0,2.5398768515086565,3.404328221289977,2.932706662353687
126495782,209983,5,3,3,1.584962500721156,1.584962500721156,1.584962500721156,10.6,916.0,14.2,2.7847087489158278,3.762543261956074,3.0834518358942087
47874892,209983,4,1,3,0.0,1.584962500721156,0.0,12.0,1144.75,14.5,3.4808859361447846,3.77806914790982,3.604314794867761
165174732,209983,6,1,9,0.9182958340544896,2.94770277922009,1.584962500721156,10.5,772.3333333333334,14.833333333333334,3.066786496335794,3.460560172507119,3.312781799684723
134530702,209983,4,1,8,0.9182958340544896,3.0,1.584962500721156,12.0,1144.75,14.5,3.4808859361447846,3.77806914790982,3.604314794867761
170781712,209983,6,1,1,0.0,0.0,0.0,10.5,772.3333333333334,14.833333333333334,3.066786496335794,3.460560172507119,3.312781799684723
4576146,209983,12,1076,11,3.459431618637298,3.459431618637298,3.459431618637298,7.166666666666667,297.3333333333333,11.5,1.6969034606839664,2.8871299059388265,2.097678890136209
4898260,209983,12,1244,14,3.5465935642949384,3.8073549220576055,3.7004397181410926,7.166666666666667,283.3333333333333,11.25,1.6896399652124965,2.8581362973204683,2.077594881844226
147464312,209983,5,1,13,0.0,3.7004397181410926,1.0,10.6,916.4,12.2,3.101701249060059,3.339447818472087,3.20044433603844
35881082,209983,5,2,23,2.0,4.523561956057013,3.0,11.2,918.2,12.0,2.9847087489158275,3.2224553183278557,3.0834518358942087
4584030,209983,12,1029,10,2.94770277922009,3.321928094887362,3.169925001442312,7.166666666666667,301.25,11.583333333333334,1.7395475306354005,2.8985885329179886,2.121804441569124
