member,group_id,m1,m2,m3,m4,m5,m6,m7,m8,m9,m10,m11,m12
2884706,209983,8,1230,23,3.969815782426811,4.523561956057013,4.08746284125034,6.5,426.25,16.125,2.1775680211715844,3.2860033694750506,2.9430144323776837
126495782,209983,4,3,3,1.584962500721156,1.584962500721156,1.584962500721156,8.0,1144.75,14.5,3.4808859361447846,3.77806914790982,3.604314794867761
4584030,209983,8,1029,10,2.94770277922009,3.321928094887362,3.169925001442312,6.5,451.375,17.75,2.3053321465724244,3.4362076021212573,3.057706662353687
183090639,209983,6,1,9,0.0,2.94770277922009,2.0,7.5,772.3333333333334,14.833333333333334,3.066786496335794,3.460560172507119,3.312781799684723
4576146,209983,8,1076,11,3.459431618637298,3.459431618637298,3.459431618637298,6.5,445.5,17.625,2.241366041645273,3.4190196616525155,3.0215183352043136
4898260,209983,8,1244,14,3.5465935642949384,3.8073549220576055,3.7004397181410926,6.5,424.5,17.25,2.230470798438068,3.375529248724977,2.9913923227663393
107678842,209983,6,12,2,1.0,1.0,1.0,7.5,770.5,16.0,2.900119829669127,3.785177302377134,3.4794484663513896
68711132,209983,5,2,51,1.404678473063571,5.51556259687346,4.169925001442313,7.8,924.4,17.4,3.4801437956029524,3.9526722070085425,3.7753381596216675
183040414,209983,7,43,29,3.4771752334356227,4.651084443403434,4.459431618637295,7.0,656.2857142857143,17.142857142857142,2.3326031739489586,3.5107917096761185,3.083883454416194
