member,group_id,m1,m2,m3,m4,m5,m6,m7,m8,m9,m10,m11,m12
1856384,210223,7,7,62,3.4701717696450376,5.605653722089507,5.247927513443589,2.5714285714285716,16.285714285714285,5.0,0.9276942711037669,1.6935133392612298,0.829622131722515
2364332,210223,1,1,1,0.0,0.0,0.0,5.0,4.0,3.0,0.9182958340544896,1.584962500721156,1.0
2430574,210223,2,1,4,1.584962500721156,2.0,1.0,4.5,4.0,32.0,1.7350858848225188,3.3028268610447533,2.6239637567217944
1336561,210223,2,1,3,0.0,1.584962500721156,0.0,4.5,45.5,10.5,1.661967448142028,2.7663326399706234,1.9036774610288023
1629947,210223,2,18,1,0.0,0.0,0.0,5.5,47.0,40.0,2.937905415937302,4.776678250654799,4.027641217750597
1842742,210223,2,1,2,0.0,1.0,0.0,4.5,4.0,33.0,2.527567135183097,3.8028268610447533,3.1239637567217944
2642871,210223,5,4,3,0.9182958340544896,1.584962500721156,1.0,3.2,19.6,17.8,1.492154666519152,2.692049419383623,1.8110564871002388
899227,210223,2,2,5,1.584962500721156,2.321928094887362,1.0,6.0,5.5,32.5,2.1942338018497636,3.5953081114053314,3.1239637567217944
2856254,210223,4,87,18,2.4056390622295662,3.9477027792200903,2.8073549220576046,4.0,7.5,17.25,1.0971169009248818,2.1938946808829547,1.5619818783608972
2513663,210223,1,1,2,0.0,1.0,0.0,7.0,7.0,62.0,3.4701717696450376,5.605653722089507,5.247927513443589
