member,group_id,m1,m2,m3,m4,m5,m6,m7,m8,m9,m10,m11,m12
11128864,211654,7,6,3,1.0,1.584962500721156,1.0,8.857142857142858,274.0,27.0,2.419982528291751,3.337260700156982,3.007476736390552
5476505,211654,3,101,13,3.418295834054489,3.7004397181410926,3.584962500721156,10.0,504.0,31.666666666666668,3.0168851101478436,3.613201130446125,3.5274938488009724
7379363,211654,7,7,29,3.7871439606981414,4.651084443403434,4.247927513443588,8.857142857142858,273.85714285714283,23.285714285714285,2.0218191053348735,2.899243279773799,2.5434870916128967
7908675,211654,3,1,3,1.584962500721156,1.584962500721156,1.584962500721156,11.0,637.0,27.0,1.8346872553828641,2.310904265243286,2.2940139427539417
386534,211654,7,91,9,2.1556390622295662,3.169925001442312,3.0,8.857142857142858,261.85714285714283,26.142857142857142,2.254891233687527,3.1108374857682457,2.7217624506762665
6218632,211654,13,1306,78,4.504061766148593,5.9327127957298575,5.8820418282618245,6.538461538461538,69.0,12.23076923076923,1.6872828607998709,2.3032563857482415,2.0113519423055353
804748,211654,5,2,1,0.0,0.0,0.0,8.6,386.2,21.4,1.5999329379755212,2.3153137971009157,2.137879350063886
3501292,211654,5,11,1,0.0,0.0,0.0,8.6,384.4,21.4,1.5999329379755212,2.3153137971009157,2.137879350063886
1796687,211654,5,9,25,2.495602923729013,4.643856189774723,3.8073549220576055,8.6,384.8,16.6,1.1008123532297185,1.3865425591459715,1.376408365652365
8361648,211654,8,155,2,1.0,1.0,1.0,6.875,241.375,17.125,1.9436895736185238,2.4711077249969184,2.3199701837378544
1944274,211654,12,450,1,0.0,0.0,0.0,6.916666666666667,137.66666666666666,18.583333333333332,1.9183702602077017,2.681217174359659,2.370387881459386
2173812,211654,9,51,15,3.5465935642949384,3.906890595608518,3.7004397181410926,7.888888888888889,236.55555555555554,21.333333333333332,2.0901755519779783,2.8599262804836223,2.5485399930348813
10528342,211654,7,3,1,0.0,0.0,0.0,8.857142857142858,274.42857142857144,27.285714285714285,2.5628396711488937,3.563683914545718,3.1503338792476954
2405881,211654,7,10,56,2.9464393446710155,5.700212064914751,4.221928094887362,8.857142857142858,273.42857142857144,19.428571428571427,2.14191976476732,2.7493679052721824,2.5472012942637865
