member,group_id,m1,m2,m3,m4,m5,m6,m7,m8,m9,m10,m11,m12
12209059,211654,3,26,23,2.549523459597832,4.523561956057013,3.7004397181410926,3.6666666666666665,436.6666666666667,27.333333333333332,1.8346872553828641,2.5005707719031736,1.9524740389461621
6218632,211654,7,1306,78,4.504061766148593,5.916749814988364,5.857422116838486,1.8571428571428572,72.0,7.285714285714286,1.2865304622766218,2.085768221872549,1.493618174329223
14465353,211654,2,3,1,0.0,0.0,0.0,5.0,666.0,50.5,3.526792612873212,5.220155885522688,4.77893091748979
7879375,211654,1,16,10,2.8073549220576046,3.321928094887362,2.584962500721156,7.0,1306.0,78.0,4.504061766148593,5.916749814988364,5.857422116838486
7926224,211654,1,1,4,1.5,2.0,1.584962500721156,7.0,1306.0,78.0,4.504061766148593,5.916749814988364,5.857422116838486
13787153,211654,2,7,9,1.1488348542809168,3.169925001442312,2.584962500721156,4.5,878.0,39.5,2.2520308830742963,2.958374907494182,2.928711058419243
1944274,211654,2,450,1,0.0,0.0,0.0,4.5,656.5,43.5,2.826448310214755,4.543337408215338,4.2211923087798215
12452344,211654,2,1,3,1.0,1.584962500721156,0.0,5.0,666.0,50.5,3.526792612873212,5.220155885522688,4.77893091748979
