member,group_id,m1,m2,m3,m4,m5,m6,m7,m8,m9,m10,m11,m12
1021377,211654,2,2,5,1.5,2.321928094887362,1.584962500721156,8.5,653.5,45.0,3.6270308830742963,4.75085615785476,4.332388519448045
8744676,211654,1,58,21,2.8464393446710154,3.9394709940012866,3.169925001442312,15.0,1306.0,78.0,4.504061766148593,5.916749814988364,5.857422116838486
23820102,211654,7,4,9,2.2359263506290326,3.169925001442312,2.584962500721156,7.428571428571429,210.42857142857142,18.428571428571427,1.5262245953812565,3.0705441734697234,2.2487989479924173
386534,211654,6,91,9,2.1556390622295662,3.169925001442312,2.8073549220576046,8.333333333333334,230.83333333333334,20.833333333333332,1.7939765760113768,3.2489682023813438,2.5865333691017454
6218632,211654,15,1306,78,4.504061766148593,5.916749814988364,5.857422116838486,4.2,19.333333333333332,10.6,1.414056270693042,2.847953557717121,1.9321773439345087
65557512,211654,9,50,18,1.9609640474436814,3.9477027792200903,3.169925001442312,6.555555555555555,163.33333333333334,17.444444444444443,1.5636155481898184,2.935965886428976,2.2445582505093578
78743082,211654,6,1,11,0.8112781244591328,3.459431618637298,1.584962500721156,8.333333333333334,245.83333333333334,20.5,2.018036732306449,3.200717099515513,2.7902654393244872
43029962,211654,1,1,8,0.0,3.0,1.584962500721156,15.0,1306.0,78.0,4.504061766148593,5.916749814988364,5.857422116838486
3348779,211654,4,16,7,1.5,2.8073549220576046,1.584962500721156,8.0,346.0,32.5,2.0197578191116237,3.6911898033753374,3.1216946842295243
3820199,211654,4,7,33,1.6140054628542202,4.900306619292896,3.459431618637298,8.0,348.25,26.0,1.9912564533980686,3.167951879066515,2.653077404750489
80283662,211654,3,1,4,0.0,2.0,0.0,9.666666666666666,438.0,31.666666666666668,2.6638724280551496,4.028891605476892,3.588104237482335
13518671,211654,1,13,12,2.584962500721156,3.4182958340544896,2.321928094887362,15.0,1306.0,78.0,4.504061766148593,5.916749814988364,5.857422116838486
76464432,211654,7,4,8,1.2516291673878228,3.0,2.321928094887362,7.428571428571429,210.42857142857142,18.571428571428573,1.6668384787014294,3.0948191736757686,2.286375291682959
64312142,211654,4,21,1,0.0,0.0,0.0,8.0,344.75,34.0,2.3947578191116237,4.393028533889739,3.517935309409813
10318745,211654,6,20,1,0.0,0.0,0.0,8.333333333333334,242.66666666666666,22.166666666666668,2.153249753049638,3.777289035955063,3.054425856111346
71037182,211654,2,1,12,2.75,3.584962500721156,2.8073549220576046,8.5,654.0,41.5,3.0020308830742963,4.119338954937863,3.721192308779821
