member,group_id,m1,m2,m3,m4,m5,m6,m7,m8,m9,m10,m11,m12
11060353,211654,9,15,8,1.0,2.75,1.0,8.11111111111111,151.55555555555554,18.22222222222222,1.2603615176295357,2.7770351612814537,1.9954286028125168
56014852,211654,8,11,3,1.0,1.584962500721156,1.0,8.875,169.875,20.875,1.4179067073332277,3.144794243851491,2.2448571781640823
102535972,211654,8,5,10,0.9182958340544896,3.321928094887362,1.584962500721156,8.875,170.625,20.0,1.4281197280764164,2.927673544580715,2.1717368655739375
116078532,211654,2,12,1,0.0,0.0,0.0,11.0,662.5,39.5,2.2520308830742963,2.9663563978649288,2.9410209141309123
3820199,211654,8,7,33,1.6140054628542202,4.9837880587523955,3.584962500721156,8.875,170.375,17.125,1.3411560244764502,2.719941049097586,1.9217368655739373
6218632,211654,11,1306,78,4.504061766148593,5.9327127957298575,5.8820418282618245,6.818181818181818,8.0,10.272727272727273,0.9583646748756375,2.3618662415677765,1.5524377815500756
114697192,211654,11,19,1,0.0,0.0,0.0,6.818181818181818,125.0,17.272727272727273,1.3678248354346003,2.9012037684523087,2.0871688568466054
104936462,211654,2,3,18,2.702819531114783,4.169925001442313,4.0,11.0,662.5,39.5,2.2520308830742963,2.9663563978649288,2.9410209141309123
3642543,211654,8,5,24,2.584962500721156,4.584962500721156,3.584962500721156,8.875,170.625,18.25,1.2197863947430831,2.769794243851491,1.9217368655739373
115861872,211654,8,1,1,0.0,0.0,0.0,8.875,171.125,21.125,1.5429067073332277,3.3429145564416354,2.3698571781640823
11181973,211654,8,1,12,0.7219280948873623,3.584962500721156,2.321928094887362,8.875,171.125,19.75,1.4526656954723074,2.894794243851491,2.0796161663031616
74118872,211654,3,9,2,0.0,1.0,0.0,10.333333333333334,446.6666666666667,29.0,1.8346872553828641,2.8942375985766193,2.2940139427539417
