member,group_id,m1,m2,m3,m4,m5,m6,m7,m8,m9,m10,m11,m12
42678112,212018,9,125,1,0.0,0.0,0.0,9.0,76.77777777777777,5.888888888888889,0.7788456363212285,1.7447917298611717,0.9974755470555464
173681122,212018,9,24,2,0.0,1.0,0.0,9.0,88.0,5.777777777777778,0.7788456363212285,1.6336806187500605,0.9974755470555464
10981477,212018,9,60,16,2.2359263506290326,4.0,2.8073549220576046,9.0,84.0,4.222222222222222,0.5304093751402248,1.3003472854167273,0.6855472223824791
193412389,212018,9,10,1,0.0,0.0,0.0,9.0,89.55555555555556,5.888888888888889,0.7788456363212285,1.7447917298611717,0.9974755470555464
6545543,212018,9,40,5,0.0,2.321928094887362,0.0,9.0,86.22222222222223,5.444444444444445,0.7788456363212285,1.4867997193181315,0.9974755470555464
24218952,212018,9,17,1,0.0,0.0,0.0,9.0,88.77777777777777,5.888888888888889,0.7788456363212285,1.7447917298611717,0.9974755470555464
11157515,212018,9,18,13,2.8553885422075336,3.7004397181410926,3.584962500721156,9.0,88.66666666666667,4.555555555555555,0.4615802427426136,1.333631761178828,0.5991463803087512
17733261,212018,9,301,3,1.0,1.584962500721156,1.0,9.0,57.22222222222222,5.666666666666667,0.6677345252101173,1.5686847853365988,0.8863644359444351
806351,212018,9,1,11,0.9182958340544896,3.0957952550009344,1.584962500721156,9.0,90.55555555555556,4.777777777777778,0.6768127658707296,1.4008144793055122,0.8213686025309734
5761328,212018,1,295,3,1.584962500721156,1.584962500721156,1.584962500721156,1.0,262.0,6.0,1.9219280948873623,2.584962500721156,2.321928094887362
10143027,212018,1,21,33,2.367111469779674,4.9837880587523955,4.297079327540665,1.0,223.0,4.0,0.0,2.0,0.0
10713113,212018,1,223,4,0.0,2.0,0.0,1.0,21.0,33.0,2.367111469779674,4.9837880587523955,4.297079327540665
8208923,212018,9,220,1,0.0,0.0,0.0,9.0,66.22222222222223,5.888888888888889,0.7788456363212285,1.7447917298611717,0.9974755470555464
10832412,212018,1,8,8,0.0,3.0,0.0,1.0,290.0,6.0,1.7924812503605778,2.584962500721156,2.584962500721156
3081917,212018,1,290,6,1.7924812503605778,2.584962500721156,2.584962500721156,1.0,8.0,8.0,0.0,3.0,0.0
7530046,212018,1,262,6,1.9219280948873623,2.584962500721156,2.321928094887362,1.0,295.0,3.0,1.584962500721156,1.584962500721156,1.584962500721156
