member,group_id,m1,m2,m3,m4,m5,m6,m7,m8,m9,m10,m11,m12
29046852,2220381,4,316,1,0.0,0.0,0.0,5.25,166.0,9.75,2.1017226489021295,2.6471786588955664,2.2267226489021295
99503012,2220381,4,151,7,2.2516291673878226,2.8073549220576046,2.584962500721156,5.5,398.0,11.25,1.581537872843953,2.7807758719408726,2.107132807987959
50029352,2220381,4,237,2,0.0,1.0,0.0,6.0,230.75,9.25,1.521240625180289,2.4258219521030058,1.646240625180289
10472905,2220381,6,1012,11,1.1488348542809168,3.2776134368191165,2.5216406363433186,5.166666666666667,201.33333333333334,8.0,1.4048243007471195,2.2624621779815572,1.5819755160549456
115722762,2220381,6,48,20,3.084962500721156,4.321928094887363,3.584962500721156,5.0,246.16666666666666,4.5,0.8869880158145603,1.5314524392637108,0.8869880158145603
83596202,2220381,6,161,23,2.8553885422075336,4.523561956057013,3.584962500721156,5.166666666666667,343.1666666666667,6.0,1.1203986860926836,2.0548040914419077,1.404755205325306
8083052,2220381,6,320,10,2.321928094887362,3.321928094887362,2.321928094887362,5.166666666666667,316.6666666666667,8.166666666666666,1.2093087606460455,2.2550764016368494,1.6152609396309385
36897292,2220381,5,148,1,0.0,0.0,0.0,4.8,213.8,8.2,1.6813781191217037,2.3177429271164534,1.7813781191217035
44989042,2220381,7,308,5,0.0,1.9219280948873623,0.0,5.428571428571429,338.0,11.285714285714286,1.915873427442424,2.9863518858983076,2.287641961810427
11171060,2220381,6,419,11,3.0,3.459431618637298,3.0,5.0,184.33333333333334,6.0,0.9011484326014196,1.675201851972055,0.984481765934753
113794872,2220381,4,99,1,0.0,0.0,0.0,5.5,411.0,12.75,2.1444451646909086,3.482614602455274,2.7533734331682482
48567642,2220381,4,49,7,2.321928094887362,2.8073549220576046,2.321928094887362,5.25,232.75,8.25,1.521240625180289,1.9453399283811652,1.646240625180289
39119612,2220381,4,169,2,1.0,1.0,1.0,6.25,450.25,12.25,1.581537872843953,3.2612578956627134,2.107132807987959
