member,group_id,m1,m2,m3,m4,m5,m6,m7,m8,m9,m10,m11,m12
5202786,22211,2,19,1,0.0,0.0,0.0,2.0,6.0,6.5,0.75,2.229715809318649,0.792481250360578
7642210,22211,4,100,9,1.9219280948873623,3.169925001442312,2.0,4.0,147.75,5.0,1.4396299407490853,2.178561379416531,1.3304820237218404
8495843,22211,4,169,5,1.584962500721156,2.321928094887362,1.0,4.0,130.5,6.0,1.5238713392906367,2.390560606055268,1.5804820237218404
100429292,22211,3,91,5,1.584962500721156,2.321928094887362,1.0,3.0,21.0,7.0,1.1738802121144396,2.297439140926254,0.861654166907052
184201486,22211,3,23,4,0.0,1.5,0.0,3.0,43.666666666666664,7.333333333333333,1.7022010456881584,2.5714151725553744,1.1949875002403854
98939602,22211,2,6,11,1.5,3.459431618637298,1.584962500721156,2.0,12.5,1.5,0.0,0.5,0.0
9927321,22211,4,356,6,2.2516291673878226,2.584962500721156,2.321928094887362,4.0,83.75,5.75,1.3572046726239702,2.32480200459682,1.25
145589142,22211,3,49,13,2.8464393446710154,3.7004397181410926,3.169925001442312,3.0,219.33333333333334,4.0,1.1073093649624541,1.5283208335737186,0.6666666666666666
68122422,22211,3,5,8,2.321928094887362,3.0,2.0,3.0,234.0,5.666666666666667,1.2821464482236717,1.7618007396207496,1.0566416671474375
149130902,22211,4,63,2,0.0,1.0,0.0,4.0,157.0,6.75,1.9201119644709257,2.721042629777109,1.8304820237218404
185322745,22211,2,6,2,0.0,1.0,0.0,2.0,12.5,6.0,0.75,1.729715809318649,0.792481250360578
136836342,22211,3,30,14,2.5216406363433186,3.8073549220576055,2.584962500721156,3.0,41.333333333333336,4.0,0.861654166907052,1.8022968652028393,0.3333333333333333
9254651,22211,3,563,3,1.0,1.584962500721156,0.0,3.0,48.0,7.333333333333333,1.7227891465194591,2.2334799060470307,1.723308333814104
638012,22211,4,3,7,1.9219280948873623,2.8073549220576046,2.0,4.0,172.0,5.5,1.4396299407490853,2.2692038992627075,1.3304820237218404
59207832,22211,3,10,3,1.0,1.584962500721156,0.0,3.0,48.0,7.666666666666667,1.368867712354825,2.5430943389816556,1.1949875002403854
183209086,22211,3,90,1,0.0,0.0,0.0,3.0,205.66666666666666,8.0,2.0561224798527924,2.7618007396207496,1.723308333814104
