member,group_id,m1,m2,m3,m4,m5,m6,m7,m8,m9,m10,m11,m12
8467395,225184,3,2,10,1.584962500721156,2.8464393446710154,1.584962500721156,3.6666666666666665,204.0,5.333333333333333,1.1949875002403854,2.376427672314989,1.1949875002403854
10330788,225184,3,1,7,0.0,2.8073549220576046,0.0,3.6666666666666665,204.33333333333334,6.333333333333333,1.723308333814104,2.389455813186126,1.723308333814104
10076790,225184,1,3,5,1.5,2.321928094887362,2.0,5.0,605.0,4.0,2.0,2.0,2.0
12219959,225184,1,1,12,1.5219280948873621,3.584962500721156,2.321928094887362,5.0,605.0,4.0,2.0,2.0,2.0
2608440,225184,5,605,4,2.0,2.0,2.0,2.2,2.6,7.8,1.2383706192659347,2.7765225914448997,1.4983706192659347
12330494,225184,3,6,5,1.584962500721156,2.321928094887362,1.584962500721156,3.6666666666666665,202.66666666666666,7.0,1.1949875002403854,2.5512647555762067,1.1949875002403854
