member,group_id,m1,m2,m3,m4,m5,m6,m7,m8,m9,m10,m11,m12
12625698,225184,4,3,1,0.0,0.0,0.0,4.5,21.75,12.0,1.4196097977069297,1.8056656799420159,1.1702033570223491
12330494,225184,2,6,5,1.584962500721156,1.9219280948873623,1.0,2.0,307.5,5.0,1.0,2.125814583693911,0.792481250360578
10307719,225184,2,10,6,0.0,2.2516291673878226,0.0,2.0,305.5,4.5,1.792481250360578,1.9609640474436811,1.292481250360578
99069992,225184,4,5,1,0.0,0.0,0.0,4.5,21.25,12.0,1.4196097977069297,1.8056656799420159,1.1702033570223491
65619562,225184,4,39,2,1.0,1.0,0.0,4.5,12.75,11.75,1.1696097977069297,1.5556656799420159,1.1702033570223491
95912882,225184,6,17,2,1.0,1.0,0.0,3.3333333333333335,40.0,9.0,0.7797398651379531,1.4679375367482033,0.7801355713482327
11141022,225184,2,1,6,0.0,2.584962500721156,0.0,4.0,91.5,1.5,0.5,0.5,0.0
3347346,225184,4,26,43,3.6784391908277185,5.2226627197680635,4.6808134280893965,4.5,16.0,1.5,0.5,0.5,0.0
2608440,225184,2,605,4,2.0,2.0,1.584962500721156,2.0,8.0,5.5,0.792481250360578,2.0867786311375927,0.5
38357342,225184,2,166,1,0.0,0.0,0.0,4.0,9.0,4.0,0.5,1.792481250360578,0.0
