member,group_id,m1,m2,m3,m4,m5,m6,m7,m8,m9,m10,m11,m12
81682272,2286601,15,222,1,0.0,0.0,0.0,13.933333333333334,148.46666666666667,18.2,0.6580438397355794,1.7073998959151386,1.0238681272478987
81684672,2286601,15,222,1,0.0,0.0,0.0,13.933333333333334,148.46666666666667,18.2,0.6580438397355794,1.7073998959151386,1.0238681272478987
40915202,2286601,12,1,11,0.9182958340544896,3.459431618637298,1.0,14.75,202.16666666666666,2.75,0.22366986963658678,0.637345208113432,0.27682734124061353
72952612,2286601,12,16,16,2.5216406363433186,4.0,2.584962500721156,14.75,202.5,18.416666666666668,0.3538902241664034,0.8958906153172995,0.47031469925436303
53724292,2286601,12,1,13,0.6840384356390417,3.7004397181410926,3.321928094887362,14.75,202.16666666666666,2.5833333333333335,0.2431913195045408,0.6172611998214491,0.08333333333333333
8055655,2286601,15,253,9,1.0,2.9477027792200903,0.0,13.933333333333334,146.4,17.666666666666668,0.5913771730689128,1.5108863773004657,1.0238681272478987
81693802,2286601,15,221,1,0.0,0.0,0.0,13.933333333333334,148.53333333333333,18.2,0.6580438397355794,1.7073998959151386,1.0238681272478987
81709322,2286601,15,222,1,0.0,0.0,0.0,13.933333333333334,148.46666666666667,18.2,0.6580438397355794,1.7073998959151386,1.0238681272478987
87137162,2286601,11,1,13,1.5,3.7004397181410926,2.8073549220576046,15.0,220.45454545454547,1.8181818181818181,0.18181818181818182,0.35888207083819,0.0
81692752,2286601,15,222,1,0.0,0.0,0.0,13.933333333333334,148.46666666666667,18.2,0.6580438397355794,1.7073998959151386,1.0238681272478987
81694352,2286601,15,222,1,0.0,0.0,0.0,13.933333333333334,148.46666666666667,18.2,0.6580438397355794,1.7073998959151386,1.0238681272478987
82603922,2286601,15,158,1,0.0,0.0,0.0,13.933333333333334,152.73333333333332,18.2,0.6580438397355794,1.7073998959151386,1.0238681272478987
21852021,2286601,15,239,2,1.0,1.0,0.0,13.933333333333334,147.33333333333334,18.133333333333333,0.5913771730689128,1.640733229248472,1.0238681272478987
81682522,2286601,15,222,1,0.0,0.0,0.0,13.933333333333334,148.46666666666667,18.2,0.6580438397355794,1.7073998959151386,1.0238681272478987
81692092,2286601,15,222,1,0.0,0.0,0.0,13.933333333333334,148.46666666666667,18.2,0.6580438397355794,1.7073998959151386,1.0238681272478987
88263102,2286601,12,5,201,2.246682689996841,6.802984604587505,5.643776391052357,14.75,203.41666666666666,3.0,0.37680338636194327,0.6623085649350076,0.215413541726763
