member,group_id,m1,m2,m3,m4,m5,m6,m7,m8,m9,m10,m11,m12
9025024,243079,2,1100,6,0.9182958340544896,2.584962500721156,1.0,1.5,1.5,20.0,0.5744174271404584,2.418216814503855,1.292481250360578
20840261,243079,1,1,39,1.1488348542809168,4.83643362900771,2.584962500721156,2.0,1100.0,6.0,0.9182958340544896,2.584962500721156,1.0
13848393,243079,2,2,1,0.0,0.0,0.0,3.0,703.0,5.5,1.2516291673878228,2.453445297804259,1.0
3077900,243079,4,306,5,1.584962500721156,2.321928094887362,1.0,1.75,1.75,14.0,0.5583646483360873,1.64626377568912,0.9767226489021295
28078252,243079,2,3,2,0.0,1.0,0.0,3.0,153.5,28.5,1.9092105470327527,3.9534915988219215,2.453445297804259
8469327,243079,2,1,52,2.2334585933443494,5.58505510275648,3.906890595608518,3.0,154.5,3.5,0.792481250360578,1.660964047443681,0.5
27080862,243079,1,1,1,0.0,0.0,0.0,4.0,306.0,5.0,1.584962500721156,2.321928094887362,1.0
