member,group_id,m1,m2,m3,m4,m5,m6,m7,m8,m9,m10,m11,m12
11585571,243079,3,7,35,3.468576629687865,5.072140159802107,4.523561956057013,3.3333333333333335,115.66666666666667,15.333333333333334,1.9359566650143456,3.1410911174694025,2.4402962837833955
11766184,243079,1,1,13,1.2776134368191157,3.7004397181410926,3.459431618637298,4.0,306.0,5.0,1.584962500721156,2.321928094887362,1.584962500721156
3077900,243079,4,306,5,1.584962500721156,2.321928094887362,1.584962500721156,2.5,12.25,22.25,2.242274390207215,3.9684812838660113,3.4297299813308353
11993871,243079,3,3,4,1.0,2.0,1.0,3.3333333333333335,117.0,25.666666666666668,2.758815541576967,4.165137837403438,3.6148169358024
3042488,243079,3,38,37,3.22290749432188,5.101345257520845,4.735926350629031,3.3333333333333335,105.33333333333333,14.666666666666666,2.017846376803007,3.1313560848964896,2.3695081522593897
