member,group_id,m1,m2,m3,m4,m5,m6,m7,m8,m9,m10,m11,m12
9025024,243079,1,1100,6,0.9182958340544896,2.584962500721156,1.584962500721156,1.0,1.0,24.0,1.584962500721156,4.418295834054489,1.584962500721156
185942948,243079,1,1,24,1.584962500721156,4.418295834054489,1.584962500721156,1.0,1100.0,6.0,0.9182958340544896,2.584962500721156,1.584962500721156
