member,group_id,m1,m2,m3,m4,m5,m6,m7,m8,m9,m10,m11,m12
9025024,243079,2,1100,6,0.9182958340544896,2.584962500721156,1.0,1.0,2.0,14.5,0.9056390622295665,2.8774437510817354,0.792481250360578
10858978,243079,1,1,27,0.8112781244591328,4.754887502163471,1.584962500721156,2.0,1100.0,6.0,0.9182958340544896,2.584962500721156,1.0
186802544,243079,1,3,2,1.0,1.0,0.0,2.0,1100.0,6.0,0.9182958340544896,2.584962500721156,1.0
