member,group_id,m1,m2,m3,m4,m5,m6,m7,m8,m9,m10,m11,m12
8075233,251808,4,8,2,1.0,1.0,0.0,6.25,34.5,32.75,2.6694935749199304,4.312296338376651,3.5052801206088144
7191179,251808,3,6,74,4.179080392352344,6.047291203466793,5.652448756449988,6.0,46.666666666666664,16.333333333333332,2.8318284523875157,3.810094021287515,2.8872593659239953
2814764,251808,7,49,34,4.875,5.028639311838574,4.954196310386877,5.0,23.428571428571427,17.857142857142858,1.807068270520057,3.0499755798018566,2.193189484415804
7982161,251808,4,1,2,0.0,1.0,0.0,7.0,49.75,18.0,3.2432831903371246,3.9556050269960012,3.390381656034122
8290289,251808,3,2,78,1.9663826315707433,6.234120167580205,5.744996077161019,7.666666666666667,47.0,16.666666666666668,2.708876389129274,3.231045697013012,2.4253748017580796
4295059,251808,3,38,25,3.121928094887362,4.643856189774723,3.169925001442312,6.0,36.0,32.666666666666664,3.1842125515425095,4.277905692518206,3.7147672842598873
413876,251808,3,18,10,3.121928094887362,3.121928094887362,3.169925001442312,6.0,42.666666666666664,37.666666666666664,3.1842125515425095,4.785215057480659,3.7147672842598873
6350965,251808,1,8,23,3.0130709291038458,4.523561956057013,4.0,12.0,84.0,14.0,2.2516291673878226,3.6644977792004623,2.321928094887362
326011,251808,4,12,14,3.3248629576173574,3.8073549220576055,3.7004397181410926,7.0,47.0,15.0,2.4120674509327853,3.2537662964816,2.4652717264988486
8416629,251808,2,7,2,1.0,1.0,0.0,8.5,69.0,12.0,2.3866349018655706,3.4932129370439124,2.453445297804259
2103128,251808,5,54,10,2.5216406363433186,3.321928094887362,2.584962500721156,5.8,30.6,13.2,2.290298425001036,2.900098402619329,2.195312824683066
2595643,251808,3,3,5,1.584962500721156,2.321928094887362,1.0,7.666666666666667,47.0,16.666666666666668,2.708876389129274,3.231045697013012,2.4253748017580796
3432381,251808,12,84,14,2.2516291673878226,3.6644977792004623,2.321928094887362,3.5,17.166666666666668,23.25,2.4757380197902905,3.504217336286416,2.8314077804787297
