member,group_id,m1,m2,m3,m4,m5,m6,m7,m8,m9,m10,m11,m12
179723362,264571,2,2,12,0.7219280948873623,3.4182958340544896,2.0,7.5,127.5,19.5,2.655306628416625,3.947702779220091,2.792481250360578
486530,264571,10,23,77,3.522393930329911,6.075164625082392,5.6724253419715005,6.4,53.0,51.5,2.709968780900544,4.740959751609695,3.895892521334082
9931437,264571,8,152,32,3.849223912390625,5.0,4.459431618637295,6.875,12.375,66.875,2.721627706815818,5.206567072422398,4.265940602164571
2607982,264571,7,18,116,3.784364658279467,6.399694275655747,6.121578105420169,7.857142857142857,33.0,62.57142857142857,2.845136116250049,5.221771797940335,4.352196904361957
115345232,264571,1,1,11,0.0,3.459431618637298,0.0,6.0,242.0,12.0,2.8073549220576046,3.584962500721156,2.584962500721156
170802032,264571,7,11,66,3.4830050302680133,5.862575937540279,4.807354922057602,7.857142857142857,34.0,69.71428571428571,2.8881874916802563,5.298502989099687,4.5399430734137525
52122162,264571,7,10,169,3.491782573328347,6.670948983996434,6.263474057027681,7.857142857142857,34.142857142857146,55.0,2.8869335569573518,5.183021125320237,4.331926054132313
128833502,264571,3,58,8,2.321928094887362,3.0,2.0,6.333333333333333,89.66666666666667,35.666666666666664,2.707410034249364,4.535943301674546,3.905606487109985
3428406,264571,9,13,27,2.5032583347756456,4.310443057719026,3.0,6.777777777777778,53.333333333333336,61.22222222222222,2.7473713504665698,5.071656904254968,4.241324326297225
7753142,264571,7,21,58,2.3443609377704338,5.685567202024123,4.262692390839622,7.857142857142857,32.57142857142857,70.85714285714286,3.0508509334656253,5.323789951316281,4.617752006444893
93420792,264571,3,4,18,1.7924812503605778,3.9477027792200903,3.459431618637298,6.333333333333333,107.66666666666667,32.333333333333336,2.8838923157582923,4.220042375267849,3.419129280897552
15011771,264571,1,2,13,1.9219280948873623,3.7004397181410926,2.0,8.0,152.0,32.0,3.849223912390625,5.0,4.459431618637295
76046172,264571,7,1,9,0.7219280948873623,2.94770277922009,2.0,7.857142857142857,35.42857142857143,77.85714285714286,3.282627053877492,5.714913440288285,4.940993776564838
71631102,264571,6,242,12,2.8073549220576046,3.584962500721156,2.584962500721156,4.666666666666667,16.833333333333332,25.5,1.8103316175401432,4.035172985785549,2.6886428267681333
