member,group_id,m1,m2,m3,m4,m5,m6,m7,m8,m9,m10,m11,m12
184830468,264571,6,1,2,0.0,1.0,0.0,6.666666666666667,61.666666666666664,39.166666666666664,2.5534381118708023,4.605277655840099,3.3855118403169193
168873382,264571,6,1,25,0.0,4.483856189774723,1.584962500721156,6.666666666666667,61.666666666666664,35.333333333333336,2.5534381118708023,4.024634957544311,3.12135142353006
9931437,264571,4,152,32,3.849223912390625,5.0,4.459431618637295,4.5,25.25,26.0,2.2769374728628256,4.073200702794628,3.1405606060552675
2607982,264571,6,18,116,3.784364658279467,6.399694275655747,6.121578105420169,6.666666666666667,58.833333333333336,20.166666666666668,1.9227106688242241,3.705328609897474,2.3652488227468917
160834302,264571,3,5,11,1.5219280948873621,3.0957952550009344,2.0,5.666666666666667,79.0,19.666666666666668,2.6506802262288502,4.111477206212433,3.404773040266921
170802032,264571,2,11,66,3.4830050302680133,5.862575937540279,4.807354922057602,7.0,117.5,24.0,3.3282894172241146,4.4375,3.5221970596792254
6394578,264571,10,83,16,2.8073549220576046,3.875,2.584962500721156,4.8,45.8,34.1,2.2662892630951528,4.217446874621911,3.2164820083317567
3428406,264571,6,13,27,2.5032583347756456,4.310443057719026,3.0,6.666666666666667,59.666666666666664,35.0,2.136228389408194,4.05353714622026,2.8855118403169198
12945655,264571,6,13,39,3.41829583405449,4.977709911169939,4.436605434317882,6.666666666666667,59.666666666666664,33.0,1.9837221395283873,3.942326003978442,2.6460776012639395
184505657,264571,3,2,11,1.295461844238322,3.459431618637298,3.169925001442312,5.666666666666667,80.0,19.666666666666668,2.7261689764451975,3.9902650850003116,3.0147980397861502
71631102,264571,6,242,12,2.8073549220576046,3.584962500721156,2.584962500721156,6.666666666666667,21.5,37.5,2.085545624861201,4.174450572386573,2.9546847568633936
