member,group_id,m1,m2,m3,m4,m5,m6,m7,m8,m9,m10,m11,m12
64997632,268875,7,88,3,1.584962500721156,1.584962500721156,1.584962500721156,7.857142857142857,580.2857142857143,4.0,1.2264232143887366,1.7845504423328105,1.2264232143887366
36691842,268875,11,783,2,1.0,1.0,1.0,7.363636363636363,341.6363636363636,8.727272727272727,1.3535669906964785,2.1904641907309,1.4845269398382457
3565443,268875,13,1653,4,1.584962500721156,2.0,1.584962500721156,6.923076923076923,261.84615384615387,11.307692307692308,1.816840167767227,2.7269143355437695,2.0666187349160636
48471972,268875,7,171,5,1.0,2.321928094887362,1.0,7.857142857142857,568.4285714285714,3.7142857142857144,1.3099892859203304,1.6792696431662097,1.3099892859203304
3414979,268875,6,212,17,2.845350936622437,4.08746284125034,3.459431618637298,8.5,411.3333333333333,9.833333333333334,1.6633549336151976,2.578193109180222,1.9227078692813546
6261382,268875,3,359,12,3.169925001442312,3.584962500721156,3.169925001442312,9.666666666666666,644.6666666666666,6.333333333333333,1.1258145836939113,1.935784974019202,1.3899750004807707
14160999,268875,8,42,3,0.0,1.584962500721156,0.0,8.125,428.5,14.625,2.0561246474414547,3.0253932204469827,2.4620148190583144
5533863,268875,6,373,4,2.0,2.0,2.0,7.166666666666667,354.0,3.8333333333333335,1.0974937501201927,1.6794692661751383,1.0974937501201927
4434043,268875,6,311,16,3.506890595608518,3.875,3.906890595608518,8.5,394.8333333333333,10.0,1.553098323784184,2.6136035827219453,1.8481313731194848
11600301,268875,7,967,2,1.0,1.0,1.0,7.857142857142857,454.7142857142857,4.142857142857143,1.3099892859203304,1.8681165138644042,1.3099892859203304
3353585,268875,5,113,2,0.0,1.0,0.0,7.6,476.4,3.2,1.3169925001442313,1.5813781191217036,1.3169925001442313
6910322,268875,9,161,1,0.0,0.0,0.0,7.444444444444445,407.55555555555554,14.555555555555555,2.179880242330439,3.263674529446464,2.5406715059898697
8502388,268875,8,181,21,3.0957952550009344,4.201841232302569,3.459431618637298,8.125,411.125,12.375,1.669150240566338,2.698283378999306,2.0295858667286524
46527862,268875,6,2,9,2.0,3.169925001442312,2.0,8.5,672.5,3.3333333333333335,1.361654166907052,1.6511484326014196,1.361654166907052
12598011,268875,5,7,42,2.6235166412180155,5.231486767965347,3.7004397181410926,9.8,564.0,6.2,1.1361515511444182,1.757360746604745,1.2088788238716908
10807039,268875,7,120,14,1.7924812503605778,3.8073549220576055,2.584962500721156,7.571428571428571,417.0,10.571428571428571,2.028989184199337,2.7620327249993175,2.2258059050066548
