member,group_id,m1,m2,m3,m4,m5,m6,m7,m8,m9,m10,m11,m12
29674212,2728712,10,168,1,0.0,0.0,0.0,12.5,124.4,11.9,0.6000368517082761,1.2040115920743726,0.8221928094887364
11596965,2728712,16,150,2,1.0,1.0,1.0,10.75,101.75,8.9375,0.552671219391242,1.0523152509769431,0.7518301885590605
29560902,2728712,16,173,1,0.0,0.0,0.0,10.75,100.3125,9.0,0.615171219391242,1.1148152509769431,0.8143301885590605
6239433,2728712,8,4,16,1.8423709931771088,3.875,2.8073549220576046,13.0,148.75,1.5,0.25,0.4481203125901445,0.25
44325642,2728712,8,5,1,0.0,0.0,0.0,13.0,148.625,3.375,0.4802963741471386,0.9324953125901445,0.6009193652572006
75037162,2728712,10,5,1,0.0,0.0,0.0,12.5,140.7,11.9,0.6000368517082761,1.2040115920743726,0.8221928094887364
29554092,2728712,12,278,1,0.0,0.0,0.0,11.833333333333334,103.75,3.0833333333333335,0.5701975827647591,0.9484908829673766,0.650612910171467
60118092,2728712,12,139,3,1.0,1.584962500721156,1.0,11.833333333333334,116.5,11.083333333333334,0.5702282925216559,1.1108461183352143,0.835773584745414
3479758,2728712,14,109,2,1.0,1.0,1.0,11.142857142857142,123.0,9.0,0.5000263226487687,0.925860286830792,0.6587091496348118
29952522,2728712,6,82,1,0.0,0.0,0.0,12.833333333333334,134.5,1.5,0.16666666666666666,0.5,0.16666666666666666
9810993,2728712,8,61,104,3.0003685170827614,6.455153420022571,5.221928094887363,13.75,146.125,1.625,0.375,0.5731203125901445,0.375
29366962,2728712,8,20,1,0.0,0.0,0.0,13.0,146.75,3.375,0.4802963741471386,0.9324953125901445,0.6009193652572006
53948852,2728712,8,13,1,0.0,0.0,0.0,12.625,158.625,2.0,0.5,0.7402410118609203,0.5
29592372,2728712,15,94,1,0.0,0.0,0.0,11.0,115.46666666666667,9.533333333333333,0.6561826340173248,1.1891362677087391,0.8686188677963311
10056406,2728712,9,107,5,2.0,1.9219280948873623,2.0,12.777777777777779,141.0,1.4444444444444444,0.2222222222222222,0.4444444444444444,0.2222222222222222
28468632,2728712,17,331,2,0.0,1.0,0.0,10.411764705882353,89.94117647058823,8.470588235294118,0.57898467707411,0.9904143538606524,0.7664284127614687
18102681,2728712,11,100,2,0.0,1.0,0.0,12.090909090909092,137.27272727272728,1.6363636363636365,0.36363636363636365,0.4474480086261238,0.36363636363636365
29951102,2728712,6,21,1,0.0,0.0,0.0,13.333333333333334,147.16666666666666,2.1666666666666665,0.6666666666666666,0.8203213491478937,0.6666666666666666
