member,group_id,m1,m2,m3,m4,m5,m6,m7,m8,m9,m10,m11,m12
49114402,2728712,9,1,12,0.0,3.584962500721156,0.0,13.555555555555555,159.44444444444446,1.4444444444444444,0.2222222222222222,0.39832916674679514,0.0
29551172,2728712,8,32,1,0.0,0.0,0.0,13.875,152.875,14.875,0.8750460646353452,1.4961628186632172,0.8459750771274126
11596965,2728712,15,150,2,1.0,1.0,0.0,11.8,113.93333333333334,9.266666666666667,0.5333579011388508,1.1702843366684594,0.4511867078012867
29560902,2728712,13,173,1,0.0,0.0,0.0,12.23076923076923,113.61538461538461,10.461538461538462,0.6154129628525202,1.2734050038482225,0.5206000474630231
29674212,2728712,15,168,1,0.0,0.0,0.0,11.8,112.73333333333333,9.333333333333334,0.6000245678055175,1.236951003335126,0.4511867078012867
8577065,2728712,7,14,2,1.0,1.0,0.0,14.142857142857142,154.85714285714286,16.571428571428573,0.8571955024403944,1.4834771497977974,0.9668286595741858
29952522,2728712,13,82,1,0.0,0.0,0.0,12.615384615384615,133.15384615384616,10.538461538461538,0.6154129628525202,1.3503280807712994,0.5206000474630231
60118092,2728712,12,139,3,1.0,1.584962500721156,0.0,12.75,124.75,11.0,0.5000307097568968,1.164108545775478,0.5639833847516084
29554092,2728712,13,278,1,0.0,0.0,0.0,12.615384615384615,118.07692307692308,10.538461538461538,0.6154129628525202,1.3503280807712994,0.5206000474630231
3479758,2728712,10,109,2,1.0,1.0,0.0,13.3,139.1,12.0,0.6000368517082761,1.1384340048584582,0.6767800617019301
9810993,2728712,13,61,104,3.0003685170827614,6.462411953697219,5.182838116298145,12.23076923076923,136.69230769230768,1.8461538461538463,0.46153846153846156,0.6543761996621936,0.12192019236316586
29592372,2728712,15,94,1,0.0,0.0,0.0,11.8,117.66666666666667,9.333333333333334,0.6000245678055175,1.236951003335126,0.4511867078012867
10056406,2728712,13,107,5,2.0,1.9219280948873623,1.584962500721156,12.23076923076923,133.15384615384616,9.461538461538462,0.5384898859294431,1.0036441888014136,0.39867985509985726
28468632,2728712,15,331,2,0.0,1.0,0.0,11.8,101.86666666666666,9.266666666666667,0.6000245678055175,1.1702843366684594,0.4511867078012867
18102681,2728712,10,100,2,0.0,1.0,0.0,13.3,140.0,12.0,0.7000368517082761,1.1384340048584582,0.6767800617019301
29908572,2728712,11,20,1,0.0,0.0,0.0,12.727272727272727,147.72727272727272,2.5454545454545454,0.2727272727272727,0.8336295455856647,0.0
