member,group_id,m1,m2,m3,m4,m5,m6,m7,m8,m9,m10,m11,m12
29674212,2728712,15,168,1,0.0,0.0,0.0,8.066666666666666,110.4,9.6,0.6614864407980082,1.3426151700498703,0.5845200411346201
11596965,2728712,12,150,2,1.0,1.0,0.0,8.916666666666666,131.5,11.25,0.5833640430902302,1.379522087502241,0.5639833847516084
29560902,2728712,8,173,1,0.0,0.0,0.0,9.625,152.25,15.75,0.6250460646353452,1.7040421193924415,0.6478547645372681
62411192,2728712,6,4,6,1.9219280948873623,2.584962500721156,2.0,11.0,135.0,1.5,0.16666666666666666,0.5,0.0
29952522,2728712,6,82,1,0.0,0.0,0.0,10.166666666666666,120.33333333333333,2.3333333333333335,0.48698801581456036,0.930827083453526,0.3333333333333333
29554092,2728712,6,278,1,0.0,0.0,0.0,11.166666666666666,163.5,1.6666666666666667,0.3333333333333333,0.5974937501201927,0.0
60118092,2728712,7,139,3,1.0,1.584962500721156,0.0,9.714285714285714,176.0,17.571428571428573,0.5714812167261087,1.7210534934883395,0.7404054451854493
3479758,2728712,10,109,2,1.0,1.0,0.0,9.3,99.3,2.2,0.4921928094887362,0.7506890595608519,0.3584962500721156
64454462,2728712,5,10,1,0.0,0.0,0.0,11.2,158.0,1.6,0.2,0.6,0.0
9810993,2728712,6,61,104,3.0003685170827614,6.462411953697219,5.182838116298145,10.5,172.0,3.5,0.3333333333333333,1.1949875002403854,0.0
10056406,2728712,7,107,5,2.0,1.9219280948873623,1.584962500721156,11.285714285714286,128.42857142857142,1.5714285714285714,0.2857142857142857,0.5714285714285714,0.0
28468632,2728712,15,331,2,0.0,1.0,0.0,8.066666666666666,99.53333333333333,9.533333333333333,0.6614864407980082,1.2759485033832036,0.5845200411346201
18102681,2728712,10,100,2,0.0,1.0,0.0,9.3,100.2,2.2,0.5921928094887362,0.7506890595608519,0.3584962500721156
9857690,2728712,6,71,12,0.0,3.584962500721156,0.0,10.5,170.33333333333334,18.833333333333332,0.8333947528471269,1.6745624090697293,0.8638063527163574
29908572,2728712,10,20,1,0.0,0.0,0.0,9.6,144.1,2.3,0.5921928094887362,0.8506890595608517,0.3584962500721156
29951102,2728712,7,21,1,0.0,0.0,0.0,11.285714285714286,140.71428571428572,2.142857142857143,0.5714285714285714,0.8459897278410518,0.22642321438873658
