member,group_id,m1,m2,m3,m4,m5,m6,m7,m8,m9,m10,m11,m12
58971362,2728712,14,70,1,0.0,0.0,0.0,10.928571428571429,131.42857142857142,10.214285714285714,0.7560950727002798,1.5215638584654079,0.9147778996863228
29674212,2728712,8,168,1,0.0,0.0,0.0,11.625,129.0,2.0,0.3231203125901445,0.8443609377704335,0.3231203125901445
11596965,2728712,9,150,2,1.0,1.0,1.0,12.666666666666666,108.88888888888889,14.333333333333334,0.7317034464226575,1.6438892692119105,0.9785433995120576
29560902,2728712,9,173,1,0.0,0.0,0.0,12.666666666666666,106.33333333333333,14.444444444444445,0.8428145575337687,1.7550003803230216,1.089654510623169
29952522,2728712,14,82,1,0.0,0.0,0.0,10.714285714285714,130.07142857142858,10.0,0.6132379298431369,1.4557118516877392,0.7719207568291798
29554092,2728712,15,278,1,0.0,0.0,0.0,10.466666666666667,115.46666666666667,9.666666666666666,0.7056887345202612,1.486792934567714,0.8537927063739014
60118092,2728712,12,139,3,1.0,1.584962500721156,1.0,11.833333333333334,128.16666666666666,11.416666666666666,0.798777584816993,1.51099741808945,0.9839075496340431
104051822,2728712,14,89,3,1.0,1.584962500721156,1.0,10.928571428571429,132.57142857142858,10.0,0.6846665012717084,1.366569215505243,0.8433493282577513
3479758,2728712,10,109,2,1.0,1.0,1.0,12.6,124.5,13.5,0.8585331017803917,1.7716931517794556,1.0806890595608518
9810993,2728712,12,61,104,3.0003685170827614,6.455153420022571,5.221928094887363,11.833333333333334,134.66666666666666,3.0,0.6320802083934297,1.1051481748143324,0.6320802083934297
49009972,2728712,5,65,3,0.0,1.584962500721156,0.0,12.8,185.8,1.2,0.0,0.2,0.0
10056406,2728712,8,107,5,2.0,1.9219280948873623,2.0,12.875,136.75,14.875,0.9481663772254897,1.6512551152732549,1.225861324451065
28468632,2728712,13,331,2,0.0,1.0,0.0,10.846153846153847,104.3076923076923,10.846153846153847,0.7373331552156859,1.5616841552704392,0.9082223535083476
18102681,2728712,5,100,2,0.0,1.0,0.0,12.8,189.6,1.6,0.2,0.5169925001442313,0.2
9857690,2728712,11,71,12,0.0,3.584962500721156,0.0,12.272727272727273,136.27272727272728,11.181818181818182,0.7804846379821743,1.2918219020169126,0.9824445996007746
109310622,2728712,13,17,3,1.584962500721156,1.584962500721156,1.584962500721156,11.461538461538462,140.6153846153846,10.615384615384615,0.6923360397755971,1.3947668474671848,0.8632252380682588
