member,group_id,m1,m2,m3,m4,m5,m6,m7,m8,m9,m10,m11,m12
6693347,2877932,3,10,9,2.8073549220576046,2.94770277922009,2.584962500721156,5.333333333333333,45.666666666666664,21.0,1.634549705878747,3.5970779809690634,2.119506587665447
28668292,2877932,2,1,2,0.0,1.0,0.0,6.0,67.0,18.0,1.5306390622295662,3.6333450897954465,1.8867786311375925
11453254,2877932,6,61,30,2.0612781244591325,4.681727678869737,3.773557262275185,3.3333333333333335,16.0,15.5,1.385394751137907,3.0471558381893344,1.8117274532639007
31485512,2877932,4,3,27,1.8423709931771086,3.5245437633162986,2.584962500721156,4.5,36.75,19.75,1.7900812609136991,3.7666404206035655,2.5147398702843584
7945905,2877932,6,73,6,1.0,2.584962500721156,0.0,3.3333333333333335,14.0,19.5,1.5622744385477623,3.3966167012140986,2.4406536636430984
11943924,2877932,3,3,34,1.2916919971380596,4.852168723603279,3.7004397181410926,5.333333333333333,45.666666666666664,21.0,1.634549705878747,3.5970779809690634,2.119506587665447
7112505,2877932,2,6,15,1.3709505944546687,3.3735572622751846,2.0,6.0,67.0,18.0,1.5306390622295662,3.6333450897954465,1.8867786311375925
