member,group_id,m1,m2,m3,m4,m5,m6,m7,m8,m9,m10,m11,m12
5606918,309424,5,14,2,1.0,1.0,1.0,5.4,40.8,4.6,1.2850372859326016,2.039934468967273,1.4983706192659347
5593903,309424,4,2,3,0.9182958340544896,1.584962500721156,1.584962500721156,6.0,37.5,3.75,1.146240625180289,1.7018387305144012,1.146240625180289
3524593,309424,5,11,7,2.0,2.8073549220576046,2.0,5.0,29.0,4.0,0.884310833766027,1.5731997226549157,1.1509775004326936
4842644,309424,4,100,1,0.0,0.0,0.0,5.5,61.25,9.25,1.3018325784374025,2.577246022361357,1.9018325784374026
2457652,309424,8,121,2,0.0,1.0,0.0,4.25,31.875,7.125,1.2554902477323238,2.1227922030972017,1.7221569143989903
2835030,309424,4,66,7,1.9219280948873623,2.8073549220576046,2.321928094887362,5.25,72.25,7.25,0.675109929535273,1.6254072918469558,1.1751099295352732
1897655,309424,2,4,9,0.9182958340544896,2.2810361125534233,1.584962500721156,6.5,66.0,4.5,1.0,1.9036774610288023,1.0
3779962,309424,6,4,4,1.584962500721156,2.0,1.584962500721156,5.0,50.333333333333336,6.5,0.9364559253659303,1.8156577650277639,1.3809003698103748
2275036,309424,4,54,24,1.7004397181410922,4.501629167387823,3.7004397181410926,5.5,72.75,3.5,0.8767226489021296,1.4518387305144012,0.9767226489021296
