member,group_id,m1,m2,m3,m4,m5,m6,m7,m8,m9,m10,m11,m12
3197825,309424,4,6,1,0.0,0.0,0.0,6.5,17.5,12.0,1.977971947620055,2.4029628348161527,2.032320754236241
9541804,309424,6,42,1,0.0,0.0,0.0,4.833333333333333,12.166666666666666,17.833333333333332,1.3248614018244211,2.325200927108079,1.7440987417393687
7208589,309424,4,3,11,2.058813890331201,3.277613436819116,3.0,6.75,27.25,23.75,1.4725886301538313,2.6683980314573392,1.8661481126090531
25572012,309424,2,15,43,2.621420911838749,5.147194987260238,5.003258334775643,7.5,33.5,3.5,1.292481250360578,1.292481250360578,1.160964047443681
58350092,309424,2,2,1,0.0,0.0,0.0,7.5,40.0,24.5,2.6031917062799526,3.866078743990697,3.662593214831503
59348782,309424,2,2,2,1.0,1.0,0.0,7.5,33.0,6.0,2.292481250360578,2.584962500721156,1.9534452978042591
8767537,309424,5,2,37,3.741962789037908,5.026888838543454,4.807354922057602,5.4,15.2,3.6,1.2983706192659348,1.4339850002884624,1.0643856189774723
50925362,309424,4,2,4,1.584962500721156,2.0,1.0,6.5,18.5,11.25,1.581731322439766,1.9029628348161525,1.782320754236241
17892881,309424,13,65,6,2.584962500721156,2.584962500721156,2.321928094887362,3.4615384615384617,6.153846153846154,15.461538461538462,1.4334215543623496,2.2854039914748707,1.7337107779310192
943539,309424,4,1,4,1.0,2.0,0.0,6.75,27.75,25.5,1.7372921027366317,2.9878013906621184,2.616148112609053
59418032,309424,2,1,6,2.0,2.584962500721156,1.584962500721156,7.5,33.5,4.0,1.792481250360578,1.792481250360578,1.160964047443681
56192182,309424,4,1,1,0.0,0.0,0.0,6.5,18.75,12.0,1.977971947620055,2.4029628348161527,2.032320754236241
12185911,309424,4,1,84,2.3053920198941698,6.088629625108202,5.142664355548851,6.75,27.75,5.5,1.4109440977630894,1.9656439843850682,1.3304820237218404
62380652,309424,2,2,1,0.0,0.0,0.0,4.0,21.5,1.0,0.0,0.0,0.0
9517337,309424,2,1,1,0.0,0.0,0.0,4.0,22.0,1.0,0.0,0.0,0.0
11761916,309424,2,2,6,2.321928094887362,2.584962500721156,2.0,9.0,33.5,21.5,3.163462644879532,3.805925669632305,3.564641508472482
