member,group_id,m1,m2,m3,m4,m5,m6,m7,m8,m9,m10,m11,m12
3502053,3138722,7,49,11,2.321928094887362,3.2776134368191165,2.321928094887362,4.571428571428571,15.285714285714286,22.0,2.0039657426749082,3.2866578634738346,2.7978014624642182
558790,3138722,5,36,13,2.75,3.5465935642949384,3.0,5.2,23.2,11.6,1.4790831781012532,2.4193392210240936,1.921466062749922
547205,3138722,4,3,64,2.990759147096384,5.800704882778696,4.906890595608519,6.0,16.0,20.25,1.7559916614485451,3.337989383335291,2.6036713089518035
41427082,3138722,7,12,1,0.0,0.0,0.0,4.285714285714286,15.571428571428571,23.285714285714285,2.252103684698652,3.6713222829163996,3.0459394044879624
2027566,3138722,4,1,30,3.2135132560090707,4.840223928941852,4.39231742277876,6.0,16.5,28.75,1.7003031342203738,3.578109621794502,2.732314602159243
3304975,3138722,6,2,39,1.4885252948977485,5.234120167580196,3.7004397181410926,5.0,23.0,20.333333333333332,2.1435271664523285,3.175016385592627,2.701016435665966
69586322,3138722,3,37,3,1.584962500721156,1.584962500721156,1.584962500721156,6.0,29.0,21.0,2.1868177965950366,4.019442389564751,3.0074559376761516
12398611,3138722,1,2,2,1.0,1.0,1.0,7.0,12.0,1.0,0.0,0.0,0.0
14070582,3138722,3,16,4,2.0,2.0,2.0,6.333333333333333,32.333333333333336,8.333333333333334,1.6906426982957872,2.2747356670380183,1.7739760316291207
