member,group_id,m1,m2,m3,m4,m5,m6,m7,m8,m9,m10,m11,m12
110198402,3140982,4,13,5,1.0,1.9219280948873623,1.0,5.0,66.75,11.25,0.7169084727428029,2.1722666488870606,1.1148579046593237
55314212,3140982,2,10,31,2.2221915755066783,4.631615665225585,3.459431618637298,5.5,102.5,2.0,0.0,0.792481250360578,0.5
33057862,3140982,5,22,9,0.0,2.94770277922009,0.0,4.4,57.8,2.8,0.8,1.1843856189774724,0.8
24113382,3140982,2,44,2,1.0,1.0,1.0,7.0,112.5,5.0,0.0,1.473851389610045,0.0
35890252,3140982,9,203,1,0.0,0.0,0.0,2.7777777777777777,15.0,10.555555555555555,1.0099806073864324,2.4902817063448333,1.546540359697177
13702452,3140982,1,1,6,0.0,2.584962500721156,1.0,9.0,203.0,1.0,0.0,0.0,0.0
13479188,3140982,3,1,4,2.0,2.0,2.0,6.0,84.33333333333333,4.0,0.0,1.3159009264066965,0.0
118187542,3140982,2,2,3,0.0,1.584962500721156,1.0,5.5,106.5,16.0,1.1110957877533392,2.3158078326127924,1.729715809318649
31500662,3140982,2,14,33,2.8676338909712116,4.741363816328152,4.459431618637295,6.5,108.0,3.0,0.5,0.9609640474436811,0.5
29641112,3140982,4,28,2,0.0,1.0,0.0,5.25,59.75,4.75,0.75,1.717407718526863,0.75
