member,group_id,m1,m2,m3,m4,m5,m6,m7,m8,m9,m10,m11,m12
35872672,3140362,7,2309,5,0.0,2.321928094887362,0.0,3.2857142857142856,3.142857142857143,12.571428571428571,1.2286986794533499,2.7596643799982163,1.4612598129279828
183172385,3140362,2,1,14,1.9219280948873623,3.8073549220576055,2.0,5.5,1157.0,3.5,0.0,1.660964047443681,0.0
2998021,3140362,3,1,22,1.7924812503605778,4.1523912776298655,2.321928094887362,5.333333333333333,773.3333333333334,16.333333333333332,1.100506303401451,3.3921914068039194,1.6356301985361725
13863401,3140362,3,3,3,0.0,0.9182958340544896,0.0,5.333333333333333,774.0,4.666666666666667,0.4863826390090815,2.0430943389816556,0.7739760316291208
8891273,3140362,4,3,37,1.8423709931771088,5.047291203466791,2.584962500721156,4.25,579.75,9.25,1.2091479170272446,2.716659198823997,1.410964047443681
84599182,3140362,2,1,3,1.584962500721156,1.584962500721156,1.0,5.5,1156.0,21.0,0.9211854965885544,3.6846096491770766,1.292481250360578
194711863,3140362,5,8,7,1.4591479170272446,2.8073549220576046,2.321928094887362,4.2,464.2,13.8,0.7269704487075372,2.687981282007702,0.9813781191217036
194817820,3140362,4,5,2,0.0,1.0,0.0,4.25,580.25,7.25,0.8452690029786517,2.4637334432642657,1.0804820237218404
