member,group_id,m1,m2,m3,m4,m5,m6,m7,m8,m9,m10,m11,m12
35872672,3140362,9,2309,5,0.0,2.321928094887362,0.0,3.2222222222222223,4.555555555555555,37.111111111111114,0.8520286859322019,3.6251853022816394,1.7322808236408571
2766752,3140362,2,3,2,1.0,1.0,0.0,5.5,1155.0,6.0,0.0,2.5646415084724836,0.0
149631202,3140362,6,5,9,0.0,3.169925001442312,0.0,4.5,390.0,51.166666666666664,1.1113763622316364,4.027326828310766,2.5984212354612857
35195652,3140362,5,14,3,0.0,0.9182958340544896,0.0,5.2,464.2,22.4,0.8843150966785954,3.922521106532983,1.996757611750479
187525194,3140362,1,1,14,0.0,3.8073549220576055,0.0,9.0,2309.0,5.0,0.0,2.321928094887362,0.0
55921,3140362,4,1,56,1.996389053729969,5.7716406363433235,4.9837880587523955,6.0,582.5,12.0,0.12581458369391144,2.8249572779346956,0.75
188430002,3140362,4,2,31,0.5032583347756457,4.889680181354619,3.0,6.0,582.25,18.25,0.4990972634324923,3.0454473916818716,1.2459470146880989
188053299,3140362,3,4,11,1.9219280948873623,3.459431618637298,2.0,6.666666666666667,776.0,5.666666666666667,0.0,2.1367163101280546,0.0
179055702,3140362,2,1,7,0.0,2.8073549220576046,0.0,5.5,1156.0,3.5,0.5,1.660964047443681,0.0
88263102,3140362,2,10,201,2.246682689996841,6.802984604587505,5.606739354015319,7.5,1157.0,7.0,0.0,2.745926548164837,0.0
