member,group_id,m1,m2,m3,m4,m5,m6,m7,m8,m9,m10,m11,m12
35872672,3140362,4,2309,5,0.0,2.321928094887362,0.0,1.5,7.5,53.5,0.5616706724992102,3.076560734840788,1.4016848385038299
35195652,3140362,2,14,3,0.0,0.9182958340544896,0.0,3.0,1159.5,103.0,1.1233413449984204,4.562456349737434,2.8033696770076597
16184901,3140362,1,5,6,0.0,2.584962500721156,0.0,4.0,2309.0,5.0,0.0,2.321928094887362,0.0
189073811,3140362,1,1,4,0.0,2.0,0.0,4.0,2309.0,5.0,0.0,2.321928094887362,0.0
88263102,3140362,2,10,201,2.246682689996841,6.802984604587505,5.606739354015319,3.0,1161.5,4.0,0.0,1.6201119644709259,0.0
