member,group_id,m1,m2,m3,m4,m5,m6,m7,m8,m9,m10,m11,m12
3344257,3140982,6,3,1,0.0,0.0,0.0,9.666666666666666,43.333333333333336,5.166666666666667,0.7713475464818992,1.6844338561774126,0.6949875002403854
151961442,3140982,7,3,2,1.0,1.0,0.0,9.571428571428571,41.0,4.428571428571429,0.5,1.6109325912152552,0.558127227944074
173400572,3140982,7,28,3,1.0,1.584962500721156,0.0,9.571428571428571,37.42857142857143,4.285714285714286,0.5,1.5273665196836617,0.558127227944074
134607772,3140982,5,2,12,2.128085278891395,3.584962500721156,2.584962500721156,10.2,51.8,3.6,0.3,1.1043281272686638,0.3169925001442312
35890252,3140982,13,203,1,0.0,0.0,0.0,6.6923076923076925,10.384615384615385,6.076923076923077,0.6576933364445198,1.9568867983463416,0.6532194689484364
169121452,3140982,2,1,6,0.0,2.2516291673878226,0.0,12.5,105.5,4.5,0.0,1.5,0.0
7448430,3140982,9,7,7,1.5,2.5216406363433186,1.584962500721156,8.444444444444445,32.0,4.333333333333333,0.569787253210155,1.4822055558760694,0.5452100661787243
180852432,3140982,7,1,9,0.0,3.169925001442312,2.321928094887362,9.571428571428571,41.285714285714285,3.4285714285714284,0.6428571428571429,1.300943305294925,0.22642321438873658
138102552,3140982,12,8,8,0.0,3.0,0.0,7.083333333333333,26.5,5.5,0.5523404399076163,1.654547156481774,0.5409877580274728
57650902,3140982,11,38,1,0.0,0.0,0.0,7.636363636363637,26.09090909090909,6.090909090909091,0.6025532071719449,1.8729942463994058,0.5901684633026977
29641112,3140982,5,28,2,0.0,1.0,0.0,8.8,52.6,7.2,0.3843856189774725,1.8652817143773355,0.4
180061402,3140982,8,2,2,1.0,1.0,0.0,9.0,36.375,4.0,0.4375,1.4095660173133484,0.4883613244510648
161938332,3140982,5,2,20,0.0,3.7414460711655213,0.0,8.8,57.8,3.6,0.3843856189774725,1.3169925001442313,0.4
84148062,3140982,3,12,6,1.9219280948873623,2.584962500721156,2.0,7.666666666666667,77.66666666666667,7.666666666666667,0.0,1.5804820237218404,0.0
