member,group_id,m1,m2,m3,m4,m5,m6,m7,m8,m9,m10,m11,m12
69042752,3142922,11,34,3,1.0,1.584962500721156,0.0,3.5454545454545454,6.454545454545454,8.0,1.2127136366258748,2.444000343245067,0.8097173268735016
140730212,3142922,4,14,4,1.0,1.5,0.0,6.0,12.0,7.75,1.0,2.5741385422075336,0.896240625180289
10896581,3142922,2,8,5,1.0,2.321928094887362,0.0,2.0,73.5,11.5,2.188721875540867,3.0713321777744254,2.229715809318649
88970212,3142922,2,1,22,0.0,4.186704345910023,0.0,9.0,28.5,3.0,1.292481250360578,1.584962500721156,0.5
8507271,3142922,7,23,3,1.584962500721156,1.584962500721156,1.0,4.285714285714286,9.0,8.428571428571429,1.3099892859203304,2.5246303010838225,0.7009843708012168
3396360,3142922,4,1,16,0.0,3.875,2.0,6.0,15.25,4.75,1.25,1.9803885422075336,0.396240625180289
8245800,3142922,2,107,19,2.792481250360578,4.142664355548851,3.459431618637298,2.0,24.0,4.5,1.292481250360578,2.160964047443681,0.5
4768293,3142922,3,7,10,1.0,2.8464393446710154,0.0,7.0,19.333333333333332,5.0,1.3899750004807707,2.0392092602208005,0.6666666666666666
80122542,3142922,3,2,2,1.0,1.0,0.0,7.0,21.0,4.333333333333333,1.723308333814104,1.8971885459285438,1.1073093649624541
183320463,3142922,4,1,6,1.0,2.2516291673878226,0.0,6.0,15.25,7.25,1.0,2.386231250360578,0.896240625180289
13319634,3142922,3,6,7,2.584962500721156,2.5216406363433186,2.321928094887362,7.0,19.666666666666668,2.6666666666666665,1.1949875002403854,1.3899750004807707,0.3333333333333333
32949522,3142922,1,3,3,1.584962500721156,1.584962500721156,1.0,11.0,34.0,3.0,1.0,1.584962500721156,0.0
71102102,3142922,3,1,9,1.584962500721156,2.94770277922009,1.0,7.0,21.333333333333332,5.333333333333333,1.1949875002403854,2.0054547820377757,0.3333333333333333
82389912,3142922,2,40,4,1.584962500721156,2.0,1.0,2.0,57.5,12.0,1.896240625180289,3.2322962252181062,1.729715809318649
28815962,3142922,5,12,6,2.0,2.584962500721156,1.584962500721156,6.0,14.6,6.4,0.9169925001442312,2.159310833766027,0.6
