member,group_id,m1,m2,m3,m4,m5,m6,m7,m8,m9,m10,m11,m12
8397961,3192552,3,4,11,2.584962500721156,2.7321588913645707,2.584962500721156,4.666666666666667,19.0,9.0,1.5548325930668205,2.4323597758468884,1.9357849740192015
10774924,3192552,5,16,4,2.0,2.0,2.0,3.4,11.2,7.8,1.2498920559843234,2.122840143925278,1.478463484555752
39653462,3192552,4,3,21,1.6644977792004616,4.297079327540665,2.8073549220576046,4.0,15.0,4.75,1.396240625180289,1.6830397228411427,1.396240625180289
36799672,3192552,5,38,2,1.0,1.0,1.0,3.4,6.8,8.2,1.4498920559843236,2.322840143925278,1.678463484555752
26647452,3192552,2,9,3,1.0,1.584962500721156,1.0,5.0,27.0,3.0,1.5,1.5,1.5
2916799,3192552,3,2,2,0.0,1.0,0.0,4.666666666666667,19.0,9.0,1.5548325930668205,2.4323597758468884,1.9357849740192015
