member,group_id,m1,m2,m3,m4,m5,m6,m7,m8,m9,m10,m11,m12
78219232,3258242,11,123,23,3.3787834934861767,4.142914673354254,3.6644977792004623,9.636363636363637,47.90909090909091,29.545454545454547,2.642222833598466,3.8728860426568232,3.454191093153717
75761732,3258242,12,135,29,3.3487989122024975,4.789015477886192,4.523561956057013,9.166666666666666,43.083333333333336,26.75,2.4245363125722337,3.579637138724426,3.0947531539861934
32101062,3258242,12,23,5,1.584962500721156,2.321928094887362,1.584962500721156,9.166666666666666,52.416666666666664,28.75,2.5715226801956788,3.785227753974329,3.3396364419308484
34558312,3258242,12,119,6,2.584962500721156,2.584962500721156,2.584962500721156,9.166666666666666,44.416666666666664,28.666666666666668,2.4881893468623457,3.7633082201548462,3.2563031085975154
115876332,3258242,5,2,2,0.0,1.0,0.0,11.6,88.8,14.2,2.5937871957119114,3.475453157403874,3.100168375911386
3386222,3258242,9,30,42,4.477024973539649,5.344698375159714,5.087462841250338,10.555555555555555,68.44444444444444,13.666666666666666,2.5136813994869396,3.36086747962707,2.94796243033369
111399662,3258242,9,32,6,2.321928094887362,2.584962500721156,2.321928094887362,10.555555555555555,68.22222222222223,17.666666666666668,2.753136608226083,3.6675047990091323,3.255244068818465
1545232,3258242,12,112,11,2.5,3.459431618637298,3.0,9.166666666666666,45.0,28.25,2.495269555255775,3.6904357936618344,3.2217166503242787
141193522,3258242,8,6,19,2.3685225277282065,4.142664355548851,3.459431618637298,10.375,71.875,34.125,2.878749154293615,3.9225085865178877,3.5001869800522103
2066546,3258242,10,55,20,2.950212064914747,4.221928094887362,3.8073549220576055,9.8,59.0,16.0,2.4290967311635425,3.3227913241367135,2.9159693095616244
33862292,3258242,6,1,151,2.833532758790924,6.152155450775967,5.234120167580196,11.166666666666666,86.33333333333333,15.5,2.6276716558098654,3.5734861201725194,3.1362360592228478
8040186,3258242,7,3,32,2.5095443353562694,5.0,4.807354922057602,11.142857142857142,82.57142857142857,14.0,2.56181171039527,3.3600257800533746,2.964328879925507
6739419,3258242,9,11,4,1.584962500721156,2.0,1.584962500721156,10.444444444444445,70.22222222222223,19.333333333333332,2.8506907639810013,3.8277601484727217,3.486898390772522
