member,group_id,m1,m2,m3,m4,m5,m6,m7,m8,m9,m10,m11,m12
98539232,3335752,3,1,6,1.5219280948873621,2.584962500721156,2.321928094887362,8.333333333333334,103.0,8.333333333333334,1.8578524207583949,2.664784478952953,1.968963531869506
102796542,3335752,6,8,10,3.0,3.321928094887362,3.0,7.666666666666667,49.0,8.833333333333334,1.3012714042160807,2.56814186934322,1.8393622687589142
93812072,3335752,10,240,17,2.2516291673878226,4.08746284125034,2.584962500721156,5.6,40.7,7.3,1.7064353226883848,2.387507002292222,2.0902422223664656
13806664,3335752,8,3,10,0.863120568566631,3.321928094887362,2.8073549220576046,6.625,74.125,9.0,1.9913667163522097,2.631955283570505,2.1697627134301056
160265672,3335752,6,1,1,0.0,0.0,0.0,7.666666666666667,50.166666666666664,10.333333333333334,1.8012714042160807,3.121796551824447,2.339362268758914
157870732,3335752,5,31,5,2.321928094887362,2.321928094887362,2.321928094887362,7.0,109.0,10.0,1.8602351220084556,2.980835779039474,2.5043200879447456
9649969,3335752,6,9,8,2.321928094887362,2.75,2.321928094887362,7.666666666666667,48.833333333333336,9.166666666666666,1.4142833884015202,2.663463218491114,1.952374252944354
40018292,3335752,6,3,14,1.3709505944546687,3.6644977792004623,2.321928094887362,7.666666666666667,49.833333333333336,8.166666666666666,1.572779638473636,2.511046921957703,1.952374252944354
126888182,3335752,2,50,2,1.0,1.0,1.0,10.0,139.0,10.0,1.6258145836939113,2.836212670985748,1.792481250360578
89967962,3335752,4,263,14,3.6644977792004623,3.3248629576173574,3.8073549220576055,8.25,78.0,8.75,1.609169457710454,2.829070382936555,2.178561379416531
149433182,3335752,10,38,3,1.0,1.584962500721156,1.0,5.6,60.9,8.7,1.831598239427167,2.63775703634514,2.248738472438581
