member,group_id,m1,m2,m3,m4,m5,m6,m7,m8,m9,m10,m11,m12
10124769,3335752,4,10,1,0.0,0.0,0.0,4.5,135.0,5.0,1.5623650699804046,1.4552222128375474,1.5980793556946904
61256422,3335752,2,18,3,0.9182958340544896,1.584962500721156,1.584962500721156,4.0,132.0,3.5,1.5,1.660964047443681,1.5
96304202,3335752,4,14,3,1.584962500721156,1.584962500721156,1.584962500721156,4.5,134.0,4.5,1.1661244448001156,1.0589815876572584,1.2018387305144014
100567692,3335752,4,8,1,0.0,0.0,0.0,4.5,135.5,5.0,1.5623650699804046,1.4552222128375474,1.5980793556946904
39182092,3335752,6,255,2,1.0,1.0,1.0,3.3333333333333335,53.666666666666664,4.5,1.3612926856626846,1.4546299078264513,1.4962133205833197
89967962,3335752,4,263,14,3.6644977792004623,3.2359263506290334,3.8073549220576055,4.5,71.75,1.75,0.646240625180289,0.646240625180289,0.646240625180289
51768382,3335752,2,9,5,2.0,2.321928094887362,2.0,4.0,136.5,2.5,0.9591479170272448,1.292481250360578,1.292481250360578
