member,group_id,m1,m2,m3,m4,m5,m6,m7,m8,m9,m10,m11,m12
190513664,3381752,2,2,1,0.0,0.0,0.0,7.0,149.0,5.0,0.792481250360578,2.0,0.5
113087462,3381752,3,9,12,0.8112781244591328,3.584962500721156,1.584962500721156,6.0,163.66666666666666,28.0,2.3233163394813725,3.6622512437339587,2.9357849740192017
35334152,3381752,7,186,17,3.906890595608518,4.08746284125034,3.8073549220576055,5.0,46.857142857142854,19.714285714285715,1.4887787245493003,3.2237917597800876,1.9131882032541088
41878572,3381752,8,294,2,0.0,1.0,0.0,4.5,27.75,19.25,1.7910427084317027,3.2067506449638694,2.1499590431045457
106614702,3381752,5,2,34,2.440223928941852,4.189541517339139,3.8073549220576055,6.2,98.4,8.8,1.602756238243407,2.596042050339825,1.3614709844115211
190788241,3381752,6,4,8,1.584962500721156,3.0,1.0,5.333333333333333,82.0,11.833333333333334,1.4781737699062887,2.3616252948397105,1.6024516406858684
190705366,3381752,5,2,4,1.0,1.5,0.0,6.2,98.4,14.8,1.8908010240317776,3.133950353807653,2.122941968823042
3439609,3381752,3,11,65,3.0630584228356,5.899290889951535,5.0,6.0,163.0,10.333333333333334,1.5727229066892168,2.8908084473238325,1.7974391409262538
154025182,3381752,5,6,13,1.5219280948873621,3.3927474104487847,2.0,6.2,97.6,13.0,1.786415405054305,2.755400871717896,1.7229419688230423
