member,group_id,m1,m2,m3,m4,m5,m6,m7,m8,m9,m10,m11,m12
9308879,3381752,2,2,16,3.121928094887362,3.75,3.321928094887362,4.0,172.0,1.0,0.0,0.0,0.0
50047282,3381752,1,2,1,0.0,0.0,0.0,3.0,21.0,1.0,0.0,0.0,0.0
40273172,3381752,3,21,1,0.0,0.0,0.0,2.6666666666666665,125.66666666666667,2.6666666666666665,0.6666666666666666,0.861654166907052,0.6666666666666666
3794485,3381752,2,35,6,2.0,2.584962500721156,2.0,4.0,180.5,1.0,0.0,0.0,0.0
49501882,3381752,3,4,1,0.0,0.0,0.0,3.0,116.0,13.333333333333334,1.7651617857208493,2.728868478105961,2.409606230165293
39252892,3381752,5,340,1,0.0,0.0,0.0,2.4,13.6,9.4,1.4590970714325096,2.1543135870078074,1.8457637380991758
15702301,3381752,2,6,23,2.1735572622751858,4.436605434317882,3.906890595608518,4.0,172.0,1.0,0.0,0.0,0.0
