member,group_id,m1,m2,m3,m4,m5,m6,m7,m8,m9,m10,m11,m12
60690722,3381752,2,7,4,1.0,2.0,0.0,6.0,193.5,8.5,1.4226754683112186,1.8514097655573916,1.660964047443681
43296572,3381752,2,5,1,0.0,0.0,0.0,6.0,193.5,8.5,1.4226754683112186,1.8514097655573916,1.660964047443681
86712872,3381752,2,2,1,0.0,0.0,0.0,4.5,172.0,13.0,1.0,2.2819280948873613,0.792481250360578
69081132,3381752,2,4,25,2.0,4.5638561897747225,1.584962500721156,4.5,171.0,1.0,0.0,0.0,0.0
35275772,3381752,5,47,16,2.845350936622437,3.702819531114783,3.321928094887362,3.0,78.0,3.2,0.6503258334775646,0.989540555844018,0.46438561897747244
40273172,3381752,2,21,1,0.0,0.0,0.0,6.0,193.5,8.5,1.4226754683112186,1.8514097655573916,1.660964047443681
39252892,3381752,7,340,1,0.0,0.0,0.0,2.4285714285714284,14.714285714285714,8.142857142857142,1.1567114434300372,1.8877683571585138,1.0326883843565544
10750237,3381752,2,17,9,2.251629167387823,2.94770277922009,2.321928094887362,6.0,193.5,8.5,1.4226754683112186,1.8514097655573916,1.660964047443681
