member,group_id,m1,m2,m3,m4,m5,m6,m7,m8,m9,m10,m11,m12
40694112,3402412,6,59,1,0.0,0.0,0.0,7.0,27.0,1.1666666666666667,0.0,0.16666666666666666,0.0
111035522,3402412,4,1,1,0.0,0.0,0.0,8.25,27.0,1.0,0.0,0.0,0.0
184495075,3402412,9,22,1,0.0,0.0,0.0,5.666666666666667,22.444444444444443,1.4444444444444444,0.10203287045049884,0.3333333333333333,0.1761069445245729
120944642,3402412,4,1,2,0.0,1.0,0.0,8.25,40.5,1.0,0.0,0.0,0.0
84068422,3402412,9,61,1,0.0,0.0,0.0,5.666666666666667,18.11111111111111,1.4444444444444444,0.10203287045049884,0.3333333333333333,0.1761069445245729
187723728,3402412,6,5,1,0.0,0.0,0.0,7.0,36.0,1.0,0.0,0.0,0.0
192929779,3402412,4,1,4,0.9182958340544896,2.0,1.584962500721156,7.75,26.0,1.0,0.0,0.0,0.0
55702132,3402412,4,1,1,0.0,0.0,0.0,7.75,26.0,1.75,0.2295739585136224,0.5,0.396240625180289
41059482,3402412,5,53,1,0.0,0.0,0.0,7.8,33.4,1.0,0.0,0.0,0.0
47778652,3402412,9,20,1,0.0,0.0,0.0,5.666666666666667,22.666666666666668,1.4444444444444444,0.10203287045049884,0.3333333333333333,0.1761069445245729
