member,group_id,m1,m2,m3,m4,m5,m6,m7,m8,m9,m10,m11,m12
96112512,3423412,2,9,1,0.0,0.0,0.0,14.0,1687.0,2.5,0.5,1.0,0.0
76989192,3423412,6,173,1,0.0,0.0,0.0,11.0,663.5,1.6666666666666667,0.3333333333333333,0.5,0.0
69606792,3423412,3,10,3,1.0,1.584962500721156,0.0,9.0,1179.6666666666667,1.3333333333333333,0.0,0.3333333333333333,0.0
63894672,3423412,1,16,1,0.0,0.0,0.0,21.0,3330.0,1.0,0.0,0.0,0.0
117265,3423412,9,220,3,1.0,1.584962500721156,0.0,11.333333333333334,459.44444444444446,1.1111111111111112,0.1111111111111111,0.1111111111111111,0.0
56267162,3423412,6,344,1,0.0,0.0,0.0,11.0,635.0,1.6666666666666667,0.3333333333333333,0.5,0.0
76720932,3423412,9,264,1,0.0,0.0,0.0,11.333333333333334,454.55555555555554,1.3333333333333333,0.2222222222222222,0.28721805563568403,0.0
60645432,3423412,2,156,1,0.0,0.0,0.0,15.5,1773.5,1.0,0.0,0.0,0.0
8607420,3423412,13,60,2,1.0,1.0,0.0,9.461538461538462,374.0769230769231,1.3846153846153846,0.15384615384615385,0.2757663462093197,0.0
40654402,3423412,21,3330,1,0.0,0.0,0.0,6.238095238095238,98.19047619047619,1.4285714285714286,0.19047619047619047,0.34142500006868154,0.0
92865222,3423412,1,52,1,0.0,0.0,0.0,21.0,3330.0,1.0,0.0,0.0,0.0
100773192,3423412,6,7,1,0.0,0.0,0.0,11.0,691.1666666666666,1.6666666666666667,0.3333333333333333,0.5,0.0
93043792,3423412,9,11,1,0.0,0.0,0.0,11.333333333333334,482.6666666666667,1.3333333333333333,0.2222222222222222,0.28721805563568403,0.0
10131666,3423412,1,17,1,0.0,0.0,0.0,21.0,3330.0,1.0,0.0,0.0,0.0
89403862,3423412,7,44,4,1.0,2.0,0.0,9.571428571428571,588.4285714285714,1.1428571428571428,0.14285714285714285,0.14285714285714285,0.0
101556442,3423412,9,27,1,0.0,0.0,0.0,11.333333333333334,480.8888888888889,1.3333333333333333,0.2222222222222222,0.28721805563568403,0.0
71974622,3423412,13,196,1,0.0,0.0,0.0,9.461538461538462,363.61538461538464,1.4615384615384615,0.23076923076923078,0.3526894231323966,0.0
55471332,3423412,3,154,1,0.0,0.0,0.0,9.0,1131.6666666666667,2.0,0.3333333333333333,0.861654166907052,0.0
62587752,3423412,10,217,1,0.0,0.0,0.0,10.3,429.4,1.3,0.2,0.25849625007211563,0.0
2899058,3423412,3,55,2,0.0,1.0,0.0,9.0,1164.6666666666667,1.6666666666666667,0.3333333333333333,0.5283208335737187,0.0
100370932,3423412,9,29,1,0.0,0.0,0.0,11.333333333333334,480.6666666666667,1.3333333333333333,0.2222222222222222,0.28721805563568403,0.0
101544312,3423412,9,1,1,0.0,0.0,0.0,11.333333333333334,483.77777777777777,1.3333333333333333,0.2222222222222222,0.28721805563568403,0.0
