member,group_id,m1,m2,m3,m4,m5,m6,m7,m8,m9,m10,m11,m12
40654402,3423412,13,3330,1,0.0,0.0,0.0,4.846153846153846,83.84615384615384,1.2307692307692308,0.15384615384615385,0.19884326928624277,0.15384615384615385
177582562,3423412,7,10,2,1.0,1.0,1.0,8.142857142857142,536.4285714285714,1.0,0.0,0.0,0.0
63036262,3423412,7,9,1,0.0,0.0,0.0,8.142857142857142,536.5714285714286,1.1428571428571428,0.14285714285714285,0.14285714285714285,0.14285714285714285
85639622,3423412,7,57,1,0.0,0.0,0.0,8.142857142857142,529.7142857142857,1.1428571428571428,0.14285714285714285,0.14285714285714285,0.14285714285714285
6361352,3423412,2,191,1,0.0,0.0,0.0,5.5,119.5,1.0,0.0,0.0,0.0
7991944,3423412,3,59,3,1.0,1.584962500721156,1.0,6.333333333333333,1154.0,1.0,0.0,0.0,0.0
135861322,3423412,2,30,1,0.0,0.0,0.0,5.5,200.0,1.0,0.0,0.0,0.0
6330634,3423412,1,204,1,0.0,0.0,0.0,13.0,3330.0,1.0,0.0,0.0,0.0
182716042,3423412,1,14,1,0.0,0.0,0.0,13.0,3330.0,1.0,0.0,0.0,0.0
132254992,3423412,9,209,1,0.0,0.0,0.0,6.555555555555555,419.6666666666667,1.1111111111111112,0.1111111111111111,0.1111111111111111,0.1111111111111111
30801232,3423412,7,32,1,0.0,0.0,0.0,8.142857142857142,533.2857142857143,1.1428571428571428,0.14285714285714285,0.14285714285714285,0.14285714285714285
74690192,3423412,7,63,1,0.0,0.0,0.0,8.142857142857142,528.8571428571429,1.1428571428571428,0.14285714285714285,0.14285714285714285,0.14285714285714285
125137872,3423412,7,55,1,0.0,0.0,0.0,8.142857142857142,530.0,1.1428571428571428,0.14285714285714285,0.14285714285714285,0.14285714285714285
53328982,3423412,1,246,1,0.0,0.0,0.0,13.0,3330.0,1.0,0.0,0.0,0.0
104225432,3423412,3,76,1,0.0,0.0,0.0,6.333333333333333,1148.3333333333333,1.6666666666666667,0.3333333333333333,0.5283208335737187,0.3333333333333333
57344922,3423412,3,56,1,0.0,0.0,0.0,6.333333333333333,1155.0,1.6666666666666667,0.3333333333333333,0.5283208335737187,0.3333333333333333
