member,group_id,m1,m2,m3,m4,m5,m6,m7,m8,m9,m10,m11,m12
40654402,3423412,6,3330,1,0.0,0.0,0.0,4.333333333333333,130.0,1.8333333333333333,0.16666666666666666,0.430827083453526,0.16666666666666666
55471332,3423412,5,154,1,0.0,0.0,0.0,5.2,781.4,2.0,0.2,0.5169925001442313,0.2
6361352,3423412,5,191,1,0.0,0.0,0.0,5.2,774.0,2.0,0.2,0.5169925001442313,0.2
6330634,3423412,5,204,1,0.0,0.0,0.0,5.2,771.4,2.0,0.2,0.5169925001442313,0.2
2271566,3423412,5,63,6,1.0,2.584962500721156,1.0,5.2,799.6,1.0,0.0,0.0,0.0
56470352,3423412,1,49,1,0.0,0.0,0.0,6.0,3330.0,1.0,0.0,0.0,0.0
61911642,3423412,5,119,1,0.0,0.0,0.0,5.2,788.4,2.0,0.2,0.5169925001442313,0.2
