member,group_id,m1,m2,m3,m4,m5,m6,m7,m8,m9,m10,m11,m12
74336512,3423412,6,98,1,0.0,0.0,0.0,9.166666666666666,590.3333333333334,1.3333333333333333,0.16666666666666666,0.3333333333333333,0.0
103889412,3423412,3,72,1,0.0,0.0,0.0,10.0,1141.3333333333333,1.0,0.0,0.0,0.0
76989192,3423412,5,173,1,0.0,0.0,0.0,6.2,138.4,1.2,0.2,0.2,0.0
71248522,3423412,11,68,1,0.0,0.0,0.0,6.818181818181818,397.1818181818182,1.2727272727272727,0.18181818181818182,0.2727272727272727,0.0
56267162,3423412,5,344,1,0.0,0.0,0.0,6.2,104.2,1.2,0.2,0.2,0.0
57344922,3423412,6,56,1,0.0,0.0,0.0,9.166666666666666,597.3333333333334,1.3333333333333333,0.16666666666666666,0.3333333333333333,0.0
76720932,3423412,5,264,1,0.0,0.0,0.0,8.2,712.0,2.0,0.4,0.6643856189774724,0.0
57344822,3423412,9,63,2,0.0,1.0,0.0,7.333333333333333,446.1111111111111,1.1111111111111112,0.1111111111111111,0.1111111111111111,0.0
56136122,3423412,6,19,2,1.0,1.0,0.0,9.166666666666666,603.5,1.1666666666666667,0.0,0.16666666666666666,0.0
8607420,3423412,5,60,2,1.0,1.0,0.0,8.2,752.8,1.8,0.2,0.46438561897747244,0.0
40654402,3423412,17,3330,1,0.0,0.0,0.0,5.647058823529412,79.47058823529412,1.411764705882353,0.17647058823529413,0.31305459381690365,0.0
14318030,3423412,5,68,2,1.0,1.0,0.0,6.2,159.4,1.0,0.0,0.0,0.0
12809429,3423412,5,116,5,1.0,2.321928094887362,0.0,8.2,741.6,1.2,0.2,0.2,0.0
79410902,3423412,7,27,1,0.0,0.0,0.0,6.857142857142857,562.2857142857143,1.7142857142857142,0.2857142857142857,0.4745611564124803,0.0
101556442,3423412,7,27,1,0.0,0.0,0.0,6.428571428571429,547.7142857142857,1.7142857142857142,0.2857142857142857,0.4745611564124803,0.0
71974622,3423412,5,196,1,0.0,0.0,0.0,6.2,133.8,1.2,0.2,0.2,0.0
79097952,3423412,5,16,1,0.0,0.0,0.0,6.2,169.8,1.2,0.2,0.2,0.0
55471332,3423412,4,154,1,0.0,0.0,0.0,9.0,919.25,1.25,0.0,0.25,0.0
62587752,3423412,4,217,1,0.0,0.0,0.0,9.0,903.5,1.25,0.0,0.25,0.0
78018922,3423412,6,6,1,0.0,0.0,0.0,9.166666666666666,605.6666666666666,1.3333333333333333,0.16666666666666666,0.3333333333333333,0.0
106648812,3423412,6,67,1,0.0,0.0,0.0,7.333333333333333,643.8333333333334,1.1666666666666667,0.0,0.16666666666666666,0.0
100370932,3423412,3,29,1,0.0,0.0,0.0,9.0,1121.6666666666667,1.0,0.0,0.0,0.0
96378622,3423412,3,8,1,0.0,0.0,0.0,9.0,1128.6666666666667,1.0,0.0,0.0,0.0
