member,group_id,m1,m2,m3,m4,m5,m6,m7,m8,m9,m10,m11,m12
24702152,3437122,5,1,21,0.0,3.916126946588284,2.0,5.2,25.2,26.2,1.8940183826933008,3.7890865103415736,2.62909707143251
19484361,3437122,5,38,17,1.7924812503605778,3.734521664779752,2.321928094887362,5.2,17.8,27.0,1.5355221326211854,3.825407566703279,2.5647114524550374
91637352,3437122,6,62,8,1.584962500721156,2.75,1.0,4.333333333333333,11.0,25.166666666666668,1.5783486522444174,3.81981907005896,2.5242475595270917
2969294,3437122,1,1,7,1.584962500721156,2.8073549220576046,1.0,6.0,62.0,8.0,1.584962500721156,2.75,1.0
182897008,3437122,5,16,3,0.0,1.584962500721156,0.0,5.2,22.2,29.8,1.8940183826933008,4.255319399515,3.02909707143251
10171513,3437122,5,1,70,3.401137384896997,5.975641766914065,5.3219280948873635,5.2,25.2,16.4,1.2137909057139018,3.3771835462764175,1.964711452455037
4227037,3437122,5,9,33,2.6915107774877747,4.900306619292897,4.501629167387823,5.2,23.6,23.8,1.3557162271957461,3.5922505758006507,2.128771237954945
