member,group_id,m1,m2,m3,m4,m5,m6,m7,m8,m9,m10,m11,m12
8812192,345700,5,29,5,2.321928094887362,2.321928094887362,2.0,11.6,63.0,2.4,0.6,1.0,0.3169925001442312
933796,345700,5,2,1,0.0,0.0,0.0,10.4,31.8,2.6,0.4,1.1169925001442311,0.3169925001442312
7410662,345700,5,9,1,0.0,0.0,0.0,11.6,67.0,3.2,1.0643856189774723,1.4643856189774724,0.7169925001442312
4013320,345700,15,32,4,2.0,2.0,1.584962500721156,7.6,29.333333333333332,3.066666666666667,0.4854050674609738,1.0414090742183093,0.3937927063739012
8425418,345700,5,2,1,0.0,0.0,0.0,10.4,31.8,2.6,0.4,1.1169925001442311,0.3169925001442312
7576222,345700,4,11,54,1.626688849701832,5.444611807678959,3.5465935642949384,11.0,69.75,4.75,0.6147869792568113,1.646240625180289,0.5804820237218405
8553118,345700,6,3,7,1.5,2.8073549220576046,1.584962500721156,11.833333333333334,55.833333333333336,2.0,0.3333333333333333,0.6666666666666666,0.26416041678685936
5639514,345700,10,18,1,0.0,0.0,0.0,9.0,37.0,2.8,0.45,1.0714245517666123,0.3169925001442312
9207822,345700,10,8,1,0.0,0.0,0.0,9.1,41.7,2.7,0.55,1.0129283016944968,0.3169925001442312
3505584,345700,9,36,2,1.0,1.0,0.0,8.555555555555555,37.0,9.222222222222221,0.8230849846240488,1.705722489254164,1.0503871288781619
8872179,345700,4,5,1,0.0,0.0,0.0,12.5,47.75,3.5,0.75,1.5804820237218404,0.396240625180289
9291638,345700,3,1,1,0.0,0.0,0.0,12.0,50.0,2.3333333333333335,0.3333333333333333,1.0,0.0
6952791,345700,17,106,4,0.0,2.0,0.0,7.0,22.235294117647058,5.9411764705882355,0.6416332271539081,1.2391616424090353,0.6493203918014478
9180186,345700,8,45,5,1.0,2.321928094887362,0.0,10.125,43.125,3.125,0.4323934896284056,0.9481203125901445,0.4883613244510648
5619835,345700,7,39,1,0.0,0.0,0.0,11.142857142857142,49.142857142857146,3.2857142857142856,0.6428571428571429,1.3041832881349953,0.45284642877747316
9185501,345700,12,132,1,0.0,0.0,0.0,8.5,28.416666666666668,8.083333333333334,0.9089804051347032,1.790065451686037,0.9198705550520511
3933758,345700,6,5,12,1.4591479170272448,3.584962500721156,2.321928094887362,10.833333333333334,60.333333333333336,11.666666666666666,0.9377814749503054,2.1277566504277203,0.8552593441693491
8306879,345700,5,1,3,0.0,1.584962500721156,0.0,10.4,32.0,2.2,0.4,0.8,0.3169925001442312
