member,group_id,m1,m2,m3,m4,m5,m6,m7,m8,m9,m10,m11,m12
2699234,345700,1,5,2,1.0,1.0,1.0,1.0,36.0,2.0,1.0,1.0,1.0
3128745,345700,2,8,3,1.584962500721156,1.584962500721156,1.584962500721156,3.5,7.0,4.5,1.5,1.5,1.5
3630861,345700,1,12,12,2.321928094887362,3.188721875540867,2.321928094887362,3.0,50.0,12.0,2.5,3.584962500721156,3.0
3505584,345700,1,36,2,1.0,1.0,1.0,1.0,5.0,2.0,1.0,1.0,1.0
3758009,345700,3,3,8,1.9182958340544893,3.0,2.584962500721156,3.3333333333333335,21.333333333333332,7.0,1.8333333333333333,2.1949875002403854,2.0
560221,345700,4,4,1,0.0,0.0,0.0,2.75,17.75,7.75,2.2508145836939115,2.792481250360578,2.542481250360578
3154814,345700,3,10,8,3.0,3.0,3.0,3.0,5.0,4.0,1.1677527782585484,1.5283208335737186,1.3899750004807707
2590687,345700,3,50,12,2.5,3.584962500721156,3.0,2.6666666666666665,6.333333333333333,7.0,1.4134079763139507,2.062907291846956,1.6356301985361725
