member,group_id,m1,m2,m3,m4,m5,m6,m7,m8,m9,m10,m11,m12
10893505,345700,2,3,9,1.9219280948873623,3.169925001442312,2.321928094887362,8.0,167.5,1.0,0.0,0.0,0.0
13776645,345700,2,1,1,0.0,0.0,0.0,8.0,167.5,1.0,0.0,0.0,0.0
13188943,345700,4,2,1,0.0,0.0,0.0,6.0,90.0,2.25,0.396240625180289,0.896240625180289,0.646240625180289
13465808,345700,2,9,4,1.5,2.0,2.0,8.0,167.5,1.0,0.0,0.0,0.0
13707955,345700,2,1,26,0.9182958340544896,4.440636352673265,1.584962500721156,8.0,167.5,1.0,0.0,0.0,0.0
9196441,345700,4,23,4,1.584962500721156,2.0,1.584962500721156,6.0,84.75,1.5,0.0,0.396240625180289,0.25
9465180,345700,8,203,1,0.0,0.0,0.0,3.5,21.625,6.125,0.7406483037078759,1.6494404818545918,1.0614816370412092
9185501,345700,8,132,1,0.0,0.0,0.0,3.5,30.5,6.125,0.7406483037078759,1.6494404818545918,1.0614816370412092
13882463,345700,4,2,3,0.0,1.584962500721156,1.0,6.0,90.0,1.75,0.396240625180289,0.5,0.396240625180289
