member,group_id,m1,m2,m3,m4,m5,m6,m7,m8,m9,m10,m11,m12
63553632,3485762,3,6,67,2.687140582636236,5.94668620538314,5.259991029008325,4.333333333333333,6.666666666666667,35.0,2.9451302577972576,4.907856222841883,4.34107818561533
8692225,3485762,5,6,11,2.725480556997868,3.459431618637298,3.169925001442312,6.8,9.4,36.4,2.440326857017093,3.826059057991768,3.2883989434699132
48513542,3485762,2,5,5,0.0,2.321928094887362,0.0,6.0,12.5,57.5,3.1687505070911697,5.045477199163338,4.212593214831504
37907592,3485762,2,4,11,2.503258334775646,3.459431618637298,3.169925001442312,9.5,21.0,79.5,4.197139681513931,6.111702347175161,5.524838647285402
59919082,3485762,5,1,10,1.0,3.321928094887362,2.584962500721156,6.8,10.4,36.6,2.7854229684166665,3.8535597627417553,3.405391443614144
23765261,3485762,2,1,15,2.4193819456463714,3.906890595608518,3.169925001442312,2.5,3.5,50.0,2.8973709470741458,5.465237132067768,4.951923609391524
71979662,3485762,2,1,9,2.1556390622295662,3.169925001442312,3.0,9.5,21.0,79.5,4.197139681513931,6.111702347175161,5.524838647285402
74645422,3485762,5,1,1,0.0,0.0,0.0,6.8,10.4,38.4,2.9854229684166667,4.517945381719228,3.922383943758375
2358769,3485762,2,5,6,2.2516291673878226,2.584962500721156,2.584962500721156,9.5,21.0,79.5,4.197139681513931,6.111702347175161,5.524838647285402
9720820,3485762,5,3,12,2.8073549220576046,3.584962500721156,2.8073549220576046,6.8,10.0,36.2,2.4239519840051456,3.8009528815749967,3.360912959346854
59374102,3485762,2,1,13,1.2516291673878228,3.7004397181410926,2.584962500721156,6.0,14.5,53.5,2.542935923397258,4.356221387536473,2.9201119644709252
2676380,3485762,9,18,57,3.308407516233345,5.832890014164737,5.209453365628954,4.333333333333333,5.666666666666667,25.444444444444443,2.3573749414310288,3.5464269134017,3.1574827649260797
19768541,3485762,10,24,102,5.085871846794516,6.390514680185584,5.8402239289418505,3.9,4.5,13.5,1.8003398727069673,3.143589916223977,2.511154579273465
4435070,3485762,2,1,33,3.107601311512056,4.9837880587523955,4.643856189774723,2.5,3.5,41.0,2.5532612641413035,4.926788400495829,4.214958015225319
