member,group_id,m1,m2,m3,m4,m5,m6,m7,m8,m9,m10,m11,m12
34394432,3515472,6,68,1,0.0,0.0,0.0,6.0,20.666666666666668,4.833333333333333,1.0177671895107459,1.9962133205833197,1.23205290379646
10713379,3515472,6,41,8,2.5216406363433186,3.0,2.8073549220576046,6.0,25.166666666666668,3.6666666666666665,0.5974937501201927,1.4962133205833197,0.7641604167868593
196493989,3515472,6,2,7,0.0,2.8073549220576046,0.0,6.0,31.666666666666668,3.8333333333333335,1.0177671895107459,1.5283208335737186,1.23205290379646
153847432,3515472,6,20,1,0.0,0.0,0.0,6.0,28.666666666666668,4.833333333333333,1.0177671895107459,1.9962133205833197,1.23205290379646
186307986,3515472,6,10,6,2.0,2.584962500721156,2.0,6.0,30.333333333333332,4.0,0.6844338561774125,1.5653862371297933,0.8987195704631268
196787668,3515472,6,1,4,0.0,2.0,1.0,6.0,31.833333333333332,4.333333333333333,1.0177671895107459,1.6628799872499862,1.0653862371297935
16097661,3515472,6,50,3,1.584962500721156,1.584962500721156,1.584962500721156,6.0,23.666666666666668,4.5,0.7536067727238865,1.73205290379646,0.9678924870096007
