member,group_id,m1,m2,m3,m4,m5,m6,m7,m8,m9,m10,m11,m12
8109024,352458,5,24,24,2.521640636343318,4.584962500721156,3.7004397181410926,7.0,45.0,11.6,1.9206983892350564,3.0625393110125794,1.9813781191217035
63553632,352458,1,2,67,2.687140582636236,5.905568481470254,5.221928094887364,14.0,167.0,12.0,2.8073549220576046,3.584962500721156,2.584962500721156
156576452,352458,2,4,14,3.0269868333592873,3.8073549220576055,3.584962500721156,10.0,109.0,10.5,2.6961587113893803,3.266332639970623,2.453445297804259
185496006,352458,2,9,5,1.9219280948873623,2.321928094887362,2.0,8.0,85.5,21.0,2.587938724892906,4.033345089795446,2.953445297804259
185290088,352458,2,1,22,0.0,4.186704345910023,2.321928094887362,8.0,86.0,58.0,3.4386476564469617,5.000827191141093,4.422361846971194
13470345,352458,2,63,36,4.286790198827112,4.614369445886755,4.373660689688184,8.0,86.0,15.5,2.4814969921435854,3.8638134281350034,2.6961587113893803
162026092,352458,1,5,9,2.5216406363433186,3.169925001442312,2.584962500721156,14.0,167.0,12.0,2.8073549220576046,3.584962500721156,2.584962500721156
111576622,352458,2,5,104,4.069940390836319,6.416691881561031,6.259761193221231,8.0,84.0,17.0,1.4036774610288023,3.8858334233155896,2.453445297804259
186135827,352458,5,2,5,0.9182958340544896,2.321928094887362,1.0,7.0,49.4,15.4,2.2413673496928217,3.5151461921793383,2.521466062749922
184372052,352458,5,4,26,1.3709505944546687,3.8731406795131327,2.0,7.0,49.0,11.2,2.150836397612786,3.2049036752541844,2.321466062749922
107135892,352458,2,5,19,2.1556390622295662,4.142664355548851,2.8073549220576046,8.0,115.0,24.0,3.5470725604423583,4.0996659733039555,3.47931159520467
103986422,352458,6,51,9,2.584962500721156,2.94770277922009,2.321928094887362,6.0,33.666666666666664,14.5,2.0945261525261216,3.4595518664369282,2.4783941199305675
13355800,352458,2,4,30,2.368522527728207,4.481727678869737,3.321928094887362,8.0,88.0,8.5,2.3646415084724834,2.953445297804259,2.292481250360578
161480892,352458,5,1,6,1.9219280948873623,2.584962500721156,2.0,7.0,49.6,15.2,2.0406408975262478,3.4625393110125797,2.321466062749922
71631102,352458,14,167,12,2.8073549220576046,3.584962500721156,2.584962500721156,3.0,12.857142857142858,26.857142857142858,2.311168999093457,3.9542593401926305,3.107060993149991
