member,group_id,m1,m2,m3,m4,m5,m6,m7,m8,m9,m10,m11,m12
13250132,3537812,1,29,54,2.7666628417376784,5.4676694465277835,4.954196310386877,1.0,165.0,13.0,2.321928094887362,3.5465935642949384,2.321928094887362
13418830,3537812,1,165,13,2.321928094887362,3.5465935642949384,2.321928094887362,1.0,29.0,54.0,2.7666628417376784,5.4676694465277835,4.954196310386877
