member,group_id,m1,m2,m3,m4,m5,m6,m7,m8,m9,m10,m11,m12
21365921,3545632,4,8,2,1.0,1.0,0.0,6.0,14.5,3.5,1.042481250360578,1.410964047443681,0.5
124689382,3545632,5,4,2,0.0,0.0,0.0,5.8,12.4,7.8,1.279899791991187,2.0415424759098895,1.0918863237274596
32072812,3545632,6,6,5,1.584962500721156,2.321928094887362,1.0,5.333333333333333,11.333333333333334,6.333333333333333,0.9690894098724631,1.480964047443681,0.7432386031062164
43650932,3545632,5,4,25,2.2295739585136225,4.5638561897747225,3.459431618637298,5.8,12.4,3.2,0.8339850002884625,1.1287712379549448,0.4
40871192,3545632,6,34,2,0.0,0.0,0.0,5.333333333333333,6.666666666666667,6.833333333333333,1.2332498266593224,1.8679520632582411,0.909905269772883
130816762,3545632,6,6,2,1.0,1.0,0.0,5.333333333333333,11.333333333333334,6.833333333333333,1.0665831599926558,1.7012853965915744,0.909905269772883
10534203,3545632,6,12,5,1.584962500721156,2.321928094887362,1.0,5.333333333333333,10.333333333333334,6.333333333333333,0.9690894098724631,1.480964047443681,0.7432386031062164
