member,group_id,m1,m2,m3,m4,m5,m6,m7,m8,m9,m10,m11,m12
149664192,3587272,9,46,2,1.0,1.0,0.0,4.777777777777778,72.66666666666667,4.666666666666667,1.1745987083121088,1.914730091706332,0.7966583334935903
101228802,3587272,4,67,4,1.0,2.0,0.0,6.25,40.75,6.25,1.5623650699804044,2.3971786588955664,1.292481250360578
129001922,3587272,5,88,19,2.4193819456463714,4.247927513443588,3.0,6.4,134.6,10.6,1.576957037189103,3.1169220474499055,2.0339850002884625
118634722,3587272,2,69,2,1.0,1.0,0.0,5.5,33.5,1.5,0.5,0.5,0.0
159293212,3587272,5,2,18,0.7219280948873623,4.169925001442313,2.0,6.4,151.8,10.8,1.916447807340905,3.1325225498501608,2.2339850002884623
10045286,3587272,5,141,13,1.9609640474436814,3.7004397181410926,3.169925001442312,6.4,124.0,11.8,1.6686406168296415,3.2264196065104045,2.0
3910028,3587272,4,2,11,1.6644977792004616,3.459431618637298,2.584962500721156,6.25,57.0,4.5,1.396240625180289,2.032320754236242,0.646240625180289
9655342,3587272,6,332,14,1.8799649487271108,3.8073549220576055,3.0,5.5,84.0,12.666666666666666,1.8623670304774629,3.3658513050129706,2.1628799872499864
9912783,3587272,4,5,5,2.0,2.321928094887362,1.584962500721156,6.25,56.25,6.0,1.3123650699804044,2.3166966351737255,0.896240625180289
54212942,3587272,5,327,5,1.0,2.321928094887362,0.0,6.8,42.0,5.8,1.14363374401353,2.165944547017212,0.9169925001442312
6193458,3587272,8,110,7,1.584962500721156,2.8073549220576046,1.0,5.375,62.625,5.875,1.2247129998183695,2.2657069526800595,0.9693609377704335
145769172,3587272,3,1,13,0.8112781244591328,3.7004397181410926,1.584962500721156,7.666666666666667,161.33333333333334,5.666666666666667,1.6356301985361725,2.483737037277443,1.0
71523092,3587272,2,75,18,2.75,4.169925001442313,2.8073549220576046,6.0,241.5,8.5,1.4399824743635554,2.696158711389381,1.5
86152472,3587272,2,21,1,0.0,0.0,0.0,5.5,57.5,2.0,1.0,1.0,0.0
76828122,3587272,4,6,2,0.0,1.0,0.0,8.0,132.5,4.75,1.4767226489021295,2.1128027779580822,0.75
14285755,3587272,10,47,5,2.321928094887362,2.321928094887362,2.0,5.6,120.4,9.6,1.2378479661884814,2.8340332390891816,1.3754887502163469
5405660,3587272,6,151,3,1.0,1.584962500721156,0.0,5.5,114.16666666666667,14.5,2.0090278552653147,3.7362500419023785,2.6628799872499864
