member,group_id,m1,m2,m3,m4,m5,m6,m7,m8,m9,m10,m11,m12
58906752,3587272,6,155,3,0.9182958340544896,1.584962500721156,1.0,10.833333333333334,168.66666666666666,7.666666666666667,1.6194261028060148,2.659834292005171,1.3178150992680864
13397473,3587272,2,2,2,0.0,1.0,0.0,11.0,214.5,4.5,1.292481250360578,2.160964047443681,0.5
37927142,3587272,3,1,6,0.9182958340544896,2.584962500721156,1.0,10.333333333333334,152.33333333333334,16.333333333333332,1.749025472835595,3.263714326936667,2.407309364962454
10045286,3587272,10,141,13,1.9609640474436814,3.7004397181410926,3.169925001442312,10.9,122.4,5.3,1.263485245089058,1.884352853461109,0.8906890595608518
88969352,3587272,3,11,13,2.2516291673878226,3.7004397181410926,2.321928094887362,11.333333333333334,203.33333333333334,6.333333333333333,1.2660869275938669,2.130772474259587,1.3333333333333333
282922,3587272,9,45,12,2.584962500721156,3.584962500721156,2.321928094887362,11.333333333333334,144.66666666666666,5.888888888888889,1.3345393330681228,2.106556194670114,1.0838763891292742
54212942,3587272,12,327,5,1.0,2.321928094887362,0.0,9.583333333333334,99.58333333333333,5.5,1.209509361032396,1.9005835548821643,1.0897346330875692
9655342,3587272,14,332,14,1.8799649487271108,3.8073549220576055,3.0,8.571428571428571,85.85714285714286,7.642857142857143,1.3693702753488304,2.25648329350217,1.2586194133446824
6193458,3587272,11,110,7,1.584962500721156,2.8073549220576046,1.0,10.363636363636363,128.1818181818182,5.636363636363637,1.2662863483334177,1.9383250755832486,1.0978923270046208
10143027,3587272,3,2,33,2.367111469779674,4.9837880587523955,4.221928094887362,10.333333333333334,152.0,7.333333333333333,1.2660869275938669,2.4641058075929205,1.3333333333333333
95531762,3587272,10,55,2,1.0,1.0,0.0,10.9,131.0,6.4,1.359581649833426,2.154396825275218,1.207681559705083
3522994,3587272,8,18,1,0.0,0.0,0.0,11.5,150.0,6.125,1.3032364371114935,2.119875719003878,1.0943609377704335
11173686,3587272,11,109,5,2.0,2.321928094887362,1.584962500721156,10.363636363636363,128.27272727272728,5.818181818181818,1.2285556665807955,1.98245478714418,1.0447139178481522
10895032,3587272,14,123,2,1.0,1.0,0.0,8.571428571428571,100.78571428571429,8.5,1.432224914543624,2.457008645077713,1.4729051276303966
68531772,3587272,10,102,4,1.584962500721156,2.0,1.0,10.3,124.7,6.3,1.3010853997613103,2.154396825275218,1.107681559705083
3340127,3587272,10,3,1,0.0,0.0,0.0,10.9,136.2,6.5,1.459581649833426,2.2543968252752182,1.207681559705083
