member,group_id,m1,m2,m3,m4,m5,m6,m7,m8,m9,m10,m11,m12
45825472,3723892,2,12,1,0.0,0.0,0.0,12.0,116.5,2.5,0.0,1.0,0.0
46464192,3723892,9,9,1,0.0,0.0,0.0,9.777777777777779,36.77777777777778,3.4444444444444446,0.5835143519319802,1.259983333653847,0.43409895506761315
39789542,3723892,3,5,16,1.6644977792004616,3.75,2.584962500721156,12.666666666666666,79.0,2.6666666666666665,0.3333333333333333,1.1949875002403854,0.0
7210857,3723892,13,70,3,1.0,1.584962500721156,0.0,8.0,21.846153846153847,6.923076923076923,0.7790768544606561,1.4557296825798802,0.882241001525353
45575722,3723892,15,223,4,0.0,2.0,0.0,7.133333333333334,9.866666666666667,7.066666666666666,0.8528331258125994,1.48396322495064,0.9369397013700497
34038122,3723892,7,6,9,2.2516291673878226,3.169925001442312,2.321928094887362,10.714285714285714,46.0,3.0,0.42857142857142855,1.1671321430631874,0.22642321438873658
52006602,3723892,7,4,1,0.0,0.0,0.0,10.714285714285714,46.285714285714285,4.142857142857143,0.7502327381982603,1.6199785718406605,0.558127227944074
4714254,3723892,8,2,8,1.0,3.0,1.584962500721156,10.0,41.0,2.875,0.5314536459234778,1.042481250360578,0.2902410118609203
50175122,3723892,5,1,1,0.0,0.0,0.0,9.8,62.6,13.4,1.3752739881201415,2.550912174419227,1.5124484848442143
46111252,3723892,9,10,1,0.0,0.0,0.0,8.777777777777779,37.666666666666664,8.11111111111111,0.8751522156223008,1.5932803747574769,0.8402491582467858
4683861,3723892,7,3,40,2.7544418457133455,5.171928094887363,4.39231742277876,10.0,46.42857142857143,4.571428571428571,0.7317040135553375,1.3096564682757037,0.45284642877747316
53347382,3723892,6,2,1,0.0,0.0,0.0,11.333333333333334,53.0,3.3333333333333335,0.5,1.361654166907052,0.26416041678685936
45666392,3723892,12,10,1,0.0,0.0,0.0,8.166666666666666,28.416666666666668,7.333333333333333,0.8058807326918025,1.6884815081476656,0.9070142099257028
13097658,3723892,11,4,3,1.0,1.584962500721156,0.0,8.727272727272727,31.272727272727273,7.7272727272727275,0.7882335265728755,1.6978923270046211,0.9894700471916758
10222077,3723892,5,7,19,3.121928094887362,3.9976702764876153,3.169925001442312,9.8,61.4,9.8,0.7508883691426691,1.751378119121704,0.878463484555752
45676442,3723892,3,3,1,0.0,0.0,0.0,13.333333333333334,101.0,2.6666666666666665,0.3333333333333333,1.1949875002403854,0.0
