member,group_id,m1,m2,m3,m4,m5,m6,m7,m8,m9,m10,m11,m12
46464192,3723892,10,9,1,0.0,0.0,0.0,8.6,33.5,4.1,0.6503258334775646,1.4461778097771987,0.9169925001442312
45825472,3723892,3,12,1,0.0,0.0,0.0,10.666666666666666,78.0,5.0,0.4172097224626076,1.7073093649624542,0.861654166907052
54865602,3723892,4,7,11,2.0,3.459431618637298,2.0,9.25,74.5,5.25,0.792481250360578,2.1767226489021296,1.292481250360578
16989221,3723892,2,15,11,1.5,3.459431618637298,2.0,9.5,113.0,3.5,0.0,1.792481250360578,0.0
13729862,3723892,3,3,4,0.9182958340544896,2.0,1.584962500721156,8.666666666666666,77.33333333333333,8.333333333333334,1.0838763891292744,2.8604532378415537,1.5283208335737186
7210857,3723892,12,70,3,1.0,1.584962500721156,1.0,7.75,23.583333333333332,6.75,0.7505059177584306,1.5321872679740107,1.0036995099465376
45575722,3723892,17,223,4,0.0,2.0,0.0,6.0588235294117645,9.705882352941176,6.411764705882353,0.8044703537966752,1.6551489370973589,1.1302540659294567
34038122,3723892,7,6,9,2.2516291673878226,3.169925001442312,2.584962500721156,10.714285714285714,46.0,3.0,0.42857142857142855,1.1671321430631874,0.5714285714285714
52006602,3723892,7,4,1,0.0,0.0,0.0,10.714285714285714,46.285714285714285,4.142857142857143,0.7502327381982603,1.6199785718406605,0.9407089286744509
56284842,3723892,5,2,10,1.2516291673878228,3.121928094887362,2.584962500721156,7.4,50.8,4.2,0.5836591668108979,1.4918863237274596,0.7169925001442312
4714254,3723892,8,2,8,1.0,3.0,2.0,10.0,41.0,2.875,0.5314536459234778,1.042481250360578,0.5731203125901445
46111252,3723892,5,10,1,0.0,0.0,0.0,11.0,62.0,10.2,0.950888369142669,2.0683706192659352,1.291886323727459
4683861,3723892,5,3,40,2.7544418457133455,5.171928094887363,4.459431618637295,11.0,63.4,2.4,0.4,1.0339850002884625,0.4
53347382,3723892,6,2,1,0.0,0.0,0.0,11.333333333333334,53.0,3.3333333333333335,0.5,1.361654166907052,0.6666666666666666
24429432,3723892,2,3,3,0.0,1.584962500721156,0.0,9.5,119.0,7.5,0.75,2.729715809318649,1.0
45666392,3723892,11,10,1,0.0,0.0,0.0,8.181818181818182,30.545454545454547,6.545454545454546,0.7278246375546515,1.5010707361610898,1.0040358290325864
13097658,3723892,10,4,3,1.0,1.584962500721156,1.0,8.8,33.9,6.9,0.7006071013101167,1.492681559705083,1.004439411935845
45676442,3723892,3,3,1,0.0,0.0,0.0,13.333333333333334,101.0,2.6666666666666665,0.3333333333333333,1.1949875002403854,0.3333333333333333
