member,group_id,m1,m2,m3,m4,m5,m6,m7,m8,m9,m10,m11,m12
145163362,3762682,3,6,3,1.0,1.584962500721156,1.0,4.0,17.666666666666668,34.333333333333336,1.6429394195286402,3.3799449105265738,2.5551119723950584
46213732,3762682,6,49,21,2.5216406363433186,4.297079327540665,2.8073549220576046,2.3333333333333335,2.3333333333333335,19.166666666666668,0.5678629370404337,2.1554040647208392,1.1429968325212618
187800132,3762682,2,2,2,0.0,1.0,1.0,5.0,26.0,51.0,2.46440912929296,5.069917365789861,3.832667958592588
188210377,3762682,2,1,1,0.0,0.0,0.0,4.5,27.5,12.0,1.7608203181716593,2.9410209141309105,1.9036774610288023
25905232,3762682,1,1,27,0.0,4.504706483564823,0.0,6.0,49.0,21.0,2.5216406363433186,4.297079327540665,2.8073549220576046
19843481,3762682,4,3,81,2.407177622242602,5.842755404039056,4.857980995127571,3.25,14.5,6.75,0.8804101590858296,1.7205104570654552,1.2018387305144012
184955164,3762682,2,1,1,0.0,0.0,0.0,5.0,26.0,51.0,2.46440912929296,5.069917365789861,3.832667958592588
