member,group_id,m1,m2,m3,m4,m5,m6,m7,m8,m9,m10,m11,m12
233092,3778962,3,5,3,1.0,1.584962500721156,0.0,7.0,109.33333333333333,5.0,0.9357849740192016,1.2168182418063533,0.861654166907052
49570952,3778962,4,11,7,2.2516291673878226,2.8073549220576046,2.321928094887362,6.25,82.5,8.0,0.9131764646700102,1.905067626961468,1.4767226489021295
9874313,3778962,2,12,21,2.6416041678685933,4.297079327540665,3.0,5.5,39.5,9.0,1.2028195311147831,2.412593214831504,1.4036774610288023
8608682,3778962,2,1,15,2.4056390622295662,3.906890595608518,2.8073549220576046,5.5,45.0,12.0,1.3208020839342967,2.6076875807975775,1.5
50306092,3778962,4,2,17,0.8453509366224365,3.969815782426811,3.321928094887362,6.25,84.75,5.5,1.264746022361357,1.6144524118691663,1.2267226489021295
14493517,3778962,4,54,5,1.0,2.321928094887362,0.0,5.0,146.5,7.5,1.5980793556946902,2.2671876398683874,1.2267226489021295
13518671,3778962,2,128,12,2.584962500721156,3.4182958340544896,2.321928094887362,5.5,150.5,8.0,1.9036774610288023,2.5270434931259667,1.292481250360578
29065362,3778962,9,78,3,0.0,0.9182958340544896,0.0,3.6666666666666665,52.0,9.333333333333334,1.5501753617962246,2.6244655682896316,1.559574845839276
53037682,3778962,2,133,4,1.0,2.0,0.0,6.5,66.0,4.0,0.5,1.6201119644709259,0.0
17427961,3778962,7,247,11,2.8073549220576046,2.7321588913645707,2.584962500721156,4.428571428571429,40.142857142857146,6.857142857142857,1.0974203721044877,2.1458075668859875,1.1379691835231553
31218972,3778962,5,3,1,0.0,0.0,0.0,5.4,68.6,8.2,1.3808670052135728,2.4025175861249264,1.6457637380991759
