member,group_id,m1,m2,m3,m4,m5,m6,m7,m8,m9,m10,m11,m12
109161472,3833182,3,4,15,1.5219280948873621,3.906890595608518,2.321928094887362,8.333333333333334,231.33333333333334,2.0,0.3333333333333333,0.6666666666666666,0.3333333333333333
121589372,3833182,6,7,1,0.0,0.0,0.0,6.0,117.33333333333333,4.5,0.5869880158145603,1.484481765934753,0.7203213491478936
118406242,3833182,4,3,1,0.0,0.0,0.0,7.25,174.5,1.5,0.0,0.5,0.25
120405282,3833182,4,1,2,1.0,1.0,1.0,7.75,173.5,2.75,0.25,1.25,0.25
12889700,3833182,12,684,1,0.0,0.0,0.0,3.8333333333333335,3.0,3.4166666666666665,0.4601606745739468,1.290987758027473,0.6934940079072801
69437562,3833182,4,1,4,0.0,2.0,0.0,7.75,173.5,2.25,0.5,1.0,0.5
120261452,3833182,3,1,2,0.0,1.0,1.0,8.0,231.0,1.3333333333333333,0.0,0.3333333333333333,0.0
117495342,3833182,1,4,3,1.0,1.584962500721156,1.0,12.0,684.0,1.0,0.0,0.0,0.0
121653902,3833182,2,4,4,1.0,2.0,1.0,9.0,345.5,1.0,0.0,0.0,0.0
120880252,3833182,2,1,2,0.0,1.0,1.0,9.5,343.5,2.5,0.5,1.0,0.5
120648922,3833182,2,1,1,0.0,0.0,0.0,10.0,345.0,1.5,0.0,0.5,0.0
119589212,3833182,8,6,2,0.0,1.0,0.0,5.25,87.625,2.0,0.25,0.75,0.375
120994332,3833182,7,3,4,1.0,2.0,1.0,5.571428571428571,100.57142857142857,3.857142857142857,0.360275442126766,1.2724129422297883,0.6174182992696231
