member,group_id,m1,m2,m3,m4,m5,m6,m7,m8,m9,m10,m11,m12
109161472,3833182,3,4,15,1.5219280948873621,3.906890595608518,2.0,9.333333333333334,231.33333333333334,2.0,0.3333333333333333,0.6666666666666666,0.0
121589372,3833182,11,7,1,0.0,0.0,0.0,5.2727272727272725,65.63636363636364,4.909090909090909,0.6694817352785882,1.6907687484903768,0.386511742489802
118406242,3833182,3,3,1,0.0,0.0,0.0,10.333333333333334,232.33333333333334,1.3333333333333333,0.0,0.3333333333333333,0.0
122293922,3833182,6,4,6,1.0,2.584962500721156,0.0,8.166666666666666,117.83333333333333,3.8333333333333335,0.3070618321961848,1.1844338561774126,0.3752715278979704
12889700,3833182,13,684,1,0.0,0.0,0.0,4.538461538461538,3.8461538461538463,4.538461538461538,0.6434076221588054,1.6294937487781005,0.32704839749137093
53606272,3833182,2,4,2,1.0,1.0,0.0,12.0,345.5,1.0,0.0,0.0,0.0
122796232,3833182,6,1,3,0.0,1.584962500721156,0.0,8.166666666666666,118.33333333333333,4.333333333333333,0.47372849886285145,1.351100522844079,0.3752715278979704
122829772,3833182,6,2,2,0.0,1.0,0.0,8.166666666666666,118.16666666666667,4.5,0.47372849886285145,1.4485942729642718,0.3752715278979704
117495342,3833182,1,4,3,1.0,1.584962500721156,0.0,13.0,684.0,1.0,0.0,0.0,0.0
121653902,3833182,2,4,4,1.0,2.0,0.0,12.0,345.5,1.0,0.0,0.0,0.0
119589212,3833182,7,6,2,0.0,1.0,0.0,7.285714285714286,101.14285714285714,4.0,0.4060529990253013,1.2416522339693759,0.3216613096268318
39477402,3833182,6,7,14,1.8423709931771088,3.521640636343319,2.2516291673878226,8.166666666666666,117.33333333333333,2.5,0.16666666666666666,1.0283208335737186,0.0
120880252,3833182,2,1,2,0.0,1.0,0.0,8.5,343.5,2.5,0.5,1.0,0.0
120994332,3833182,4,3,4,1.0,2.0,0.0,7.25,174.0,4.75,0.38048202372184053,1.2267226489021295,0.5
