member,group_id,m1,m2,m3,m4,m5,m6,m7,m8,m9,m10,m11,m12
148238912,4042572,10,3,16,1.0,3.702819531114783,0.0,8.0,4.4,7.6,0.9120638629739132,2.479243389494525,1.178135971352466
7336961,4042572,8,1,5,0.0,2.321928094887362,0.0,9.0,5.5,9.75,1.1400798287173914,2.7504250412162943,1.3476699641905825
194243362,4042572,10,5,1,0.0,0.0,0.0,8.0,4.2,9.1,1.0120638629739132,2.8495253426060025,1.178135971352466
193438787,4042572,10,16,6,1.0,2.584962500721156,0.0,8.0,3.1,8.6,0.9120638629739132,2.591029092533887,1.178135971352466
196912780,4042572,5,1,3,0.0,1.584962500721156,1.0,9.0,6.2,6.8,0.9843856189774725,2.2389345254888915,0.4
14502686,4042572,5,1,6,1.0,2.584962500721156,0.0,9.0,6.2,6.2,0.7843856189774725,2.0389345254888918,0.6
35343412,4042572,8,2,6,0.0,2.584962500721156,0.0,9.0,5.375,9.625,1.1400798287173914,2.71754574048707,1.3476699641905825
185346805,4042572,8,8,17,2.054585169337799,3.6168746059562227,3.459431618637298,9.0,4.625,8.25,0.8832566825501665,2.5885567273326866,0.9152410118609202
196585303,4042572,8,2,12,1.3516441151533922,3.418295834054489,3.0,9.0,5.375,8.875,0.9711243143232174,2.6133790738204032,0.9726699641905825
195859992,4042572,10,6,5,1.9219280948873623,2.321928094887362,2.0,8.0,4.1,8.7,0.819871053485177,2.617332533117266,0.978135971352466
179343742,4042572,8,2,15,1.792481250360578,3.773557262275185,2.321928094887362,9.0,5.375,8.5,0.9160196724223192,2.5689713952928166,1.0574289523296623
