member,group_id,m1,m2,m3,m4,m5,m6,m7,m8,m9,m10,m11,m12
47389602,4089872,3,128,1,0.0,0.0,0.0,3.0,5.666666666666667,1.6666666666666667,0.3333333333333333,0.6666666666666666,0.3333333333333333
34977412,4089872,2,2,2,0.0,1.0,0.0,2.5,64.5,1.0,0.0,0.0,0.0
12565705,4089872,4,3,1,0.0,0.0,0.0,4.25,6.5,1.75,0.5,0.646240625180289,0.5
31674992,4089872,4,4,3,1.0,1.584962500721156,1.0,4.25,6.25,1.25,0.25,0.25,0.25
51132882,4089872,4,1,1,0.0,0.0,0.0,4.25,7.0,1.75,0.5,0.646240625180289,0.5
40838872,4089872,4,7,1,0.0,0.0,0.0,4.25,5.5,1.75,0.5,0.646240625180289,0.5
14658107,4089872,5,14,2,1.0,1.0,1.0,3.8,28.6,1.4,0.2,0.3169925001442312,0.2
12181565,4089872,2,1,1,0.0,0.0,0.0,2.5,65.0,1.5,0.0,0.5,0.0
