member,group_id,m1,m2,m3,m4,m5,m6,m7,m8,m9,m10,m11,m12
51893472,4092612,13,26,1,0.0,0.0,0.0,8.846153846153847,14.76923076923077,6.3076923076923075,0.5362094642755969,1.2548898820794996,0.7036311480724792
137572632,4092612,8,2,12,1.5487949406953985,3.584962500721156,2.8073549220576046,11.25,23.375,2.5,0.375,0.5574289523296623,0.1981203125901445
100967712,4092612,5,2,43,0.9219280948873623,5.26917434767504,3.169925001442312,11.8,25.2,3.2,0.6,0.8918863237274597,0.3169925001442312
12052483,4092612,5,3,144,2.271296823754678,6.451107119467832,4.39231742277876,8.6,11.4,11.2,0.592947035745101,1.8140190248070476,0.8339850002884625
51284452,4092612,15,46,1,0.0,0.0,0.0,8.4,11.866666666666667,15.666666666666666,0.7523217962117054,1.7043730908574348,0.969301489848066
8245125,4092612,11,8,2,0.0,0.0,0.0,10.0,18.636363636363637,3.272727272727273,0.5498904491541271,0.9131267381234959,0.5433890839545379
136087652,4092612,9,3,1,0.0,0.0,0.0,11.333333333333334,21.0,3.5555555555555554,0.5054216600772664,0.893821568817606,0.48803526919764006
63037802,4092612,9,7,1,0.0,0.0,0.0,11.333333333333334,20.555555555555557,3.5555555555555554,0.5054216600772664,0.893821568817606,0.48803526919764006
57784812,4092612,10,12,1,0.0,0.0,0.0,10.6,18.2,7.5,0.5470723035582761,1.3313568467033494,0.7562242424221073
9242175,4092612,5,1,30,0.9182958340544896,4.840223928941852,1.0,8.6,11.8,34.0,0.8635472336851386,2.136195662912243,1.5124484848442143
27444782,4092612,5,1,23,2.046439344671015,4.229871195093384,3.169925001442312,8.6,11.8,35.4,0.6379185315618334,2.258266209681937,1.078463484555752
97019342,4092612,5,6,1,0.0,0.0,0.0,8.6,10.8,39.8,1.0472064004960366,3.104240448700614,1.7124484848442143
124348112,4092612,5,1,1,0.0,0.0,0.0,11.4,31.2,2.0,0.5,0.6,0.3169925001442312
65638042,4092612,10,29,11,2.0,3.459431618637298,1.584962500721156,10.6,16.5,6.5,0.34707230355827606,0.9854136848396197,0.5977279923499916
32151032,4092612,5,20,4,1.5,2.0,1.584962500721156,11.4,27.4,1.4,0.2,0.2,0.0
115827802,4092612,2,3,2,0.0,1.0,0.0,13.0,41.0,1.5,0.5,0.5,0.0
137373502,4092612,13,3,1,0.0,0.0,0.0,8.846153846153847,15.384615384615385,20.076923076923077,0.7044584690282728,1.9422929392165698,1.0243946097218877
14214207,4092612,13,56,2,1.0,1.0,0.0,8.846153846153847,12.461538461538462,6.230769230769231,0.45928638735252003,1.1779668051564227,0.7036311480724792
