member,group_id,m1,m2,m3,m4,m5,m6,m7,m8,m9,m10,m11,m12
3497730,414052,13,169,4,1.0,2.0,0.0,10.76923076923077,168.46153846153845,6.846153846153846,1.1708301570701267,1.7477386456703223,1.0625985531705413
4546790,414052,11,183,5,2.321928094887362,2.321928094887362,2.0,11.636363636363637,191.36363636363637,4.0,0.7927514282717,1.2278991450553198,0.48381164498976015
6336039,414052,11,91,1,0.0,0.0,0.0,10.909090909090908,204.27272727272728,7.909090909090909,1.4746174583556046,2.156418399428563,1.2557982901106397
6740422,414052,9,4,1,0.0,0.0,0.0,12.11111111111111,223.66666666666666,3.0,0.9435392329255193,1.322987843956502,0.4444444444444444
2260072,414052,7,37,25,2.4464393446710155,4.643856189774723,3.169925001442312,12.714285714285714,264.57142857142856,4.857142857142857,0.8764718871810777,1.4174182992696234,0.6174182992696231
5936746,414052,9,30,6,1.584962500721156,2.584962500721156,1.0,12.11111111111111,220.77777777777777,2.4444444444444446,0.7674322884009465,1.035769788320818,0.3333333333333333
5135151,414052,12,142,2,1.0,1.0,0.0,11.166666666666666,181.66666666666666,5.5,1.0645293914367195,1.589728850328289,0.8869880158145603
7797040,414052,14,90,2,1.0,1.0,0.0,10.285714285714286,168.5,6.714285714285714,1.200411038759486,1.8075403496025249,1.0581272279440739
3119380,414052,9,77,1,0.0,0.0,0.0,12.11111111111111,215.55555555555554,3.0,0.9435392329255193,1.322987843956502,0.4444444444444444
6839895,414052,14,506,1,0.0,0.0,0.0,10.285714285714286,138.78571428571428,6.785714285714286,1.2718396101880576,1.8789689210310965,1.0581272279440739
4179129,414052,14,329,4,1.584962500721156,2.0,1.0,10.285714285714286,151.42857142857142,6.571428571428571,1.1586280029936893,1.7361117781739535,0.9866986565155026
1891419,414052,7,34,19,2.7321588913645707,4.247927513443588,3.321928094887362,13.0,259.14285714285717,2.2857142857142856,0.6549946429601652,1.0,0.14285714285714285
4950941,414052,5,90,3,1.584962500721156,1.584962500721156,1.0,12.6,239.2,5.6,1.0270606420535089,1.3843856189774724,0.8643856189774723
3264990,414052,10,180,20,2.5503407095463886,3.9219280948873623,3.321928094887362,11.4,212.4,4.9,1.093829244100069,1.555074678538324,0.7169925001442312
7019551,414052,13,487,2,0.0,1.0,0.0,10.76923076923077,144.0,7.0,1.2477532339932036,1.8246617225933994,1.0625985531705413
