member,group_id,m1,m2,m3,m4,m5,m6,m7,m8,m9,m10,m11,m12
9253636,414052,6,17,1,0.0,0.0,0.0,9.5,271.5,6.5,1.180500998247939,1.7406025564027479,1.3690531868001277
3156100,414052,8,91,9,3.0,3.169925001442312,3.0,10.75,210.5,4.5,1.0571539131443632,1.3613842894234633,1.170790276780727
4546790,414052,10,183,5,2.321928094887362,2.321928094887362,2.321928094887362,10.0,166.2,7.0,1.4815164880852203,1.9446430354023545,1.6673750739438062
6336039,414052,5,91,1,0.0,0.0,0.0,9.8,303.8,5.6,0.8270606420535088,1.3968367439558378,1.0088788238716908
1502600,414052,9,36,11,2.94770277922009,3.459431618637298,3.169925001442312,10.222222222222221,189.0,4.111111111111111,0.939692367239434,1.2101193683764118,1.0407024682495352
9406055,414052,10,6,1,0.0,0.0,0.0,10.0,183.9,7.4,1.7137092975739567,2.1768358448910905,1.8995678834325425
5135151,414052,10,142,2,1.0,1.0,1.0,10.0,170.3,7.3,1.613709297573957,2.0768358448910904,1.7995678834325424
7797040,414052,10,90,2,1.0,1.0,1.0,10.0,175.5,7.3,1.6137092975739566,2.0768358448910904,1.7995678834325424
6839895,414052,13,506,1,0.0,0.0,0.0,8.692307692307692,136.6153846153846,6.153846153846154,1.4401581135739019,1.828335265300839,1.5831262565420445
4179129,414052,5,329,4,1.584962500721156,2.0,1.584962500721156,9.8,256.2,5.0,0.5100681419092777,0.9968367439558378,0.6918863237274596
1891419,414052,7,34,19,2.7321588913645707,4.247927513443588,3.459431618637298,11.142857142857142,227.71428571428572,4.714285714285714,0.9817526863476786,1.3294445449523644,1.1116228162178086
4950941,414052,8,90,3,1.584962500721156,1.584962500721156,1.584962500721156,10.375,192.625,4.125,1.2837038592634316,1.4939105893708715,1.3114816370412092
3264990,414052,12,180,20,2.5503407095463886,3.984183719779189,3.459431618637298,8.833333333333334,167.66666666666666,4.833333333333333,1.2155626888494313,1.5166010190342132,1.2946872679740107
7019551,414052,13,487,2,0.0,1.0,0.0,8.692307692307692,138.07692307692307,6.076923076923077,1.4401581135739019,1.751412188377762,1.5831262565420445
