member,group_id,m1,m2,m3,m4,m5,m6,m7,m8,m9,m10,m11,m12
11301411,414052,4,66,3,1.0,1.584962500721156,0.0,10.25,146.5,8.0,0.8553885422075338,1.8021197854847926,1.0
12708649,414052,10,37,2,0.0,1.0,0.0,9.0,74.0,6.5,1.0861778097771988,1.7870257239711158,0.9754887502163468
14459786,414052,9,3,9,0.9182958340544896,3.169925001442312,1.0,9.666666666666666,78.66666666666667,6.111111111111111,0.9937202515241663,1.5683744152830765,0.9727652780181631
11643886,414052,9,1,15,2.5219280948873624,3.906890595608518,3.169925001442312,9.666666666666666,78.88888888888889,5.444444444444445,0.8155388892094027,1.4864893492646092,0.7316625000801285
14421262,414052,11,12,26,1.836591668108979,4.623516641218014,3.0,8.272727272727273,113.81818181818181,3.909090909090909,0.8204714936057281,1.3860673271357402,0.6140806820148608
4148821,414052,10,31,3,1.584962500721156,1.584962500721156,1.0,9.0,74.6,6.4,0.9276815597050831,1.728529473899,0.8754887502163469
6839895,414052,10,506,1,0.0,0.0,0.0,9.0,27.1,6.6,1.0861778097771988,1.887025723971116,0.9754887502163468
10049273,414052,10,35,2,1.0,1.0,0.0,8.8,116.3,6.4,0.8861778097771987,1.728529473899,0.9754887502163468
13510044,414052,9,60,1,0.0,0.0,0.0,9.666666666666666,72.33333333333333,7.0,1.0957531219746652,1.9205883043322223,1.0838763891292742
4751709,414052,9,17,4,2.0,2.0,1.584962500721156,9.666666666666666,77.11111111111111,6.666666666666667,0.873530899752443,1.69836608211,0.9077694446047013
14308606,414052,9,9,1,0.0,0.0,0.0,9.666666666666666,78.0,7.0,1.0957531219746652,1.9205883043322223,1.0838763891292742
7019551,414052,2,487,2,0.0,1.0,0.0,10.5,23.5,14.0,1.4182958340544896,2.811758320609007,1.5
