member,group_id,m1,m2,m3,m4,m5,m6,m7,m8,m9,m10,m11,m12
11301411,414052,11,66,3,1.0,1.584962500721156,1.0,10.909090909090908,94.0909090909091,3.090909090909091,0.5534746214088002,1.1595352274694062,0.6140806820148608
4179129,414052,11,329,4,1.584962500721156,2.0,1.584962500721156,10.545454545454545,114.0,3.090909090909091,0.5002962122523315,1.2127136366258748,0.560902272858392
12708649,414052,12,37,2,0.0,1.0,0.0,10.25,89.66666666666667,5.083333333333333,0.7437343753004817,1.503357476752143,0.9104010419671483
10701756,414052,2,10,1,0.0,0.0,0.0,7.5,261.0,2.0,0.5,1.0,0.5
7658297,414052,10,4,8,1.0,3.0,1.0,11.4,109.2,2.8,0.6088220835496803,1.1339850002884624,0.6754887502163468
14459786,414052,10,3,9,0.9182958340544896,3.169925001442312,1.584962500721156,11.4,109.3,2.7,0.6169925001442312,1.1169925001442311,0.6169925001442312
9934190,414052,7,5,1,0.0,0.0,0.0,11.571428571428571,103.57142857142857,1.8571428571428572,0.36928035724587943,0.7385607144917589,0.36928035724587943
14421262,414052,4,12,26,1.836591668108979,4.700439718141092,3.169925001442312,12.0,158.5,1.75,0.396240625180289,0.646240625180289,0.396240625180289
11379728,414052,11,16,2,0.0,1.0,0.0,10.909090909090908,98.63636363636364,3.1818181818181817,0.6443837123178912,1.2127136366258748,0.7049897729239517
4148821,414052,12,31,3,1.584962500721156,1.584962500721156,1.584962500721156,10.25,90.16666666666667,5.0,0.6116541669070521,1.4546106016920468,0.7783208335737187
6839895,414052,12,506,1,0.0,0.0,0.0,10.25,50.583333333333336,5.166666666666667,0.7437343753004817,1.5866908100854762,0.9104010419671483
10049273,414052,12,35,2,1.0,1.0,1.0,9.75,129.83333333333334,3.0833333333333335,0.5073517362914002,1.1949875002403854,0.5629072918469556
13510044,414052,12,60,1,0.0,0.0,0.0,10.25,87.75,5.166666666666667,0.7437343753004817,1.5866908100854762,0.9104010419671483
14308606,414052,11,9,1,0.0,0.0,0.0,10.909090909090908,99.27272727272727,3.272727272727273,0.6443837123178912,1.3036227275349659,0.7049897729239517
7019551,414052,3,487,2,0.0,1.0,0.0,8.333333333333334,124.66666666666667,2.3333333333333335,0.861654166907052,1.0,0.861654166907052
