member,group_id,m1,m2,m3,m4,m5,m6,m7,m8,m9,m10,m11,m12
5752996,428729,7,2,18,1.5219280948873621,4.169925001442313,2.0,9.714285714285714,60.285714285714285,6.0,1.7304991046675704,2.213121870904239,1.3417596318255371
3524967,428729,6,1,23,2.3709505944546687,4.523561956057013,3.169925001442312,10.166666666666666,55.0,18.666666666666668,2.1056259331812135,3.097783151547132,2.356623463978187
4106601,428729,4,69,8,2.5,3.0,2.8073549220576046,10.5,67.75,6.25,1.2767226489021295,1.9387218755408673,0.75
2443275,428729,11,46,2,1.0,1.0,0.0,8.636363636363637,40.18181818181818,17.545454545454547,2.046137392969017,3.176668747565469,2.344301784988053
5832332,428729,7,2,4,0.9182958340544896,2.0,1.0,10.285714285714286,50.42857142857143,19.142857142857142,1.8515130935167912,2.6952200894527603,1.972862815909809
1016688,428729,9,17,6,1.584962500721156,2.584962500721156,1.0,9.555555555555555,42.666666666666664,18.444444444444443,1.8152770799090614,2.939055902987831,2.0438891346766463
4854517,428729,7,18,15,3.085055102756477,3.906890595608518,3.584962500721156,10.142857142857142,51.285714285714285,17.428571428571427,1.845664441540782,2.886195752818755,1.9606718977986113
494421,428729,12,179,3,1.584962500721156,1.584962500721156,1.0,8.333333333333334,25.833333333333332,17.916666666666668,2.0244582846993913,3.240162973213001,2.329770386359241
356631,428729,7,22,45,3.3485692939088962,4.601769811773892,4.840223928941852,10.285714285714286,47.57142857142857,13.285714285714286,1.504331170680447,2.3235386877707755,1.4242593974895443
4248025,428729,9,44,16,2.5216406363433186,4.0,2.584962500721156,9.444444444444445,39.111111111111114,16.11111111111111,1.8433284614230168,2.985016485278141,1.9694114760655863
2972154,428729,11,23,5,1.9219280948873623,2.321928094887362,2.0,8.818181818181818,36.09090909090909,18.636363636363637,1.9505939838387718,3.194999098580891,2.195444519477572
3245979,428729,10,22,71,2.520169264378967,5.772917718065756,4.969815782426809,9.1,39.6,12.1,1.9336364557847525,2.7524075459769093,1.9180073931826478
4439678,428729,12,44,2,1.0,1.0,0.0,8.333333333333334,37.083333333333336,18.0,2.0732051597594876,3.288909848273097,2.413103719692574
