member,group_id,m1,m2,m3,m4,m5,m6,m7,m8,m9,m10,m11,m12
65529602,4505052,2,1,21,1.7004397181410922,4.201841232302569,3.584962500721156,7.0,185.0,5.5,1.4211854965885544,2.292481250360578,1.292481250360578
1909603,4505052,5,2,31,2.8349625007211565,4.760647923290102,4.436605434317882,6.0,54.6,11.8,1.3404851337979544,3.128745505310623,2.2783706192659348
78210372,4505052,5,2,2,0.0,1.0,0.0,6.0,54.6,17.6,1.907477633942186,3.880875089968643,3.165691706129511
58228552,4505052,5,141,3,1.0,1.584962500721156,0.0,4.2,47.2,19.0,1.4672272287840347,3.610084819691717,3.090133397332175
132755752,4505052,6,3,25,1.301240785481462,4.4838561897747224,4.221928094887362,5.666666666666667,68.83333333333333,11.333333333333334,1.5393578973715778,2.9175802934649417,1.9344217392933656
28989192,4505052,5,2,11,2.058813890331201,3.459431618637298,3.0,6.0,54.6,15.8,1.4957148558759454,3.3889887662411837,2.5656917061295115
57855542,4505052,9,229,8,1.8423709931771088,3.0,2.584962500721156,4.111111111111111,21.22222222222222,16.333333333333332,1.4319490601994913,3.28398953991647,2.431919157886529
17833751,4505052,2,2,4,0.9182958340544896,1.5,1.0,7.0,185.0,5.5,1.4211854965885544,2.292481250360578,1.292481250360578
91622172,4505052,2,1,37,1.5737888130660205,4.8647266763812915,4.058813890331201,7.0,185.0,5.5,1.4211854965885544,2.292481250360578,1.292481250360578
74521822,4505052,5,37,13,1.5,3.7004397181410926,1.584962500721156,6.0,47.6,15.4,1.607477633942186,3.340787146340425,2.84869920598528
