member,group_id,m1,m2,m3,m4,m5,m6,m7,m8,m9,m10,m11,m12
112591332,4589502,1,1,1,0.0,0.0,0.0,9.0,104.0,33.0,2.321928094887362,5.044394119358456,2.0
12716389,4589502,1,2,6,1.584962500721156,2.584962500721156,1.0,9.0,104.0,33.0,2.321928094887362,5.044394119358456,2.0
87899372,4589502,2,4,11,2.0,3.459431618637298,1.584962500721156,5.5,52.5,27.0,1.660964047443681,4.6707367234495605,1.0
102991472,4589502,2,1,12,0.0,3.584962500721156,2.0,5.5,52.5,27.0,1.9353615177913803,4.48026053297337,2.4036774610288023
168659472,4589502,2,1,21,1.5487949406953985,3.916126946588283,2.8073549220576046,5.5,52.5,22.5,1.160964047443681,4.314678310039806,2.0
89781042,4589502,9,104,33,2.321928094887362,5.044394119358456,2.0,1.6666666666666667,1.5555555555555556,10.444444444444445,0.9021095086056451,2.8890091841338776,1.1085866581666575
192946039,4589502,1,2,10,0.9852281360342516,3.321928094887362,2.584962500721156,9.0,104.0,33.0,2.321928094887362,5.044394119358456,2.0
182971612,4589502,2,1,21,1.0,4.297079327540665,0.0,5.5,54.0,22.0,2.160964047443681,4.251912868997877,1.792481250360578
191608285,4589502,2,1,6,0.0,2.584962500721156,0.0,5.5,52.5,19.5,1.660964047443681,3.648011643373139,1.0
177841022,4589502,2,1,6,1.0,2.2516291673878226,0.0,5.5,52.5,19.5,1.160964047443681,3.814678310039806,1.0
