member,group_id,m1,m2,m3,m4,m5,m6,m7,m8,m9,m10,m11,m12
4069505,479728,7,913,2,1.0,1.0,0.0,3.2857142857142856,29.857142857142858,29.285714285714285,2.0199058279533757,4.06907106239065,3.058592276768692
4722210,479728,4,90,4,0.0,2.0,0.0,4.75,253.0,35.5,2.0766582722162985,3.871072354586817,3.091305233984633
9854090,479728,4,19,53,2.6100635408770727,4.8784949827018025,4.169925001442313,5.0,272.25,13.75,1.5241077878631342,2.775538005957303,1.542481250360578
9696752,479728,6,77,25,2.725480556997868,3.683856189774723,3.0,3.6666666666666665,173.66666666666666,20.0,1.740461874614251,3.3129505001815143,2.2024750004807707
8768081,479728,2,1,7,1.5219280948873621,2.8073549220576046,2.0,6.5,495.0,13.5,1.862740278498934,2.3419280948873613,1.5
7763602,479728,2,3,62,1.9710889909902527,5.921938245870743,5.19529593449622,5.5,501.5,3.0,0.5,1.5,0.0
2101971,479728,3,9,24,2.3709505944546687,4.418295834054489,3.169925001442312,5.666666666666667,336.3333333333333,26.666666666666668,2.11184803262498,3.1874503908255085,2.389975000480771
3697620,479728,2,10,30,2.9398290174664026,4.773557262275186,3.875,6.5,495.0,13.5,1.862740278498934,2.3419280948873613,1.5
