member,group_id,m1,m2,m3,m4,m5,m6,m7,m8,m9,m10,m11,m12
3782304,479728,1,4,1,0.0,0.0,0.0,5.0,913.0,2.0,1.0,1.0,1.0
4069505,479728,5,913,2,1.0,1.0,1.0,1.4,27.4,8.2,0.9921928094887363,1.9310569882289843,1.2643856189774725
4251814,479728,1,57,3,0.0,1.584962500721156,0.0,5.0,913.0,2.0,1.0,1.0,1.0
7170506,479728,1,1,5,1.0,2.321928094887362,1.0,5.0,913.0,2.0,1.0,1.0,1.0
2660205,479728,2,55,2,1.0,1.0,1.0,3.5,466.5,16.0,1.9804820237218406,2.8741971727682016,2.6609640474436813
6493294,479728,2,20,30,2.960964047443681,4.748394345536403,4.321928094887363,3.5,484.0,2.0,1.0,1.0,1.0
