member,group_id,m1,m2,m3,m4,m5,m6,m7,m8,m9,m10,m11,m12
4069505,479728,2,913,2,1.0,1.0,0.0,1.0,19.5,49.0,3.325419504681949,5.033955812021995,4.584962500721156
9854090,479728,1,19,53,2.6100635408770727,4.8784949827018025,4.169925001442313,2.0,913.0,2.0,1.0,1.0,0.0
14615091,479728,1,20,45,4.0407754684868245,5.189416641342189,5.0,2.0,913.0,2.0,1.0,1.0,0.0
