member,group_id,m1,m2,m3,m4,m5,m6,m7,m8,m9,m10,m11,m12
6266007,484784,1,65,15,0.9182958340544896,3.906890595608518,1.0,2.0,391.0,15.0,2.128085278891395,3.773557262275185,2.584962500721156
8727809,484784,1,9,11,1.9219280948873623,3.459431618637298,2.0,1.0,163.0,7.0,1.2516291673878228,2.8073549220576046,2.321928094887362
9406821,484784,4,3,5,2.0,2.321928094887362,1.584962500721156,5.75,351.75,11.0,1.6985276044371003,2.3233772314782453,1.7237044408269862
7922665,484784,4,201,13,2.75,3.7004397181410926,2.8073549220576046,5.75,302.25,9.0,1.5110276044371003,1.9787493256648125,1.418106335492874
6888009,484784,4,113,3,1.584962500721156,1.584962500721156,1.0,6.0,364.0,21.0,1.4429496079416975,2.4737114532382796,1.822935969328543
3794576,484784,1,163,7,1.2516291673878228,2.8073549220576046,2.321928094887362,1.0,9.0,11.0,1.9219280948873623,3.459431618637298,2.0
2595088,484784,2,391,15,2.128085278891395,3.773557262275185,2.584962500721156,3.0,41.5,21.5,1.9812031259014453,4.249979901690203,2.54373142062517
9630552,484784,3,4,8,2.5216406363433186,3.0,2.584962500721156,6.333333333333333,446.3333333333333,2.3333333333333335,0.6666666666666666,0.8333333333333334,0.0
6922324,484784,3,42,4,1.0,1.5,0.0,6.333333333333333,433.6666666666667,3.6666666666666665,1.1738802121144396,1.3333333333333333,0.861654166907052
7994071,484784,5,18,28,3.044110417748401,4.593069207771888,4.08746284125034,4.8,356.6,7.2,1.575617055778279,2.1591850150607277,1.3954559846999834
6164024,484784,6,110,1,0.0,0.0,0.0,4.666666666666667,250.83333333333334,16.333333333333332,1.813066928138544,2.663301385612379,1.8127843963392214
3415066,484784,10,1187,2,1.0,1.0,0.0,4.1,65.1,14.4,1.7672511986579664,2.559524533447462,1.9356486642064428
3245979,484784,4,111,71,2.520169264378967,5.772917718065756,4.969815782426809,6.0,364.5,4.0,1.2091479170272446,1.4267226489021296,0.8304820237218405
8811710,484784,4,1,1,0.0,0.0,0.0,5.75,352.25,12.0,2.1985276044371003,2.9038592552000857,2.119945066007275
4758239,484784,4,48,10,2.2516291673878226,3.1219280948873624,2.321928094887362,6.0,380.25,19.25,1.2762829412750307,2.089470054696728,1.4924539456067023
