member,group_id,m1,m2,m3,m4,m5,m6,m7,m8,m9,m10,m11,m12
100758752,4961562,5,1,109,1.8493740886171164,6.38310021054722,5.01499730265925,10.0,24.4,5.0,0.9927491988414664,1.9740729439166809,1.278463484555752
5742434,4961562,8,8,6,1.0,2.584962500721156,1.0,9.375,17.875,3.75,0.6204682492759165,1.4837955899479256,0.7990396778473451
141418402,4961562,6,13,6,1.5,2.584962500721156,2.0,9.833333333333334,22.5,4.333333333333333,0.8272909990345553,1.6450607865972342,1.0653862371297935
7640132,4961562,10,37,13,1.3787834934861756,3.7004397181410926,2.8073549220576046,8.4,12.8,13.8,0.7934336589338272,1.9722950213431845,1.1599959803380406
8301797,4961562,10,23,4,1.584962500721156,2.0,1.584962500721156,8.4,14.2,14.7,0.7728157582103292,2.142338993157294,1.2822352224716855
3970087,4961562,10,18,2,1.0,1.0,1.0,8.4,14.7,14.9,0.8313120082824448,2.2423389931572935,1.3407314725438009
184335980,4961562,9,13,1,0.0,0.0,0.0,8.88888888888889,16.77777777777778,4.555555555555555,0.8293051104674813,1.893365524558413,1.0435908247531955
6146381,4961562,8,2,2,0.0,1.0,0.0,9.375,18.625,4.25,0.7454682492759165,1.68191590253807,0.9240396778473451
184311633,4961562,8,6,2,0.0,1.0,0.0,9.375,18.125,4.25,0.7454682492759165,1.68191590253807,0.9240396778473451
183945970,4961562,10,30,3,0.0,1.584962500721156,0.0,8.4,13.5,14.8,0.9313120082824448,2.183842743085178,1.440731472543801
134214072,4961562,10,14,3,1.0,1.584962500721156,1.0,8.4,15.1,14.8,0.8313120082824448,2.183842743085178,1.3407314725438009
