member,group_id,m1,m2,m3,m4,m5,m6,m7,m8,m9,m10,m11,m12
3677440,4995352,9,65,3,1.584962500721156,1.584962500721156,1.584962500721156,7.0,56.333333333333336,3.0,0.29605530880005126,0.8324281218144082,0.4230394357841783
120495522,4995352,8,75,1,0.0,0.0,0.0,7.5,62.0,2.375,0.3231203125901445,0.7193609377704335,0.3231203125901445
2599972,4995352,4,1,10,1.6644977792004616,3.321928094887362,2.8073549220576046,8.5,104.25,3.5,0.646240625180289,1.188721875540867,0.646240625180289
113915462,4995352,9,97,1,0.0,0.0,0.0,7.0,52.77777777777778,3.2222222222222223,0.47216225332462414,1.0085350663389812,0.5991463803087512
157577932,4995352,6,23,1,0.0,0.0,0.0,8.166666666666666,74.0,2.8333333333333335,0.430827083453526,0.9591479170272447,0.430827083453526
132580302,4995352,7,86,1,0.0,0.0,0.0,7.571428571428571,66.0,3.7142857142857144,0.6070657542745168,1.15383079957869,0.7703310603969659
163104402,4995352,6,1,2,0.0,1.0,0.0,8.166666666666666,77.66666666666667,2.6666666666666665,0.430827083453526,0.792481250360578,0.430827083453526
114782552,4995352,6,18,1,0.0,0.0,0.0,8.333333333333334,88.16666666666667,2.6666666666666665,0.430827083453526,0.792481250360578,0.430827083453526
154022972,4995352,8,37,1,0.0,0.0,0.0,7.5,66.75,2.375,0.3231203125901445,0.7193609377704335,0.3231203125901445
61997182,4995352,9,169,9,1.0,3.169925001442312,1.0,7.0,44.77777777777778,2.3333333333333335,0.36105114221351303,0.6563211772898353,0.48803526919764006
