member,group_id,m1,m2,m3,m4,m5,m6,m7,m8,m9,m10,m11,m12
79764872,516512,6,55,1,0.0,0.0,0.0,4.833333333333333,111.83333333333333,10.166666666666666,0.7750022289631261,1.8338025026011755,1.0215471694908278
5569620,516512,5,60,1,0.0,0.0,0.0,5.6,133.0,5.0,0.5043856189774724,1.1665780028329489,0.6643856189774724
183221205,516512,5,1,1,0.0,0.0,0.0,5.6,144.8,5.0,0.5043856189774724,1.1665780028329489,0.6643856189774724
36958422,516512,1,2,2,0.0,1.0,0.0,7.0,600.0,3.0,1.0,1.584962500721156,1.0
119526872,516512,2,1,36,2.128085278891395,5.1699250014423095,2.8073549220576046,6.5,327.5,2.0,0.5,0.792481250360578,0.5
124391322,516512,5,7,1,0.0,0.0,0.0,5.6,143.6,5.0,0.5043856189774724,1.1665780028329489,0.6643856189774724
5091165,516512,7,600,3,1.0,1.584962500721156,1.0,4.142857142857143,18.285714285714285,8.714285714285714,0.5214304819683938,1.4882646449836996,0.7327547167064239
183323390,516512,5,2,19,1.5219280948873621,4.247927513443588,2.321928094887362,5.6,144.6,1.4,0.2,0.3169925001442312,0.2
