member,group_id,m1,m2,m3,m4,m5,m6,m7,m8,m9,m10,m11,m12
8563033,525706,2,11,3,1.0,1.584962500721156,1.0,2.5,196.5,17.5,2.1192533988758626,3.3358902922553177,2.6427011094311244
6536785,525706,2,30,31,2.6535442970305687,4.6717805845106355,3.7004397181410926,2.5,187.0,3.5,1.292481250360578,1.792481250360578,1.292481250360578
4350348,525706,3,363,4,1.584962500721156,2.0,1.584962500721156,1.6666666666666667,14.0,13.0,1.4882741404965671,2.8595570600397178,2.2334799060470307
13239942,525706,1,1,5,0.8112781244591328,2.321928094887362,2.0,3.0,363.0,4.0,1.584962500721156,2.0,1.584962500721156
