member,group_id,m1,m2,m3,m4,m5,m6,m7,m8,m9,m10,m11,m12
62560192,525706,3,1,12,0.0,3.584962500721156,0.0,9.0,181.33333333333334,4.0,1.362740278498934,1.8356301985361727,1.0
11081126,525706,3,6,47,2.747167197306934,5.299269702741469,4.08746284125034,10.666666666666666,187.33333333333334,10.333333333333334,2.1298177612472866,2.7937865711748855,2.0
42349482,525706,3,1,3,0.9182958340544896,1.584962500721156,1.0,9.0,181.33333333333334,7.0,1.0566416671474375,2.5022968652028394,0.6666666666666666
4350348,525706,12,363,4,1.584962500721156,2.0,1.0,5.0,28.416666666666668,26.0,2.067379752515454,3.5767903369971847,2.55233338214269
77697422,525706,8,73,42,4.035273502696888,4.766968315481371,4.839700558686836,6.5,73.25,25.625,1.985678509348836,3.359745762780433,2.3894843356317432
49757102,525706,3,37,7,2.8073549220576046,2.8073549220576046,2.584962500721156,10.666666666666666,187.33333333333334,10.333333333333334,2.1298177612472866,2.7937865711748855,2.0
56967472,525706,4,4,106,3.304464013561053,6.437780006429567,5.806890595608517,9.0,154.25,21.0,2.474177320406744,3.3973007574154073,2.8353324315186645
66741502,525706,4,9,3,1.0,1.584962500721156,0.0,10.0,158.75,18.25,2.6061816966096867,3.287082007251507,2.709925139671709
111773872,525706,4,2,30,1.5,4.573557262275186,2.8073549220576046,10.0,158.75,18.25,2.6061816966096867,3.287082007251507,2.709925139671709
122455192,525706,4,8,2,1.0,1.0,0.0,10.0,158.75,18.25,2.6061816966096867,3.287082007251507,2.709925139671709
4227037,525706,4,1,33,2.6915107774877747,4.900306619292896,4.501629167387823,9.0,155.0,39.25,2.6274156294250632,3.781669104199575,3.1616477885738385
39110942,525706,12,180,5,1.584962500721156,1.9219280948873623,1.0,5.0,43.666666666666664,25.916666666666668,2.067379752515454,3.5832963290899045,2.55233338214269
5636959,525706,8,19,22,3.219528282299548,4.459431618637295,4.0,6.25,84.75,17.5,2.0324650779379674,2.994255099770519,2.039935102839492
