member,group_id,m1,m2,m3,m4,m5,m6,m7,m8,m9,m10,m11,m12
102790802,5300812,2,8,1,0.0,0.0,0.0,3.0,149.0,6.5,2.5,2.660964047443681,2.1961587113893803
91245362,5300812,2,3,3,0.0,0.9182958340544896,0.0,3.0,149.0,6.5,2.5,2.660964047443681,2.1961587113893803
57903822,5300812,3,253,5,2.0,2.321928094887362,1.584962500721156,2.3333333333333335,18.666666666666668,4.0,1.0,1.3060986113514965,0.9357849740192016
10539439,5300812,3,45,8,3.0,3.0,2.8073549220576046,2.3333333333333335,88.0,3.0,0.6666666666666666,1.0800746429806172,0.5283208335737187
