member,group_id,m1,m2,m3,m4,m5,m6,m7,m8,m9,m10,m11,m12
8438144,5333152,4,27,19,2.6022170014624826,4.247927513443588,3.906890595608518,4.0,52.25,5.25,1.2359958259403907,1.5328890162540236,1.3648579046593246
10708964,5333152,4,2,13,3.0220552088742,3.5465935642949384,3.459431618637298,4.0,58.5,6.75,1.131036274087461,1.708222503541186,1.4767226489021295
57759622,5333152,4,123,1,0.0,0.0,0.0,4.0,28.25,9.75,1.8865500763060112,2.5948708946149206,2.341580553561454
17192911,5333152,4,38,6,1.9219280948873623,2.584962500721156,2.0,4.0,49.5,8.5,1.4060680525841707,1.9486302694346316,1.841580553561454
81157872,5333152,4,46,1,0.0,0.0,0.0,4.0,47.5,9.75,1.8865500763060112,2.5948708946149206,2.341580553561454
