member,group_id,m1,m2,m3,m4,m5,m6,m7,m8,m9,m10,m11,m12
144966852,538504,5,1,6,1.584962500721156,2.584962500721156,1.584962500721156,6.0,73.2,13.2,2.099447015979457,2.174940491951999,1.95576880385921
74758022,538504,1,1,4,0.0,2.0,1.0,8.0,81.0,1.0,0.0,0.0,0.0
8311402,538504,4,296,2,1.0,1.0,1.0,4.75,48.25,14.25,1.478068144794032,1.6761943645794206,1.2984703796437236
12607786,538504,7,94,52,4.912272579176128,4.7047774583176825,4.193881518574894,5.0,83.71428571428571,3.4285714285714284,1.1671321430631874,1.536412500309067,1.1671321430631874
47433132,538504,5,22,6,2.0,2.584962500721156,2.0,6.0,69.0,13.2,2.016439516123688,2.174940491951999,1.8727613040034412
103457802,538504,5,1,3,1.584962500721156,1.584962500721156,1.584962500721156,6.0,73.2,13.8,2.099447015979457,2.3749404919519987,1.95576880385921
7845008,538504,3,17,2,0.0,1.0,0.0,6.333333333333333,157.0,18.333333333333332,1.9707575263920427,1.9015924861058942,1.7312938395249649
21980721,538504,8,81,1,0.0,0.0,0.0,4.375,75.0,9.875,1.6352746975773051,2.1824581200601436,1.6704758150021508
154208822,538504,1,1,2,1.0,1.0,1.0,4.0,296.0,2.0,1.0,1.0,1.0
7471356,538504,5,168,4,2.0,2.0,2.0,6.0,39.8,13.6,2.016439516123688,2.29193299209623,1.8727613040034412
