member,group_id,m1,m2,m3,m4,m5,m6,m7,m8,m9,m10,m11,m12
7605592,539939,2,48,3,1.584962500721156,1.584962500721156,1.584962500721156,2.5,52.0,3.5,1.0,1.292481250360578,1.0
6701300,539939,3,33,6,2.0,2.584962500721156,2.0,1.6666666666666667,42.333333333333336,11.0,1.1949875002403854,2.0240284353729847,1.4449875002403854
5630621,539939,2,71,1,0.0,0.0,0.0,2.5,40.5,4.5,1.792481250360578,2.084962500721156,1.792481250360578
5989671,539939,1,8,29,2.0,4.487122805397798,2.75,3.0,33.0,6.0,2.0,2.584962500721156,2.0
