member,group_id,m1,m2,m3,m4,m5,m6,m7,m8,m9,m10,m11,m12
110751232,5423812,1,2,1,0.0,0.0,0.0,6.0,531.0,25.0,2.0,4.5638561897747225,2.0
137283202,5423812,2,1,42,1.419556298571613,4.859828661431136,3.546593564294939,4.0,266.0,43.5,1.9871386801429523,5.156164254095609,3.514319655919287
165180932,5423812,2,1,13,0.8112781244591328,3.7004397181410926,2.0,4.0,266.5,45.5,2.0789272227581974,5.1923457037926255,3.4681431155844327
182198322,5423812,2,2,66,2.157854445516395,5.820835217810529,4.936286231168865,4.0,266.0,19.0,1.4056390622295665,4.132147953957908,2.0
66378772,5423812,6,531,25,2.0,4.5638561897747225,2.0,1.6666666666666667,4.0,36.5,1.6378668135932688,4.181238393552608,3.339180177226565
23855412,5423812,2,1,62,1.9742773602859045,5.7484723184164945,5.028639311838574,4.0,266.0,33.5,1.7097781492858064,4.71184242560293,2.7732967821474697
170173372,5423812,1,17,35,3.4642346527265664,4.957854445516392,4.523561956057013,6.0,531.0,25.0,2.0,4.5638561897747225,2.0
