member,group_id,m1,m2,m3,m4,m5,m6,m7,m8,m9,m10,m11,m12
66378772,5423812,1,531,25,2.0,4.5638561897747225,2.0,1.0,1.0,11.0,0.6500224216483541,3.2776134368191165,2.584962500721156
189885373,5423812,1,1,11,0.6500224216483541,3.2776134368191165,2.584962500721156,1.0,531.0,25.0,2.0,4.5638561897747225,2.0
