member,group_id,m1,m2,m3,m4,m5,m6,m7,m8,m9,m10,m11,m12
13391010,55272,7,4,13,2.413088436425758,3.7004397181410926,3.459431618637298,8.142857142857142,108.85714285714286,30.0,1.2680535512667566,2.7730915275834027,2.241553001327474
4027876,55272,1,10,29,3.6887218755408675,4.857980995127571,4.584962500721156,14.0,720.0,46.0,3.271221945782624,5.480083695187445,4.857980995127571
13391721,55272,2,12,2,1.0,1.0,1.0,8.0,361.5,38.5,1.635610972891312,5.088107744722644,2.4289904975637855
13248652,55272,1,3,2,0.0,1.0,0.0,14.0,720.0,46.0,3.271221945782624,5.480083695187445,4.857980995127571
10892492,55272,8,4,76,1.7264892117991657,6.168980145022538,4.584962500721156,7.25,95.5,20.0,1.3055331228405727,2.580442498042933,2.2359085277619775
7953389,55272,7,17,82,2.8786637012855065,6.1776143521526805,5.247927513443589,8.142857142857142,107.0,20.142857142857142,1.2015427991439354,2.419209437010319,1.986053587783718
14404943,55272,7,2,1,0.0,0.0,0.0,8.142857142857142,109.14285714285714,31.714285714285715,1.6127804707561506,3.3017257730321297,2.735757518275659
14180624,55272,2,3,4,1.584962500721156,2.0,1.584962500721156,8.0,360.5,24.0,2.135610972891312,3.2400418475937225,2.9289904975637855
13080497,55272,7,16,3,1.0,1.584962500721156,1.0,8.142857142857142,107.14285714285714,31.428571428571427,1.4699233278990076,3.0753025586433935,2.592900375418516
14376531,55272,7,2,1,0.0,0.0,0.0,8.142857142857142,109.14285714285714,31.714285714285715,1.6127804707561506,3.3017257730321297,2.735757518275659
7092500,55272,14,720,46,3.271221945782624,5.480083695187445,4.857980995127571,4.428571428571429,5.714285714285714,18.571428571428573,1.155229758928796,2.5633249445402835,1.8417267663665513
11694773,55272,2,1,2,1.0,1.0,1.0,8.0,361.5,25.0,2.4280922232518902,3.7400418475937225,3.2214717479243635
13658520,55272,2,3,31,0.0,4.696131794257844,0.0,8.0,366.0,24.0,2.135610972891312,3.2400418475937225,2.9289904975637855
14179483,55272,2,2,13,0.8812908992306927,3.7004397181410926,3.321928094887362,11.0,362.0,61.0,2.498855578790895,5.824531920104992,4.7214717479243635
14376543,55272,7,1,1,0.0,0.0,0.0,8.142857142857142,109.28571428571429,31.714285714285715,1.6127804707561506,3.3017257730321297,2.735757518275659
