member,group_id,m1,m2,m3,m4,m5,m6,m7,m8,m9,m10,m11,m12
2228322,55272,3,1,3,0.0,1.584962500721156,0.0,6.333333333333333,269.0,18.666666666666668,1.7997690748913395,2.883336232209919,2.5551119723950584
8262339,55272,5,4,11,2.197159723424149,3.2776134368191165,3.169925001442312,6.2,166.2,22.4,2.2844993747978775,3.3358583427149453,2.996420461391352
8109069,55272,5,14,3,1.584962500721156,1.584962500721156,1.584962500721156,5.4,160.2,24.0,2.406938819338476,3.674388529934537,3.313412961535583
8066287,55272,6,15,20,2.4508257945180882,4.221928094887362,3.584962500721156,5.833333333333333,147.0,18.666666666666668,2.216152680297807,3.1508170094914654,2.895736621622587
7092500,55272,8,720,46,3.271221945782624,5.480083695187445,4.857980995127571,4.75,22.875,11.25,1.5595649913152885,2.403963619671233,2.0126751544161383
8401269,55272,2,5,1,0.0,0.0,0.0,6.5,367.0,24.5,2.4280922232518902,3.5325230979543005,3.2214717479243635
2650644,55272,6,57,42,4.11548663296752,5.3923174227787625,4.954196310386877,5.833333333333333,140.0,15.0,1.938709207222902,2.9557521215095655,2.6675309866782997
8602932,55272,6,25,1,0.0,0.0,0.0,5.5,143.16666666666666,21.833333333333332,2.3604632292639627,3.8544716919726922,3.22906995495592
3409975,55272,5,62,9,2.128085278891395,3.169925001442312,2.8073549220576046,5.8,163.6,22.4,1.9675068746536464,3.3358583427149453,2.6794279612471206
