member,group_id,m1,m2,m3,m4,m5,m6,m7,m8,m9,m10,m11,m12
12815845,55272,8,5,1,0.0,0.0,0.0,9.125,94.25,11.625,1.3311087799204953,2.2065937774508146,1.7350436010195032
12952005,55272,8,4,2,1.0,1.0,1.0,9.125,94.375,11.5,1.2061087799204953,2.0815937774508146,1.6100436010195032
9904293,55272,2,8,4,1.0,2.0,1.0,14.0,365.0,36.5,3.1012154473464735,5.080448561638421,4.279210356634332
13018920,55272,1,7,1,0.0,0.0,0.0,17.0,720.0,46.0,3.271221945782624,5.480083695187445,4.857980995127571
13214264,55272,4,12,1,0.0,0.0,0.0,7.5,185.75,23.75,2.2588802584617738,3.622429891960093,2.9968160030181346
12729451,55272,8,3,1,0.0,0.0,0.0,9.125,94.5,11.625,1.3311087799204953,2.2065937774508146,1.7350436010195032
12868971,55272,7,6,1,0.0,0.0,0.0,9.714285714285714,107.42857142857143,12.857142857142858,1.3784100341948518,2.2953982455550515,1.840049829736575
4272301,55272,5,10,8,1.9219280948873623,3.0,2.321928094887362,6.4,152.2,18.2,1.6227185877919468,2.614936413712306,2.1330671834370354
3366349,55272,4,7,39,2.8423709931771093,5.009635872652927,3.8073549220576055,7.5,187.0,14.25,1.5482875101674964,2.3700209237968615,2.044977272503733
12759409,55272,11,10,27,2.9312089489103235,4.6808134280893965,3.7004397181410926,6.909090909090909,69.0,8.636363636363637,0.9707841216270292,1.756507791281443,1.3183488349911177
11946172,55272,2,1,23,1.9609640474436814,4.349648912578752,3.321928094887362,14.0,365.0,36.5,3.1012154473464735,5.080448561638421,4.279210356634332
13080497,55272,3,16,3,1.0,1.584962500721156,1.0,10.333333333333334,245.0,19.0,1.731050013556662,3.3550153986362,2.3933030300049776
12613364,55272,7,5,10,2.4464393446710155,3.321928094887362,3.321928094887362,9.714285714285714,107.57142857142857,11.571428571428571,1.0289186992418495,1.8208370891425711,1.3654886733240947
7092500,55272,17,720,46,3.271221945782624,5.480083695187445,4.857980995127571,5.352941176470588,6.294117647058823,7.647058823529412,1.0060536134758524,1.7127596359042296,1.2631517014623992
12799156,55272,6,1,3,1.0,1.584962500721156,1.0,10.166666666666666,124.5,13.333333333333334,1.2004051491154912,2.1243099373329994,1.5930701188781107
13210200,55272,4,6,2,1.0,1.0,1.0,7.5,187.25,23.5,2.0088802584617738,3.372429891960093,2.7468160030181346
12359196,55272,9,5,3,0.0,1.584962500721156,0.0,8.333333333333334,85.55555555555556,10.444444444444445,1.2943189154848846,1.9614166910673907,1.6533720897951139
13112509,55272,2,1,1,0.0,0.0,0.0,14.0,365.0,36.5,3.1012154473464735,5.080448561638421,4.279210356634332
