member,group_id,m1,m2,m3,m4,m5,m6,m7,m8,m9,m10,m11,m12
7558336,558063,10,4,8,1.4591479170272448,3.0,2.321928094887362,6.7,4.0,13.8,1.277667125886908,2.404959694173269,1.6744833837499544
3266236,558063,6,1,4,0.0,1.5,0.0,8.5,5.0,15.833333333333334,1.771973908214268,3.010957179610011,2.511126988731151
7682307,558063,8,2,1,0.0,0.0,0.0,6.5,4.375,9.75,1.5003825142544711,2.241786697776714,1.545790276780727
3304837,558063,11,7,8,2.5216406363433186,2.75,2.584962500721156,6.363636363636363,3.090909090909091,8.909090909090908,0.9191093466311172,1.710522097969097,1.1347090392423411
5422919,558063,4,7,7,1.0,2.2359263506290326,0.0,6.5,2.5,12.0,1.01578091090949,2.061981878360897,1.5804820237218404
4783784,558063,4,2,38,2.603975726610715,5.247927513443589,4.0,6.5,3.75,4.25,0.6147869792568113,1.3089815876572581,0.5804820237218405
7939881,558063,2,1,1,0.0,0.0,0.0,6.5,3.0,5.0,1.1854752972273344,2.0,1.0
7435847,558063,6,4,2,0.0,0.0,0.0,8.5,4.5,16.166666666666668,1.771973908214268,3.260957179610011,2.511126988731151
4577198,558063,5,3,2,1.0,1.0,0.0,5.6,3.0,3.8,0.7785182461595974,1.15,0.9169925001442312
7452143,558063,6,3,56,1.8618084674058866,5.6153033595189745,4.700439718141092,8.5,4.666666666666667,7.166666666666667,1.4616724969799535,2.3250732863568486,1.7277203690409693
8074192,558063,2,1,1,0.0,0.0,0.0,8.0,5.0,5.0,1.7608203181716593,1.875,1.292481250360578
1174133,558063,4,2,1,0.0,0.0,0.0,6.5,3.75,13.5,1.26578091090949,2.6209634660181553,1.5804820237218404
3033975,558063,1,1,1,0.0,0.0,0.0,10.0,9.0,13.0,3.418295834054489,3.7004397181410926,3.459431618637298
5476505,558063,10,9,13,3.418295834054489,3.7004397181410926,3.459431618637298,6.5,2.9,9.1,0.8213547615231118,1.6865303359518975,1.160733031374961
7813596,558063,5,3,1,0.0,0.0,0.0,7.6,4.4,5.2,1.5879872940795616,1.6900879436282186,1.2088788238716908
6136862,558063,8,3,8,1.3709505944546687,3.0,2.0,7.0,4.0,11.75,1.2826116068538673,2.1957178847075083,1.6333452415483634
1357823,558063,4,1,2,1.0,1.0,0.0,8.5,5.25,5.75,1.4849841175994518,1.6126099295352732,1.5110985298396136
