member,group_id,m1,m2,m3,m4,m5,m6,m7,m8,m9,m10,m11,m12
4497611,574925,6,2301,15,2.321928094887362,3.773557262275185,3.321928094887362,2.0,19.833333333333332,3.6666666666666665,0.7916666666666666,0.984481765934753,0.8333333333333334
132653452,574925,2,27,15,2.75,3.906890595608518,3.0,4.0,1151.0,8.0,1.160964047443681,1.8867786311375925,1.660964047443681
95455052,574925,2,1,1,0.0,0.0,0.0,4.0,1165.0,8.0,1.160964047443681,1.8867786311375925,1.660964047443681
153535282,574925,2,1,1,0.0,0.0,0.0,4.0,1164.0,15.0,2.535964047443681,3.8402239289418514,3.160964047443681
135976242,574925,2,58,2,1.0,1.0,1.0,4.0,1152.0,8.5,1.660964047443681,2.3867786311375925,2.160964047443681
11630010,574925,2,29,1,0.0,0.0,0.0,4.0,1151.0,8.0,1.160964047443681,1.8867786311375925,1.660964047443681
155366622,574925,2,3,2,1.0,1.0,1.0,4.0,1179.5,8.5,1.660964047443681,2.3867786311375925,2.160964047443681
