member,group_id,m1,m2,m3,m4,m5,m6,m7,m8,m9,m10,m11,m12
48648352,574925,7,22,2,1.0,1.0,1.0,7.857142857142857,345.57142857142856,10.285714285714286,0.7275815307836907,1.464272024696305,1.2013415623053858
154850272,574925,1,3,11,1.3787834934861756,3.2776134368191165,2.8073549220576046,13.0,2301.0,15.0,2.321928094887362,3.773557262275185,3.321928094887362
184381474,574925,7,26,2,0.0,1.0,0.0,7.857142857142857,345.0,10.285714285714286,0.8704386736408336,1.464272024696305,1.3441987051625286
257766,574925,7,13,51,2.7711426205984733,5.47634691059895,5.087462841250338,7.857142857142857,346.85714285714283,3.2857142857142856,0.4745611564124803,0.8247938946107407,0.6174182992696231
174293482,574925,2,22,3,1.0,1.584962500721156,1.0,7.5,1154.0,9.5,1.660964047443681,2.8867786311375925,2.160964047443681
4497611,574925,13,2301,15,2.321928094887362,3.773557262275185,3.321928094887362,4.538461538461538,19.23076923076923,6.384615384615385,0.7038404703142038,1.3018373345277217,0.9919090587159958
184545195,574925,7,14,1,0.0,0.0,0.0,7.857142857142857,346.7142857142857,10.428571428571429,0.8704386736408336,1.6071291675534478,1.3441987051625286
185906482,574925,2,7,4,1.0,2.0,1.0,7.5,1161.5,9.0,1.660964047443681,2.6792598814981705,2.160964047443681
80223452,574925,7,21,1,0.0,0.0,0.0,7.857142857142857,345.7142857142857,10.428571428571429,0.8704386736408336,1.6071291675534478,1.3441987051625286
58339602,574925,1,30,3,1.0,1.584962500721156,1.0,13.0,2301.0,15.0,2.321928094887362,3.773557262275185,3.321928094887362
80391922,574925,2,25,2,1.0,1.0,1.0,7.5,1162.0,8.0,1.160964047443681,1.8867786311375925,1.660964047443681
183961398,574925,7,17,1,0.0,0.0,0.0,7.857142857142857,346.2857142857143,10.428571428571429,0.8704386736408336,1.6071291675534478,1.3441987051625286
183260762,574925,2,23,1,0.0,0.0,0.0,7.5,1163.0,8.5,1.660964047443681,2.3867786311375925,2.160964047443681
4613564,574925,7,27,1,0.0,0.0,0.0,7.857142857142857,344.85714285714283,10.428571428571429,0.8704386736408336,1.6071291675534478,1.3441987051625286
