member,group_id,m1,m2,m3,m4,m5,m6,m7,m8,m9,m10,m11,m12
7379363,579207,3,71,29,3.7871439606981414,4.651084443403434,4.169925001442313,12.0,126.66666666666667,4.0,1.6356301985361725,1.9182958340544893,1.0
7990503,579207,6,50,14,2.4193819456463714,3.6644977792004623,3.0,10.166666666666666,80.0,7.166666666666667,2.080108879724013,2.3892999477493766,1.6511484326014196
8006665,579207,5,14,1,0.0,0.0,0.0,9.2,64.6,13.2,1.4819041934875368,2.9180829360456433,1.6285328711097702
3546509,579207,3,25,127,2.3227717700213293,6.535851812722334,4.9375,12.0,126.66666666666667,4.0,1.6356301985361725,1.9182958340544893,1.0
8005647,579207,10,127,3,1.584962500721156,1.584962500721156,1.0,7.3,54.4,27.2,2.505532406510947,3.5757089330153433,2.768424059849314
7606287,579207,7,5,14,3.0271691184406193,3.8073549220576055,3.321928094887362,9.285714285714286,81.28571428571429,6.857142857142857,2.0278277429195986,2.359267234075211,1.5835660715315938
7258865,579207,13,114,6,2.321928094887362,2.584962500721156,2.0,6.538461538461538,44.46153846153846,25.0,2.10815010334566,3.398275308379949,2.525146534926307
9748912,579207,5,6,26,1.3709505944546687,4.700439718141092,2.0,9.2,66.2,8.2,1.2077140745966028,1.977994992417425,1.22853287110977
8206579,579207,5,44,5,2.321928094887362,2.321928094887362,1.5,10.2,83.4,8.2,2.2961306556688155,2.667159937299252,1.9813781191217035
2173812,579207,8,32,15,3.5465935642949384,3.773557262275185,3.584962500721156,8.625,67.875,13.0,2.122972158852027,2.7976947890592045,1.9989816370412088
5740117,579207,10,63,2,1.0,1.0,0.0,7.7,48.9,16.8,2.029603561277411,3.225367715864736,2.4219479952599676
2676380,579207,5,1,57,3.308407516233345,5.832890014164737,5.1699250014423095,10.8,95.0,5.8,1.8906968319806914,2.1056889528877307,1.3169925001442313
10874206,579207,5,1,29,1.7166422780956525,4.720049960644813,4.142664355548851,9.2,67.2,7.6,1.1385757378684063,1.9740729439166806,0.8
4608575,579207,13,139,3,1.0,1.584962500721156,0.0,6.538461538461538,42.53846153846154,25.23076923076923,2.2098368798754575,3.475198385303026,2.678992688772461
