member,group_id,m1,m2,m3,m4,m5,m6,m7,m8,m9,m10,m11,m12
12424387,582365,13,564,1,0.0,0.0,0.0,11.307692307692308,361.38461538461536,2.6923076923076925,0.3720455129314599,0.6055957332736227,0.25553293037595093
7256581,582365,6,486,1,0.0,0.0,0.0,12.666666666666666,519.6666666666666,1.3333333333333333,0.16666666666666666,0.26416041678685936,0.0
9713734,582365,16,897,1,0.0,0.0,0.0,9.75,300.0625,2.375,0.30228697925681114,0.49204653328481845,0.20762050593046014
7968445,582365,11,417,1,0.0,0.0,0.0,12.181818181818182,373.8181818181818,3.0,0.43969015164627073,0.7157040484142814,0.3019934631715784
15898601,582365,12,71,1,0.0,0.0,0.0,11.833333333333334,392.0833333333333,2.8333333333333335,0.4030493056757482,0.6560620443797579,0.27682734124061353
12912042,582365,4,85,1,0.0,0.0,0.0,9.25,313.0,4.75,0.396240625180289,0.9257048827786958,0.25
13613899,582365,13,322,1,0.0,0.0,0.0,11.307692307692308,380.0,2.6923076923076925,0.3720455129314599,0.6055957332736227,0.25553293037595093
118070572,582365,8,5,1,0.0,0.0,0.0,12.125,510.875,1.25,0.125,0.1981203125901445,0.0
10488525,582365,11,221,6,2.2516291673878226,2.584962500721156,2.321928094887362,12.272727272727273,413.6363636363636,2.5454545454545454,0.23499659097465056,0.48070745743963084,0.09090909090909091
115387982,582365,11,9,1,0.0,0.0,0.0,12.272727272727273,432.90909090909093,3.0,0.43969015164627073,0.7157040484142814,0.3019934631715784
14627216,582365,13,4,16,1.584962500721156,3.702819531114783,1.0,10.461538461538462,381.2307692307692,1.5384615384615385,0.25012532056829406,0.3207634616494086,0.178609853452874
44778872,582365,4,216,1,0.0,0.0,0.0,9.25,280.25,4.75,0.396240625180289,0.9257048827786958,0.25
13755802,582365,4,135,1,0.0,0.0,0.0,9.25,300.5,4.75,0.396240625180289,0.9257048827786958,0.25
5455931,582365,13,529,1,0.0,0.0,0.0,11.307692307692308,364.0769230769231,2.6923076923076925,0.3720455129314599,0.6055957332736227,0.25553293037595093
10813083,582365,13,801,3,1.0,1.584962500721156,0.0,11.307692307692308,343.15384615384613,2.5384615384615383,0.29512243600838295,0.48367554091045684,0.25553293037595093
10304445,582365,11,689,1,0.0,0.0,0.0,12.272727272727273,371.09090909090907,3.0,0.43969015164627073,0.7157040484142814,0.3019934631715784
5313695,582365,9,247,1,0.0,0.0,0.0,12.555555555555555,455.8888888888889,1.7777777777777777,0.36129212970975805,0.4633250001602569,0.2579920105430402
