member,group_id,m1,m2,m3,m4,m5,m6,m7,m8,m9,m10,m11,m12
83080482,592049,5,44,117,4.627400892498219,6.380756065607802,5.999227547132699,5.0,24.0,78.4,3.007214741371284,5.07729645051287,4.559611551587833
194981246,592049,5,1,16,0.5916727785823275,4.0,2.8073549220576046,5.0,32.6,98.6,3.814360364154463,5.55344766363443,5.1979860766028505
9931437,592049,2,6,32,3.849223912390625,5.0,4.523561956057013,2.0,36.5,28.5,1.6203352658383443,3.845092302753296,2.729715809318649
114358222,592049,5,57,111,4.456747562960808,6.298744244650533,5.9375,5.0,21.4,79.6,3.0413454072787665,5.093698814704323,4.571957061014372
91327472,592049,2,70,4,2.0,2.0,2.0,2.0,4.5,42.5,2.544947222033657,5.3450923027532955,3.9914967873471556
82125592,592049,5,50,219,4.1514766799179155,6.6719553955334145,6.182838116298154,5.0,22.8,58.0,3.102399583887345,5.019056584527748,4.522889437754742
1464786,592049,1,9,70,3.7096535001674265,5.782644981137965,5.643856189774728,1.0,28.0,85.0,3.8612859297395556,6.22115564202006,5.4594316186372955
185639152,592049,5,4,25,2.7773627950641693,4.023465189601645,3.7004397181410926,5.0,32.0,96.8,3.3772223608580942,5.548754625714102,5.019369117386153
4540436,592049,2,3,53,1.2406705316766886,5.690184605506592,3.459431618637298,2.0,38.0,18.0,2.924611956195313,3.5,3.2617809780285065
5048824,592049,1,28,85,3.8612859297395556,6.22115564202006,5.4594316186372955,1.0,9.0,70.0,3.7096535001674265,5.782644981137965,5.643856189774728
86326302,592049,5,8,21,3.0588138903312014,4.39231742277876,4.169925001442313,5.0,31.2,97.6,3.3209321418046884,5.474984179078679,4.925472060725911
