member,group_id,m1,m2,m3,m4,m5,m6,m7,m8,m9,m10,m11,m12
6009761,592049,4,7,92,3.09872899695832,6.327909782143981,5.35851976299634,7.25,74.5,30.25,3.022713534337742,4.8628731269457095,4.016185691187564
83080482,592049,7,44,117,4.627400892498219,6.380756065607802,5.999227547132699,7.285714285714286,60.0,92.57142857142857,3.6195808171880812,5.638673739807381,5.180800506150807
7379363,592049,1,60,29,3.7871439606981414,4.651084443403434,4.247927513443588,12.0,270.0,34.0,4.875,5.087462841250338,5.0
593189,592049,6,21,22,3.640223928941851,4.459431618637295,3.906890595608518,8.0,73.66666666666667,114.0,4.113818039890926,6.027354936391103,5.595252436748666
95496582,592049,4,1,59,1.6413344445273812,5.227911007275555,4.786425874087822,8.25,105.25,120.25,4.527656283844236,6.100261073414012,5.779891415857713
28101672,592049,4,15,19,2.5216406363433186,4.247927513443588,2.8073549220576046,7.25,72.5,48.5,3.1669856244914922,5.382868694120808,4.653976901422248
1276683,592049,4,2,34,1.6137129703673825,5.028639311838574,4.08746284125034,7.25,75.75,44.75,3.3939675409854764,5.187690744522062,4.333949921624065
2814764,592049,12,270,34,4.875,5.087462841250338,5.0,5.0,23.333333333333332,75.75,3.009224431431829,5.251630871153226,4.480508010828018
114358222,592049,7,57,111,4.456747562960808,6.280726226632515,5.9375,7.285714285714286,58.142857142857146,93.42857142857143,3.6439598642648545,5.652963716803852,5.189618727169763
111166032,592049,9,11,34,3.080500530640267,5.087462841250338,4.169925001442313,6.333333333333333,52.888888888888886,90.77777777777777,3.608523804590685,5.682286111462191,5.062424193440276
52122162,592049,6,10,169,3.491782573328347,6.675622483440236,6.282023955618838,8.0,75.5,89.5,4.13855826582651,5.65798979225728,5.199396876746947
127528372,592049,1,2,4,0.0,2.0,0.0,12.0,270.0,34.0,4.875,5.087462841250338,5.0
82125592,592049,7,50,219,4.1514766799179155,6.652099160165392,6.182838116298154,7.285714285714286,59.142857142857146,78.0,3.687569990413839,5.5999104405848685,5.154570424841455
