member,group_id,m1,m2,m3,m4,m5,m6,m7,m8,m9,m10,m11,m12
8547168,594011,3,1,13,0.0,3.546593564294939,0.0,5.333333333333333,178.66666666666666,13.0,0.9727652780181631,2.6522012000745026,0.6394319446848299
189477029,594011,3,2,13,0.9182958340544896,3.3927474104487847,1.0,5.333333333333333,178.33333333333334,13.0,0.6666666666666666,2.7034832513565537,0.3060986113514965
93320742,594011,3,2,4,1.5,2.0,1.584962500721156,5.333333333333333,178.33333333333334,20.333333333333332,1.0204260414863777,4.190357723285216,1.241883585370698
147865482,594011,1,7,6,1.5,2.584962500721156,1.584962500721156,10.0,533.0,25.0,2.0,4.5638561897747225,0.9182958340544896
188603758,594011,3,1,1,0.0,0.0,0.0,5.333333333333333,178.66666666666666,17.0,0.9727652780181631,3.8343990548394817,0.6394319446848299
66378772,594011,10,533,25,2.0,4.5638561897747225,0.9182958340544896,2.4,1.8,10.7,0.7590444673699526,2.7175376645320526,1.3262682142362165
39604182,594011,1,1,8,1.6644977792004616,3.0,2.584962500721156,10.0,533.0,25.0,2.0,4.5638561897747225,0.9182958340544896
190806648,594011,3,1,19,0.0,4.037401197654114,0.0,5.333333333333333,178.66666666666666,15.333333333333334,1.5204260414863775,3.5112239907338445,1.7702044189444166
189917497,594011,2,1,1,0.0,0.0,0.0,6.0,267.0,25.0,1.4731864679927211,4.6038561897747226,2.3093677760977913
189744731,594011,3,1,17,1.061278124459133,3.969815782426811,2.8073549220576046,5.333333333333333,178.66666666666666,16.0,1.1666666666666667,3.5337524624762793,0.8344194449252152
190178845,594011,2,1,25,0.946372935985442,4.643856189774723,3.7004397181410926,6.0,267.0,13.0,1.0,2.2819280948873613,0.4591479170272448
