member,group_id,m1,m2,m3,m4,m5,m6,m7,m8,m9,m10,m11,m12
89931872,594011,1,1,8,0.9182958340544896,2.75,1.0,8.0,533.0,25.0,2.0,4.5638561897747225,0.9182958340544896
4583137,594011,4,1,173,3.233878574094571,6.721114783762365,5.814846439192345,5.0,134.0,11.25,0.896240625180289,2.886232111188835,0.4795739585136224
192599211,594011,4,1,2,0.0,1.0,0.0,5.0,134.0,54.0,1.7047102687039317,4.316510807129426,1.9332855683117085
192534732,594011,4,1,7,0.0,2.5216406363433186,0.0,5.0,134.0,52.75,1.7047102687039317,3.9361006480435963,1.9332855683117085
12710644,594011,4,1,11,1.584962500721156,3.459431618637298,1.0,5.0,134.0,51.75,1.3084696435236427,3.701652902470102,1.6832855683117085
66378772,594011,8,533,25,2.0,4.5638561897747225,0.9182958340544896,3.25,1.75,30.25,1.2839046593581198,3.392697973632801,1.7780296719162558
188722004,594011,3,5,6,0.0,2.584962500721156,0.0,4.666666666666667,179.0,20.0,2.17803345533158,4.222763479790998,2.44256225673073
191726427,594011,3,2,14,1.9182958340544893,3.8073549220576055,2.321928094887362,4.666666666666667,180.0,17.333333333333332,1.5386015106467505,3.8152993393455144,1.6685862251016097
11371068,594011,3,2,21,2.6158045319402516,4.297079327540665,4.08746284125034,4.666666666666667,180.0,15.0,1.3060986113514963,3.6520578708511615,1.0800746429806172
