member,group_id,m1,m2,m3,m4,m5,m6,m7,m8,m9,m10,m11,m12
14280040,594011,1,1,30,2.717227302397353,4.840223928941852,4.700439718141092,3.0,533.0,25.0,2.0,4.5638561897747225,1.5
66378772,594011,3,533,25,2.0,4.5638561897747225,1.5,1.0,1.6666666666666667,33.333333333333336,2.3729939099320645,4.1920215313698,3.761800739620749
54001692,594011,1,3,4,0.9182958340544896,2.0,1.584962500721156,3.0,533.0,25.0,2.0,4.5638561897747225,1.5
8493248,594011,1,1,66,3.48345859334435,5.735840665167547,5.0,3.0,533.0,25.0,2.0,4.5638561897747225,1.5
