member,group_id,m1,m2,m3,m4,m5,m6,m7,m8,m9,m10,m11,m12
178653472,594011,1,1,28,1.836591668108979,4.735926350629031,3.169925001442312,15.0,533.0,25.0,2.0,4.5638561897747225,1.5
183228800,594011,7,6,62,2.058813890331201,5.300497519854926,3.169925001442312,7.142857142857143,78.0,12.714285714285714,1.1591795820535602,2.666289722581411,1.6459382764341481
184106278,594011,7,4,2,1.0,1.0,1.0,7.285714285714286,85.71428571428571,34.0,2.2385846293069136,4.136208204655006,3.2361595717291505
183471367,594011,8,5,3,1.0,1.584962500721156,1.0,7.125,75.875,35.75,2.207449809037288,4.058799365679116,3.0919473952870034
7404615,594011,6,6,10,2.321928094887362,3.321928094887362,2.321928094887362,8.333333333333334,99.5,34.666666666666664,2.1298094145132898,3.7105011349949133,2.8739543443277253
182781255,594011,2,1,22,1.5693078231812962,4.368522527728205,4.08746284125034,11.0,268.5,13.5,1.5,2.7819280948873613,1.25
160453962,594011,5,1,1,0.0,0.0,0.0,7.4,108.6,26.2,1.7046097086115535,3.725912615440729,2.221306087152039
72825292,594011,2,3,9,1.5,3.169925001442312,3.0,11.5,269.0,14.0,1.5,3.0744093452479393,1.25
78898512,594011,2,2,22,2.3522170014624826,4.368522527728205,4.0,11.0,292.0,27.0,2.7385876167178114,4.607470316589078,2.9797158093186473
183931569,594011,7,3,16,0.6500224216483541,3.75,2.584962500721156,8.0,86.57142857142857,37.714285714285715,2.3585108643785637,3.876490346387395,2.8786595230821246
184074899,594011,5,1,2,0.0,1.0,0.0,7.4,108.6,26.0,1.7046097086115535,3.525912615440729,2.221306087152039
66378772,594011,15,533,25,2.0,4.5638561897747225,1.5,5.0,5.866666666666666,25.4,1.7921299745185086,3.4486454673359197,2.795304829287104
183332501,594011,5,2,7,1.0,2.8073549220576046,2.0,7.4,108.4,25.0,1.5046097086115533,3.164441631029208,1.821306087152039
719099,594011,6,1,133,4.651658831995762,6.713103676070166,6.699331946607902,8.333333333333334,100.33333333333333,14.166666666666666,1.7415209583285565,3.145305204797779,2.1443870357076356
170173372,594011,5,1,35,3.4642346527265664,4.957854445516393,4.436605434317882,7.4,108.6,19.4,1.0117627780662404,2.7343417263374503,1.3339850002884623
183040414,594011,7,51,29,3.4771752334356227,4.651084443403434,4.459431618637295,7.285714285714286,79.14285714285714,30.142857142857142,1.996546621427709,3.6146247127402304,2.7294603631737746
