member,group_id,m1,m2,m3,m4,m5,m6,m7,m8,m9,m10,m11,m12
7654044,595236,3,1,2,1.0,1.0,0.0,11.666666666666666,32.0,1.6666666666666667,0.3333333333333333,0.5283208335737187,0.0
7847713,595236,7,25,2,1.0,1.0,0.0,10.428571428571429,23.0,2.4285714285714284,0.36928035724587943,0.833798809729854,0.14285714285714285
5257445,595236,12,65,1,0.0,0.0,0.0,8.166666666666666,17.083333333333332,6.583333333333333,0.6496215170729575,1.3968321901618104,0.5449299009256694
5003142,595236,4,8,1,0.0,0.0,0.0,12.75,43.75,2.25,0.0,0.5629072918469556,0.0
4259720,595236,13,40,4,1.0,2.0,0.0,8.76923076923077,19.692307692307693,6.076923076923077,0.6446477465843573,1.2574575986663754,0.5799352931621564
6166569,595236,7,2,3,1.0,1.584962500721156,0.0,10.428571428571429,33.857142857142854,2.5714285714285716,0.2857142857142857,0.9766559525869969,0.0
7662955,595236,4,1,1,0.0,0.0,0.0,12.5,43.25,14.25,0.6988645512188725,1.946176589610452,1.2385490775967192
6209775,595236,7,3,1,0.0,0.0,0.0,10.428571428571429,26.142857142857142,2.5714285714285716,0.5121375001030223,0.9766559525869969,0.14285714285714285
1662353,595236,5,6,7,2.0,2.8073549220576046,1.584962500721156,11.4,31.0,11.2,0.759091640975098,1.506615438210797,0.9908392620773754
7487699,595236,16,29,1,0.0,0.0,0.0,7.625,17.3125,5.375,0.6487762940997903,1.2091842989164299,0.47119742569425205
7330196,595236,8,7,49,2.79545820487549,5.533077191053985,4.954196310386877,9.875,30.375,3.0,0.375,1.0804933237708227,0.1981203125901445
6360756,595236,8,14,1,0.0,0.0,0.0,10.25,29.625,9.25,0.8494322756094362,1.9702482852427154,0.8173948513885041
3755030,595236,14,72,6,0.0,2.2516291673878226,0.0,8.285714285714286,16.214285714285715,5.142857142857143,0.5271729075426176,0.9491403352298181,0.4252997364562055
7820565,595236,9,9,1,0.0,0.0,0.0,9.666666666666666,27.77777777777778,2.2222222222222223,0.39832916674679514,0.7596212964565532,0.1111111111111111
7859925,595236,7,1,1,0.0,0.0,0.0,10.428571428571429,26.428571428571427,2.5714285714285716,0.5121375001030223,0.9766559525869969,0.14285714285714285
4318460,595236,7,16,3,0.0,1.584962500721156,0.0,11.142857142857142,32.714285714285715,9.285714285714286,0.6850654578393557,1.6242384084518517,0.7077423300552681
5177597,595236,7,7,3,1.584962500721156,1.584962500721156,1.0,10.428571428571429,25.571428571428573,2.2857142857142856,0.2857142857142857,0.7502327381982603,0.0
