member,group_id,m1,m2,m3,m4,m5,m6,m7,m8,m9,m10,m11,m12
7847713,595236,9,25,2,1.0,1.0,0.0,8.0,25.333333333333332,6.555555555555555,0.5706592841935092,1.6824786468609707,0.6066035131819221
5257445,595236,11,65,1,0.0,0.0,0.0,7.545454545454546,20.181818181818183,6.363636363636363,0.7325328775117221,1.8667841131388634,0.6781301471488453
4259720,595236,9,40,4,1.0,2.0,0.0,8.333333333333334,26.555555555555557,3.2222222222222223,0.49376179886385824,1.2476565656541934,0.4444444444444444
7976810,595236,5,5,5,1.0,2.321928094887362,0.0,10.0,40.0,2.2,0.2,0.6503258334775646,0.0
8498314,595236,4,1,2,0.0,1.0,0.0,10.25,50.5,3.25,0.5,1.3129072918469555,0.0
8561517,595236,5,3,33,1.6140054628542202,4.9837880587523955,3.459431618637298,10.0,39.0,3.2,0.5043856189774724,1.1673183336217956,0.4
1662353,595236,4,6,7,2.0,2.8073549220576046,1.584962500721156,9.5,32.0,3.75,0.48048202372184057,1.264746022361357,0.5
7487699,595236,10,29,1,0.0,0.0,0.0,7.9,24.7,7.2,1.0057861652628943,2.075701766586395,0.9044394119358454
3522035,595236,8,18,7,1.9219280948873623,2.8073549220576046,2.0,8.375,30.125,3.625,0.5652410118609202,1.4036136363609675,0.4481203125901445
7820565,595236,8,9,1,0.0,0.0,0.0,8.5,32.5,4.125,0.8652410118609203,1.6485333882987994,0.4481203125901445
3755030,595236,12,72,6,0.0,2.2516291673878226,0.0,7.166666666666667,18.416666666666668,6.0,0.8381551377190787,1.7575292499331068,0.7536995099465379
7940729,595236,8,4,6,1.5219280948873621,2.584962500721156,2.0,8.625,33.5,7.125,0.6919916947176978,1.8284668311148724,0.6824289523296623
4318460,595236,5,16,3,0.0,1.584962500721156,0.0,9.6,39.8,4.8,0.8887712379549448,1.9287893180333167,0.8
