member,group_id,m1,m2,m3,m4,m5,m6,m7,m8,m9,m10,m11,m12
5003142,595236,1,8,1,0.0,0.0,0.0,7.0,72.0,6.0,0.0,2.584962500721156,0.0
4315687,595236,4,24,1,0.0,0.0,0.0,4.5,33.25,4.5,0.7304820237218406,1.8480793556946902,0.8304820237218405
4259720,595236,6,40,4,1.0,2.0,1.0,3.8333333333333335,20.166666666666668,1.8333333333333333,0.0,0.430827083453526,0.0
1589640,595236,3,2,1,0.0,0.0,0.0,5.333333333333333,39.0,3.6666666666666665,0.3333333333333333,1.5283208335737186,0.3333333333333333
4818186,595236,3,15,1,0.0,0.0,0.0,5.0,43.333333333333336,5.666666666666667,0.9739760316291207,2.46410580759292,1.1073093649624541
3522035,595236,2,18,7,1.9219280948873623,2.8073549220576046,2.321928094887362,3.5,19.5,1.0,0.0,0.0,0.0
5803188,595236,3,5,1,0.0,0.0,0.0,5.333333333333333,38.0,3.6666666666666665,0.3333333333333333,1.5283208335737186,0.3333333333333333
3755030,595236,7,72,6,0.0,2.584962500721156,0.0,3.2857142857142856,13.857142857142858,1.4285714285714286,0.14285714285714285,0.2857142857142857,0.14285714285714285
4850073,595236,3,3,1,0.0,0.0,0.0,5.666666666666667,45.333333333333336,3.6666666666666665,0.3333333333333333,1.5283208335737186,0.3333333333333333
