member,group_id,m1,m2,m3,m4,m5,m6,m7,m8,m9,m10,m11,m12
89881762,5981122,6,19,55,3.646526655762411,5.353909258900529,5.234120167580196,7.833333333333333,82.5,65.0,2.4115852628752834,4.881259833267684,4.280254456848797
37047172,5981122,10,399,254,2.946335902230542,7.219090490679338,6.28286284787696,6.2,13.1,27.7,1.9179637921312545,4.046524944097167,3.495471215568338
82946532,5981122,6,3,25,2.077819531114783,4.483856189774723,4.0,7.833333333333333,85.16666666666667,70.0,2.673036450316555,5.026268678121986,4.4859411514454965
183145733,5981122,6,1,60,2.2789594433229956,5.6943091372391255,5.0,7.833333333333333,85.5,64.16666666666667,2.639513131615186,4.8245265202112515,4.31927448477883
70682232,5981122,6,70,14,2.113283334294875,3.8073549220576055,3.169925001442312,7.833333333333333,74.0,71.83333333333333,2.667125816453206,5.139018889408171,4.624286984538445
151295662,5981122,6,4,6,1.0,2.584962500721156,2.0,7.0,72.16666666666667,61.833333333333336,1.8348974765080035,4.293324653826312,3.6389216390896393
185988622,5981122,10,16,11,2.725480556997868,3.459431618637298,3.169925001442312,6.2,51.4,52.0,1.9400493266545218,4.4224908313013715,3.8067650002118034
77739152,5981122,5,7,14,1.6854752972273346,3.8073549220576055,3.321928094887362,8.0,85.4,59.8,1.799889853703809,3.777400250251161,3.3023203479300944
185370608,5981122,9,6,26,2.327632809290636,4.623516641218014,4.058813890331201,6.666666666666667,57.888888888888886,49.0,2.052653413438979,4.156696560007487,3.686529012581016
134803192,5981122,5,2,2,0.0,1.0,1.0,8.0,86.4,62.2,2.136984913149276,4.338871234662681,3.766705966907567
54059102,5981122,3,3,64,1.3244602933016414,5.65055425036562,4.0,8.666666666666666,139.66666666666666,90.33333333333333,2.2239388197428034,4.421161536679263,3.8175959497730907
