member,group_id,m1,m2,m3,m4,m5,m6,m7,m8,m9,m10,m11,m12
3177511,6032482,4,897,9,1.9219280948873623,3.169925001442312,2.321928094887362,1.5,37.0,16.25,1.757653748264195,2.866586728700735,2.259043403138371
188356815,6032482,2,6,11,1.584962500721156,3.459431618637298,1.584962500721156,3.0,452.0,26.5,2.2801128325826907,4.114568759193931,3.4828921423310426
149880402,6032482,2,7,44,2.638297570278019,5.059212516945551,4.643856189774723,3.0,451.5,10.0,1.7534452978042592,3.314678310039805,1.9534452978042591
129952242,6032482,1,3,1,0.0,0.0,0.0,4.0,897.0,9.0,1.9219280948873623,3.169925001442312,2.321928094887362
14482136,6032482,1,132,9,2.8073549220576046,2.94770277922009,2.8073549220576046,4.0,897.0,9.0,1.9219280948873623,3.169925001442312,2.321928094887362
