member,group_id,m1,m2,m3,m4,m5,m6,m7,m8,m9,m10,m11,m12
95886432,6134962,4,38,1,0.0,0.0,0.0,6.5,93.0,10.25,1.8155598096137173,2.9005885323850293,1.9767226489021295
151147482,6134962,3,1,1,0.0,0.0,0.0,5.666666666666667,93.66666666666667,4.666666666666667,0.5408520829727552,2.0430943389816556,1.0566416671474375
13079266,6134962,7,96,15,2.9477027792200903,3.773557262275185,3.0,5.0,53.142857142857146,7.0,1.160830654813416,2.2000264631534163,1.15383079957869
5339243,6134962,5,21,14,2.584962500721156,2.699513850319966,2.321928094887362,5.8,78.2,6.2,1.1354553475467426,2.0975605559882617,1.1169925001442311
150026702,6134962,5,45,5,0.8112781244591328,2.321928094887362,1.584962500721156,5.0,68.8,7.8,1.1517961807358446,2.2490819927066505,1.2339850002884625
4606610,6134962,3,11,14,2.0,3.6644977792004623,1.584962500721156,7.0,124.33333333333333,9.0,1.5234196760461185,2.9676134264067175,2.0566416671474372
126920312,6134962,4,2,3,1.0,1.584962500721156,0.0,6.5,93.0,10.25,1.8155598096137173,2.9005885323850293,1.9767226489021295
105179482,6134962,5,23,5,0.9182958340544896,2.321928094887362,1.0,5.8,77.8,8.0,1.4687886808800759,2.1730777070747824,1.3813781191217036
29719772,6134962,9,232,7,0.8112781244591328,2.8073549220576046,1.584962500721156,4.333333333333333,26.77777777777778,6.666666666666667,1.140248804272763,1.92959862025461,1.0546503440366304
9404282,6134962,3,4,2,0.0,1.0,0.0,5.666666666666667,92.66666666666667,4.333333333333333,0.5408520829727552,1.7097610056483223,1.0566416671474375
