member,group_id,m1,m2,m3,m4,m5,m6,m7,m8,m9,m10,m11,m12
61312642,6224252,2,5,54,2.09098996700847,5.680813428089393,4.459431618637295,13.0,94.5,12.5,2.238783578558464,3.522462500721156,2.660964047443681
72766692,6224252,12,15,1,0.0,0.0,0.0,12.166666666666666,27.666666666666668,9.25,1.4895110820767263,2.662621944464933,1.9563955169949556
4196007,6224252,12,1,4,0.0,2.0,1.0,12.166666666666666,28.833333333333332,9.0,1.4895110820767263,2.4959552777982665,1.8730621836616221
11183208,6224252,12,34,2,1.0,1.0,1.0,12.166666666666666,26.083333333333332,9.166666666666666,1.406177748743393,2.5792886111316,1.8730621836616221
10249034,6224252,12,15,18,2.3709505944546683,4.169925001442313,3.321928094887362,12.166666666666666,27.666666666666668,7.833333333333333,1.2919318658721706,2.315128194344741,1.6795681757543421
27027152,6224252,13,5,9,2.1556390622295662,3.169925001442312,3.0,11.307692307692308,26.692307692307693,12.076923076923077,1.3699602992076632,2.650950135402022,1.918167524813597
6724850,6224252,12,55,14,2.2516291673878226,3.8073549220576055,2.584962500721156,12.166666666666666,24.333333333333332,8.166666666666666,1.3018753181277412,2.3453423676267993,1.7409819752681928
39788372,6224252,12,3,3,0.0,1.584962500721156,0.0,12.166666666666666,28.666666666666668,9.083333333333334,1.4895110820767263,2.5305417360715037,1.9563955169949556
5150581,6224252,12,1,10,2.75,3.321928094887362,3.0,12.166666666666666,28.833333333333332,8.5,1.2603444154100598,2.3857946032243196,1.7063955169949556
16052661,6224252,12,12,2,1.0,1.0,1.0,12.166666666666666,27.916666666666668,9.166666666666666,1.406177748743393,2.5792886111316,1.8730621836616221
8470999,6224252,13,184,16,2.321928094887362,3.875,2.321928094887362,11.307692307692308,12.923076923076923,11.538461538461538,1.3571688351570637,2.5967135970514303,1.9703269021299537
73057142,6224252,12,10,2,0.0,1.0,0.0,12.166666666666666,28.083333333333332,9.166666666666666,1.4895110820767263,2.5792886111316,1.9563955169949556
10428729,6224252,12,7,26,2.523986065961298,4.700439718141092,4.247927513443588,12.166666666666666,28.333333333333332,7.166666666666667,1.2791789099132849,2.2709186346198424,1.602401557541323
10317946,6224252,12,5,5,1.5,2.321928094887362,2.0,12.166666666666666,28.5,8.916666666666666,1.3645110820767263,2.469127936557653,1.7897288503282889
