member,group_id,m1,m2,m3,m4,m5,m6,m7,m8,m9,m10,m11,m12
72766692,6224252,5,15,1,0.0,0.0,0.0,5.2,46.0,8.8,1.42856338924751,2.537029786076833,1.5428491035332246
10816230,6224252,5,3,2,0.0,1.0,0.0,5.2,48.4,8.6,1.42856338924751,2.3370297860768328,1.5428491035332246
11183208,6224252,5,34,2,1.0,1.0,1.0,5.2,42.2,8.6,1.22856338924751,2.3370297860768328,1.3428491035332246
16052661,6224252,1,12,2,1.0,1.0,1.0,6.0,184.0,16.0,2.321928094887362,3.875,2.321928094887362
8470999,6224252,6,184,16,2.321928094887362,3.875,2.321928094887362,4.333333333333333,12.166666666666666,5.166666666666667,0.9701481418916981,1.635024821730694,1.0653862371297935
100462552,6224252,5,3,15,2.2359263506290326,3.640223928941852,2.8073549220576046,5.2,48.4,6.0,0.9813781191217036,1.8089850002884624,0.9813781191217036
10375739,6224252,5,6,9,1.584962500721156,3.169925001442312,1.584962500721156,5.2,47.8,7.2,1.111570889103279,1.9030447857883703,1.2258566033889935
