member,group_id,m1,m2,m3,m4,m5,m6,m7,m8,m9,m10,m11,m12
194798146,633017,6,4,22,1.4182958340544896,4.277613436819114,3.584962500721156,9.333333333333334,128.33333333333334,7.0,1.4126706021323014,2.468941720049368,1.6258145836939113
190044837,633017,13,27,12,3.0,3.188721875540867,3.0,6.6923076923076925,79.07692307692308,12.0,1.4484918617941138,3.196815270403702,2.1611065570443433
194361736,633017,3,1,24,0.0,4.501629167387823,1.0,9.0,246.0,14.333333333333334,1.4738513896100451,3.5396824377398537,1.9182958340544893
190023528,633017,8,2,11,1.8910611120726526,3.459431618637298,3.169925001442312,9.375,129.5,11.375,1.768536379566764,3.052051755543892,2.5067619400688432
194922282,633017,5,2,5,1.0,2.321928094887362,1.0,9.8,154.0,9.6,1.4006516669551292,2.6619808087181327,1.8339850002884623
187084686,633017,3,4,16,0.9182958340544896,4.0,1.584962500721156,12.0,338.3333333333333,8.666666666666666,2.46410580759292,2.81945091654944,2.46410580759292
4840880,633017,15,734,5,1.584962500721156,2.321928094887362,1.584962500721156,6.066666666666666,21.6,14.0,1.4109151691104542,3.430038894623098,2.1396256827717646
161879902,633017,2,6,29,2.287783719941071,4.857980995127571,3.7004397181410926,14.0,380.5,8.5,2.292481250360578,2.7553249852141146,2.292481250360578
194838866,633017,7,1,6,0.0,2.584962500721156,2.321928094887362,10.0,147.57142857142858,10.571428571428571,2.0887223306503246,3.0018956750640235,2.4738757037692203
141824532,633017,9,2,15,1.9182958340544893,3.773557262275185,2.584962500721156,8.222222222222221,115.0,12.444444444444445,1.5134507016169192,3.205540676370997,2.1821175579191006
188465558,633017,7,10,20,2.4193819456463714,4.321928094887363,3.169925001442312,10.0,146.28571428571428,8.571428571428571,1.7430963384151288,2.7537577330402803,2.3527332885470846
187882455,633017,5,1,7,0.0,2.5216406363433186,0.0,9.8,154.2,9.2,1.6006516669551292,2.622038300426941,2.0339850002884625
14482136,633017,8,254,9,2.8073549220576046,2.94770277922009,2.8073549220576046,9.0,98.0,10.875,1.5914996533186447,3.0813161808686536,2.302083199991932
125246842,633017,2,4,9,1.584962500721156,3.169925001442312,1.584962500721156,14.0,380.5,8.5,2.292481250360578,2.7553249852141146,2.292481250360578
191728668,633017,10,4,2,1.0,1.0,1.0,8.3,103.7,11.2,1.6039352148606763,3.1719414394219116,2.3224020521993056
45209182,633017,3,2,23,0.9182958340544896,4.523561956057013,1.584962500721156,9.0,245.66666666666666,14.666666666666666,1.1677527782585484,3.532371508183457,1.723308333814104
