member,group_id,m1,m2,m3,m4,m5,m6,m7,m8,m9,m10,m11,m12
35911712,633017,2,1,19,1.823026490712885,3.9976702764876157,3.584962500721156,8.5,494.0,7.0,2.1961587113893803,2.4817661313779777,1.792481250360578
5777066,633017,3,3,3,1.0,1.584962500721156,0.0,6.666666666666667,330.3333333333333,7.333333333333333,1.9641058075929203,2.654510754251985,1.723308333814104
13855819,633017,3,8,1,0.0,0.0,0.0,6.666666666666667,330.3333333333333,5.666666666666667,1.7974391409262536,2.182831587825704,1.1949875002403854
4840880,633017,9,734,5,1.584962500721156,2.321928094887362,1.0,3.2222222222222223,31.77777777777778,5.777777777777778,1.246149323721294,1.8573433379341155,1.1488722225427361
79705712,633017,3,3,8,1.5,3.0,1.584962500721156,6.666666666666667,330.3333333333333,5.666666666666667,1.7974391409262536,2.182831587825704,1.1949875002403854
58908432,633017,3,5,3,1.584962500721156,1.584962500721156,1.0,6.666666666666667,330.3333333333333,6.333333333333333,1.9641058075929203,2.428486785881106,1.723308333814104
12558676,633017,3,3,5,1.5,2.321928094887362,1.584962500721156,6.666666666666667,331.0,5.666666666666667,1.992426641166639,2.182831587825704,1.5283208335737186
80569012,633017,3,3,3,1.0,1.584962500721156,0.0,6.666666666666667,332.0,5.0,1.4641058075929203,1.6545107542519852,1.1949875002403854
73334902,633017,1,6,1,0.0,0.0,0.0,9.0,734.0,5.0,1.584962500721156,2.321928094887362,1.0
14482136,633017,8,254,9,2.8073549220576046,2.6416041678685933,2.584962500721156,3.625,95.0,5.875,1.2491189365193995,2.049551746053226,1.0943609377704335
