member,group_id,m1,m2,m3,m4,m5,m6,m7,m8,m9,m10,m11,m12
155694652,6459572,1,2,35,1.5,4.957854445516393,1.584962500721156,2.0,450.0,16.0,2.197159723424149,4.0,2.75
6520725,6459572,2,450,16,2.197159723424149,4.0,2.75,1.0,1.5,19.5,0.75,3.4789272227581964,1.292481250360578
183828487,6459572,1,1,4,0.0,2.0,1.0,2.0,450.0,16.0,2.197159723424149,4.0,2.75
