member,group_id,m1,m2,m3,m4,m5,m6,m7,m8,m9,m10,m11,m12
1851586,67696,7,18,1,0.0,0.0,0.0,7.285714285714286,33.42857142857143,12.428571428571429,1.161196995706858,1.9626922111981735,1.7241489456339618
2183170,67696,8,7,4,1.584962500721156,2.0,1.584962500721156,6.75,30.75,10.625,0.8179270586533562,1.4673556847984017,1.310510014839572
549357,67696,6,44,10,1.7709505944546688,3.321928094887362,3.321928094887362,7.5,32.333333333333336,12.833333333333334,1.0595713959155562,1.7361528972499753,1.4578524207583952
2051855,67696,7,14,1,0.0,0.0,0.0,7.0,27.857142857142858,11.142857142857142,0.9082040536419054,1.4881310547856932,1.2495877892214815
921808,67696,7,36,64,2.850537779884819,5.831954882778696,4.840223928941852,7.285714285714286,30.857142857142858,3.4285714285714284,0.7539773128661695,1.1295557993726455,1.0326883843565544
2152661,67696,8,20,1,0.0,0.0,0.0,6.75,29.125,11.0,1.0160473712435008,1.7173556847984017,1.5086303274297166
1845014,67696,4,1,1,0.0,0.0,0.0,7.75,34.0,3.0,0.8767226489021296,1.146240625180289,0.9767226489021296
2127994,67696,7,18,1,0.0,0.0,0.0,7.285714285714286,33.42857142857143,12.428571428571429,1.161196995706858,1.9626922111981735,1.7241489456339618
931420,67696,8,95,6,1.9219280948873623,2.584962500721156,2.321928094887362,6.75,19.75,10.375,0.7758063593825805,1.3942353722082572,1.2183893155687964
