member,group_id,m1,m2,m3,m4,m5,m6,m7,m8,m9,m10,m11,m12
5048824,680702,1,1135,85,3.8612859297395556,6.178689283497274,5.426264754702098,1.0,1.0,10.0,2.5,3.321928094887362,2.8073549220576046
3810131,680702,1,1,10,2.5,3.321928094887362,2.8073549220576046,1.0,1135.0,85.0,3.8612859297395556,6.178689283497274,5.426264754702098
