member,group_id,m1,m2,m3,m4,m5,m6,m7,m8,m9,m10,m11,m12
7513700,680702,2,38,5,1.584962500721156,1.9219280948873623,1.0,4.0,573.5,52.5,3.6822721322576006,5.250308689192318,4.756863797976219
7014858,680702,1,55,1,0.0,0.0,0.0,6.0,1135.0,85.0,3.8612859297395556,6.178689283497274,5.426264754702098
5789968,680702,2,47,6,1.9219280948873623,2.584962500721156,2.0,4.0,581.5,62.5,3.8722896094217347,5.725308689192319,5.256863797976218
2847699,680702,2,12,20,3.5032583347756456,4.321928094887363,4.08746284125034,4.0,586.5,45.0,2.7231242152303556,4.050308689192319,3.213132377351049
6992407,680702,1,17,2,0.0,1.0,0.0,6.0,1135.0,85.0,3.8612859297395556,6.178689283497274,5.426264754702098
5048824,680702,6,1135,85,3.8612859297395556,6.178689283497274,5.426264754702098,1.6666666666666667,32.833333333333336,12.333333333333334,1.815573703248013,2.5167911308972073,2.0291542804167797
3749404,680702,2,28,40,3.8832932891039142,5.271928094887364,5.087462841250338,4.0,591.0,45.5,2.891607012313459,4.381825892109215,3.713132377351049
