member,group_id,m1,m2,m3,m4,m5,m6,m7,m8,m9,m10,m11,m12
9835041,680702,4,3,5,1.0,2.321928094887362,0.0,11.0,329.25,24.75,1.784724841639668,2.659530225533643,2.187048212397365
7513700,680702,9,38,5,1.584962500721156,1.9219280948873623,1.0,10.666666666666666,147.33333333333334,21.88888888888889,1.8408160145552581,3.0968323795520343,2.2621352940996458
10775013,680702,4,49,2,1.0,1.0,0.0,9.75,330.0,23.75,1.4458035061567296,2.5871535712348965,1.8565661886755245
8456356,680702,3,4,1,0.0,0.0,0.0,12.666666666666666,398.6666666666667,31.0,1.9277380082089728,3.254550594739477,2.4754215849006993
5048824,680702,15,1135,85,3.8612859297395556,6.178689283497274,5.426264754702098,7.533333333333333,29.333333333333332,11.2,1.2542050607235418,2.220451493379505,1.2928256340554678
8419387,680702,9,29,1,0.0,0.0,0.0,10.666666666666666,148.33333333333334,22.333333333333332,2.016922959079831,3.31037994565063,2.373246405210757
8673992,680702,10,14,2,0.0,1.0,0.0,9.8,135.4,20.1,1.8152306631718482,2.879341951085567,2.135921764689681
6242767,680702,1,17,39,2.5220552088742005,4.785151577725659,3.459431618637298,15.0,1135.0,85.0,3.8612859297395556,6.178689283497274,5.426264754702098
5789968,680702,13,47,6,1.9219280948873623,2.584962500721156,2.0,8.461538461538462,116.0,15.615384615384615,1.3254137336023937,2.2918015008350516,1.4891705882228317
2847699,680702,9,12,20,3.5032583347756456,4.321928094887363,4.08746284125034,10.666666666666666,150.22222222222223,20.22222222222222,1.6276720329936485,2.8301657128853677,1.9190838672940527
10565524,680702,9,9,12,0.9182958340544896,3.584962500721156,1.0,10.666666666666666,150.55555555555554,21.11111111111111,1.9148900886293323,2.912050778903835,2.2621352940996458
9563317,680702,4,15,3,0.0,1.584962500721156,0.0,9.75,338.5,23.5,1.6958035061567296,2.4409129460546075,1.8565661886755245
5413334,680702,11,2,2,0.0,1.0,0.0,9.545454545454545,135.27272727272728,18.727272727272727,1.74111878470168,2.8286679641584573,1.941747058808801
4684056,680702,7,123,1,0.0,0.0,0.0,8.857142857142858,186.85714285714286,16.285714285714285,1.580118208778005,2.589996285494892,1.5354561213699227
7084282,680702,9,21,58,3.0849625007211565,5.741517417504062,4.523561956057013,10.666666666666666,149.22222222222223,16.0,1.6741493478885916,2.6724335659279563,1.8706284100933113
10554459,680702,11,57,11,3.277613436819116,3.459431618637298,3.321928094887362,9.545454545454545,130.27272727272728,17.90909090909091,1.4431539268090332,2.605083271555067,1.639753595637223
