member,group_id,m1,m2,m3,m4,m5,m6,m7,m8,m9,m10,m11,m12
6458209,680702,1,11,1,0.0,0.0,0.0,7.0,1135.0,85.0,3.8612859297395556,6.178689283497274,5.426264754702098
6127369,680702,1,1,3,0.0,1.584962500721156,0.0,7.0,1135.0,85.0,3.8612859297395556,6.178689283497274,5.426264754702098
6276589,680702,2,5,5,1.0,2.321928094887362,0.0,4.5,571.0,51.0,3.2750039026402114,5.1330760623738065,4.442848186669698
3064494,680702,2,7,17,2.688721875540867,4.08746284125034,3.459431618637298,4.5,570.0,45.0,2.4306429648697776,4.250308689192318,2.713132377351049
6479822,680702,1,1,1,0.0,0.0,0.0,7.0,1135.0,85.0,3.8612859297395556,6.178689283497274,5.426264754702098
2847699,680702,1,12,20,3.5032583347756456,4.321928094887363,4.08746284125034,7.0,1135.0,85.0,3.8612859297395556,6.178689283497274,5.426264754702098
5048824,680702,7,1135,85,3.8612859297395556,6.178689283497274,5.426264754702098,1.2857142857142858,9.285714285714286,12.428571428571429,1.5821819284886323,2.5126013752333693,1.8049081858768539
3749404,680702,1,28,40,3.8832932891039142,5.271928094887364,5.087462841250338,7.0,1135.0,85.0,3.8612859297395556,6.178689283497274,5.426264754702098
