member,group_id,m1,m2,m3,m4,m5,m6,m7,m8,m9,m10,m11,m12
75704192,6822952,13,249,5,2.0,1.9219280948873623,1.584962500721156,8.538461538461538,24.0,18.153846153846153,2.0726526018642546,3.038117606469711,2.135802920465715
131166112,6822952,11,7,4,2.0,2.0,1.584962500721156,9.909090909090908,44.90909090909091,19.636363636363637,2.1310204990417883,3.0720245953936907,2.222137261015176
65209122,6822952,2,1,6,1.584962500721156,2.2516291673878226,1.0,9.0,149.0,10.5,2.4036774610288023,2.960964047443681,2.084962500721156
48300192,6822952,10,11,4,0.0,2.0,0.0,10.5,44.1,20.0,2.263387056740206,2.9792270549330597,2.3443509871166937
47148902,6822952,10,16,9,3.0,3.169925001442312,2.8073549220576046,10.5,43.6,19.5,1.9633870567402063,2.862234554788829,2.063615494910933
106239912,6822952,10,20,7,2.0,2.8073549220576046,1.584962500721156,10.5,43.2,19.7,2.0633870567402064,2.8984915627272994,2.1858547370445782
1207469,6822952,5,49,16,2.8073549220576046,4.0,2.584962500721156,7.8,66.8,7.4,1.9650372859326015,2.4708938893215953,1.6983706192659347
120427822,6822952,10,21,9,2.2516291673878226,2.94770277922009,2.321928094887362,10.5,43.1,19.5,2.0382241400014243,2.8844567770110507,2.1121581776279577
13890546,6822952,11,18,7,2.321928094887362,2.8073549220576046,2.0,9.909090909090908,43.90909090909091,19.363636363636363,2.1017543085974824,2.9986286933884543,2.1844065792625544
13900179,6822952,10,38,7,1.8423709931771088,2.8073549220576046,2.584962500721156,10.5,41.4,19.7,2.079149957422495,2.8984915627273,2.0858547370445786
48935732,6822952,10,8,140,3.3813506438407916,6.58064990760802,5.652448756449988,10.5,44.4,6.4,1.9252519923561273,2.521162064172258,1.7791061114716953
46312312,6822952,10,14,4,1.584962500721156,2.0,1.0,10.5,43.8,20.0,2.1048908066680907,2.9792270549330597,2.244350987116694
29130142,6822952,2,59,15,1.9182958340544893,3.373557262275185,2.321928094887362,9.0,149.0,10.5,2.4036774610288023,2.960964047443681,2.084962500721156
1217695,6822952,10,50,8,2.2516291673878226,2.75,2.321928094887362,10.5,40.2,19.6,2.0382241400014243,2.90422705493306,2.1121581776279577
