member,group_id,m1,m2,m3,m4,m5,m6,m7,m8,m9,m10,m11,m12
92673862,6892592,8,53,26,3.418295834054489,4.161978179679553,3.459431618637298,3.5,18.875,18.375,1.8619513628684343,3.1204344691157817,2.5166957542362414
77356102,6892592,8,124,1,0.0,0.0,0.0,3.5,10.0,21.5,2.2892383421252456,3.640681741575726,2.949124706565904
34181992,6892592,2,1,43,2.1464657985040723,5.286729870981167,3.8073549220576055,8.0,88.5,13.5,1.7091479170272446,2.0809890898397767,1.729715809318649
75296922,6892592,4,4,8,2.584962500721156,3.0,2.321928094887362,5.75,48.25,19.25,2.3950767952284906,3.047998955376306,2.6471786588955655
34955242,6892592,2,1,23,2.777776811456787,4.349648912578752,3.875,8.0,88.5,13.5,1.7091479170272446,2.0809890898397767,1.729715809318649
122582122,6892592,3,4,1,0.0,0.0,0.0,6.666666666666667,64.0,23.333333333333332,2.4194596953422,3.128213633149206,2.8629048785274205
61527352,6892592,2,1,21,1.224394445405986,4.297079327540665,3.0,8.0,88.5,13.5,1.7091479170272446,2.0809890898397767,1.729715809318649
14586138,6892592,4,15,43,3.840083251972111,5.2226627197680635,5.129283016944964,5.75,46.25,9.0,1.5008145836939113,1.7904945449198884,1.445339928381165
21014491,6892592,3,1,7,2.321928094887362,2.8073549220576046,2.0,6.666666666666667,60.333333333333336,11.666666666666666,2.001086111591882,2.3873260598931845,1.92711990450822
