member,group_id,m1,m2,m3,m4,m5,m6,m7,m8,m9,m10,m11,m12
92673862,6892592,8,53,26,3.418295834054489,4.286790198827112,3.584962500721156,3.5,18.875,18.375,1.8619513628684343,3.1342568165057916,2.6404308720660588
77356102,6892592,8,124,1,0.0,0.0,0.0,3.5,10.0,21.5,2.2892383421252456,3.6701055913591807,3.088551184656203
34181992,6892592,2,1,43,2.1464657985040723,5.333241498888144,3.906890595608518,8.0,88.5,13.5,1.7091479170272446,2.143395099413556,1.792481250360578
75296922,6892592,4,4,8,2.584962500721156,3.0,2.584962500721156,5.75,48.25,19.25,2.3950767952284906,3.095218747966471,2.769203899262707
34955242,6892592,2,1,23,2.777776811456787,4.349648912578752,3.969815782426811,8.0,88.5,13.5,1.7091479170272446,2.143395099413556,1.792481250360578
122582122,6892592,3,4,1,0.0,0.0,0.0,6.666666666666667,64.0,23.333333333333332,2.4194596953422,3.1911733566027594,2.9182958340544887
61527352,6892592,2,1,21,1.224394445405986,4.297079327540665,3.169925001442312,8.0,88.5,13.5,1.7091479170272446,2.143395099413556,1.792481250360578
14586138,6892592,4,15,43,3.840083251972111,5.286729870981167,5.1699250014423095,5.75,46.25,9.0,1.5008145836939113,1.821697549706778,1.542481250360578
21014491,6892592,3,1,7,2.321928094887362,2.8073549220576046,2.321928094887362,6.666666666666667,60.333333333333336,11.666666666666666,2.001086111591882,2.428930066275704,2.0566416671474372
