member,group_id,m1,m2,m3,m4,m5,m6,m7,m8,m9,m10,m11,m12
42937282,696624,2,1,3,0.0,1.584962500721156,1.0,2.5,2.5,26.5,2.9813517816870934,4.134815437053726,3.683161107122909
6613002,696624,1,2,47,2.287783719941071,5.09391896966906,3.7004397181410926,1.0,3.0,29.0,1.2309595631140104,4.789015477886192,3.906890595608518
35631882,696624,2,1,2,0.0,1.0,1.0,2.0,1.0,38.0,1.772253928364927,4.470202008860467,3.5810760119146074
5106442,696624,2,2,8,1.9219280948873623,3.0,2.321928094887362,2.5,2.0,24.0,2.0203877342434122,3.427296687414304,3.022197059679228
7005714,696624,2,1,68,2.1735572622751853,5.940404017720933,4.840223928941852,2.0,1.0,5.0,0.6854752972273344,2.0,1.660964047443681
4715475,696624,1,3,29,1.2309595631140104,4.789015477886192,3.906890595608518,1.0,2.0,47.0,2.287783719941071,5.09391896966906,3.7004397181410926
14615091,696624,3,3,45,4.0407754684868245,5.269630874107452,5.044394119358456,1.6666666666666667,1.3333333333333333,10.666666666666666,1.1954752913626079,2.960680609420607,2.0430943389816556
26192722,696624,1,1,21,1.6644977792004616,4.297079327540665,2.8073549220576046,3.0,3.0,45.0,4.0407754684868245,5.269630874107452,5.044394119358456
35837052,696624,2,1,8,1.3709505944546687,3.0,2.321928094887362,2.0,1.0,35.0,1.0867786311375927,3.4702020088604666,2.920111964470926
