member,group_id,m1,m2,m3,m4,m5,m6,m7,m8,m9,m10,m11,m12
9387668,696624,1,6,3,0.0,1.584962500721156,0.0,1.0,6.0,28.0,3.044110417748401,4.66449777920046,4.169925001442313
7994071,696624,1,6,28,3.044110417748401,4.66449777920046,4.169925001442313,1.0,6.0,3.0,0.0,1.584962500721156,0.0
