member,group_id,m1,m2,m3,m4,m5,m6,m7,m8,m9,m10,m11,m12
143577512,6996512,1,99,8,2.0,3.0,1.584962500721156,1.0,15.0,81.0,3.8764481021644754,5.94152083613782,5.958714495630294
2781869,6996512,1,15,81,3.8764481021644754,5.94152083613782,5.958714495630294,1.0,99.0,8.0,2.0,3.0,1.584962500721156
