member,group_id,m1,m2,m3,m4,m5,m6,m7,m8,m9,m10,m11,m12
111576622,7175132,2,21,104,4.069940390836319,6.434962405886898,6.278464292480902,2.5,497.5,21.5,1.3129072918469555,2.582947104195013,1.792481250360578
5698827,7175132,3,993,1,0.0,0.0,0.0,1.6666666666666667,13.333333333333334,49.333333333333336,2.23191832484341,4.2002855380923085,3.287808931067353
27437932,7175132,1,17,2,0.0,1.0,0.0,3.0,993.0,1.0,0.0,0.0,0.0
3850542,7175132,2,2,42,2.625814583693911,5.165894208390026,3.584962500721156,2.5,507.0,52.5,2.0349701954181594,3.217481202943449,3.139232146240451
