member,group_id,m1,m2,m3,m4,m5,m6,m7,m8,m9,m10,m11,m12
10552353,7175132,2,2,23,2.5032583347756456,3.079245393062508,3.169925001442312,3.5,510.5,3.5,0.7609640474436811,1.292481250360578,1.160964047443681
188916837,7175132,1,13,15,1.4591479170272448,3.773557262275185,2.584962500721156,4.0,993.0,1.0,0.0,0.0,0.0
182800454,7175132,3,28,6,1.5219280948873621,2.584962500721156,2.321928094887362,2.6666666666666665,333.0,48.0,1.441511587569293,3.166472074122106,2.6700496434613883
152924072,7175132,2,4,120,1.8212764279322333,6.420170829303809,4.840223928941852,3.5,510.5,3.5,0.7609640474436811,1.292481250360578,1.160964047443681
5698827,7175132,4,993,1,0.0,0.0,0.0,2.0,11.75,41.0,1.8264026936556217,3.9644839963406646,3.2292598814981703
