member,group_id,m1,m2,m3,m4,m5,m6,m7,m8,m9,m10,m11,m12
11593774,7175132,1,1,10,0.5916727785823275,3.121928094887362,2.5216406363433186,3.0,993.0,1.0,0.0,0.0,0.0
9404753,7175132,1,3,3,0.9182958340544896,1.584962500721156,1.584962500721156,3.0,993.0,1.0,0.0,0.0,0.0
5698827,7175132,3,993,1,0.0,0.0,0.0,1.0,1.6666666666666667,5.666666666666667,0.503322870878939,2.235630198536173,1.368867712354825
9363366,7175132,1,1,4,0.0,2.0,0.0,3.0,993.0,1.0,0.0,0.0,0.0
