member,group_id,m1,m2,m3,m4,m5,m6,m7,m8,m9,m10,m11,m12
182800454,7175132,3,28,6,1.5219280948873621,2.584962500721156,2.0,3.0,333.0,19.333333333333332,0.8704611522398399,3.077502724422144,1.3232719274756037
190893065,7175132,2,1,24,0.7219280948873623,4.501629167387823,2.0,3.5,499.0,5.5,0.75,1.3232196723355076,0.792481250360578
5698827,7175132,5,993,1,0.0,0.0,0.0,2.2,8.0,19.4,1.2710479292988488,3.793107837209285,1.9109556566295935
189916236,7175132,2,4,23,1.0,4.262692390839622,0.0,4.0,510.5,3.5,0.7609640474436811,1.292481250360578,1.0
14530868,7175132,2,5,10,1.5,2.6464393446710153,1.584962500721156,3.5,497.0,12.5,0.36096404744368116,2.2508145836939115,1.0
190319189,7175132,2,2,34,1.6113834567195195,4.969815782426809,3.969815782426811,4.0,510.5,3.5,0.7609640474436811,1.292481250360578,1.0
