member,group_id,m1,m2,m3,m4,m5,m6,m7,m8,m9,m10,m11,m12
51945792,7399062,15,81,9,1.3709505944546687,3.169925001442312,2.0,10.533333333333333,78.66666666666667,2.8666666666666667,0.12282473287847392,1.0199472012258186,0.1723308333814104
122104032,7399062,13,87,3,0.0,1.584962500721156,0.0,11.692307692307692,89.0,4.0,0.3625631990485983,1.4076313860297907,0.47460961549556246
116194552,7399062,11,126,1,0.0,0.0,0.0,12.545454545454545,101.27272727272727,3.727272727272727,0.2921201443301616,1.323840220383734,0.41681477279283236
82731492,7399062,11,166,2,0.0,1.0,0.0,11.272727272727273,93.18181818181819,3.4545454545454546,0.26099550858678805,1.3328889179792716,0.32590568188374147
98911492,7399062,16,305,1,0.0,0.0,0.0,10.25,59.875,3.6875,0.2945825992269861,1.3418208137393495,0.3856203125901445
55667622,7399062,9,2,5,0.0,2.321928094887362,0.0,12.222222222222221,117.11111111111111,3.4444444444444446,0.3189945104949632,1.3060986113514965,0.39832916674679514
115937892,7399062,5,5,1,0.0,0.0,0.0,14.0,148.4,4.2,0.27419011889093375,1.6983706192659347,0.4
83496552,7399062,5,5,1,0.0,0.0,0.0,12.6,180.6,3.8,0.27419011889093375,1.5509775004326936,0.4
159694042,7399062,5,9,3,0.0,1.584962500721156,0.0,12.6,179.8,3.4,0.27419011889093375,1.2339850002884625,0.4
38795662,7399062,13,54,1,0.0,0.0,0.0,11.692307692307692,91.53846153846153,4.153846153846154,0.3625631990485983,1.5295515783929567,0.47460961549556246
59737072,7399062,10,8,2,0.0,1.0,0.0,12.8,106.6,3.8,0.3213321587631778,1.2562242424221073,0.4584962500721156
48846422,7399062,7,2,8,1.5,3.0,1.584962500721156,13.142857142857142,138.28571428571428,2.5714285714285716,0.0,1.1295557993726455,0.0
73801302,7399062,10,1,2,0.0,1.0,0.0,12.8,107.3,3.8,0.3213321587631778,1.2562242424221073,0.4584962500721156
93436472,7399062,16,342,4,0.0,2.0,0.0,10.25,57.5625,3.5,0.2945825992269861,1.2168208137393495,0.3856203125901445
107587642,7399062,14,12,2,0.0,1.0,0.0,11.142857142857142,88.35714285714286,3.857142857142857,0.3366658276879841,1.3488693227934598,0.4407089286744509
60576602,7399062,10,2,14,1.8423709931771088,3.8073549220576055,2.584962500721156,12.8,107.2,2.6,0.13709505944546688,0.9754887502163468,0.2
85426042,7399062,10,56,1,0.0,0.0,0.0,12.8,101.8,3.9,0.3213321587631778,1.3562242424221074,0.4584962500721156
