member,group_id,m1,m2,m3,m4,m5,m6,m7,m8,m9,m10,m11,m12
51945792,7399062,5,81,9,1.3709505944546687,3.169925001442312,2.321928094887362,8.0,173.4,2.0,0.0,0.7169925001442312,0.0
122104032,7399062,7,87,3,0.0,1.584962500721156,0.0,7.142857142857143,123.85714285714286,2.5714285714285716,0.19585008492209552,0.7385607144917589,0.33170401355533746
178350392,7399062,3,1,9,0.0,3.169925001442312,1.0,7.666666666666667,271.0,2.3333333333333335,0.0,1.0,0.0
146991392,7399062,6,3,1,0.0,0.0,0.0,7.666666666666667,145.0,1.8333333333333333,0.0,0.5974937501201927,0.0
98911492,7399062,10,305,1,0.0,0.0,0.0,5.6,81.7,4.2,0.25197854487355853,1.438424412224308,0.6129283016944967
82731492,7399062,3,166,2,0.0,1.0,0.0,7.666666666666667,216.0,4.666666666666667,0.0,1.723308333814104,0.3333333333333333
93436472,7399062,10,342,4,0.0,2.0,0.0,5.6,78.0,3.9,0.25197854487355853,1.2384244122243078,0.6129283016944967
108077682,7399062,6,7,1,0.0,0.0,0.0,7.5,157.33333333333334,3.1666666666666665,0.22849176574244479,1.1258145836939113,0.3869880158145604
116194552,7399062,7,126,1,0.0,0.0,0.0,7.142857142857143,118.28571428571429,2.857142857142857,0.19585008492209552,0.9649839288804954,0.33170401355533746
29178842,7399062,3,1,11,1.1488348542809168,3.459431618637298,2.8073549220576046,8.666666666666666,216.66666666666666,2.0,0.0,0.6666666666666666,0.0
183592671,7399062,6,3,1,0.0,0.0,0.0,7.166666666666667,144.0,3.5,0.19147247571348613,1.1740656865597423,0.4678924870096008
