member,group_id,m1,m2,m3,m4,m5,m6,m7,m8,m9,m10,m11,m12
122104032,7399062,10,87,3,0.0,1.584962500721156,0.0,8.7,110.6,12.3,0.5027579655536238,1.7556693213892693,0.7882041828261821
51945792,7399062,10,81,9,1.3709505944546687,3.169925001442312,2.0,8.9,105.8,14.3,0.7119909578892379,2.043032191903871,1.0203969923149183
116194552,7399062,9,126,1,0.0,0.0,0.0,9.444444444444445,112.33333333333333,13.777777777777779,0.5586199617262486,2.126850634957095,0.8757824253624246
10224738,7399062,5,2,27,3.4632805178108104,4.458591205867174,4.321928094887363,10.8,180.6,3.8,0.27419011889093375,1.5509775004326936,0.4
98911492,7399062,12,305,1,0.0,0.0,0.0,7.833333333333333,74.66666666666667,16.583333333333332,1.0239312996476182,2.4189313498075484,1.4466141028936736
82731492,7399062,10,166,2,0.0,1.0,0.0,8.8,96.9,19.6,1.228717559577142,2.8027176197690578,1.7359369234724085
7032583,7399062,8,5,88,2.8453509366224363,6.101365993588135,4.297079327540665,10.125,140.25,4.5,0.2727785898642252,1.6300362151282146,0.4481203125901445
171889832,7399062,8,6,13,0.8112781244591328,3.7004397181410926,1.584962500721156,10.125,140.125,13.875,0.5270376913846382,1.930151999559095,0.7871349159425831
159694042,7399062,10,9,3,0.0,1.584962500721156,0.0,8.8,112.6,19.5,1.228717559577142,2.7442213696969424,1.7359369234724085
39760952,7399062,4,6,47,3.7963154224243705,5.426929277209555,5.155399311574899,11.0,205.5,2.5,0.0,1.146240625180289,0.0
93436472,7399062,12,342,4,0.0,2.0,0.0,7.833333333333333,71.58333333333333,16.333333333333332,1.0239312996476182,2.2522646831408815,1.4466141028936736
85426042,7399062,3,56,1,0.0,0.0,0.0,11.333333333333334,244.66666666666666,2.6666666666666665,0.0,1.1949875002403854,0.0
11923259,7399062,5,10,1,0.0,0.0,0.0,10.6,188.2,3.6,0.27419011889093375,1.3509775004326936,0.4
