member,group_id,m1,m2,m3,m4,m5,m6,m7,m8,m9,m10,m11,m12
87588322,7524982,4,55,1,0.0,0.0,0.0,3.0,19.25,2.75,0.396240625180289,1.396240625180289,0.396240625180289
100366502,7524982,3,7,4,1.584962500721156,2.0,1.584962500721156,3.6666666666666665,39.333333333333336,2.0,0.0,0.861654166907052,0.0
33429622,7524982,2,7,2,0.0,1.0,0.0,4.0,57.5,2.0,0.0,0.792481250360578,0.0
3562743,7524982,4,60,3,0.0,1.584962500721156,0.0,3.0,18.0,2.25,0.396240625180289,1.0,0.396240625180289
110632092,7524982,3,3,2,0.0,1.0,0.0,3.6666666666666665,40.666666666666664,2.6666666666666665,0.5283208335737187,1.1949875002403854,0.5283208335737187
