member,group_id,m1,m2,m3,m4,m5,m6,m7,m8,m9,m10,m11,m12
10568545,785794,4,5,25,2.469670487371862,4.643856189774723,3.584962500721156,10.0,134.25,14.5,3.4808859361447846,3.77806914790982,3.4767226489021295
2884706,785794,10,129,23,3.969815782426811,4.523561956057013,4.0,6.6,46.0,23.8,2.8804456598102375,3.986965677664814,3.471926221657088
9158693,785794,5,15,58,3.882048827786958,4.720049960644815,4.954196310386877,9.0,108.2,14.0,3.1690943678932997,3.606114485138754,3.1813781191217037
6221510,785794,6,1,23,2.4040097573248604,4.436605434317882,3.321928094887362,8.666666666666666,93.16666666666667,14.166666666666666,3.129239845342528,3.6751798820804775,3.3022968652028393
9849959,785794,6,21,17,3.3927474104487847,3.6168746059562227,3.584962500721156,8.666666666666666,89.83333333333333,15.166666666666666,2.9644502364885406,3.8118016868074207,3.258457797563874
10008494,785794,5,4,12,1.9219280948873623,2.9182958340544896,2.0,9.0,110.4,23.2,3.561118514473219,3.966465310456819,3.7722173811990785
4576146,785794,10,140,11,3.459431618637298,3.459431618637298,3.321928094887362,6.6,44.9,25.0,2.9314840761891885,4.093378711406785,3.539733412168352
4898260,785794,10,146,14,3.5465935642949384,3.8073549220576055,3.584962500721156,6.6,44.3,24.7,2.922767881623425,4.058586381064755,3.513429971584973
9100602,785794,4,5,58,3.3211761411029785,5.623332021430383,5.044394119358456,10.0,134.25,14.5,3.4808859361447846,3.77806914790982,3.4767226489021295
11876348,785794,6,1,10,1.4591479170272448,3.321928094887362,2.321928094887362,8.666666666666666,93.16666666666667,16.333333333333332,3.286716818725464,3.860959438652231,3.4689635318695067
4584030,785794,10,122,10,2.94770277922009,3.321928094887362,3.0,6.6,46.7,25.1,2.9826569601309094,4.107129063781779,3.571926221657088
