member,group_id,m1,m2,m3,m4,m5,m6,m7,m8,m9,m10,m11,m12
6160516,787523,7,227,1,0.0,0.0,0.0,6.142857142857143,210.71428571428572,5.428571428571429,1.1519116841049222,1.7146878593724364,0.829622131722515
14450282,787523,5,139,1,0.0,0.0,0.0,7.0,245.0,5.4,0.9315485453009777,1.5665780028329488,0.6
10875769,787523,6,279,2,1.0,1.0,0.0,6.166666666666667,204.5,5.833333333333333,1.0262904544174816,1.805481669027457,0.7641604167868593
11479320,787523,6,295,2,1.0,1.0,0.0,6.666666666666667,224.66666666666666,4.666666666666667,0.7762904544174815,1.3054816690274573,0.5
6258809,787523,8,495,3,1.0,1.584962500721156,0.0,5.5,151.125,5.5,1.070422723591807,1.6772315643607376,0.9240396778473451
9257402,787523,7,122,2,1.0,1.0,0.0,6.142857142857143,225.71428571428572,5.285714285714286,1.0090545412477794,1.5718307165152936,0.829622131722515
15906171,787523,4,59,9,2.4056390622295662,3.169925001442312,2.8073549220576046,7.25,232.5,6.25,0.9144356816262222,1.708222503541186,0.75
12971422,787523,2,2,8,1.5,3.0,1.584962500721156,7.0,387.0,2.5,1.0,1.292481250360578,0.0
8043071,787523,7,86,19,1.6577427265048887,4.247927513443588,3.0,6.142857142857143,230.85714285714286,2.857142857142857,0.9150912946042238,1.1078410717376383,0.4010507031510864
