member,group_id,m1,m2,m3,m4,m5,m6,m7,m8,m9,m10,m11,m12
81096672,7946572,3,1,16,1.6577427265048887,4.0,3.0,8.0,20.0,18.0,1.7093523057912858,4.017588014094041,3.0722486193984353
176394082,7946572,8,3,11,1.2516291673878228,3.459431618637298,2.321928094887362,6.25,8.125,11.875,0.899833531961423,3.0588980374062307,1.6849725330036376
192165509,7946572,6,1,9,0.0,3.169925001442312,0.0,7.666666666666667,10.666666666666666,9.166666666666666,0.7441536478806139,2.6895290458711365,1.452374252944354
1760779,7946572,3,1,34,2.4848894517332405,5.028639311838574,4.501629167387823,6.333333333333333,19.333333333333332,9.666666666666666,1.07109757329862,2.7639146257713914,1.7974391409262536
92338412,7946572,7,3,11,1.6644977792004616,3.2776134368191165,2.584962500721156,6.714285714285714,9.0,10.285714285714286,0.40006058686903156,2.881735742199838,0.8756118595635668
77697422,7946572,1,12,42,4.035273502696888,4.766968315481371,4.839700558686836,13.0,55.0,17.0,1.5487949406953985,3.969815782426811,2.8073549220576046
185370608,7946572,3,2,26,2.327632809290636,4.623516641218014,4.08746284125034,8.0,19.666666666666668,14.666666666666666,1.48605561152937,3.8097491336880367,2.7097610056483226
17754641,7946572,2,1,19,0.0,4.142664355548851,0.0,10.0,29.0,14.0,1.6066463599479301,3.6237146096229638,2.6961587113893803
29524112,7946572,6,1,11,0.0,2.845350936622437,1.0,7.666666666666667,10.666666666666666,8.833333333333334,0.7441536478806139,2.7436247233411155,1.2857075862776872
8213813,7946572,13,55,17,1.5487949406953985,3.969815782426811,2.8073549220576046,4.384615384615385,2.3076923076923075,15.076923076923077,1.1604740935395692,3.2477692471704986,1.9169727433580517
30366902,7946572,6,1,2,0.0,1.0,0.0,7.666666666666667,10.666666666666666,10.333333333333334,0.7441536478806139,3.0511832127781884,1.452374252944354
192096566,7946572,6,1,3,0.0,1.584962500721156,0.0,7.666666666666667,10.666666666666666,10.166666666666666,0.7441536478806139,2.9536894626579957,1.452374252944354
191850041,7946572,3,1,2,0.0,1.0,0.0,6.333333333333333,19.333333333333332,20.333333333333332,1.8993940572097001,4.106794396384249,3.2979821967221947
191730459,7946572,3,2,10,1.6644977792004616,3.321928094887362,2.584962500721156,6.333333333333333,19.0,17.666666666666668,1.3445614641428796,3.3328183647551284,2.4363280298151424
