member,group_id,m1,m2,m3,m4,m5,m6,m7,m8,m9,m10,m11,m12
5677569,817274,3,23,1,0.0,0.0,0.0,3.0,10.666666666666666,53.666666666666664,1.319671296890766,2.7931321553635367,2.502714832955832
3414979,817274,5,186,17,2.845350936622437,4.08746284125034,3.459431618637298,3.6,19.6,7.4,1.4118769244794218,1.6258566033889934,1.578963552661589
7876395,817274,5,3,1,0.0,0.0,0.0,4.0,50.6,10.6,1.9809471118039093,2.443349171639061,2.270849876389049
1991724,817274,2,1,157,2.374051389951142,6.794433965369453,5.923181998146339,2.5,25.5,2.0,0.792481250360578,0.792481250360578,0.792481250360578
6303837,817274,1,51,1,0.0,0.0,0.0,5.0,186.0,17.0,2.845350936622437,4.08746284125034,3.459431618637298
2597560,817274,4,20,20,3.734521664779752,4.321928094887363,4.08746284125034,4.5,53.25,8.25,1.5425534735599487,1.9737044408269864,1.816696635173726
326011,817274,4,14,14,3.3248629576173574,3.8073549220576055,3.8073549220576055,4.5,54.75,9.75,1.6449681503505473,2.1023477340344257,1.8867236149719095
5018077,817274,2,28,3,1.584962500721156,1.584962500721156,1.584962500721156,2.5,12.0,79.0,1.187025694975571,3.3972169826847267,2.9615909990731697
6161919,817274,4,10,1,0.0,0.0,0.0,4.5,55.75,13.0,2.4761838897548865,3.0541864645488266,2.838562345486311
