member,group_id,m1,m2,m3,m4,m5,m6,m7,m8,m9,m10,m11,m12
8507360,818238,4,6,10,2.94770277922009,3.321928094887362,3.0,7.0,1096.0,14.5,3.4808859361447846,3.77806914790982,3.4767226489021295
2884706,818238,7,1078,23,3.969815782426811,4.523561956057013,4.0,5.571428571428571,475.57142857142856,8.0,2.259960939346701,2.594610271122493,2.213121870904239
78974632,818238,5,11,6,2.0,2.2516291673878226,1.584962500721156,6.6,877.2,12.4,2.9683679157267258,3.422455318327856,2.9813781191217035
4584030,818238,7,1017,10,2.94770277922009,3.321928094887362,3.0,5.571428571428571,484.2857142857143,9.857142857142858,2.405977082661947,2.766272251289586,2.355979013761382
4576146,818238,7,1060,11,3.459431618637298,3.459431618637298,3.321928094887362,5.571428571428571,478.14285714285717,9.714285714285714,2.3328729627452027,2.746628890753881,2.3099892859203304
4898260,818238,7,1229,14,3.5465935642949384,3.8073549220576055,3.584962500721156,5.571428571428571,454.0,9.285714285714286,2.3204212562226827,2.696925561693837,2.272412942229788
122802132,818238,5,2,4,0.9182958340544896,2.0,1.0,6.6,879.0,12.8,3.1847087489158277,3.47278115180542,3.0983706192659346
144328222,818238,4,4,1,0.0,0.0,0.0,7.0,1096.0,14.5,3.4808859361447846,3.77806914790982,3.4767226489021295
