member,group_id,m1,m2,m3,m4,m5,m6,m7,m8,m9,m10,m11,m12
2884706,818238,11,1078,23,3.969815782426811,4.523561956057013,4.0,6.454545454545454,303.1818181818182,7.090909090909091,1.6435969144336782,2.210379451129224,1.5369900541462287
129202882,818238,6,4,6,1.3709505944546687,2.584962500721156,2.0,9.333333333333334,732.0,11.333333333333334,2.4872572907631896,3.2260221302356675,2.484481765934753
166059492,818238,4,1,1,0.0,0.0,0.0,11.0,1096.0,14.5,3.4808859361447846,3.77806914790982,3.4767226489021295
174965002,818238,6,1,5,0.0,2.321928094887362,1.0,9.333333333333334,732.5,11.5,2.7157490565056346,3.269861197874633,2.6511484326014196
68441962,818238,4,4,2,1.0,1.0,0.0,11.0,1096.0,14.5,3.4808859361447846,3.77806914790982,3.4767226489021295
25663442,818238,6,7,5,1.0,1.9219280948873623,0.0,9.333333333333334,731.5,11.5,2.549082389838968,3.3365278645412992,2.817815099268086
4576146,818238,11,1060,11,3.459431618637298,3.459431618637298,3.321928094887362,6.454545454545454,304.8181818181818,8.181818181818182,1.6899954747781798,2.3071185727128345,1.598632954611014
4898260,818238,11,1229,14,3.5465935642949384,3.8073549220576055,3.584962500721156,6.454545454545454,289.45454545454544,7.909090909090909,1.682071661536576,2.2754891814928064,1.574720735898851
180686642,818238,4,1,1,0.0,0.0,0.0,11.0,1096.0,14.5,3.4808859361447846,3.77806914790982,3.4767226489021295
46018712,818238,4,6,16,3.169925001442312,3.375,3.0,11.0,1096.0,14.5,3.4808859361447846,3.77806914790982,3.4767226489021295
94160602,818238,4,5,7,1.584962500721156,2.5216406363433186,1.0,11.0,1096.0,14.5,3.4808859361447846,3.77806914790982,3.4767226489021295
4584030,818238,11,1017,10,2.94770277922009,3.321928094887362,3.0,6.454545454545454,308.72727272727275,8.272727272727273,1.7365162783615624,2.319618893053738,1.6278991450553197
