member,group_id,m1,m2,m3,m4,m5,m6,m7,m8,m9,m10,m11,m12
90376672,8204422,1,2,1,0.0,0.0,0.0,4.0,200.0,6.0,1.584962500721156,2.584962500721156,1.584962500721156
79533992,8204422,4,200,6,1.584962500721156,2.584962500721156,1.584962500721156,1.5,2.0,3.5,0.8267226489021295,1.396240625180289,1.2267226489021295
89539372,8204422,2,2,3,1.584962500721156,1.584962500721156,1.584962500721156,3.0,100.5,7.0,1.153445297804259,2.792481250360578,1.9534452978042591
97945392,8204422,1,3,2,1.0,1.0,1.0,4.0,200.0,6.0,1.584962500721156,2.584962500721156,1.584962500721156
59462932,8204422,2,1,8,0.7219280948873623,3.0,2.321928094887362,3.0,101.0,4.5,1.584962500721156,2.084962500721156,1.584962500721156
