member,group_id,m1,m2,m3,m4,m5,m6,m7,m8,m9,m10,m11,m12
158372352,888789,1,4,9,1.4591479170272448,3.169925001442312,2.321928094887362,3.0,191.0,29.0,3.7871439606981414,4.651084443403434,4.169925001442313
72319842,888789,3,247,13,3.321928094887362,3.7004397181410926,3.169925001442312,4.0,141.66666666666666,40.0,2.9576329348095522,4.801749198071649,3.8974625007211565
7379363,888789,3,191,29,3.7871439606981414,4.651084443403434,4.169925001442313,3.0,87.0,17.333333333333332,2.148524597038356,3.66295750001505,2.69227186568361
75283462,888789,3,1,2,0.0,1.0,0.0,3.3333333333333335,79.33333333333333,23.666666666666668,1.6687398550837365,2.8611193831899526,1.9791666666666667
82172142,888789,3,5,1,0.0,0.0,0.0,3.3333333333333335,78.0,24.0,1.6687398550837365,3.1944527165232857,1.9791666666666667
3430333,888789,3,9,9,1.584962500721156,2.94770277922009,1.0,3.3333333333333335,76.66666666666667,21.333333333333332,1.1404190215100176,2.211885123449923,1.6458333333333333
3719477,888789,4,224,61,3.421257064530053,5.6356553703497685,4.9375,3.0,65.5,6.25,1.2267226489021295,1.9120356243402956,1.042481250360578
8509815,888789,2,1,26,0.8453509366224365,4.623516641218014,3.321928094887362,3.5,41.5,38.0,2.6055456717477,4.647121824781117,3.6144093452479393
76986232,888789,5,10,30,1.6644977792004616,4.118507780461744,2.584962500721156,2.2,104.0,25.4,2.9002033113005754,4.339474047231593,3.622597841920863
83548732,888789,2,73,46,3.546593564294938,5.175735869100489,4.643856189774723,3.5,5.5,28.0,1.254924357911449,4.371012210839879,2.953445297804259
12864893,888789,1,8,13,3.0,3.546593564294939,2.8073549220576046,5.0,10.0,30.0,1.6644977792004616,4.118507780461744,2.584962500721156
