member,group_id,m1,m2,m3,m4,m5,m6,m7,m8,m9,m10,m11,m12
183013665,888789,1,1,3,0.0,1.584962500721156,0.0,4.0,224.0,61.0,3.421257064530053,5.688853935888072,4.9837880587523955
72319842,888789,3,247,13,3.321928094887362,3.7004397181410926,3.321928094887362,2.0,100.0,53.333333333333336,2.976271558756224,5.49145897937825,4.335385290593616
31562572,888789,1,3,53,1.9609640474436814,5.539241209280177,3.321928094887362,3.0,247.0,13.0,3.321928094887362,3.7004397181410926,3.321928094887362
40232592,888789,1,1,25,1.7394541964918906,4.483856189774723,3.969815782426811,4.0,224.0,61.0,3.421257064530053,5.688853935888072,4.9837880587523955
3719477,888789,4,224,61,3.421257064530053,5.688853935888072,4.9837880587523955,1.5,77.75,28.25,2.362452185517276,3.94745249313731,3.231238383252791
83548732,888789,1,73,46,3.546593564294938,5.2462817929665,4.700439718141092,3.0,247.0,13.0,3.321928094887362,3.7004397181410926,3.321928094887362
8074077,888789,1,62,72,4.388426450689851,6.020551563912268,5.633209655696991,4.0,224.0,61.0,3.421257064530053,5.688853935888072,4.9837880587523955
