member,group_id,m1,m2,m3,m4,m5,m6,m7,m8,m9,m10,m11,m12
13266753,888789,3,4,3,1.0,1.584962500721156,0.0,10.0,112.0,23.0,2.335406521750403,3.211885123449923,2.5074875002403854
72319842,888789,8,247,13,3.321928094887362,3.7004397181410926,3.169925001442312,7.625,59.75,20.375,2.1142167292815714,2.9490260227910317,2.2657898363119857
13593988,888789,5,3,5,1.5,2.321928094887362,1.584962500721156,8.0,73.0,16.8,1.748637031883483,2.89584482031609,1.7044925001442313
178284132,888789,5,3,10,1.0,3.321928094887362,0.0,8.0,73.0,15.8,1.848637031883483,2.69584482031609,2.0214850002884623
92543882,888789,7,8,2,0.0,1.0,0.0,8.0,89.71428571428571,14.857142857142858,2.164296536432276,3.0716559878012717,2.039621428983518
64216492,888789,8,91,4,2.0,2.0,1.584962500721156,7.25,68.625,13.125,1.7687594693782416,2.760819301916257,1.5865484377704335
137268012,888789,5,7,11,2.197159723424149,3.459431618637298,3.0,8.2,116.0,30.4,2.7433148221656842,3.6623151290977463,2.942256238243408
182658606,888789,10,21,4,1.584962500721156,2.0,1.0,6.4,72.0,18.1,2.1972627523306136,2.946257290191166,2.2296243691938193
114101102,888789,5,26,2,1.0,1.0,0.0,8.2,112.2,32.2,2.982746766850514,4.154201452825206,3.542256238243408
116099312,888789,8,39,7,2.321928094887362,2.5216406363433186,2.0,7.625,82.375,21.375,2.1520717638535527,3.2444289794079317,2.235150774082419
3719477,888789,12,224,61,3.421257064530053,5.6356553703497685,4.9375,6.0,43.583333333333336,11.583333333333334,1.8863610799581034,2.622564476778051,1.661975516054946
122799062,888789,2,12,6,2.321928094887362,2.584962500721156,2.0,11.0,122.5,32.5,2.5031097826256046,3.8178276851748842,2.96875
8074077,888789,6,62,72,4.388426450689851,5.975480556997872,5.603856189774728,8.0,94.0,16.333333333333332,2.3078725797416806,3.052861223911913,2.3512375002403854
