member,group_id,m1,m2,m3,m4,m5,m6,m7,m8,m9,m10,m11,m12
88263102,9077182,8,6,201,2.246682689996841,6.802984604587505,5.606739354015319,8.75,48.25,25.25,2.0766551136431484,3.4754678081321675,2.5828272975409057
182937048,9077182,1,1,5,0.0,2.321928094887362,0.0,14.0,212.0,12.0,2.8073549220576046,3.584962500721156,2.584962500721156
3187497,9077182,8,1,97,2.913064976507913,6.4065634864947345,5.087462841250338,8.75,48.875,38.25,1.9933573278292638,3.525020447893764,2.647736861636528
25822732,9077182,8,2,13,1.9056390622295662,3.7004397181410926,2.8073549220576046,8.75,48.75,48.75,2.119285567114057,3.863285918937969,2.9327503515356197
13978637,9077182,4,2,14,2.5216406363433186,3.6644977792004623,2.584962500721156,6.5,54.75,10.75,1.4046582616291843,2.8163525896512147,1.438721875540867
38782382,9077182,8,1,12,1.3709505944546687,3.584962500721156,2.0,8.75,48.875,48.875,2.1861216255859195,3.877720571115461,3.0336697167928204
47263982,9077182,1,3,3,1.584962500721156,1.584962500721156,1.0,14.0,212.0,12.0,2.8073549220576046,3.584962500721156,2.584962500721156
77115262,9077182,8,53,1,0.0,0.0,0.0,8.75,42.375,50.25,2.357490449892753,4.325840883705606,3.2836697167928204
110973012,9077182,4,3,1,0.0,0.0,0.0,6.5,54.5,14.0,2.0350684207150143,3.73247703445133,2.084962500721156
128833502,9077182,8,49,8,2.321928094887362,3.0,2.0,8.75,42.875,49.375,2.067249438031833,3.9508408837056055,3.0336697167928204
183724884,9077182,4,1,15,0.8112781244591328,3.906890595608518,1.584962500721156,6.5,55.0,10.5,1.832248889600231,2.7557543855492006,1.688721875540867
13681207,9077182,8,13,55,3.709340758286914,5.5268142589792015,5.182838116298145,8.75,47.375,43.5,1.893822855106889,3.6349891013332054,2.6358149522555525
83384382,9077182,8,55,4,1.584962500721156,2.0,1.0,8.75,42.125,49.875,2.159370137302609,4.075840883705606,3.1586697167928204
8392983,9077182,4,3,15,2.0,3.7735572622751845,1.584962500721156,6.5,54.5,10.5,1.5350684207150138,2.7890877188825343,1.688721875540867
71631102,9077182,14,212,12,2.8073549220576046,3.584962500721156,2.584962500721156,5.857142857142857,13.785714285714286,31.714285714285715,1.6407464241862877,3.305257200115455,2.174234481127491
