member,group_id,m1,m2,m3,m4,m5,m6,m7,m8,m9,m10,m11,m12
181292002,9267572,7,13,6,1.0,1.7924812503605778,0.0,4.142857142857143,81.0,16.428571428571427,1.1962282035617633,2.601277124689709,1.2787549592809964
120608292,9267572,2,4,3,1.0,1.584962500721156,0.0,8.0,283.5,3.5,0.5,0.8962406251802889,0.0
13980740,9267572,4,1,4,1.0,2.0,0.0,6.25,142.5,21.0,1.3302940352757446,2.889619406834953,1.261098529839614
192366535,9267572,5,2,19,1.0,4.142664355548851,0.0,5.4,114.4,19.6,1.4747194849864687,2.8547588533837063,1.7902569429933948
186513739,9267572,3,3,29,2.0524212838293647,4.857980995127571,3.906890595608518,7.0,189.66666666666666,8.666666666666666,0.6666666666666666,1.9783818686364762,0.0
83716592,9267572,9,554,1,0.0,0.0,0.0,3.2222222222222223,16.555555555555557,14.444444444444445,1.3287288806281667,2.6786693622503344,1.105698301662997
191389685,9267572,2,2,1,0.0,0.0,0.0,8.0,283.5,3.5,0.5,0.8962406251802889,0.0
17981911,9267572,1,122,3,1.584962500721156,1.584962500721156,1.0,9.0,554.0,1.0,0.0,0.0,0.0
98077912,9267572,1,1,7,1.0,2.5216406363433186,0.0,9.0,554.0,1.0,0.0,0.0,0.0
9100602,9267572,4,1,58,3.3211761411029785,5.623332021430384,5.044394119358456,6.25,142.5,7.5,0.75,1.9837864014773572,0.0
