member,group_id,m1,m2,m3,m4,m5,m6,m7,m8,m9,m10,m11,m12
2602596,950864,5,9,37,3.9394705707972504,5.047291203466791,4.584962500721156,12.2,153.6,26.8,2.380016037874802,3.750706512906612,3.1658610397823823
6529062,950864,7,32,73,3.1916389479852274,6.042497332822993,5.101345257520845,10.571428571428571,119.85714285714286,22.142857142857142,2.223373277739752,3.469456834924901,2.735890470542753
6974374,950864,5,21,21,3.2516291673878226,4.011365041826378,3.459431618637298,11.2,191.4,28.6,2.941487022286323,4.415092131884085,3.682853539926613
7191179,950864,4,6,74,4.179080392352344,6.047291203466793,5.652448756449988,12.75,174.25,33.25,2.9750200473435022,4.688383141133265,3.9573262997279777
7698252,950864,4,118,252,3.507976337521738,7.082513913922417,6.648009042475905,10.5,173.5,23.75,1.5081358986612583,3.0429512214158305,2.122363799006821
7869101,950864,11,60,30,3.2210972500579587,4.748394345536403,4.169925001442313,7.909090909090909,98.0909090909091,30.09090909090909,2.6407415399905725,3.909834215946201,3.147953939294654
7581678,950864,6,29,18,2.663532754804255,3.9477027792200903,3.321928094887362,10.666666666666666,130.33333333333334,30.0,2.145103647883546,3.605433008756801,2.7934542424984072
7879375,950864,5,260,10,2.8073549220576046,3.321928094887362,2.584962500721156,11.2,143.6,30.8,3.030341871352366,4.5529795212718875,3.8577473635098416
921808,950864,14,330,64,2.850537779884819,5.831954882778696,4.789015477886192,7.0,68.42857142857143,40.714285714285715,2.5421589644568163,3.8956996451449704,3.14130999951147
7857873,950864,4,1,9,2.0,2.94770277922009,1.584962500721156,12.75,174.25,33.25,2.9750200473435022,4.688383141133265,3.9573262997279777
2033940,950864,7,42,3,1.0,1.584962500721156,0.0,10.571428571428571,118.42857142857143,32.142857142857146,2.5364645560233554,4.106247525225164,3.4646540787600166
7888791,950864,12,16,12,2.6464393446710153,3.418295834054489,3.169925001442312,7.666666666666667,96.0,30.583333333333332,2.690528966673958,4.023831472175852,3.2457851189273796
2994780,950864,4,2,3,0.0,1.584962500721156,0.0,10.5,202.5,86.0,2.3851299830416925,4.417339074716146,3.784366059625797
5597630,950864,10,71,1,0.0,0.0,0.0,8.4,92.9,51.9,2.6202698800482476,4.404346279540767,3.548555009451718
526815,950864,14,291,27,3.182005814760214,4.754887502163471,3.7004397181410926,7.0,71.21428571428571,43.357142857142854,2.518482676251431,3.9726330294746295,3.2190654109218344
