member,group_id,m1,m2,m3,m4,m5,m6,m7,m8,m9,m10,m11,m12
144532482,9658672,1,64,1,0.0,0.0,0.0,5.0,1492.0,1.0,0.0,0.0,0.0
97017602,9658672,1,17,27,2.4628671470807633,4.6808134280893965,4.169925001442313,5.0,1492.0,1.0,0.0,0.0,0.0
10689544,9658672,1,37,15,2.321928094887362,3.773557262275185,2.0,5.0,1492.0,1.0,0.0,0.0,0.0
174167662,9658672,1,2,211,1.7104492536811031,6.79350310144231,4.857980995127571,5.0,1492.0,1.0,0.0,0.0,0.0
103726672,9658672,5,1492,1,0.0,0.0,0.0,1.0,24.2,52.8,1.2990488991298457,3.713960377338851,2.405581199313977
163445342,9658672,1,1,10,0.0,3.321928094887362,1.0,5.0,1492.0,1.0,0.0,0.0,0.0
