member,group_id,m1,m2,m3,m4,m5,m6,m7,m8,m9,m10,m11,m12
120900162,9658672,1,1,8,1.2516291673878228,3.0,2.584962500721156,9.0,1492.0,1.0,0.0,0.0,0.0
12493027,9658672,2,4,2,0.0,1.0,0.0,5.5,746.5,1.0,0.0,0.0,0.0
73854182,9658672,5,2,24,1.3516441151533924,4.584962500721156,3.169925001442312,5.8,307.8,4.0,0.7,1.678463484555752,1.0
128696712,9658672,5,1,4,0.0,2.0,1.0,5.8,308.0,8.0,0.9703288230306786,2.1954559846999837,1.4339850002884624
112361452,9658672,5,6,2,1.0,1.0,1.0,5.8,307.0,8.4,0.7703288230306785,2.3954559846999834,1.4339850002884624
82443822,9658672,5,6,7,1.5,2.8073549220576046,2.0,5.8,307.0,7.4,0.6703288230306785,2.0339850002884625,1.2339850002884625
84292622,9658672,5,34,6,1.0,2.584962500721156,1.0,5.8,301.4,7.6,0.7703288230306785,2.078463484555752,1.4339850002884624
103726672,9658672,9,1492,1,0.0,0.0,0.0,3.4444444444444446,8.333333333333334,6.222222222222222,0.7892525869490239,1.997475547055546,1.3060986113514965
113187662,9658672,1,20,2,1.0,1.0,1.0,9.0,1492.0,1.0,0.0,0.0,0.0
126375252,9658672,2,1,1,0.0,0.0,0.0,5.5,748.0,1.5,0.0,0.5,0.0
