member,group_id,m1,m2,m3,m4,m5,m6,m7,m8,m9,m10,m11,m12
14701091,9658672,2,4,24,2.2221915755066783,4.334962500721157,3.321928094887362,5.5,750.0,45.0,1.3459153830593609,3.0712853421438604,2.713132377351049
37047172,9658672,1,86,254,2.946335902230542,7.202512086342802,6.264283047753004,9.0,1492.0,1.0,0.0,0.0,0.0
83396072,9658672,5,2,12,1.5219280948873621,3.584962500721156,2.0,5.8,308.0,9.2,1.4390339557661649,2.7137337386761007,1.678463484555752
143591592,9658672,1,6,26,2.091917186688699,4.623516641218014,3.906890595608518,9.0,1492.0,1.0,0.0,0.0,0.0
94204522,9658672,2,8,89,2.6918307661187217,6.142570684287721,5.426264754702098,5.5,748.0,12.5,1.1110957877533392,2.1674812503605785,1.660964047443681
84292622,9658672,5,34,6,1.0,2.584962500721156,0.0,5.8,301.6,10.4,1.5434195747436372,2.913733738676101,2.078463484555752
103726672,9658672,9,1492,1,0.0,0.0,0.0,3.4444444444444446,17.11111111111111,50.0,2.0743748115847587,4.384132567407928,3.256853768414415
79106162,9658672,5,3,15,2.1971597234241496,3.906890595608518,3.0,5.8,307.8,8.6,1.3039876300588076,2.6493481196986286,1.478463484555752
99199642,9658672,5,1,15,2.1556390622295662,3.906890595608518,2.8073549220576046,5.8,308.2,8.6,1.3122917622977242,2.6493481196986286,1.5169925001442313
11173915,9658672,5,10,9,1.8423709931771088,3.169925001442312,2.584962500721156,5.8,306.4,9.8,1.3749453761082155,2.7967412385318697,1.5614709844115209
