member,group_id,m1,m2,m3,m4,m5,m6,m7,m8,m9,m10,m11,m12
114304392,9658672,4,1,2,0.0,1.0,0.0,4.0,385.0,19.5,1.1774133750418567,2.082062986528482,1.403677461028802
84292622,9658672,4,34,6,1.0,2.584962500721156,0.0,4.0,376.75,18.5,0.9274133750418566,1.685822361348193,1.403677461028802
103726672,9658672,4,1492,1,0.0,0.0,0.0,4.0,12.25,19.75,1.1774133750418567,2.332062986528482,1.403677461028802
1464786,9658672,4,12,70,3.7096535001674265,5.743289445392772,5.614709844115208,4.0,382.25,2.5,0.25,0.896240625180289,0.0
115489142,9658672,4,2,1,0.0,0.0,0.0,4.0,384.75,19.75,1.1774133750418567,2.332062986528482,1.403677461028802
