member,group_id,m1,m2,m3,m4,m5,m6,m7,m8,m9,m10,m11,m12
144532482,9658672,1,64,1,0.0,0.0,0.0,4.0,1492.0,1.0,0.0,0.0,0.0
103726672,9658672,4,1492,1,0.0,0.0,0.0,2.5,18.25,23.25,1.966473450395443,3.2718004657987434,2.875569493090479
163039132,9658672,3,3,13,1.3787834934861756,3.7004397181410926,2.8073549220576046,3.3333333333333335,499.3333333333333,26.666666666666668,2.162370102698532,3.1289207150179603,2.8983076834347705
9567325,9658672,3,3,64,4.067728362449225,5.613204882778696,5.524998048861998,3.3333333333333335,499.3333333333333,9.666666666666666,1.2660551463775158,2.4913323268054257,1.992426641166639
101148702,9658672,3,3,15,2.4193819456463714,3.773557262275185,3.169925001442312,3.3333333333333335,499.3333333333333,26.0,1.815503951978467,3.104548200306596,2.777450990306534
