member,group_id,m1,m2,m3,m4,m5,m6,m7,m8,m9,m10,m11,m12
103726672,9658672,3,1492,1,0.0,0.0,0.0,1.0,6.333333333333333,5.333333333333333,1.0196046301104003,1.861654166907052,1.0
76984012,9658672,1,4,2,0.0,1.0,0.0,3.0,1492.0,1.0,0.0,0.0,0.0
104454292,9658672,1,14,2,1.0,1.0,0.0,3.0,1492.0,1.0,0.0,0.0,0.0
86929942,9658672,1,1,12,2.058813890331201,3.584962500721156,3.0,3.0,1492.0,1.0,0.0,0.0,0.0
