member,group_id,m1,m2,m3,m4,m5,m6,m7,m8,m9,m10,m11,m12
144532482,9658672,1,64,1,0.0,0.0,0.0,10.0,1492.0,1.0,0.0,0.0,0.0
97017602,9658672,1,17,27,2.4628671470807633,4.6808134280893965,4.169925001442313,10.0,1492.0,1.0,0.0,0.0,0.0
119598882,9658672,7,1,2,0.0,1.0,0.0,7.428571428571429,232.28571428571428,20.285714285714285,1.3473233254172357,2.5124278117735233,1.6686876325841997
135039942,9658672,7,12,2,0.0,1.0,0.0,7.428571428571429,230.71428571428572,20.285714285714285,1.3473233254172357,2.5124278117735233,1.6686876325841997
10689544,9658672,7,37,15,2.321928094887362,3.773557262275185,2.0,7.428571428571429,227.14285714285714,18.428571428571427,1.0156193118618981,2.116205345734211,1.382973346869914
13953227,9658672,7,30,35,3.6168746059562227,5.072140159802107,4.0,7.428571428571429,228.14285714285714,15.571428571428571,0.8306269531377752,1.9306935032303651,1.097259061155628
174167662,9658672,1,2,211,1.7104492536811031,6.79350310144231,4.857980995127571,10.0,1492.0,1.0,0.0,0.0,0.0
103726672,9658672,10,1492,1,0.0,0.0,0.0,5.2,21.8,38.2,1.3604579678682516,3.006131121194637,2.0708719424659283
92539922,9658672,7,44,3,0.9182958340544896,1.584962500721156,1.0,7.428571428571429,226.14285714285714,20.142857142857142,1.2161382062665942,2.428861740241929,1.5258304897270567
128218232,9658672,7,8,85,2.5741647430225747,6.156334759616214,4.6808134280893965,7.428571428571429,231.28571428571428,8.428571428571429,0.9795855049854393,1.7758085603997782,1.0
59860282,9658672,7,3,1,0.0,0.0,0.0,7.428571428571429,232.0,20.428571428571427,1.3473233254172357,2.655284954630666,1.6686876325841997
