member,group_id,m1,m2,m3,m4,m5,m6,m7,m8,m9,m10,m11,m12
100758752,971186,7,7,109,1.8493740886171164,6.380435127469667,4.969815782426809,9.285714285714286,110.28571428571429,3.5714285714285716,0.9274075851899534,1.5242750002060446,0.760275442126766
184802597,971186,7,11,1,0.0,0.0,0.0,9.142857142857142,147.0,2.857142857142857,0.8438415136583597,1.1671321430631874,0.6174182992696231
6348231,971186,8,269,1,0.0,0.0,0.0,8.375,96.5,4.75,0.828602336311985,1.5285923614716892,0.7902410118609202
160548712,971186,5,15,2,1.0,1.0,0.0,9.6,150.6,2.4,0.46438561897747244,0.9169925001442312,0.4
16222311,971186,4,1,18,0.7219280948873623,4.058813890331201,2.0,10.25,185.5,2.75,0.5804820237218405,1.146240625180289,0.5
11401034,971186,7,24,4,1.584962500721156,1.5,1.0,9.285714285714286,107.85714285714286,18.571428571428573,0.9651806691750906,2.221480018415997,1.327391982473453
83947052,971186,11,82,2,0.0,1.0,0.0,7.7272727272727275,90.27272727272727,14.0,0.9148322981667412,1.9190158199311982,1.1174312615740156
6610126,971186,9,239,1,0.0,0.0,0.0,8.666666666666666,91.11111111111111,15.0,0.9268030205496434,1.8944844587679976,1.1435270974793523
14210865,971186,9,33,6,2.584962500721156,2.584962500721156,2.321928094887362,8.666666666666666,114.0,14.444444444444445,0.6395849649139593,1.6072664031323136,0.8855350869363121
140586482,971186,7,3,4,0.0,2.0,0.0,9.285714285714286,110.85714285714286,18.571428571428573,1.1916038835638272,2.1500514469874257,1.470249125330596
11759573,971186,11,260,6,2.321928094887362,2.584962500721156,2.0,7.7272727272727275,74.0909090909091,13.636363636363637,0.7037479259042537,1.7749283198656385,0.9356130797558339
12675097,971186,11,131,2,0.0,1.0,0.0,7.7272727272727275,85.81818181818181,14.0,0.9148322981667412,1.9190158199311982,1.1174312615740156
