member,group_id,m1,m2,m3,m4,m5,m6,m7,m8,m9,m10,m11,m12
6316642,971186,6,130,2,1.0,1.0,0.0,8.666666666666666,187.33333333333334,3.3333333333333335,0.8178150992680863,1.4591479170272448,0.7203213491478936
6257541,971186,9,349,3,0.0,1.584962500721156,0.0,7.222222222222222,133.66666666666666,2.6666666666666665,0.7583540477403342,1.0838763891292742,0.5913253438763735
6348231,971186,8,269,1,0.0,0.0,0.0,7.375,153.75,5.625,1.0198149703745425,1.758964402374498,0.8304820237218404
83947052,971186,8,82,2,0.0,1.0,0.0,7.875,176.625,2.75,0.7383613244510647,1.0943609377704335,0.5402410118609202
6610126,971186,7,239,1,0.0,0.0,0.0,8.285714285714286,160.85714285714286,3.0,0.7009843708012168,1.2506982145947811,0.6174182992696231
14210865,971186,9,33,6,2.584962500721156,2.584962500721156,2.321928094887362,7.222222222222222,168.77777777777777,2.3333333333333335,0.4711359921046502,0.9727652780181631,0.3333333333333333
8849396,971186,3,57,3,0.9182958340544896,1.584962500721156,1.0,9.333333333333334,214.0,5.0,1.6356301985361725,2.2516291673878226,1.4406426982957872
11759573,971186,10,260,6,2.321928094887362,2.584962500721156,2.0,6.6,129.8,4.4,0.6754887502163468,1.3071715218995983,0.5643856189774724
129189622,971186,2,6,23,2.2516291673878226,4.316827716832515,2.321928094887362,9.0,264.5,3.5,1.160964047443681,1.292481250360578,1.0
12675097,971186,8,131,2,0.0,1.0,0.0,7.875,170.5,2.75,0.7383613244510647,1.0943609377704335,0.5402410118609202
143403132,971186,6,2,1,0.0,0.0,0.0,8.5,182.33333333333334,3.3333333333333335,0.8178150992680863,1.4591479170272448,0.7203213491478936
