member,group_id,m1,m2,m3,m4,m5,m6,m7,m8,m9,m10,m11,m12
100556672,971708,6,1,1,0.0,0.0,0.0,7.833333333333333,17.166666666666668,6.833333333333333,1.123913710619583,2.4526226986804036,1.846135932841805
183255493,971708,4,1,5,0.0,2.321928094887362,1.0,8.25,26.5,4.0,1.456296607415752,1.688721875540867,1.6229632740824185
3680134,971708,4,6,1,0.0,0.0,0.0,8.25,25.25,5.0,1.456296607415752,2.2692038992627075,1.8729632740824185
183322632,971708,6,1,6,0.9182958340544896,1.7924812503605778,1.584962500721156,7.833333333333333,17.166666666666668,6.0,0.9708644049438346,2.1538758236203077,1.5819755160549456
146461932,971708,3,2,12,0.8112781244591328,3.188721875540867,2.0,9.666666666666666,33.333333333333336,5.0,1.9417288098876693,2.2516291673878226,2.163951032109891
188083660,971708,2,2,14,0.7219280948873623,3.6644977792004623,2.321928094887362,10.0,42.0,4.5,1.6201119644709259,2.084962500721156,1.9534452978042591
14210865,971708,9,16,6,2.584962500721156,2.584962500721156,2.584962500721156,6.111111111111111,10.777777777777779,6.0,0.5521997652728304,1.9601581846432774,1.2768725662588527
8849396,971708,10,71,3,0.9182958340544896,1.584962500721156,1.584962500721156,5.6,4.4,7.1,0.7358392649009502,2.230592144098996,1.4813781191217035
11759573,971708,10,13,6,2.321928094887362,2.584962500721156,2.321928094887362,5.6,10.2,6.8,0.595476038817663,2.130592144098996,1.407681559705083
129846932,971708,6,1,10,0.0,2.8464393446710154,1.0,7.833333333333333,17.166666666666668,5.333333333333333,1.123913710619583,1.9782161412352346,1.6794692661751383
180985492,971708,6,1,10,0.0,3.321928094887362,2.0,7.833333333333333,17.166666666666668,5.333333333333333,1.123913710619583,1.8989680161991769,1.5128025995084717
