member,group_id,m1,m2,m3,m4,m5,m6,m7,m8,m9,m10,m11,m12
2867780,987818,2,59,5,2.321928094887362,2.321928094887362,2.0,2.0,70.5,4.0,0.75,1.2608203181716593,0.792481250360578
4519177,987818,1,625,3,0.0,1.584962500721156,0.0,1.0,23.0,8.0,1.4591479170272448,3.0,2.321928094887362
11118505,987818,2,133,7,1.5,2.5216406363433186,1.584962500721156,2.0,33.5,3.0,1.160964047443681,1.160964047443681,1.0
11599472,987818,1,23,8,1.4591479170272448,3.0,2.321928094887362,1.0,625.0,3.0,0.0,1.584962500721156,0.0
22288121,987818,2,8,1,0.0,0.0,0.0,2.0,96.0,6.0,1.910964047443681,2.4217843656153404,1.792481250360578
