member,group_id,m1,m2,m3,m4,m5,m6,m7,m8,m9,m10,m11,m12
57805442,987818,8,4,6,2.321928094887362,2.584962500721156,2.321928094887362,7.125,127.75,3.875,0.833740625180289,1.7471599904374895,0.896240625180289
37473542,987818,6,16,8,1.584962500721156,3.0,1.584962500721156,8.333333333333334,37.166666666666664,4.0,1.0678150992680864,1.829546653916653,1.1511484326014196
4519177,987818,3,625,3,0.0,1.584962500721156,0.0,10.666666666666666,99.66666666666667,5.0,1.607309364962454,2.130772474259587,1.7739760316291207
62945932,987818,2,7,6,2.0,2.584962500721156,2.0,10.0,90.0,5.0,1.542481250360578,2.1961587113893803,1.792481250360578
9864207,987818,2,47,3,1.584962500721156,1.584962500721156,1.584962500721156,10.0,70.0,6.5,1.75,2.6961587113893803,2.0
91345172,987818,2,6,1,0.0,0.0,0.0,10.0,96.0,6.0,1.910964047443681,2.5646415084724836,2.160964047443681
11523225,987818,6,49,2,1.0,1.0,1.0,8.333333333333334,31.666666666666668,5.0,1.165308849388279,2.1628799872499864,1.2486421827216123
7752091,987818,6,162,2,1.0,1.0,1.0,6.833333333333333,128.83333333333334,15.0,1.5156718630407922,2.7514881049340354,2.027813604102807
28640932,987818,6,11,3,0.0,1.584962500721156,0.0,8.333333333333334,38.0,4.833333333333333,1.3319755160549456,2.0653862371297933,1.415308849388279
11118505,987818,18,133,7,1.5,2.8073549220576046,2.0,4.0,67.77777777777777,8.38888888888889,1.2734708857046335,2.1357159490998834,1.5460366512438237
2867780,987818,2,59,5,2.321928094887362,2.321928094887362,2.321928094887362,10.0,69.5,4.0,0.75,1.4036774610288023,1.0
92632262,987818,6,15,4,1.584962500721156,2.0,1.584962500721156,8.333333333333334,37.333333333333336,4.666666666666667,1.0678150992680864,1.9962133205833192,1.1511484326014196
78736212,987818,6,11,2,0.0,1.0,0.0,8.333333333333334,38.0,5.0,1.3319755160549456,2.162879987249986,1.415308849388279
8850013,987818,2,42,16,2.0,4.0,3.0,10.0,67.0,4.5,0.75,1.9036774610288023,1.5
101652192,987818,2,1,2,0.0,1.0,1.0,10.0,87.5,11.5,1.75,3.4036774610288023,2.5
63553632,987818,4,4,67,2.687140582636236,5.94668620538314,5.259991029008325,8.0,75.5,4.0,1.271240625180289,1.8480793556946902,1.396240625180289
24804322,987818,4,4,4,1.0,2.0,1.0,8.0,75.5,19.75,1.693025770839348,2.8347509070404753,2.46123838243237
7742692,987818,1,154,14,2.2516291673878226,3.6644977792004623,2.584962500721156,18.0,133.0,7.0,1.5,2.8073549220576046,2.0
38075902,987818,4,3,3,1.584962500721156,1.584962500721156,1.584962500721156,8.0,75.75,20.0,1.546785145659059,2.9385102818601863,2.3149977572520815
