member,group_id,m1,m2,m3,m4,m5,m6,m7,m8,m9,m10,m11,m12
8117474,987818,5,72,6,0.8112781244591328,2.584962500721156,1.584962500721156,5.0,140.2,3.0,0.3836591668108979,1.284310833766027,0.2
11150594,987818,3,18,2,1.0,1.0,0.0,5.0,9.666666666666666,13.333333333333334,1.9698689859232232,3.291728809887669,2.3899750004807707
4250882,987818,3,11,24,2.469670487371862,4.501629167387823,3.584962500721156,5.0,12.0,6.0,1.4799788234659361,2.1245190874250617,1.1949875002403854
4519177,987818,7,625,3,0.0,1.584962500721156,0.0,4.0,47.0,3.857142857142857,0.7470819940733746,1.5633135435962076,0.5957035716346161
5470089,987818,4,2,1,0.0,0.0,0.0,6.0,210.5,5.5,0.8073934896284056,2.2357987012933633,1.042481250360578
11118505,987818,3,133,7,1.5,2.5216406363433186,1.584962500721156,6.666666666666667,213.0,3.3333333333333335,0.3060986113514965,1.2788638893696596,0.3333333333333333
9485354,987818,2,48,2,1.0,1.0,0.0,8.0,318.5,4.5,0.4591479170272448,1.9182958340544893,0.5
11526284,987818,3,15,3,1.0,1.584962500721156,0.0,7.0,236.33333333333334,5.0,0.5765246528378741,2.1405180562767114,0.861654166907052
9096886,987818,2,47,2,0.0,1.0,0.0,6.0,348.5,4.5,0.4056390622295664,2.084962500721156,0.792481250360578
558686,987818,3,6,10,2.5216406363433186,3.121928094887362,2.584962500721156,5.0,13.666666666666666,10.666666666666666,1.4626554404754504,2.5844194449252154,1.5283208335737186
10489727,987818,9,12,6,0.9182958340544896,2.2516291673878226,1.0,3.6666666666666665,103.33333333333333,6.444444444444445,1.144732138686035,1.9888983778646636,1.037761111431625
