member,group_id,m1,m2,m3,m4,m5,m6,m7,m8,m9,m10,m11,m12
8953344,987818,1,11,3,1.0,1.584962500721156,1.0,4.0,625.0,3.0,0.0,1.584962500721156,0.0
28640932,987818,1,11,3,0.0,1.584962500721156,0.0,4.0,625.0,3.0,0.0,1.584962500721156,0.0
4519177,987818,4,625,3,0.0,1.584962500721156,0.0,1.5,9.0,7.75,0.7814536459234778,1.9178885422075338,1.146240625180289
7710868,987818,2,6,24,2.125814583693911,4.501629167387823,3.584962500721156,3.0,316.5,2.0,0.0,0.792481250360578,0.0
22288121,987818,2,8,1,0.0,0.0,0.0,3.0,315.5,13.5,1.0629072918469555,3.0432958340544896,1.792481250360578
