member,group_id,m1,m2,m3,m4,m5,m6,m7,m8,m9,m10,m11,m12
7747524,987818,4,2,45,1.7244078178625923,5.055153441787381,3.8073549220576055,4.25,21.0,5.25,1.2637835785584643,1.7180672011084375,1.6609640474436809
2867780,987818,5,59,5,2.321928094887362,2.321928094887362,2.321928094887362,3.4,130.4,12.8,0.8915228074418173,2.238091330410985,1.6258566033889934
4519177,987818,1,625,3,0.0,1.584962500721156,0.0,5.0,59.0,5.0,2.321928094887362,2.321928094887362,2.321928094887362
12743444,987818,4,14,11,1.9219280948873623,2.5503407095463886,2.321928094887362,4.25,18.0,13.75,1.2144035093022718,2.3442703841686856,2.032320754236242
8339701,987818,4,2,4,0.8112781244591328,2.0,2.0,4.25,21.0,15.5,1.4920660019093293,2.4818555615552826,2.1128027779580822
12052820,987818,4,9,1,0.0,0.0,0.0,4.25,19.25,16.25,1.6948855330241124,2.9818555615552826,2.6128027779580822
