member,group_id,m1,m2,m3,m4,m5,m6,m7,m8,m9,m10,m11,m12
5610016,990681,7,170,4,1.0,2.0,0.0,5.285714285714286,97.85714285714286,2.2857142857142856,0.42857142857142855,0.8221267860233527,0.0
6358817,990681,7,161,6,1.0,2.584962500721156,0.0,5.285714285714286,99.14285714285714,2.0,0.42857142857142855,0.7385607144917589,0.0
6439808,990681,3,22,1,0.0,0.0,0.0,7.0,182.66666666666666,4.333333333333333,1.0,2.0566416671474372,0.0
7433069,990681,5,43,1,0.0,0.0,0.0,6.4,152.2,3.4,0.8,1.5509775004326936,0.0
7018478,990681,5,209,3,1.0,1.584962500721156,0.0,6.4,119.0,3.0,0.6,1.2339850002884625,0.0
6261326,990681,4,29,1,0.0,0.0,0.0,6.75,138.0,3.5,0.75,1.542481250360578,0.0
4056339,990681,6,4,1,0.0,0.0,0.0,5.833333333333333,138.16666666666666,3.0,0.6666666666666666,1.292481250360578,0.0
6968927,990681,7,217,3,1.0,1.584962500721156,0.0,5.285714285714286,91.14285714285714,2.4285714285714284,0.42857142857142855,0.8814178573489018,0.0
