member,group_id,m1,m2,m3,m4,m5,m6,m7,m8,m9,m10,m11,m12
5610016,990681,6,170,4,1.0,2.0,0.0,8.166666666666666,114.5,2.6666666666666665,0.5,1.1258145836939113,0.0
6358817,990681,9,161,6,1.0,2.584962500721156,0.0,6.777777777777778,84.77777777777777,3.3333333333333335,0.8294363832720296,1.357146568977863,0.4444444444444444
6439808,990681,6,22,1,0.0,0.0,0.0,8.166666666666666,139.16666666666666,3.1666666666666665,0.6666666666666666,1.4591479170272448,0.0
3761097,990681,5,49,3,1.584962500721156,1.584962500721156,1.0,8.2,127.0,4.8,0.975992989745422,1.8428638241601534,0.6
7433069,990681,9,43,1,0.0,0.0,0.0,6.777777777777778,97.88888888888889,3.888888888888889,0.9405474943831407,1.644364624613547,0.4444444444444444
7018478,990681,9,209,3,1.0,1.584962500721156,0.0,6.777777777777778,79.44444444444444,3.6666666666666665,0.8294363832720296,1.468257680088974,0.4444444444444444
2458351,990681,5,5,11,1.8799649487271108,3.459431618637298,3.0,8.2,135.8,3.2,0.9169925001442312,1.467970000576925,0.2
6370928,990681,7,35,2,0.0,1.0,0.0,7.571428571428571,119.28571428571429,2.857142857142857,0.7142857142857143,1.2506982145947811,0.0
6728093,990681,5,13,2,1.0,1.0,0.0,8.6,133.0,3.0,0.6,1.3509775004326936,0.0
6968927,990681,9,217,3,1.0,1.584962500721156,0.0,6.777777777777778,78.55555555555556,3.6666666666666665,0.8294363832720296,1.468257680088974,0.4444444444444444
