group_id,g1,g2,g3,g4,g5,g6,g7,g8,g9,g10,g11,g12,g13,g14
10074562,,11.7850540855893,47.11863362908841,53.430704207163956,18727.332178368244,95.62368510671226,35552.737835587846,2.5,0.44761904761904764,188,10,3.5,10.649999999999999,35
