group_id,g1,g2,g3,g4,g5,g6,g7,g8,g9,g10,g11,g12,g13,g14
10162702,,8.360719982850728,46.05505590072711,7.831006935388981,27.394184092774964,8.899194649811351,8.987636010312144,1.7709505944546686,1.0,6,10,1.4,0.44000000000000017,14
