group_id,g1,g2,g3,g4,g5,g6,g7,g8,g9,g10,g11,g12,g13,g14
10162702,,0.16123306228115764,0.10398440149023859,10.357315733415044,125.6430287637772,13.697596308554228,212.72091676970206,0.4689955935892812,0.35555555555555557,32,10,2.2,1.3599999999999994,22
