group_id,g1,g2,g3,g4,g5,g6,g7,g8,g9,g10,g11,g12,g13,g14
10171342,,1368.0869922427157,6454199.064277306,690.6340973985064,3683446.328427864,13.86711236896928,55.23492493874727,3.169925001442312,0.5757062146892655,2038,10,16.8,57.56,168
