group_id,g1,g2,g3,g4,g5,g6,g7,g8,g9,g10,g11,g12,g13,g14
10171342,,7.833088993799028,13.560641000271943,17.884885231050642,1752.5133354235284,27.013794792152908,3298.605164645788,3.321928094887362,0.4258823529411765,1086,10,12.5,16.849999999999994,125
