group_id,g1,g2,g3,g4,g5,g6,g7,g8,g9,g10,g11,g12,g13,g14
1020990,,0,0,0,0,1536.61272298898,5246591.717000051,0,0.5151515151515151,68,10,3.5,1.6500000000000004,35
