group_id,g1,g2,g3,g4,g5,g6,g7,g8,g9,g10,g11,g12,g13,g14
10304952,,4.825086242622784,6.02570646094016,18.708028867326366,3654.3051638215256,31.947284172877083,6710.579097558423,1.584962500721156,0.644927536231884,356,10,7.9,8.29,79
