group_id,g1,g2,g3,g4,g5,g6,g7,g8,g9,g10,g11,g12,g13,g14
1034045,,3.2417072703508976,3.573602714479657,61.091645280626686,50004.21769380403,115.72547751331341,94074.08220495468,3.169925001442312,0.35623599701269604,3816,10,21.1,52.889999999999986,211
