group_id,g1,g2,g3,g4,g5,g6,g7,g8,g9,g10,g11,g12,g13,g14
1034045,,12.075672089552656,180.8404771777931,188.60585613006597,1260025.0304765748,365.4388972012493,2467800.8901583008,3.121928094887362,0.21369102682701202,462,10,7.0,7.200000000000003,70
