group_id,g1,g2,g3,g4,g5,g6,g7,g8,g9,g10,g11,g12,g13,g14
1034045,,0,0,0,0,189.8905963925788,448281.4939478771,0,0.333731485905399,2794,10,0.0,0.0,0
