group_id,g1,g2,g3,g4,g5,g6,g7,g8,g9,g10,g11,g12,g13,g14
1034045,,0,0,0,0,294.7565731973304,2210674.56197721,0,0.20421052631578948,1164,10,0.0,0.0,0
