group_id,g1,g2,g3,g4,g5,g6,g7,g8,g9,g10,g11,g12,g13,g14
1034045,,3.4330143968637494,2.975248110403891,49.36708920516428,50385.68007159248,93.74290902279202,97095.43796270253,3.321928094887362,0.2670854749666857,2806,10,14.4,99.24000000000001,144
