group_id,g1,g2,g3,g4,g5,g6,g7,g8,g9,g10,g11,g12,g13,g14
1034045,,12.032398981076655,71.5750687009328,148.39223978515278,1035281.532683125,283.9327417590164,2033795.89617241,3.169925001442312,0.2109903026741111,1436,10,10.6,46.44000000000001,106
