group_id,g1,g2,g3,g4,g5,g6,g7,g8,g9,g10,g11,g12,g13,g14
1034045,,8.76462007701111,57.06669067681263,170.27473771718576,740802.8756627833,328.02294474620345,1433792.7730325162,3.321928094887362,0.31221598503074044,2336,10,14.9,67.68999999999997,149
