group_id,g1,g2,g3,g4,g5,g6,g7,g8,g9,g10,g11,g12,g13,g14
1034045,,1222.3846658387833,5946345.637469399,701.7358926526344,3645780.7099074004,197.45030877034978,859959.7586108051,3.321928094887362,0.262522008378362,8648,10,22.5,397.45000000000005,225
