group_id,g1,g2,g3,g4,g5,g6,g7,g8,g9,g10,g11,g12,g13,g14
1034045,,0,0,0,0,166.52373574752235,210639.70769811998,0,0.19393939393939394,384,10,0.0,0.0,0
