group_id,g1,g2,g3,g4,g5,g6,g7,g8,g9,g10,g11,g12,g13,g14
1034045,,0,0,0,0,184.39569603288186,1006574.2575075652,0,0.20991603358656538,3150,10,0.0,0.0,0
