group_id,g1,g2,g3,g4,g5,g6,g7,g8,g9,g10,g11,g12,g13,g14
1034045,,0,0,0,0,294.63814412728493,1651669.8142141085,0,0.2568175007491759,5142,10,0.0,0.0,0
