group_id,g1,g2,g3,g4,g5,g6,g7,g8,g9,g10,g11,g12,g13,g14
1035277,,1222.440912916092,5945504.343110199,642.8305210495334,3386219.9270072784,63.400929663431086,92031.19905668884,2.6464393446710153,0.2853881278538813,1500,10,13.4,14.639999999999986,134
