group_id,g1,g2,g3,g4,g5,g6,g7,g8,g9,g10,g11,g12,g13,g14
1035426,,9.502816257846682,55.203823620644556,11.586186599740289,37.570643838426236,11.73646167043666,65.34432159372432,1.8464393446710154,0.3967611336032389,588,10,8.4,20.64,84
