group_id,g1,g2,g3,g4,g5,g6,g7,g8,g9,g10,g11,g12,g13,g14
1035277,,0,0,0,0,45.46021397046799,19307.789425767238,0,0.43933747412008284,2122,10,0.0,0.0,0
