group_id,g1,g2,g3,g4,g5,g6,g7,g8,g9,g10,g11,g12,g13,g14
1035426,,0,0,0,0,88.13245452776185,50347.21443490543,0,0.5906432748538012,202,10,0.0,0.0,0
