group_id,g1,g2,g3,g4,g5,g6,g7,g8,g9,g10,g11,g12,g13,g14
1036106,,2.195444556227312,3.1844983502387336,6.658777446887833,46.65770347140124,10.135829658372373,80.3052867243453,1.7709505944546688,0.4065934065934066,74,10,3.6,2.039999999999999,36
