group_id,g1,g2,g3,g4,g5,g6,g7,g8,g9,g10,g11,g12,g13,g14
1036106,,4.350509310580697,0.0,4.392709327348198,3.029542708914242,4.798020310926208,14.196239375978553,1.0,0.8095238095238095,34,10,2.8,1.5600000000000014,28
