group_id,g1,g2,g3,g4,g5,g6,g7,g8,g9,g10,g11,g12,g13,g14
10367222,,0.0,0.0,22.34065358082587,723.9957337891663,36.014864205918585,1212.9250588981597,0.0,0.43956043956043955,80,10,4.0,1.6000000000000014,40
