group_id,g1,g2,g3,g4,g5,g6,g7,g8,g9,g10,g11,g12,g13,g14
1036106,,1.5831387043188967,3.2017368676899203,5.823447816176607,7.8489266624804515,4.85923386263449,21.495111444486135,1.061278124459133,0.8214285714285714,46,10,2.7,1.8099999999999987,27
