group_id,g1,g2,g3,g4,g5,g6,g7,g8,g9,g10,g11,g12,g13,g14
10396792,,1.0474099508373083,1.4627568068173518,28.170591439113327,10298.992434834981,52.16215617735047,19555.938080586166,0.8112781244591328,0.5264550264550265,398,10,8.6,8.840000000000003,86
