group_id,g1,g2,g3,g4,g5,g6,g7,g8,g9,g10,g11,g12,g13,g14
10409862,,0.07978322822120978,0.005092290804318131,27.820330756534425,11416.389070244317,48.649325157415454,21823.624050948158,1.0,0.84,2142,10,8.1,168.08999999999997,81
