group_id,g1,g2,g3,g4,g5,g6,g7,g8,g9,g10,g11,g12,g13,g14
1050209,,0,0,0,0,22.018478617098562,103.18501660659382,0,0.4222222222222222,38,10,0.0,0.0,0
