group_id,g1,g2,g3,g4,g5,g6,g7,g8,g9,g10,g11,g12,g13,g14
1050209,,10.089547077692004,100.43726917116118,15.617415140802414,100.65025508479266,16.115026558883606,78.83089338076667,2.321928094887362,0.29411764705882354,90,10,3.4,2.6400000000000006,34
