group_id,g1,g2,g3,g4,g5,g6,g7,g8,g9,g10,g11,g12,g13,g14
1050209,,14.312744364978414,76.16659286425454,125.86310502784285,170970.36924925016,232.92027056058745,317728.31273910543,1.4591479170272446,0.43333333333333335,104,10,3.9,2.8900000000000023,39
