group_id,g1,g2,g3,g4,g5,g6,g7,g8,g9,g10,g11,g12,g13,g14
1050209,,12.528515219328227,104.80473936996432,109.93697786974525,68061.48684177568,201.02174374219584,124297.71328550408,1.75,0.43790849673202614,134,10,2.9,8.29,29
