group_id,g1,g2,g3,g4,g5,g6,g7,g8,g9,g10,g11,g12,g13,g14
105714,,11.446633770916616,112.2905231574745,12.414250952852782,103.6515111422338,13.209092550998815,98.51288581344284,2.1709505944546685,0.3806818181818182,402,10,7.0,11.399999999999999,70
