group_id,g1,g2,g3,g4,g5,g6,g7,g8,g9,g10,g11,g12,g13,g14
105714,,0,0,0,0,8.887078076730994,27.25068922221874,0,0.6052631578947368,230,10,6.5,4.049999999999997,65
