group_id,g1,g2,g3,g4,g5,g6,g7,g8,g9,g10,g11,g12,g13,g14
105714,,4.349339114245465,13.348882899126007,36.52933430842242,16224.358407716694,67.21515857410306,29999.07209438368,2.4193819456463714,0.4310204081632653,1056,10,12.2,17.160000000000025,122
