group_id,g1,g2,g3,g4,g5,g6,g7,g8,g9,g10,g11,g12,g13,g14
105714,,2.734692171689239,4.212934740187044,69.60354142452475,72783.7546748881,134.1677238044262,140086.26490025056,2.1556390622295662,0.42745098039215684,1090,10,12.3,18.409999999999968,123
