group_id,g1,g2,g3,g4,g5,g6,g7,g8,g9,g10,g11,g12,g13,g14
10603612,,0.0,0.0,198.23418311720724,1206706.7385399211,393.6566191186431,2343380.4169234466,0.0,0.4444444444444444,560,10,9.9,6.489999999999995,99
