group_id,g1,g2,g3,g4,g5,g6,g7,g8,g9,g10,g11,g12,g13,g14
10633372,,61.565755178545075,3794.3887569047756,42.977851856117354,2653.4425749396123,9.664764510277639,23.285927689881518,1.8464393446710154,0.5714285714285714,32,10,2.6,1.839999999999999,26
