group_id,g1,g2,g3,g4,g5,g6,g7,g8,g9,g10,g11,g12,g13,g14
10633372,,0,0,0,0,9.363771293217953,24.46201506131355,0,0.6181818181818182,68,10,0.0,0.0,0
