group_id,g1,g2,g3,g4,g5,g6,g7,g8,g9,g10,g11,g12,g13,g14
10633372,,51.95999229610013,3650.345602658958,35.89155440333628,1963.4002874698317,13.653258541393058,31.615725066004643,1.836591668108979,0.4,12,10,1.7,0.6100000000000003,17
