group_id,g1,g2,g3,g4,g5,g6,g7,g8,g9,g10,g11,g12,g13,g14
10649972,,0.0,0.0,32.18355354112523,5673.348596735189,43.11536108052143,11256.690659394664,0.0,0.27002012072434606,1342,10,11.7,26.610000000000014,117
