group_id,g1,g2,g3,g4,g5,g6,g7,g8,g9,g10,g11,g12,g13,g14
1070193,,4.319689386041083,14.043015906149435,101.21655898578032,79977.24213421503,192.03432539397318,140715.00552018624,1.8112781244591327,0.6923076923076923,126,10,5.3,8.41,53
