group_id,g1,g2,g3,g4,g5,g6,g7,g8,g9,g10,g11,g12,g13,g14
1070193,,1.520246212689008,1.4425988173899102,124.3318805059394,99384.82545639109,238.51389350904935,168346.2830698752,1.3709505944546687,0.8727272727272727,96,10,4.2,6.559999999999999,42
