group_id,g1,g2,g3,g4,g5,g6,g7,g8,g9,g10,g11,g12,g13,g14
1070193,,0.9907191821386032,1.4722867467860743,124.27803478408073,99317.87753895891,238.51389350904935,168346.2830698752,0.7219280948873623,0.8727272727272727,96,10,4.3,6.210000000000001,43
