group_id,g1,g2,g3,g4,g5,g6,g7,g8,g9,g10,g11,g12,g13,g14
10804162,,7.102998774392365,77.50536630795378,247.9262665401869,1794200.38775629,487.089706122471,3467148.5785842855,2.4193819456463714,0.14114114114114115,188,10,4.1,6.290000000000003,41
