group_id,g1,g2,g3,g4,g5,g6,g7,g8,g9,g10,g11,g12,g13,g14
108878,,697.3194960423926,148417.33154656994,482.60324189215766,208354.51483002582,134.1996218010852,93326.68904150219,2.2516291673878226,0.325,78,10,3.2,2.1599999999999984,32
