group_id,g1,g2,g3,g4,g5,g6,g7,g8,g9,g10,g11,g12,g13,g14
10917332,,0.9651913315791204,3.5018813037147236,2.009569107367285,0.6979498450459802,1.2410732604597505,0.0,0.9219280948873623,1.0,2,10,0.8,0.5599999999999998,8
