group_id,g1,g2,g3,g4,g5,g6,g7,g8,g9,g10,g11,g12,g13,g14
1104010,,6.034510704667255,65.39869842131287,9.975761958688352,66.81443849141333,11.152838329689418,79.52206733324334,1.8799649487271108,0.6111111111111112,44,10,2.2,2.5599999999999996,22
