group_id,g1,g2,g3,g4,g5,g6,g7,g8,g9,g10,g11,g12,g13,g14
1108797,,0.0,0.0,14.066678151171802,108.65786235929772,20.901037615223423,185.82671174911917,0.0,0.6842105263157895,234,10,6.4,6.839999999999989,64
