group_id,g1,g2,g3,g4,g5,g6,g7,g8,g9,g10,g11,g12,g13,g14
1108909,,12.592196252668916,89.24675137900832,18.972413394617785,77.34634033093135,19.579311190349213,88.22097909165672,2.0464393446710156,0.6666666666666666,4,10,1.2,0.16000000000000014,12
