group_id,g1,g2,g3,g4,g5,g6,g7,g8,g9,g10,g11,g12,g13,g14
1108797,,2.379801519708179,11.326910546410721,209.46071914387855,246933.08385410122,375.9064521157133,382451.1133219504,0.6500224216483541,0.47883597883597884,362,10,7.8,4.560000000000009,78
