group_id,g1,g2,g3,g4,g5,g6,g7,g8,g9,g10,g11,g12,g13,g14
1108909,,8.791521325492754,47.865582151382455,371.6546994411827,371353.1855776851,731.0281189341173,506246.2424166746,1.9609640474436814,0.5,6,10,1.3,0.20999999999999974,13
