group_id,g1,g2,g3,g4,g5,g6,g7,g8,g9,g10,g11,g12,g13,g14
11122252,,0,0,0,0,76.74037246679757,107439.74689929424,0,0.4462989840348331,1230,10,12.3,40.20999999999998,123
