group_id,g1,g2,g3,g4,g5,g6,g7,g8,g9,g10,g11,g12,g13,g14
1128396,,0.4301340393847147,0.31311685822117763,16.13862617181825,83.38917147274861,18.253484907661598,128.31269485604997,0.9219280948873623,0.26373626373626374,48,10,2.5,1.4500000000000002,25
