group_id,g1,g2,g3,g4,g5,g6,g7,g8,g9,g10,g11,g12,g13,g14
11343122,,2168.5019161357686,8523101.015515655,1232.0462799092245,5895240.4193647,35.1624788158825,7275.010078241722,0.7219280948873623,0.7105263157894737,270,10,2.5,24.45,25
