group_id,g1,g2,g3,g4,g5,g6,g7,g8,g9,g10,g11,g12,g13,g14
11343122,,0.0,0.0,93.12440253556544,246711.1346809989,181.8889504882768,478446.6161565799,0.0,0.2136683417085427,8504,10,24.7,292.81000000000006,247
