group_id,g1,g2,g3,g4,g5,g6,g7,g8,g9,g10,g11,g12,g13,g14
11343122,,1219.7823278263695,5951475.70911007,709.953787956939,3519754.1116790376,218.3593395997639,628233.7278211698,0.4689955935892812,0.414167753150804,5718,10,14.9,377.49,149
