group_id,g1,g2,g3,g4,g5,g6,g7,g8,g9,g10,g11,g12,g13,g14
1135121,,0.0,0.0,221.77114871115026,716454.5568696723,431.82442371620414,1302907.4037093876,0.0,0.7619047619047619,576,10,9.8,18.759999999999977,98
