group_id,g1,g2,g3,g4,g5,g6,g7,g8,g9,g10,g11,g12,g13,g14
1135121,,0.25083743862962665,0.220217972163951,136.23303599405114,474761.95713036234,269.88330664806085,921178.8736945902,0.5032583347756457,0.6141141141141141,818,10,12.3,18.809999999999974,123
