group_id,g1,g2,g3,g4,g5,g6,g7,g8,g9,g10,g11,g12,g13,g14
1135121,,1.0496120218968934,2.7465990530402786,155.30095001709986,529411.5562771889,306.9455362980598,1021035.5055534628,0.9219280948873623,0.7026515151515151,742,10,11.9,18.089999999999975,119
