group_id,g1,g2,g3,g4,g5,g6,g7,g8,g9,g10,g11,g12,g13,g14
1135121,,0,0,1030.3481531525526,337426.3138756978,376.13759291463765,1135163.8290765516,0.0,0.4711864406779661,1668,10,14.2,57.56,142
