group_id,g1,g2,g3,g4,g5,g6,g7,g8,g9,g10,g11,g12,g13,g14
1136248,,12.4556177980369,46.84617423925616,51.800082226328556,54404.07890332999,91.02402812639697,105550.81279452724,3.321928094887362,0.6006600660066007,6188,10,31.7,167.61,317
