group_id,g1,g2,g3,g4,g5,g6,g7,g8,g9,g10,g11,g12,g13,g14
1136248,,11.253301622638173,53.31655259742476,50.48324905571321,137312.91002164801,89.69498114095511,271024.8013665684,3.1219280948873624,0.41793548387096774,6478,10,19.4,346.44,194
