group_id,g1,g2,g3,g4,g5,g6,g7,g8,g9,g10,g11,g12,g13,g14
1136248,,1345.5974184570493,5886712.723980638,684.4681843777153,3296935.623796246,24.692624688320592,5467.055938031644,2.9219280948873623,0.32053973013493253,4276,10,20.6,95.63999999999993,206
