group_id,g1,g2,g3,g4,g5,g6,g7,g8,g9,g10,g11,g12,g13,g14
1136248,,12.78336655202647,52.001491860634644,22.491726094846044,4777.188110141059,33.37000803743285,9312.025593126984,2.8073549220576046,0.4314789687924016,1908,10,7.8,139.96,78
