group_id,g1,g2,g3,g4,g5,g6,g7,g8,g9,g10,g11,g12,g13,g14
11375762,,2.6098603985165565,2.8767662566916288,112.58311396246864,149341.5671505032,217.53607163190014,275664.19861617935,2.8464393446710154,0.2106280193236715,436,10,5.7,17.809999999999995,57
