group_id,g1,g2,g3,g4,g5,g6,g7,g8,g9,g10,g11,g12,g13,g14
1138180,,0.0,0.0,1.5835790178787796,0.6298737414105782,1.7257864002266434,1.489169349603619,0.0,1.0,6,10,2.2,0.5599999999999996,22
