group_id,g1,g2,g3,g4,g5,g6,g7,g8,g9,g10,g11,g12,g13,g14
1141397,,11.597066550955788,156.65728901389357,19.058488498024115,52.30189227692529,13.775703813354113,91.26663215448303,1.061278124459133,0.5333333333333333,16,10,1.6,0.8399999999999994,16
