group_id,g1,g2,g3,g4,g5,g6,g7,g8,g9,g10,g11,g12,g13,g14
1141397,,7.173427210452776,28.673233435317442,276.60839119121533,337009.3398765425,497.1932363087705,514193.0806213941,1.3609640474436813,0.7424242424242424,98,10,2.6,6.64,26
