group_id,g1,g2,g3,g4,g5,g6,g7,g8,g9,g10,g11,g12,g13,g14
11599192,,20.01703547315113,135.27337591797732,24.851827479119496,156.6967901776826,25.554172636149204,229.0077933190238,1.9709505944546686,0.7619047619047619,32,10,2.9,1.2899999999999991,29
