group_id,g1,g2,g3,g4,g5,g6,g7,g8,g9,g10,g11,g12,g13,g14
1159522,,0.0,0.0,98.95699198210957,90388.2742923437,193.52842470976162,162696.29836813622,0.0,0.36363636363636365,48,10,2.8,1.3600000000000003,28
