group_id,g1,g2,g3,g4,g5,g6,g7,g8,g9,g10,g11,g12,g13,g14
1159522,,4.714296870286871,10.63172537732543,5.08626123887215,11.671313020179682,5.071604875546928,0.0,1.5709505944546684,1.0,2,10,1.1,0.08999999999999986,11
