group_id,g1,g2,g3,g4,g5,g6,g7,g8,g9,g10,g11,g12,g13,g14
11674032,,0,0,0,0,845.8512550274475,4921647.355231268,0,0.23186344238975817,326,10,0.0,0.0,0
