group_id,g1,g2,g3,g4,g5,g6,g7,g8,g9,g10,g11,g12,g13,g14
1169470,,0,0,0,0,34.34626734483437,17663.878506642555,0,0.5008766803039159,1714,10,17.7,22.010000000000048,177
