group_id,g1,g2,g3,g4,g5,g6,g7,g8,g9,g10,g11,g12,g13,g14
11695722,,2374.9972933197955,8828312.466303315,1740.7907082271154,6561012.921160299,1064.0890509617489,3048090.441486935,2.725480556997868,0.4888888888888889,44,10,2.1,2.49,21
