group_id,g1,g2,g3,g4,g5,g6,g7,g8,g9,g10,g11,g12,g13,g14
11695722,,1222.9028077430276,5944951.883468674,612.4117714156696,3344451.8645944525,1.5473305731634663,0.0,2.6464393446710153,1.0,2,10,1.1,0.08999999999999986,11
