group_id,g1,g2,g3,g4,g5,g6,g7,g8,g9,g10,g11,g12,g13,g14
11879282,,1356.5552586942167,6425057.791622039,708.9262030736327,3621246.087368973,70.04864762407516,24994.992861937444,3.169925001442312,0.47632963179427235,1630,10,13.5,64.25,135
