group_id,g1,g2,g3,g4,g5,g6,g7,g8,g9,g10,g11,g12,g13,g14
1187853,,18.543123587414307,714.5705723877113,59.039120970536636,63025.75848642177,100.2252550979788,123573.58936251415,3.121928094887362,0.5688329839273235,1628,10,8.9,130.29,89
