group_id,g1,g2,g3,g4,g5,g6,g7,g8,g9,g10,g11,g12,g13,g14
1187853,,0,0,0,0,397.35505209761453,654874.8662822936,0,0.5064011379800853,712,10,0.0,0.0,0
