group_id,g1,g2,g3,g4,g5,g6,g7,g8,g9,g10,g11,g12,g13,g14
1187853,,0,0,0,0,204.02930194649963,155274.23067102203,0,0.5523809523809524,116,10,0.0,0.0,0
