group_id,g1,g2,g3,g4,g5,g6,g7,g8,g9,g10,g11,g12,g13,g14
11970832,,0,0,0,0,160.75640078926665,244300.9060491116,0,0.6060606060606061,280,10,0.0,0.0,0
