group_id,g1,g2,g3,g4,g5,g6,g7,g8,g9,g10,g11,g12,g13,g14
11970832,,0.0,0.0,3.6632804355938124,7.538365499213594,5.16795876838199,10.956496769639244,0.0,0.8666666666666667,26,10,1.6,4.039999999999999,16
