group_id,g1,g2,g3,g4,g5,g6,g7,g8,g9,g10,g11,g12,g13,g14
11970832,,0.0,0.0,230.1224200675596,342073.0192961456,416.80259384881504,543411.4381673746,0.0,0.6600790513833992,334,10,9.5,2.8499999999999943,95
