group_id,g1,g2,g3,g4,g5,g6,g7,g8,g9,g10,g11,g12,g13,g14
1212834,,0,0,0,0,151.67635752124173,140736.38589538698,0,0.36262626262626263,718,10,0.0,0.0,0
