group_id,g1,g2,g3,g4,g5,g6,g7,g8,g9,g10,g11,g12,g13,g14
12125382,,0,0,0,0,137.47284115303435,115503.94832214146,0,0.5081585081585082,3052,10,0.0,0.0,0
