group_id,g1,g2,g3,g4,g5,g6,g7,g8,g9,g10,g11,g12,g13,g14
1212834,,155.7812880344903,95735.8143988253,141.87271588875808,134396.02382715553,126.96415594819099,158173.90304748106,2.1609640474436813,0.49523809523809526,624,10,8.9,14.489999999999995,89
