group_id,g1,g2,g3,g4,g5,g6,g7,g8,g9,g10,g11,g12,g13,g14
12220382,,1.6500234107869607,1.2051967517434918,56.23171088233894,49359.188744835425,107.23008724130298,93542.57646200378,2.4056390622295662,0.4272030651340996,5798,10,25.8,131.36,258
