group_id,g1,g2,g3,g4,g5,g6,g7,g8,g9,g10,g11,g12,g13,g14
12387592,,0,0,0,0,400.79718023547287,706810.0318723964,0,0.36129760650308596,48002,10,0.0,0.0,0
