group_id,g1,g2,g3,g4,g5,g6,g7,g8,g9,g10,g11,g12,g13,g14
12405512,,41.57270446880536,896.643039915544,39.29835408250989,7285.431783212604,38.92606913413931,13424.791640229914,2.321928094887362,0.5580246913580247,3616,10,12.8,258.35999999999996,128
