group_id,g1,g2,g3,g4,g5,g6,g7,g8,g9,g10,g11,g12,g13,g14
1242525,,0,0,14.97329220153569,9.557015699349506,19.79699771475472,156.15628873534143,0.0,0.2,6,10,0.8,0.7599999999999998,8
