group_id,g1,g2,g3,g4,g5,g6,g7,g8,g9,g10,g11,g12,g13,g14
12421672,,0,0,0,0,21.88661322596393,266.71499283112223,0,0.5367647058823529,146,10,0.0,0.0,0
