group_id,g1,g2,g3,g4,g5,g6,g7,g8,g9,g10,g11,g12,g13,g14
12452482,,0,0,0,0,51.547222888051124,10358.450166979826,0,0.7912087912087912,144,10,6.9,1.6899999999999906,69
