group_id,g1,g2,g3,g4,g5,g6,g7,g8,g9,g10,g11,g12,g13,g14
12646522,,0.0,0.0,10.65233568117691,109.30215527441928,14.766876901259412,182.14195575582633,0.0,0.42857142857142855,18,10,1.9,0.69,19
