group_id,g1,g2,g3,g4,g5,g6,g7,g8,g9,g10,g11,g12,g13,g14
12649532,,5.065858335417671,17.024139342725274,8.245077790311765,22.12925247225968,9.794806334182542,37.63726490019978,2.1556390622295662,0.5682539682539682,716,10,5.6,48.84,56
