group_id,g1,g2,g3,g4,g5,g6,g7,g8,g9,g10,g11,g12,g13,g14
12711542,,6.051177797626091,18.3434893134864,43.99439846373302,21044.992569349284,78.69898527627612,39079.49819057887,2.321928094887362,0.5623188405797102,1164,10,12.7,30.409999999999997,127
