group_id,g1,g2,g3,g4,g5,g6,g7,g8,g9,g10,g11,g12,g13,g14
1271193,,0.47344865719440854,0.7136224539613591,26.56858241155273,3738.1377018959847,46.1142162684034,6781.303818042843,1.224394445405986,0.8473684210526315,322,10,10.0,19.0,100
