group_id,g1,g2,g3,g4,g5,g6,g7,g8,g9,g10,g11,g12,g13,g14
12738232,,5.929620966988025,10.852161884188476,122.2343518798381,221976.9175634566,237.49122900415205,416932.25196709996,2.725480556997868,0.5947712418300654,182,10,2.6,14.84,26
