group_id,g1,g2,g3,g4,g5,g6,g7,g8,g9,g10,g11,g12,g13,g14
12741882,,0,0,0,0,163.50319711501166,91107.82129988106,0,0.43478260869565216,220,10,5.2,5.959999999999997,52
