group_id,g1,g2,g3,g4,g5,g6,g7,g8,g9,g10,g11,g12,g13,g14
12820052,,9.554544607605887,25.897000467891544,11.236336121728222,54.97505022534098,12.481464183213237,87.072862453575,2.6464393446710153,0.3137254901960784,96,10,3.5,2.25,35
