group_id,g1,g2,g3,g4,g5,g6,g7,g8,g9,g10,g11,g12,g13,g14
1284416,,2.3917702892636603,3.5065112297096572,111.84427853568609,138351.29981962597,211.01177925587308,250219.27157566498,2.1609640474436813,0.3243414788955887,6132,10,26.9,67.49000000000012,269
