group_id,g1,g2,g3,g4,g5,g6,g7,g8,g9,g10,g11,g12,g13,g14
1284416,,1.7858431898045835,4.652703387056803,103.94345501566951,118242.3561370319,195.28572157215999,213828.40717378625,1.1488348542809168,0.388558352402746,5094,10,25.7,82.21000000000004,257
