group_id,g1,g2,g3,g4,g5,g6,g7,g8,g9,g10,g11,g12,g13,g14
1286227,,0.0,0.0,8.1280184532537,38.55103290899406,12.766432371227625,61.21453736462669,0.0,0.6483516483516484,118,10,6.0,2.6000000000000014,60
