group_id,g1,g2,g3,g4,g5,g6,g7,g8,g9,g10,g11,g12,g13,g14
12881422,,0.0,0.0,178.03128163201507,268260.915351564,352.6682837198786,476609.2935272475,0.0,0.6888888888888889,62,10,4.2,0.9600000000000009,42
