group_id,g1,g2,g3,g4,g5,g6,g7,g8,g9,g10,g11,g12,g13,g14
129277,,0.007141653966691741,6.800429517328524e-05,6.235458048821011,15.871950671379288,7.22245524375747,59.60136116208583,0.8112781244591328,0.4222222222222222,38,10,1.8,2.76,18
