group_id,g1,g2,g3,g4,g5,g6,g7,g8,g9,g10,g11,g12,g13,g14
129277,,4.56584008681164,28.122634938625716,54.299058821128796,17501.070622402847,101.61900816574015,31615.19976049273,1.8799649487271108,0.5166666666666667,124,10,2.6,10.239999999999998,26
