group_id,g1,g2,g3,g4,g5,g6,g7,g8,g9,g10,g11,g12,g13,g14
1301664,,0.0,0.0,72.94017513811191,92061.71615101576,140.58758260720154,172641.83640581078,0.0,0.35767487046632124,13254,10,39.5,250.45000000000005,395
