group_id,g1,g2,g3,g4,g5,g6,g7,g8,g9,g10,g11,g12,g13,g14
1301664,,0.0,0.0,2.5705123148989424,11.209344420678093,4.002025062541086,20.83823438045719,0.0,0.38095238095238093,160,10,5.0,3.6000000000000014,50
