group_id,g1,g2,g3,g4,g5,g6,g7,g8,g9,g10,g11,g12,g13,g14
1301664,,0.1316186798621959,0.013858781510933744,54.50429357762041,66988.92774786729,105.51241308132032,128581.1299191707,1.0,0.2563579491364069,7540,10,28.8,81.75999999999999,288
