group_id,g1,g2,g3,g4,g5,g6,g7,g8,g9,g10,g11,g12,g13,g14
1301664,,0.0,0.0,43.36375091677043,54671.70946739005,83.58580353214937,105108.88444625147,0.0,0.388560157790927,11032,10,36.9,145.8900000000001,369
