group_id,g1,g2,g3,g4,g5,g6,g7,g8,g9,g10,g11,g12,g13,g14
1302066,,3.6587090296751454,6.69307588191322,10.609774028914424,53.14435282090665,9.36247269187552,78.34597563069468,0.9182958340544896,0.7275132275132276,550,10,10.1,22.49000000000001,101
