group_id,g1,g2,g3,g4,g5,g6,g7,g8,g9,g10,g11,g12,g13,g14
1302186,,3256.2085125657395,9246065.42698951,2448.187823250631,8903411.57722289,15.386067264130814,281.955871086338,2.0464393446710156,0.43246753246753245,1332,10,11.0,50.0,110
