group_id,g1,g2,g3,g4,g5,g6,g7,g8,g9,g10,g11,g12,g13,g14
1302066,,12.097191643156116,0.0,35.29059432723164,13756.912418779935,60.70038408509307,25936.954069071093,1.0,0.6866096866096866,482,10,8.4,18.239999999999995,84
