group_id,g1,g2,g3,g4,g5,g6,g7,g8,g9,g10,g11,g12,g13,g14
1302066,,0,0,0,0,72.60722303696143,31117.624894893517,0,0.8398268398268398,388,10,7.2,20.959999999999994,72
