group_id,g1,g2,g3,g4,g5,g6,g7,g8,g9,g10,g11,g12,g13,g14
1302066,,0,0,0,0,97.81321866602737,45659.871221960035,0,0.5054945054945055,92,10,4.9,0.8899999999999935,49
