group_id,g1,g2,g3,g4,g5,g6,g7,g8,g9,g10,g11,g12,g13,g14
1302186,,3252.6336635872717,9257172.530813493,3702.364097949616,8943451.982104672,91.3294018525306,103453.13417976523,0.9709505944546686,0.44594594594594594,594,10,9.2,10.16000000000001,92
