group_id,g1,g2,g3,g4,g5,g6,g7,g8,g9,g10,g11,g12,g13,g14
1302066,,0,0,0,0,15.6349893434431,664.474709549128,0,0.8514492753623188,470,10,10.7,15.610000000000014,107
