group_id,g1,g2,g3,g4,g5,g6,g7,g8,g9,g10,g11,g12,g13,g14
1302186,,7.2205779428469175,38.28164671289775,14.178337298082223,158.56117690606166,19.34002566000349,268.07983648453376,1.836591668108979,0.5619047619047619,118,10,5.3,1.6099999999999994,53
