group_id,g1,g2,g3,g4,g5,g6,g7,g8,g9,g10,g11,g12,g13,g14
1302066,,0,0,0,0,13.324591982643442,763.6795363141108,0,0.7238095238095238,304,10,8.1,5.689999999999998,81
