group_id,g1,g2,g3,g4,g5,g6,g7,g8,g9,g10,g11,g12,g13,g14
1302186,,3.982101944624845,16.97155264674805,9.704627512804333,52.47663008465558,11.03350421478218,88.86232645365308,1.5487949406953985,0.7,168,10,5.6,6.840000000000007,56
