group_id,g1,g2,g3,g4,g5,g6,g7,g8,g9,g10,g11,g12,g13,g14
13036052,,5.864085134022325,14.635314563858948,27.715948877600688,5409.431284903602,47.21798385883176,9769.607458344115,2.4193819456463714,0.32571428571428573,798,10,9.3,21.609999999999985,93
