group_id,g1,g2,g3,g4,g5,g6,g7,g8,g9,g10,g11,g12,g13,g14
13036052,,0,0,0,0,102.93636960355391,153685.16334021883,0,0.2705128205128205,422,10,0.0,0.0,0
