group_id,g1,g2,g3,g4,g5,g6,g7,g8,g9,g10,g11,g12,g13,g14
13036052,,15.996791800030635,86.35733533739094,43.18500982834625,44805.226830719395,69.81245781762735,88826.82299327296,2.8464393446710154,0.5598591549295775,2862,10,11.1,191.09000000000003,111
