group_id,g1,g2,g3,g4,g5,g6,g7,g8,g9,g10,g11,g12,g13,g14
13036052,,11.421289763288653,65.22839861358776,34.00390628849522,22381.287447868926,55.086569469471385,44167.66126846357,2.5219280948873624,0.2812971342383107,746,10,10.0,8.799999999999997,100
