group_id,g1,g2,g3,g4,g5,g6,g7,g8,g9,g10,g11,g12,g13,g14
13036052,,0,0,0,0,73.77140734639146,86678.68937433473,0,0.5412810070344317,2924,10,0.0,0.0,0
