group_id,g1,g2,g3,g4,g5,g6,g7,g8,g9,g10,g11,g12,g13,g14
13036052,,0,0,0,0,14.589506776306813,93.4070494600652,0,0.3554817275747508,642,10,0.0,0.0,0
