group_id,g1,g2,g3,g4,g5,g6,g7,g8,g9,g10,g11,g12,g13,g14
13036052,,0,0,0,0,238.8927519777659,782874.1969834435,0,0.36244897959183675,888,10,0.0,0.0,0
