group_id,g1,g2,g3,g4,g5,g6,g7,g8,g9,g10,g11,g12,g13,g14
13036052,,0,0,0,0,14.083509123734563,61.23118868070662,0,0.2963265306122449,726,10,0.0,0.0,0
