group_id,g1,g2,g3,g4,g5,g6,g7,g8,g9,g10,g11,g12,g13,g14
13036052,,6.313648053557765,33.10104349111833,175.24329893990856,636522.5546694729,342.7644724962662,1231803.7061694367,2.9219280948873623,0.29411764705882354,350,10,6.5,5.850000000000001,65
