group_id,g1,g2,g3,g4,g5,g6,g7,g8,g9,g10,g11,g12,g13,g14
13036052,,11.155464073864172,33.80969055378131,49.76928396887827,62848.054781517094,86.10140704597208,123874.81127871251,2.8464393446710154,0.3183673469387755,780,10,10.2,11.960000000000008,102
