group_id,g1,g2,g3,g4,g5,g6,g7,g8,g9,g10,g11,g12,g13,g14
13036052,,0,0,0,0,95.97091868260867,134488.3474891725,0,0.36231884057971014,750,10,0.0,0.0,0
