group_id,g1,g2,g3,g4,g5,g6,g7,g8,g9,g10,g11,g12,g13,g14
13036052,,0,0,0,0,61.08624014220483,42189.987921815366,0,0.2813067150635209,930,10,0.0,0.0,0
