group_id,g1,g2,g3,g4,g5,g6,g7,g8,g9,g10,g11,g12,g13,g14
13036052,,0,0,0,0,64.86957884853372,40697.102483842216,0,0.30601092896174864,1120,10,0.0,0.0,0
