group_id,g1,g2,g3,g4,g5,g6,g7,g8,g9,g10,g11,g12,g13,g14
1312912,,0,0,0,0,13.303596985700745,51.81787059793999,0,0.5273865414710485,2696,10,0.0,0.0,0
