group_id,g1,g2,g3,g4,g5,g6,g7,g8,g9,g10,g11,g12,g13,g14
1312912,,0,0,0,0,13.878142167700592,47.13698468277326,0,0.8833333333333333,212,10,0.0,0.0,0
