group_id,g1,g2,g3,g4,g5,g6,g7,g8,g9,g10,g11,g12,g13,g14
1312912,,19.636718939429656,453.406617562448,13.128923215091886,271.77523638521234,7.984515164551745,6.5405401153939735,2.9219280948873623,0.8,16,10,1.0,1.7999999999999998,10
