group_id,g1,g2,g3,g4,g5,g6,g7,g8,g9,g10,g11,g12,g13,g14
1313384,,0.40725268624787786,0.13268380036488994,9.190553729215964,76.8022161261384,13.595012115328798,104.80017953746199,1.0,0.2727272727272727,36,10,2.2,1.1599999999999993,22
