group_id,g1,g2,g3,g4,g5,g6,g7,g8,g9,g10,g11,g12,g13,g14
1313384,,2.364408278581505,4.8916231943466615,10.520760979282578,60.145914396676034,15.188032153575097,54.89314880758354,0.9182958340544896,0.5333333333333333,16,10,1.9,0.69,19
