group_id,g1,g2,g3,g4,g5,g6,g7,g8,g9,g10,g11,g12,g13,g14
1313384,,0.3420922564482175,0.13374527076780895,25.160079884743176,2189.86696850903,43.91382743317415,3649.420209735431,0.8812908992306927,0.44871794871794873,70,10,3.0,2.8000000000000007,30
