group_id,g1,g2,g3,g4,g5,g6,g7,g8,g9,g10,g11,g12,g13,g14
1323916,,74.9966661076584,14958.593498999777,74.87812950437561,42495.31201313994,75.11092461500266,65265.66445745284,2.75,0.4881720430107527,454,10,7.8,12.759999999999998,78
