group_id,g1,g2,g3,g4,g5,g6,g7,g8,g9,g10,g11,g12,g13,g14
1323916,,0,0,309.4706073492757,1049068.7203408326,599.2598760440605,1890739.7657867274,0.0,0.48366013071895425,148,10,4.2,4.359999999999999,42
