group_id,g1,g2,g3,g4,g5,g6,g7,g8,g9,g10,g11,g12,g13,g14
1323916,,52.346048836834505,3031.699649727369,78.41453150246159,35519.49297681963,99.4246870864787,65373.57195329357,2.7219280948873625,0.6838235294117647,186,10,5.7,6.009999999999998,57
