group_id,g1,g2,g3,g4,g5,g6,g7,g8,g9,g10,g11,g12,g13,g14
1323916,,98.95205306624756,26643.9463530192,92.01314512709794,53902.84030075465,85.56455124369091,74258.12527046847,2.0,0.6210826210826211,436,10,7.0,20.0,70
