group_id,g1,g2,g3,g4,g5,g6,g7,g8,g9,g10,g11,g12,g13,g14
1324147,,12.689877918264319,95.8782457740111,17.636441617185746,477.59900959395424,20.19071903723594,787.0675156378406,2.1709505944546685,0.35555555555555557,32,10,2.2,1.1599999999999993,22
