group_id,g1,g2,g3,g4,g5,g6,g7,g8,g9,g10,g11,g12,g13,g14
1329886,,0,0,0,0,108.1225613918477,174507.22734657006,0,0.35285285285285284,470,10,0.0,0.0,0
