group_id,g1,g2,g3,g4,g5,g6,g7,g8,g9,g10,g11,g12,g13,g14
1337932,,0,0,0,0,394.0556007565853,513136.11123855563,0,0.5960170697012802,838,10,0.0,0.0,0
