group_id,g1,g2,g3,g4,g5,g6,g7,g8,g9,g10,g11,g12,g13,g14
1337932,,0,0,0,0,314.24465699933165,441085.1938151753,0,0.48674242424242425,514,10,0.0,0.0,0
