group_id,g1,g2,g3,g4,g5,g6,g7,g8,g9,g10,g11,g12,g13,g14
1337932,,3.3380425550811146,6.364141941944908,249.312320058891,499056.330093506,475.74538418921543,904611.1361399828,3.169925001442312,0.2801418439716312,632,10,8.1,16.090000000000003,81
