group_id,g1,g2,g3,g4,g5,g6,g7,g8,g9,g10,g11,g12,g13,g14
13417342,,0.0,0.0,11.697023510589583,101.65880426111755,17.827990870270565,154.0287385555855,0.0,0.3684210526315789,126,10,4.4,2.639999999999997,44
