group_id,g1,g2,g3,g4,g5,g6,g7,g8,g9,g10,g11,g12,g13,g14
1341800,,14.7082655733749,91.4042156162362,158.41007828739188,223162.53316862052,300.7804134133744,406928.74611214444,2.94770277922009,0.6212121212121212,82,10,4.2,1.9600000000000009,42
