group_id,g1,g2,g3,g4,g5,g6,g7,g8,g9,g10,g11,g12,g13,g14
13417342,,1.2312695421650313,5.8640811791860035,11.323034934006781,89.60616492622896,17.47527947746331,141.02917572579105,1.1567796494470395,0.4675324675324675,216,10,4.6,10.240000000000002,46
