group_id,g1,g2,g3,g4,g5,g6,g7,g8,g9,g10,g11,g12,g13,g14
1342511,,580.6336720860256,568188.7844075339,304.8261598578703,348089.83152133063,17.909735639988753,117.53536391321705,2.6464393446710153,0.5128205128205128,80,10,3.8,2.76,38
