group_id,g1,g2,g3,g4,g5,g6,g7,g8,g9,g10,g11,g12,g13,g14
1345524,,0,0,0,0,146.69682761254037,118548.83364278871,0,0.2571428571428571,54,10,0.0,0.0,0
