group_id,g1,g2,g3,g4,g5,g6,g7,g8,g9,g10,g11,g12,g13,g14
1345524,,0,0,0,0,178.34648942023384,109550.03335185986,0,0.49122807017543857,168,10,0.0,0.0,0
