group_id,g1,g2,g3,g4,g5,g6,g7,g8,g9,g10,g11,g12,g13,g14
1345524,,5.862894760826862,16.10682509308235,121.26204167639926,102312.15286304409,236.23827684735625,177452.00285729227,1.9709505944546686,0.25,18,10,1.8,0.7599999999999998,18
