group_id,g1,g2,g3,g4,g5,g6,g7,g8,g9,g10,g11,g12,g13,g14
1345524,,5.03840323631005,14.15608411636802,97.26699526428234,78535.71281911618,184.85598590462297,140304.96536581195,1.9219280948873623,0.24242424242424243,32,10,2.3,1.410000000000001,23
