group_id,g1,g2,g3,g4,g5,g6,g7,g8,g9,g10,g11,g12,g13,g14
1345524,,0.0,0.0,133.0245217674938,71861.16796831535,252.0976691126912,109459.74323190514,0.0,0.7619047619047619,32,10,4.0,3.1999999999999993,40
