group_id,g1,g2,g3,g4,g5,g6,g7,g8,g9,g10,g11,g12,g13,g14
1345524,,1.9699613769519264,1.7863245722841663,152.2773694873953,181138.65448607795,297.4977561215529,333433.4639306462,1.5709505944546684,0.5736842105263158,218,10,6.3,8.810000000000002,63
