group_id,g1,g2,g3,g4,g5,g6,g7,g8,g9,g10,g11,g12,g13,g14
1345524,,0,0,0,0,142.76859593288518,111043.28955379294,0,0.4166666666666667,100,10,0.0,0.0,0
