group_id,g1,g2,g3,g4,g5,g6,g7,g8,g9,g10,g11,g12,g13,g14
1345524,,5.0384032363100495,14.156084116368039,93.06730885784147,79156.47784114361,180.8724064534689,143887.7446596611,1.9219280948873623,0.30303030303030304,40,10,2.4,2.24,24
