group_id,g1,g2,g3,g4,g5,g6,g7,g8,g9,g10,g11,g12,g13,g14
1349228,,1.576692597620579,0.5959082383381413,9.101964165488733,43.72466208302215,11.980897933336125,58.24552156641522,1.584962500721156,0.8925802879291251,1612,10,19.7,46.81,197
