group_id,g1,g2,g3,g4,g5,g6,g7,g8,g9,g10,g11,g12,g13,g14
1349228,,0,0,0,0,9.130162104426788,36.1420935653766,0,0.5011494252873563,436,10,6.2,19.759999999999998,62
