group_id,g1,g2,g3,g4,g5,g6,g7,g8,g9,g10,g11,g12,g13,g14
1349228,,0,0,0,0,12.37848998433097,84.2052429222343,0,0.851063829787234,1920,10,9.4,144.44,94
