group_id,g1,g2,g3,g4,g5,g6,g7,g8,g9,g10,g11,g12,g13,g14
13560902,,0.05101246583715812,0.004716617403301844,25.50972333960222,462.7576351721391,31.73648200469556,273.0508450348141,0.7219280948873623,0.5,6,10,1.4,0.24000000000000044,14
