group_id,g1,g2,g3,g4,g5,g6,g7,g8,g9,g10,g11,g12,g13,g14
135785,,5.5896599050295785,56.630289860185314,18.07461372088155,127.76042488337333,19.05678898278829,121.63626029557207,0.7219280948873623,0.8055555555555556,58,10,4.5,0.8500000000000014,45
