group_id,g1,g2,g3,g4,g5,g6,g7,g8,g9,g10,g11,g12,g13,g14
135785,,0,0,0,0,21.040782471052008,214.78452915266513,0,0.6222222222222222,56,10,2.1,4.49,21
