group_id,g1,g2,g3,g4,g5,g6,g7,g8,g9,g10,g11,g12,g13,g14
135785,,0.0,0.0,20.740246120218945,131.77102193206258,19.98291650895967,139.95513261709436,0.0,1.0,30,10,3.0,3.4000000000000004,30
