group_id,g1,g2,g3,g4,g5,g6,g7,g8,g9,g10,g11,g12,g13,g14
135785,,10.162078034437414,135.31402953881636,326.1985543354243,389402.2842474211,637.6447953898394,576351.8571788282,2.5219280948873624,0.9,18,10,2.4,1.2400000000000002,24
