group_id,g1,g2,g3,g4,g5,g6,g7,g8,g9,g10,g11,g12,g13,g14
135785,,17.282380412966724,111.99210118171482,17.877401128331368,139.3865549094803,21.354448437952428,185.366039853549,2.2464393446710154,0.8,24,10,2.4,0.8399999999999999,24
