group_id,g1,g2,g3,g4,g5,g6,g7,g8,g9,g10,g11,g12,g13,g14
135785,,6.13625251701883,33.70984227140242,277.9305162645598,336239.62891716225,536.753114757025,528553.9127016666,2.25,0.7333333333333333,22,10,1.7,1.6100000000000003,17
