group_id,g1,g2,g3,g4,g5,g6,g7,g8,g9,g10,g11,g12,g13,g14
135785,,17.18384031396132,108.17052674180115,15.78939194005156,88.6990949762031,20.002657136202053,61.51852123109711,2.1709505944546685,1.0,6,10,2.0,0.20000000000000018,20
