group_id,g1,g2,g3,g4,g5,g6,g7,g8,g9,g10,g11,g12,g13,g14
135785,,12.029072821945606,104.18569650497324,13.937383979445263,102.09753052495694,19.09208644611257,106.6232748182764,1.7609640474436812,0.8333333333333334,10,10,2.2,0.15999999999999925,22
