group_id,g1,g2,g3,g4,g5,g6,g7,g8,g9,g10,g11,g12,g13,g14
135785,,7.672712151695013,167.67942983439994,531.7132983650588,544474.2559601171,1053.0185455589035,540710.1150654904,0.9864267287308424,1.0,6,10,1.4,0.44000000000000017,14
