group_id,g1,g2,g3,g4,g5,g6,g7,g8,g9,g10,g11,g12,g13,g14
13596732,,1755.1430457896495,7601176.154662548,890.4316451432314,4536739.946083703,29.832656437912835,2783.2350850640937,2.128085278891395,0.3913630229419703,580,10,9.1,7.290000000000006,91
