group_id,g1,g2,g3,g4,g5,g6,g7,g8,g9,g10,g11,g12,g13,g14
1359697,,0.0,0.0,6130.491055646087,106434.35727208108,181.8395640695824,191331.63964340187,0.0,0.3048048048048048,406,10,7.0,7.600000000000001,70
