group_id,g1,g2,g3,g4,g5,g6,g7,g8,g9,g10,g11,g12,g13,g14
1359697,,0.14504561947444372,0.08415292691490055,250.20560717677012,919730.3146731895,486.55034085436887,1723495.1798451506,0.4689955935892812,0.3464052287581699,106,10,4.1,1.8900000000000006,41
