group_id,g1,g2,g3,g4,g5,g6,g7,g8,g9,g10,g11,g12,g13,g14
1368097,,0,0,0,0,213.89929862343178,584712.4158212238,0,0.2813904704824693,5634,10,0.0,0.0,0
