group_id,g1,g2,g3,g4,g5,g6,g7,g8,g9,g10,g11,g12,g13,g14
1368097,,2.262508269000909,4.193076696129793,100.40039179880584,95996.76872220062,192.23200220378098,177027.64224142535,2.5032583347756456,0.4160965794768612,2068,10,15.4,53.639999999999986,154
