group_id,g1,g2,g3,g4,g5,g6,g7,g8,g9,g10,g11,g12,g13,g14
1368097,,0,0,0,0,88.35273383807045,86168.90910822913,0,0.40315315315315314,5012,10,0.0,0.0,0
