group_id,g1,g2,g3,g4,g5,g6,g7,g8,g9,g10,g11,g12,g13,g14
1368097,,0,0,0,0,209.5215382126159,637739.238517814,0,0.49122036874451275,2238,10,0.0,0.0,0
