group_id,g1,g2,g3,g4,g5,g6,g7,g8,g9,g10,g11,g12,g13,g14
1368097,,0,0,0,0,169.9091461456167,136811.84051656895,0,0.4090909090909091,1260,10,0.0,0.0,0
