group_id,g1,g2,g3,g4,g5,g6,g7,g8,g9,g10,g11,g12,g13,g14
1368097,,38.083746861626025,3476.074907244211,144.87391767818744,314708.4883268202,248.70308127025234,602833.4747537151,3.0,0.38357142857142856,19332,10,40.7,679.81,407
