group_id,g1,g2,g3,g4,g5,g6,g7,g8,g9,g10,g11,g12,g13,g14
1370552,,0,0,0,0,189.07867097205153,16451.25759367962,0,1.0,6,10,0.0,0.0,0
