group_id,g1,g2,g3,g4,g5,g6,g7,g8,g9,g10,g11,g12,g13,g14
1374721,,4.376821754485185,76.62627468213913,8.919197478275441,103.16514606867406,12.96184137825281,137.9090524101843,0.4689955935892812,0.6,12,10,1.8,0.5599999999999996,18
