group_id,g1,g2,g3,g4,g5,g6,g7,g8,g9,g10,g11,g12,g13,g14
137598,,7.130917364826247,40.14447242885007,59.567070474635074,59645.78270669516,110.61447851324247,115419.5809392169,2.4056390622295662,0.2711267605633803,1386,10,12.7,13.01000000000002,127
