group_id,g1,g2,g3,g4,g5,g6,g7,g8,g9,g10,g11,g12,g13,g14
137598,,9.706288228190303,104.80598805543401,42.84813544647837,20208.337430554715,74.46588302579198,37379.59909660021,2.128085278891395,0.4337568058076225,1434,10,12.1,49.49000000000001,121
