group_id,g1,g2,g3,g4,g5,g6,g7,g8,g9,g10,g11,g12,g13,g14
137598,,12.891866379456076,117.60102893816764,42.65065677071634,19087.712767160323,71.31136424256364,35760.410675365965,2.4056390622295662,0.41366120218579233,1514,10,12.4,49.03999999999999,124
