group_id,g1,g2,g3,g4,g5,g6,g7,g8,g9,g10,g11,g12,g13,g14
137598,,3.452882650499681,4.052928444964461,16.372142097702802,3816.547988908304,28.015189888568123,7238.522220768214,2.5216406363433186,0.5615686274509804,1432,10,13.0,55.599999999999994,130
