group_id,g1,g2,g3,g4,g5,g6,g7,g8,g9,g10,g11,g12,g13,g14
137598,,3.4993768340390994,5.197261791284372,18.853780185636875,4335.601061964866,33.0648889082067,8120.7240361684435,2.2810361125534233,0.5337650323774283,1154,10,11.8,46.56,118
