group_id,g1,g2,g3,g4,g5,g6,g7,g8,g9,g10,g11,g12,g13,g14
137598,,15.99801197805266,68.91572205427448,74.40802855954111,67924.3916066309,126.26784362062605,130691.93040114472,2.5,0.2937853107344633,1040,10,11.1,12.290000000000006,111
