group_id,g1,g2,g3,g4,g5,g6,g7,g8,g9,g10,g11,g12,g13,g14
1382044,,3.439852456146243,3.4878307347036284,133.75566138153783,408197.2262841475,259.60317294820646,782061.2343317363,2.584962500721156,0.39344262295081966,1488,10,14.0,17.400000000000006,140
