group_id,g1,g2,g3,g4,g5,g6,g7,g8,g9,g10,g11,g12,g13,g14
138465,,11.776600772040844,69.34416287201651,20.727277569821776,59.84452032825777,25.300372657398274,69.49952848819225,0.9182958340544896,1.0,12,10,1.5,1.0499999999999998,15
