group_id,g1,g2,g3,g4,g5,g6,g7,g8,g9,g10,g11,g12,g13,g14
1398413,,1.913489803595577,14.645772913856963,39.73799912026292,17674.05381280894,70.23354275379101,32371.56702787296,0.4689955935892812,0.5706122448979591,1398,10,16.3,19.610000000000014,163
