group_id,g1,g2,g3,g4,g5,g6,g7,g8,g9,g10,g11,g12,g13,g14
140195,,0,0,0,0,174.83969871509976,305279.4423810788,0,0.57981220657277,2964,10,0.0,0.0,0
