group_id,g1,g2,g3,g4,g5,g6,g7,g8,g9,g10,g11,g12,g13,g14
1401259,,4.241894511078298,6.182123034104194,34.7886274572685,13998.694212951485,62.54880652678329,25859.651433887968,2.9219280948873623,0.23006310958118187,1604,10,12.6,25.24000000000001,126
