group_id,g1,g2,g3,g4,g5,g6,g7,g8,g9,g10,g11,g12,g13,g14
1401259,,0,0,0,0,201.9572643386933,825608.3871538626,0,0.2596232596232596,3170,10,0.0,0.0,0
