group_id,g1,g2,g3,g4,g5,g6,g7,g8,g9,g10,g11,g12,g13,g14
140195,,0,0,0,0,124.56934032184489,166333.4106973649,0,0.5474576271186441,1938,10,0.0,0.0,0
