group_id,g1,g2,g3,g4,g5,g6,g7,g8,g9,g10,g11,g12,g13,g14
1401259,,0,0,0,0,146.69750727461917,184522.8587503086,0,0.2624561403508772,1496,10,0.0,0.0,0
