group_id,g1,g2,g3,g4,g5,g6,g7,g8,g9,g10,g11,g12,g13,g14
14062782,,4.397715942927264,9.313188676143017,57.97881912728021,66416.24617035974,109.92194575057023,127537.15465495412,3.321928094887362,0.5517241379310345,480,10,3.8,39.760000000000005,38
