group_id,g1,g2,g3,g4,g5,g6,g7,g8,g9,g10,g11,g12,g13,g14
14110192,,0.0,0.0,12.514160061048662,118.22864790494452,18.355334326880563,143.27267771793225,0.0,0.38095238095238093,288,10,6.9,3.0899999999999963,69
