group_id,g1,g2,g3,g4,g5,g6,g7,g8,g9,g10,g11,g12,g13,g14
1413801,,0.0,0.0,45.65817539221558,43206.69620983001,77.55946525485948,83339.33567554948,0.0,0.42649823736780257,14518,10,37.2,512.7599999999998,372
