group_id,g1,g2,g3,g4,g5,g6,g7,g8,g9,g10,g11,g12,g13,g14
1417454,,0,0,0,0,269.42439739609904,270621.12462345476,0,0.3115942028985507,172,10,0.0,0.0,0
