group_id,g1,g2,g3,g4,g5,g6,g7,g8,g9,g10,g11,g12,g13,g14
1417454,,0,0,0,0,212.35050991914017,265099.36967641825,0,0.37580739870816204,6400,10,0.0,0.0,0
