group_id,g1,g2,g3,g4,g5,g6,g7,g8,g9,g10,g11,g12,g13,g14
1417454,,4.01525168206546,5.893609252453146,124.11702514788377,118792.31803405404,232.6938281688858,217927.37620386382,2.584962500721156,0.321353065539112,608,10,8.5,10.650000000000006,85
