group_id,g1,g2,g3,g4,g5,g6,g7,g8,g9,g10,g11,g12,g13,g14
1426193,,118.85048148899354,26975.20222648464,73.31337166191973,14843.874718386123,18.3199776135016,100.88660332674101,2.6416041678685933,0.24033613445378152,286,10,5.4,6.039999999999999,54
