group_id,g1,g2,g3,g4,g5,g6,g7,g8,g9,g10,g11,g12,g13,g14
1427686,,2.694112288777083,13.155561856978192,66.8996417828343,4002.4771451187107,128.88407447981325,0.0,0.7219280948873623,1.0,2,10,1.1,0.08999999999999986,11
