group_id,g1,g2,g3,g4,g5,g6,g7,g8,g9,g10,g11,g12,g13,g14
1428911,,11.813344914808148,14.772898499386542,79.10609211531197,104425.09552382353,146.2728501461217,200467.0634414666,2.0,0.39,234,10,4.6,9.440000000000005,46
