group_id,g1,g2,g3,g4,g5,g6,g7,g8,g9,g10,g11,g12,g13,g14
1428911,,14.94120342342579,111.61977987009527,12.820041213170983,134.41188471870623,13.869495886842826,165.038176438652,0.9182958340544896,0.5132275132275133,388,10,6.6,14.240000000000002,66
