group_id,g1,g2,g3,g4,g5,g6,g7,g8,g9,g10,g11,g12,g13,g14
14291952,,0.0,0.0,7.261965181895688,58.645177183864,11.801684669262333,81.91651563277259,0.0,0.6785714285714286,38,10,1.9,2.89,19
