group_id,g1,g2,g3,g4,g5,g6,g7,g8,g9,g10,g11,g12,g13,g14
1440018,,4.073553216049589,13.538470526077774,8.593454852819077,111.15914549624149,10.081206064835024,236.89165822707264,3.321928094887362,0.506265664160401,1616,10,14.2,47.160000000000025,142
