group_id,g1,g2,g3,g4,g5,g6,g7,g8,g9,g10,g11,g12,g13,g14
1440018,,7.269728560063006,14.065283415099437,8.825551305003332,65.37936292408578,9.870494338839897,119.27732811980907,3.121928094887362,0.4365079365079365,330,10,5.9,11.689999999999998,59
