group_id,g1,g2,g3,g4,g5,g6,g7,g8,g9,g10,g11,g12,g13,g14
1443317,,1923.0100367276693,6265704.079254981,1090.2340638512508,3656346.159752978,279.2186868758752,279380.1250741491,3.169925001442312,0.46345811051693403,520,10,4.4,38.84,44
