group_id,g1,g2,g3,g4,g5,g6,g7,g8,g9,g10,g11,g12,g13,g14
1443317,,22.048791656660015,409.28662437995393,37.24710045697486,8264.417011248956,52.201946444191016,16001.48865296109,2.8073549220576046,0.39191919191919194,776,10,9.9,16.289999999999992,99
