group_id,g1,g2,g3,g4,g5,g6,g7,g8,g9,g10,g11,g12,g13,g14
1443317,,44.29752790223076,978.1486906766931,149.67386056727648,395990.6461499359,253.04210464024072,761008.7497147128,2.8073549220576046,0.4980330448465775,7596,10,30.7,204.6099999999999,307
