group_id,g1,g2,g3,g4,g5,g6,g7,g8,g9,g10,g11,g12,g13,g14
1443317,,0,0,0,0,103.65358466481545,100750.29182136491,0,0.4642375168690958,688,10,0.0,0.0,0
