group_id,g1,g2,g3,g4,g5,g6,g7,g8,g9,g10,g11,g12,g13,g14
1452441,,0,0,0,0,221.8691191879097,1122489.724035526,0,0.220479302832244,4048,10,0.0,0.0,0
