group_id,g1,g2,g3,g4,g5,g6,g7,g8,g9,g10,g11,g12,g13,g14
1455470,,0.19964016840868634,0.040026966119299706,158.4790025228645,659473.7704815953,308.9687856962783,1265019.080855209,1.3567796494470397,0.4840158613187353,82758,10,94.3,2526.01,943
