group_id,g1,g2,g3,g4,g5,g6,g7,g8,g9,g10,g11,g12,g13,g14
1457526,,5.21148308650573,12.094255874963363,59.098354773534304,214019.25455631712,111.8141830975537,421844.8463758114,3.321928094887362,0.41880356433395766,295156,10,197.2,5159.560000000005,1972
