group_id,g1,g2,g3,g4,g5,g6,g7,g8,g9,g10,g11,g12,g13,g14
1457526,,7.485442219084108,22.541262002707086,35.85868377396234,30069.77778383889,62.83529867714385,58579.223607616485,3.169925001442312,0.560560007368518,60860,10,78.9,2332.0899999999983,789
