group_id,g1,g2,g3,g4,g5,g6,g7,g8,g9,g10,g11,g12,g13,g14
1457526,,7.04958200717146,15.6818674971992,59.4505216629364,203515.19714759607,110.9589180944293,401615.0912603811,3.321928094887362,0.39945491710197595,158292,10,128.6,3494.2400000000016,1286
