group_id,g1,g2,g3,g4,g5,g6,g7,g8,g9,g10,g11,g12,g13,g14
1457526,,4.951771272981491,11.290824187279998,48.32824042432399,58809.854391115616,88.84523565394053,113639.25352265679,3.1219280948873624,0.47633071553228623,17468,10,36.2,880.1599999999996,362
