group_id,g1,g2,g3,g4,g5,g6,g7,g8,g9,g10,g11,g12,g13,g14
145874,,7.6961792488269545,51.46574087762373,90.30721291072844,88037.66068568118,169.13324307191994,162371.83576649232,1.5709505944546684,0.35735735735735735,476,10,6.4,25.439999999999998,64
