group_id,g1,g2,g3,g4,g5,g6,g7,g8,g9,g10,g11,g12,g13,g14
145874,,5.857850591556774,25.73581016475149,26.04557594587341,20803.464530470792,44.8197222580381,40731.42930743803,0.9852281360342516,0.3159242191500256,1234,10,13.0,8.599999999999994,130
