group_id,g1,g2,g3,g4,g5,g6,g7,g8,g9,g10,g11,g12,g13,g14
145874,,6.494493700940907,41.69267550547326,220.4130839986844,425389.3915558796,420.47242866025175,786137.1283086223,2.1709505944546685,0.2571428571428571,630,10,7.8,19.360000000000007,78
