group_id,g1,g2,g3,g4,g5,g6,g7,g8,g9,g10,g11,g12,g13,g14
145874,,6.490265764851857,39.594990460737584,136.8440857895252,402376.00524105865,265.6545495456373,781445.6175362956,1.9709505944546688,0.32424877707896577,928,10,9.9,30.290000000000006,99
