group_id,g1,g2,g3,g4,g5,g6,g7,g8,g9,g10,g11,g12,g13,g14
145874,,2.589089960807157,7.3829475939861275,115.30898514546459,116731.64244276812,218.3305078261843,217000.15434436657,1.75,0.33816425120772947,700,10,9.0,20.799999999999997,90
