group_id,g1,g2,g3,g4,g5,g6,g7,g8,g9,g10,g11,g12,g13,g14
145874,,6.926588779993699,42.844867330279726,75.75468361377779,80485.2176499669,142.2115868315,152069.47947251375,1.9709505944546686,0.24513457556935817,1184,10,11.3,16.809999999999988,113
