group_id,g1,g2,g3,g4,g5,g6,g7,g8,g9,g10,g11,g12,g13,g14
145874,,1.6807554890323468,0.20627226700860213,281.10874964158967,933356.9913084243,543.2633270128209,1736524.4576514328,2.0,0.34424313267095263,1178,10,11.9,14.48999999999998,119
