group_id,g1,g2,g3,g4,g5,g6,g7,g8,g9,g10,g11,g12,g13,g14
1465529,,0.0,0.0,6.837867520175142,39.85765540756387,9.928939682362145,47.19548819619558,0.0,0.4090909090909091,54,10,3.5,0.6500000000000004,35
