group_id,g1,g2,g3,g4,g5,g6,g7,g8,g9,g10,g11,g12,g13,g14
1465949,,5.918898895624107,26.93183089564581,98.76481105853303,151281.15577876082,190.0726748309826,285828.0908757958,1.360964047443681,0.38011695906432746,130,10,4.8,1.1600000000000001,48
