group_id,g1,g2,g3,g4,g5,g6,g7,g8,g9,g10,g11,g12,g13,g14
1470198,,1.1402690376074693,0.5737580219396283,97.22334630068237,156720.55648009785,186.62253154561836,286197.25700610364,1.9219280948873623,0.5125313283208021,1636,10,14.5,59.25,145
