group_id,g1,g2,g3,g4,g5,g6,g7,g8,g9,g10,g11,g12,g13,g14
1470198,,0.11670996206626862,0.02468845263248661,4.493866735262467,18.933364283136417,6.406193033696911,32.45965387353867,0.7219280948873623,0.46975806451612906,466,10,8.0,12.400000000000006,80
