group_id,g1,g2,g3,g4,g5,g6,g7,g8,g9,g10,g11,g12,g13,g14
1470486,,18.67396440695592,283.5313769667143,67.79796123103345,39737.027070089156,117.39443110865247,74939.7048330006,2.1556390622295662,0.6,144,10,4.0,8.600000000000001,40
