group_id,g1,g2,g3,g4,g5,g6,g7,g8,g9,g10,g11,g12,g13,g14
1470198,,1.1165899818796365,0.5855268996591387,3.685493667568082,9.942231122839388,5.513042112972514,16.14889690792701,1.9609640474436814,0.8088235294117647,220,10,2.4,19.64,24
