group_id,g1,g2,g3,g4,g5,g6,g7,g8,g9,g10,g11,g12,g13,g14
1470198,,0.12589207970037905,0.028725978512956937,141.8240220933065,212247.296101622,268.8427459564896,373874.32393201673,0.7219280948873623,0.511864406779661,1812,10,14.3,71.40999999999997,143
