group_id,g1,g2,g3,g4,g5,g6,g7,g8,g9,g10,g11,g12,g13,g14
1470198,,1.0772975954754895,0.49893197447729865,128.14465038789453,543230.9573551378,251.29774993156397,1051550.2526678494,1.9709505944546686,0.47026843357118586,5536,10,24.7,164.21000000000004,247
