group_id,g1,g2,g3,g4,g5,g6,g7,g8,g9,g10,g11,g12,g13,g14
1470198,,1.1736982976302444,0.512651412097543,125.57478366167823,251717.14510541837,242.88705493713587,477430.93497663393,1.8954618442383218,0.43094496365524404,4980,10,23.0,151.79999999999995,230
