group_id,g1,g2,g3,g4,g5,g6,g7,g8,g9,g10,g11,g12,g13,g14
1474938,,0,0,0,0,12.552214464318926,117.41177647498051,0,0.7333333333333333,22,10,0.0,0.0,0
