group_id,g1,g2,g3,g4,g5,g6,g7,g8,g9,g10,g11,g12,g13,g14
1475712,,0,0,0,0,411.66714974886,1981860.4317947808,0,0.21022067363530778,362,10,0.0,0.0,0
