group_id,g1,g2,g3,g4,g5,g6,g7,g8,g9,g10,g11,g12,g13,g14
1475712,,0.9794463644414443,1.04684606661987,64.63679835224264,70423.15765002802,124.2758466936622,131621.01227865368,2.0464393446710156,0.3314307458143075,1742,10,9.3,100.60999999999999,93
