group_id,g1,g2,g3,g4,g5,g6,g7,g8,g9,g10,g11,g12,g13,g14
1475712,,0,0,0,0,67.77347290534458,36733.61691794018,0,0.28,168,10,0.0,0.0,0
