group_id,g1,g2,g3,g4,g5,g6,g7,g8,g9,g10,g11,g12,g13,g14
1475712,,0.9869349001101392,1.7852359615729514,102.92239101670202,315046.6308169076,202.3567152394684,611583.939555637,2.0464393446710156,0.22431865828092243,642,10,7.7,16.00999999999999,77
