group_id,g1,g2,g3,g4,g5,g6,g7,g8,g9,g10,g11,g12,g13,g14
1475712,,2.1915258053694777,3.243516303702145,128.89425305877492,358060.68807964603,250.4978143256947,680010.8684241668,2.197159723424149,0.3631372549019608,926,10,8.1,42.89,81
