group_id,g1,g2,g3,g4,g5,g6,g7,g8,g9,g10,g11,g12,g13,g14
1475712,,2.3277221316772,4.0718459804887805,156.2180464194878,365515.08222443226,305.2742352413276,694971.3272490631,2.25,0.6540240518038853,1414,10,5.5,122.25,55
