group_id,g1,g2,g3,g4,g5,g6,g7,g8,g9,g10,g11,g12,g13,g14
1481631,,15.20987559571001,65.61613963443969,13.878610134947095,85.95643641444775,14.477386893204642,106.35920659151233,2.721928094887362,0.41818181818181815,46,10,2.1,2.8899999999999997,21
