group_id,g1,g2,g3,g4,g5,g6,g7,g8,g9,g10,g11,g12,g13,g14
1481631,,13.299449276516624,57.38278254556434,17.293746831172545,390.0032610772637,21.373900486304358,764.0482221008128,2.3709505944546687,0.3939393939393939,52,10,1.7,4.010000000000001,17
