group_id,g1,g2,g3,g4,g5,g6,g7,g8,g9,g10,g11,g12,g13,g14
1481631,,12.863559611799069,66.03310244144919,164.1118006460375,203980.11280685998,312.6692263636396,366950.753188758,2.321928094887362,0.2,18,10,1.3,1.41,13
