group_id,g1,g2,g3,g4,g5,g6,g7,g8,g9,g10,g11,g12,g13,g14
1481631,,2856.590289442412,9243309.32352414,1840.0895943789142,7785313.526238427,10.48987019817218,116.71973643869384,2.8464393446710154,0.3333333333333333,24,10,1.2,2.36,12
