group_id,g1,g2,g3,g4,g5,g6,g7,g8,g9,g10,g11,g12,g13,g14
1481631,,2856.424129149284,9235494.598685585,1840.4627910702054,7792069.020359559,10.167326621987442,41.76169763637324,2.8464393446710154,0.49264705882352944,134,10,3.6,6.439999999999998,36
