group_id,g1,g2,g3,g4,g5,g6,g7,g8,g9,g10,g11,g12,g13,g14
1481631,,13.879393574942686,55.97851413572255,12.427070581858077,60.9113000434574,10.600071638013196,110.42986650405322,2.4464393446710155,0.38181818181818183,42,10,1.6,3.4399999999999995,16
