group_id,g1,g2,g3,g4,g5,g6,g7,g8,g9,g10,g11,g12,g13,g14
1481631,,2856.1383588982476,9239671.475499382,1837.5339171234966,7788220.653804455,5.421632604854672,9.219207066544808,2.6464393446710153,0.6666666666666666,8,10,0.7,1.01,7
