group_id,g1,g2,g3,g4,g5,g6,g7,g8,g9,g10,g11,g12,g13,g14
1484141,,4.404867279751135,13.09851479102118,96.35422011077414,354381.78812914644,185.36077791225424,694566.1281987434,1.3787834934861758,0.38095238095238093,896,10,12.2,6.160000000000025,122
