group_id,g1,g2,g3,g4,g5,g6,g7,g8,g9,g10,g11,g12,g13,g14
1485406,,0,0,0,0,16.7303381594702,90.37032208945521,0,0.5593971631205674,1262,10,0.0,0.0,0
