group_id,g1,g2,g3,g4,g5,g6,g7,g8,g9,g10,g11,g12,g13,g14
1485406,,7.489169436003346,23.049827658085647,15.786152336207625,1328.7897797764626,22.96252934345986,2586.582814767326,2.5219280948873624,0.3133696309739867,1036,10,9.0,44.2,90
