group_id,g1,g2,g3,g4,g5,g6,g7,g8,g9,g10,g11,g12,g13,g14
1485406,,11.203898012355346,110.02196217829473,12.770538108655744,81.75144219219851,14.25381153162114,88.4705034290763,2.058813890331201,0.2733333333333333,164,10,4.0,5.600000000000001,40
