group_id,g1,g2,g3,g4,g5,g6,g7,g8,g9,g10,g11,g12,g13,g14
1485938,,47.436003348047954,1024.3138906669415,31.28260874610066,1230.4964392025527,13.138359314808678,353.2503422168655,1.584962500721156,0.3463203463203463,160,10,4.1,6.09,41
