group_id,g1,g2,g3,g4,g5,g6,g7,g8,g9,g10,g11,g12,g13,g14
1485406,,4.114336543929003,14.25889054865549,9.29050093905221,95.87561918073439,12.62091210352434,169.70542042414377,1.295461844238322,0.34034833091436867,938,10,10.1,23.49000000000001,101
