group_id,g1,g2,g3,g4,g5,g6,g7,g8,g9,g10,g11,g12,g13,g14
1485406,,0,0,0,0,17.21126073365307,78.85417684577817,0,0.45714285714285713,96,10,0.0,0.0,0
