group_id,g1,g2,g3,g4,g5,g6,g7,g8,g9,g10,g11,g12,g13,g14
1485406,,0,0,0,0,22.570007932704545,2669.4679907629743,0,0.4417293233082707,1410,10,0.0,0.0,0
