group_id,g1,g2,g3,g4,g5,g6,g7,g8,g9,g10,g11,g12,g13,g14
1485406,,6.071154438496858,17.793650246171715,64.60261762498457,71504.03485266396,121.8357384615603,138737.77944514883,2.1709505944546685,0.3399778516057586,614,10,6.7,29.810000000000002,67
