group_id,g1,g2,g3,g4,g5,g6,g7,g8,g9,g10,g11,g12,g13,g14
1485406,,0,0,0,0,15.820612474374762,104.84455632122035,0,0.5682624113475178,1282,10,0.0,0.0,0
