group_id,g1,g2,g3,g4,g5,g6,g7,g8,g9,g10,g11,g12,g13,g14
1485406,,0,0,0,0,12.297658370528106,72.85326171117347,0,0.41835748792270533,866,10,0.0,0.0,0
