group_id,g1,g2,g3,g4,g5,g6,g7,g8,g9,g10,g11,g12,g13,g14
1485406,,4.114336543929003,14.258890548655497,9.537038766241334,50.35471753600771,12.51141545210827,71.27604749900024,1.295461844238322,0.4011299435028249,1420,10,12.8,28.95999999999998,128
