group_id,g1,g2,g3,g4,g5,g6,g7,g8,g9,g10,g11,g12,g13,g14
1485406,,0,0,0,0,75.91099648261998,45935.47935054117,0,0.22486772486772486,170,10,0.0,0.0,0
