group_id,g1,g2,g3,g4,g5,g6,g7,g8,g9,g10,g11,g12,g13,g14
1485406,,7.327219812587127,28.604220123548053,16.493646204141243,1994.7427789141195,23.765330533674682,3703.402050764439,1.9709505944546688,0.36464646464646466,722,10,7.7,33.61,77
