group_id,g1,g2,g3,g4,g5,g6,g7,g8,g9,g10,g11,g12,g13,g14
1485406,,0,0,0,0,20.571319824239175,104.21950456077343,0,0.24242424242424243,32,10,0.0,0.0,0
