group_id,g1,g2,g3,g4,g5,g6,g7,g8,g9,g10,g11,g12,g13,g14
1486302,,3.261580867243894,8.876962715973484,159.38082180059206,362655.0584218322,304.389550518873,680811.7760849242,1.7709505944546688,0.372035666856384,23532,10,43.2,879.1599999999999,432
