group_id,g1,g2,g3,g4,g5,g6,g7,g8,g9,g10,g11,g12,g13,g14
1489965,,0.0,0.0,245.29507556563186,843826.0303793143,471.88849488863224,1576733.429724513,0.0,0.5807930546749256,23816,10,38.6,1579.8400000000001,386
