group_id,g1,g2,g3,g4,g5,g6,g7,g8,g9,g10,g11,g12,g13,g14
14900992,,0.009749578390133063,8.317249393718107e-05,4.463305806904564,6.918493619046764,4.850041783327347,7.394663571901987,0.9709505944546686,0.4696969696969697,62,10,3.3,1.6100000000000012,33
