group_id,g1,g2,g3,g4,g5,g6,g7,g8,g9,g10,g11,g12,g13,g14
14900992,,1.6620921678831413,11.050201498153918,84.86832284560337,73319.68176423729,163.7679114762374,134792.48838449753,0.4689955935892812,0.6535947712418301,200,10,5.5,7.450000000000003,55
