group_id,g1,g2,g3,g4,g5,g6,g7,g8,g9,g10,g11,g12,g13,g14
1492775,,4.289644942503866,16.381599623310155,152.15863011362453,615871.458975927,293.1803161488362,1194810.8151800002,1.224394445405986,0.22486486486486487,1248,10,11.2,21.960000000000022,112
