group_id,g1,g2,g3,g4,g5,g6,g7,g8,g9,g10,g11,g12,g13,g14
1492775,,0,0,0,0,177.4976840457342,527455.5584417979,0,0.3436563436563437,2064,10,0.0,0.0,0
