group_id,g1,g2,g3,g4,g5,g6,g7,g8,g9,g10,g11,g12,g13,g14
1493272,,1655.0620542559677,6801074.130441075,866.3271837104465,3959581.9570158888,51.51464097269438,1940.0356207726977,3.0,0.39655172413793105,3036,10,15.3,132.60999999999996,153
