group_id,g1,g2,g3,g4,g5,g6,g7,g8,g9,g10,g11,g12,g13,g14
1493272,,106.44030977094037,15420.76549846637,83.66103810108301,11854.197523032035,42.27771742791627,2958.0466083712654,2.5216406363433186,0.429732868757259,740,10,6.5,45.849999999999994,65
