group_id,g1,g2,g3,g4,g5,g6,g7,g8,g9,g10,g11,g12,g13,g14
1495269,,5.263797439861848,18.553154681580896,10.200516167361322,137.91360943347672,15.174929802996736,204.51409244229103,1.9056390622295662,0.4722222222222222,34,10,2.1,1.6899999999999995,21
