group_id,g1,g2,g3,g4,g5,g6,g7,g8,g9,g10,g11,g12,g13,g14
1495269,,9.63069818150493,46.3751737316212,14.262906457703318,101.2206550531715,15.828692403538504,63.49212520348371,0.9182958340544896,0.6666666666666666,8,10,1.4,0.44000000000000017,14
