group_id,g1,g2,g3,g4,g5,g6,g7,g8,g9,g10,g11,g12,g13,g14
1495269,,6.925972318347512,18.840872149039733,43.257111944325004,21624.15201995753,77.0977735306313,41594.27012512661,2.6464393446710157,0.49783549783549785,230,10,5.0,13.799999999999997,50
