group_id,g1,g2,g3,g4,g5,g6,g7,g8,g9,g10,g11,g12,g13,g14
14963162,,0.0,0.0,9.57325965668211,53.55320607650991,14.347401484977054,61.00699132180239,0.0,0.7333333333333333,66,10,3.1,3.4899999999999984,31
