group_id,g1,g2,g3,g4,g5,g6,g7,g8,g9,g10,g11,g12,g13,g14
1498626,,4.417901498563179,68.31248777852372,737.9783450274496,3087095.7370246365,1446.66169874666,5123193.588190978,0.5032583347756457,0.42857142857142855,18,10,1.8,0.7599999999999998,18
