group_id,g1,g2,g3,g4,g5,g6,g7,g8,g9,g10,g11,g12,g13,g14
1501582,,0,0,0,0,123.36541673269349,74110.4050587036,0,0.5413105413105413,380,10,0.0,0.0,0
