group_id,g1,g2,g3,g4,g5,g6,g7,g8,g9,g10,g11,g12,g13,g14
1501582,,15.539162143800821,103.52516568636148,18.344172703367406,158.76389189935765,19.60259978311949,219.9843064095748,2.0464393446710156,0.3090909090909091,34,10,2.8,0.5600000000000014,28
