group_id,g1,g2,g3,g4,g5,g6,g7,g8,g9,g10,g11,g12,g13,g14
1501582,,10.13047312119072,96.79119525395002,19.335476470231416,517.782124259681,27.190961964807283,839.6923195538591,1.4854752972273344,0.35,210,10,5.2,9.359999999999996,52
