group_id,g1,g2,g3,g4,g5,g6,g7,g8,g9,g10,g11,g12,g13,g14
1501582,,11.813616723188266,113.66499730067477,13.552015271489985,100.59292699996834,14.092920594072458,145.72783423603764,1.5709505944546687,0.38095238095238093,16,10,2.3,0.6100000000000012,23
