group_id,g1,g2,g3,g4,g5,g6,g7,g8,g9,g10,g11,g12,g13,g14
15050912,,125.4353818825502,60429.223733255145,129.9703810757211,110846.56555720804,141.77829708910005,171489.91777192135,2.446439344671015,0.4523470839260313,636,10,8.8,17.959999999999994,88
