group_id,g1,g2,g3,g4,g5,g6,g7,g8,g9,g10,g11,g12,g13,g14
1505670,,11.407367012698954,113.49419099291171,13.894453956186979,144.23745896452394,15.56379962275151,160.10780035808418,2.6464393446710153,0.5833333333333334,616,10,9.6,15.840000000000003,96
