group_id,g1,g2,g3,g4,g5,g6,g7,g8,g9,g10,g11,g12,g13,g14
1506651,,2.9906434182393555,31.30381819270432,89.81645873524259,90042.07443385583,163.37248754914359,173918.99847574963,0.5032583347756457,0.49910873440285203,560,10,10.2,6.560000000000002,102
