group_id,g1,g2,g3,g4,g5,g6,g7,g8,g9,g10,g11,g12,g13,g14
1506651,,9.015961731935116,37.07161517745192,96.50445329201547,99076.59057422391,178.90898396389707,187297.44534047265,1.584962500721156,0.2804878048780488,460,10,8.0,9.0,80
