group_id,g1,g2,g3,g4,g5,g6,g7,g8,g9,g10,g11,g12,g13,g14
1506744,,4.073645243652113,66.37834228451794,76.23514513856917,93274.2746760994,138.46078269880766,175928.96022503125,0.4689955935892812,0.4204476709013914,1390,10,14.8,12.759999999999991,148
