group_id,g1,g2,g3,g4,g5,g6,g7,g8,g9,g10,g11,g12,g13,g14
1508612,,0,0,0,0,1.1016212261525378,2.427138651819641,0,0.9333333333333333,28,10,0.0,0.0,0
