group_id,g1,g2,g3,g4,g5,g6,g7,g8,g9,g10,g11,g12,g13,g14
150828,,3.5212518384089293,0.0,39.49226395571258,4685.507408620848,76.38688026750351,7020.3755155098215,1.0,0.9,18,10,2.6,1.2399999999999993,26
