group_id,g1,g2,g3,g4,g5,g6,g7,g8,g9,g10,g11,g12,g13,g14
1509173,,0,0,0,0,103.23399308553704,117697.75369240603,0,0.42234848484848486,446,10,0.0,0.0,0
