group_id,g1,g2,g3,g4,g5,g6,g7,g8,g9,g10,g11,g12,g13,g14
1510571,,0,0,0,0,202.04077529970158,888769.8570632981,0,0.4383951408042596,201226,10,151.6,5346.040000000001,1516
