group_id,g1,g2,g3,g4,g5,g6,g7,g8,g9,g10,g11,g12,g13,g14
1510571,,0.6863966705609925,0.0,58.30860924820432,150403.62116654162,113.32548758953953,294845.18241900794,1.0,0.31641940967392984,163804,10,138.5,910.6500000000015,1385
