group_id,g1,g2,g3,g4,g5,g6,g7,g8,g9,g10,g11,g12,g13,g14
1511236,,0,0,0,0,14.733360373489083,114.82891825307505,0,0.5265917602996255,4218,10,25.4,92.04000000000008,254
