group_id,g1,g2,g3,g4,g5,g6,g7,g8,g9,g10,g11,g12,g13,g14
1511236,,3.657272044916067,6.346677211114072,48.23489639541304,53983.31467218647,88.59201770405711,104444.83100130114,1.9219280948873623,0.524024024024024,698,10,10.4,14.039999999999992,104
