group_id,g1,g2,g3,g4,g5,g6,g7,g8,g9,g10,g11,g12,g13,g14
1511236,,13.3100982048613,56.854078788951654,55.48778374307864,43872.882496364,99.17331277477444,84365.66310426797,1.584962500721156,0.5096434833430742,1744,10,15.8,37.16,158
