group_id,g1,g2,g3,g4,g5,g6,g7,g8,g9,g10,g11,g12,g13,g14
1512147,,0,0,60.154018454523374,41905.61487774004,113.84425605661337,77871.75470755751,0.0,0.48366013071895425,148,10,4.9,3.0899999999999963,49
