group_id,g1,g2,g3,g4,g5,g6,g7,g8,g9,g10,g11,g12,g13,g14
1525436,,2.44676468364991,5.112855088934898,13.906974239569466,789.478438126324,23.80971151836089,1382.8339193904662,1.2987949406953985,0.38596491228070173,132,10,4.1,4.690000000000001,41
