group_id,g1,g2,g3,g4,g5,g6,g7,g8,g9,g10,g11,g12,g13,g14
15274602,,2.616860114943977,5.991962253536528,4.283521439587796,9.36676470917077,5.2127280560602784,17.071644851409868,0.9709505944546686,0.5619047619047619,118,10,4.4,3.639999999999997,44
