group_id,g1,g2,g3,g4,g5,g6,g7,g8,g9,g10,g11,g12,g13,g14
15274602,,1.7445734099626513,5.516409693732045,4.182933051769029,4.962651612192907,4.524768739708318,6.230004710173699,0.7219280948873623,0.5818181818181818,64,10,3.5,3.0500000000000007,35
