group_id,g1,g2,g3,g4,g5,g6,g7,g8,g9,g10,g11,g12,g13,g14
15295012,,0,0,0,0,11.345753072225397,36.371200655690814,0,0.4722222222222222,34,10,0.0,0.0,0
