group_id,g1,g2,g3,g4,g5,g6,g7,g8,g9,g10,g11,g12,g13,g14
15324,,354.08339459085215,0.0,234.68048862003243,41019.89471349571,157.1192486617896,52807.35318052052,1.0,0.8666666666666667,754,10,12.9,31.090000000000003,129
