group_id,g1,g2,g3,g4,g5,g6,g7,g8,g9,g10,g11,g12,g13,g14
15324,,309.1243557372587,33991.0021697691,291.00613668262963,153470.5563838321,194.0566617911254,335815.28590451693,2.321928094887362,0.28998447204968947,7470,10,25.4,218.04000000000008,254
