group_id,g1,g2,g3,g4,g5,g6,g7,g8,g9,g10,g11,g12,g13,g14
15324,,0,0,0,0,161.02783864860402,53759.46236362604,0,0.9064039408866995,736,10,13.1,33.49000000000001,131
