group_id,g1,g2,g3,g4,g5,g6,g7,g8,g9,g10,g11,g12,g13,g14
153288,,3.425762497438931,4.436486947192982,41.829335101305865,24720.4361393962,77.02632047529619,47707.052477713434,3.321928094887362,0.36828644501278773,1728,10,15.0,23.599999999999994,150
