group_id,g1,g2,g3,g4,g5,g6,g7,g8,g9,g10,g11,g12,g13,g14
1534862,,0,0,0,0,512.7618903896557,2837503.7378120376,0,0.19050632911392404,1204,10,0.0,0.0,0
