group_id,g1,g2,g3,g4,g5,g6,g7,g8,g9,g10,g11,g12,g13,g14
1534862,,1363.4541363708609,6411912.129618907,691.2357021747611,3660459.864416855,15.636991399071002,150.2166623006941,2.4193819456463714,0.6428571428571429,36,10,0.9,3.69,9
