group_id,g1,g2,g3,g4,g5,g6,g7,g8,g9,g10,g11,g12,g13,g14
1534862,,8.23440276391546,26.5457534359697,49.29694597816172,55076.57098252615,90.6557503273565,107156.354388646,3.0,0.23161189358372458,1184,10,11.0,19.80000000000001,110
