group_id,g1,g2,g3,g4,g5,g6,g7,g8,g9,g10,g11,g12,g13,g14
1534862,,16.152444030330603,318.7566152389521,245.2460472649128,2017257.9285842015,469.1690493096753,3883643.697648297,3.121928094887362,0.26247848537005164,1830,10,13.6,29.640000000000015,136
