group_id,g1,g2,g3,g4,g5,g6,g7,g8,g9,g10,g11,g12,g13,g14
1534862,,7.118940691130783,25.057735345911226,71.3061914979149,82655.87744442755,132.98196010641834,155589.02453710607,2.321928094887362,0.3565656565656566,706,10,6.6,36.84000000000001,66
