group_id,g1,g2,g3,g4,g5,g6,g7,g8,g9,g10,g11,g12,g13,g14
1534629,,17.116987262181077,84.64767652560954,16.76125517748503,112.58402342136134,17.447521383722595,123.29166718578085,2.9219280948873623,0.3416666666666667,82,10,3.4,3.240000000000002,34
