group_id,g1,g2,g3,g4,g5,g6,g7,g8,g9,g10,g11,g12,g13,g14
1534862,,8.249517972729876,27.190960512927603,89.52502221376746,92216.48358985294,165.4520646417581,175448.10233780864,2.6464393446710153,0.3395390070921986,766,10,6.2,46.76,62
