group_id,g1,g2,g3,g4,g5,g6,g7,g8,g9,g10,g11,g12,g13,g14
1534862,,6.283182284817862,12.730720386827343,7.877266861337081,51.18093563958354,9.743058364984996,84.47522368307189,2.75,0.2490118577075099,126,10,3.6,4.039999999999999,36
