group_id,g1,g2,g3,g4,g5,g6,g7,g8,g9,g10,g11,g12,g13,g14
1534862,,0,0,0,0,271.9112038252063,297644.2995632796,0,0.36989247311827955,344,10,0.0,0.0,0
