group_id,g1,g2,g3,g4,g5,g6,g7,g8,g9,g10,g11,g12,g13,g14
1534862,,0,0,0,0,62.92025955692568,67673.93691305487,0,0.2938574938574939,3588,10,0.0,0.0,0
