group_id,g1,g2,g3,g4,g5,g6,g7,g8,g9,g10,g11,g12,g13,g14
1534862,,17.71464415257399,121.66177370935145,14.894374512263838,130.24150297734687,12.030515726940138,138.84300775022555,3.321928094887362,0.2236198462613557,640,10,7.5,18.849999999999994,75
