group_id,g1,g2,g3,g4,g5,g6,g7,g8,g9,g10,g11,g12,g13,g14
1534862,,0,0,0,0,499.87383978208493,2862057.7911062445,0,0.226775956284153,830,10,0.0,0.0,0
