group_id,g1,g2,g3,g4,g5,g6,g7,g8,g9,g10,g11,g12,g13,g14
1534862,,10.666777274365865,51.541561619797534,33.24820180201758,9164.799971759281,55.723959160634806,17758.41583554018,2.1219280948873624,0.27177177177177175,362,10,5.1,16.490000000000002,51
