group_id,g1,g2,g3,g4,g5,g6,g7,g8,g9,g10,g11,g12,g13,g14
1534862,,7.816433259965232,39.70044663240408,255.22148558941035,1006454.8634277974,491.12763069699486,1851016.3327945266,1.6577427265048887,0.2413793103448276,210,10,4.1,8.89,41
