group_id,g1,g2,g3,g4,g5,g6,g7,g8,g9,g10,g11,g12,g13,g14
1534862,,9.144113466128797,53.24455662944494,221.38326988582804,675518.2374924677,430.61569841662396,1290294.888143706,1.9609640474436814,0.2962962962962963,224,10,3.2,15.36,32
