group_id,g1,g2,g3,g4,g5,g6,g7,g8,g9,g10,g11,g12,g13,g14
1534862,,10.071357372656601,71.98207725593667,357.76307093954654,1594274.5789254133,693.8876836917348,2948640.306415307,1.9609640474436814,0.3778966131907308,424,10,4.8,25.96,48
