group_id,g1,g2,g3,g4,g5,g6,g7,g8,g9,g10,g11,g12,g13,g14
1534862,,0,0,0,0,43.16134919937172,14078.701769108367,0,0.16473149492017417,454,10,0.0,0.0,0
