group_id,g1,g2,g3,g4,g5,g6,g7,g8,g9,g10,g11,g12,g13,g14
1534862,,1230.8590302385549,5932611.485242588,634.4329505159585,3337375.383882207,40.06641055792317,20173.32318587955,3.121928094887362,0.16826923076923078,700,10,8.9,4.489999999999995,89
