group_id,g1,g2,g3,g4,g5,g6,g7,g8,g9,g10,g11,g12,g13,g14
1534862,,0,0,0,0,313.9566505892758,777315.2237660266,0,0.30122448979591837,738,10,0.0,0.0,0
