group_id,g1,g2,g3,g4,g5,g6,g7,g8,g9,g10,g11,g12,g13,g14
1534629,,17.753688109948587,170.7148269141565,425.9271516979943,2219449.0073253238,831.202133217077,4113904.0439827144,3.121928094887362,0.375,90,10,3.8,2.76,38
