group_id,g1,g2,g3,g4,g5,g6,g7,g8,g9,g10,g11,g12,g13,g14
1534862,,11.508444049535084,45.256300885306956,46.557602292142896,26950.391583141027,80.8677459639056,50820.16109535856,2.9219280948873623,0.24805194805194805,764,10,6.1,45.49000000000001,61
