group_id,g1,g2,g3,g4,g5,g6,g7,g8,g9,g10,g11,g12,g13,g14
1534862,,0,0,0,0,96.7258851838019,135407.26958668215,0,0.30249768732654947,654,10,0.0,0.0,0
