group_id,g1,g2,g3,g4,g5,g6,g7,g8,g9,g10,g11,g12,g13,g14
1534629,,0,0,0,0,66.50889756395351,30580.57827633593,0,0.23,138,10,0.0,0.0,0
