group_id,g1,g2,g3,g4,g5,g6,g7,g8,g9,g10,g11,g12,g13,g14
1534862,,9.150978640542085,98.54849996047203,10.977422472425527,48.20022082065418,9.595485923908218,71.51228460006581,1.224394445405986,0.319047619047619,134,10,2.6,9.239999999999998,26
