group_id,g1,g2,g3,g4,g5,g6,g7,g8,g9,g10,g11,g12,g13,g14
1534862,,2.413332256025963,4.340158781511817,530.5219158599625,2130733.535102697,1012.2320262923447,3665981.309177424,1.3709505944546687,0.42424242424242425,448,10,4.8,29.560000000000002,48
