group_id,g1,g2,g3,g4,g5,g6,g7,g8,g9,g10,g11,g12,g13,g14
1534862,,8.345610728663292,60.132208701964814,193.73951395428972,1211437.693897739,377.53162632095643,2359372.1123498515,2.721928094887362,0.3295625942684766,874,10,6.6,54.64000000000001,66
