group_id,g1,g2,g3,g4,g5,g6,g7,g8,g9,g10,g11,g12,g13,g14
1534862,,13.948810912357041,74.3030432595663,41.86858592480144,18118.97110749525,67.81867239207081,34752.98644190423,2.6464393446710157,0.28460686600221485,514,10,5.4,27.839999999999996,54
