group_id,g1,g2,g3,g4,g5,g6,g7,g8,g9,g10,g11,g12,g13,g14
1534862,,0,0,0,0,11.762521115215621,83.91759663595397,0,0.5059288537549407,256,10,0.0,0.0,0
