group_id,g1,g2,g3,g4,g5,g6,g7,g8,g9,g10,g11,g12,g13,g14
1534862,,0,0,0,0,333.9069546687182,465512.9682654305,0,0.22807017543859648,338,10,0.0,0.0,0
