group_id,g1,g2,g3,g4,g5,g6,g7,g8,g9,g10,g11,g12,g13,g14
1535136,,0,0,0,0,363.76615751588696,318902.8482468813,0,0.38095238095238093,160,10,0.0,0.0,0
