group_id,g1,g2,g3,g4,g5,g6,g7,g8,g9,g10,g11,g12,g13,g14
1536174,,2.6421217981891596,4.653871730977542,26.154467495110435,7441.412442673465,44.81855385226478,13854.269004445783,0.9709505944546686,0.5363636363636364,1652,10,15.4,33.639999999999986,154
