group_id,g1,g2,g3,g4,g5,g6,g7,g8,g9,g10,g11,g12,g13,g14
1536174,,0.0,0.0,42.07659646350756,32486.820462589458,76.77918415178824,62829.82188558231,0.0,0.5332903225806451,8266,10,36.1,116.49000000000001,361
