group_id,g1,g2,g3,g4,g5,g6,g7,g8,g9,g10,g11,g12,g13,g14
1542516,,0,0,346.63523106840626,131341.53243992155,302.8083034899827,235825.46911696342,0.0,0.3286290322580645,326,10,6.9,11.889999999999993,69
