group_id,g1,g2,g3,g4,g5,g6,g7,g8,g9,g10,g11,g12,g13,g14
1542516,,38.627792004171134,0.0,128.4201985747736,55881.45337445388,209.54924578314683,91232.33699196659,1.0,0.335978835978836,254,10,5.4,11.239999999999995,54
