group_id,g1,g2,g3,g4,g5,g6,g7,g8,g9,g10,g11,g12,g13,g14
1542006,,0,0,0,0,26.859593691781264,684.6168791822241,0,0.7636363636363637,84,10,0.0,0.0,0
