group_id,g1,g2,g3,g4,g5,g6,g7,g8,g9,g10,g11,g12,g13,g14
15495032,,0.0,0.0,75.98953451071245,44115.5215730167,146.5871488462566,77922.46500012284,0.0,0.5272727272727272,58,10,3.7,0.6099999999999994,37
