group_id,g1,g2,g3,g4,g5,g6,g7,g8,g9,g10,g11,g12,g13,g14
15565042,,0,0,0,0,307.2474226932881,2254211.4877245603,0,0.4,1932,10,0.0,0.0,0
