group_id,g1,g2,g3,g4,g5,g6,g7,g8,g9,g10,g11,g12,g13,g14
1556923,,0,0,0,0,313.1848317646887,278521.2283361669,0,0.629399585921325,3040,10,0.0,0.0,0
