group_id,g1,g2,g3,g4,g5,g6,g7,g8,g9,g10,g11,g12,g13,g14
1556923,,0,0,0,0,210.16940204674125,160217.09879954375,0,0.4128614916286149,2170,10,0.0,0.0,0
