group_id,g1,g2,g3,g4,g5,g6,g7,g8,g9,g10,g11,g12,g13,g14
1558073,,0.9259028069099329,1.2259106932174697,62.52002039231853,29992.330102627595,122.41763007904409,53352.48480643938,1.4466166676282082,0.37777777777777777,34,10,2.7,0.40999999999999925,27
