group_id,g1,g2,g3,g4,g5,g6,g7,g8,g9,g10,g11,g12,g13,g14
15581722,,0,0,0,0,9.352317068269716,136.88245648576827,0,0.3238095238095238,136,10,0.0,0.0,0
