group_id,g1,g2,g3,g4,g5,g6,g7,g8,g9,g10,g11,g12,g13,g14
1558073,,0.3195282020769176,0.05685717995793815,4.959465900882627,24.342248551883237,8.068990815494939,25.40883566325033,1.6854752972273344,0.4888888888888889,44,10,2.9,1.6899999999999995,29
