group_id,g1,g2,g3,g4,g5,g6,g7,g8,g9,g10,g11,g12,g13,g14
15581722,,0.007359939121724716,9.818077577433278e-05,60.53939892770418,70276.17050223688,115.06800711783774,132023.37102678162,0.7219280948873623,0.2570332480818414,1206,10,9.3,45.81,93
