group_id,g1,g2,g3,g4,g5,g6,g7,g8,g9,g10,g11,g12,g13,g14
15581722,,0.007359939121724716,9.818077577433278e-05,101.71472373968557,145276.37969851703,194.95404784827068,266143.23604089965,0.7219280948873623,0.2388663967611336,354,10,5.6,12.040000000000003,56
