group_id,g1,g2,g3,g4,g5,g6,g7,g8,g9,g10,g11,g12,g13,g14
15581722,,0,0,0,0,7.194104515869834,74.13243806739032,0,0.28741496598639454,676,10,0.0,0.0,0
