group_id,g1,g2,g3,g4,g5,g6,g7,g8,g9,g10,g11,g12,g13,g14
1561528,,7.103624921038263,63.715894295727885,56.39355068504061,37278.92723554222,106.00575962410485,69650.75037835709,3.321928094887362,0.35833333333333334,86,10,3.0,3.1999999999999993,30
