group_id,g1,g2,g3,g4,g5,g6,g7,g8,g9,g10,g11,g12,g13,g14
1561528,,1223.6544077169915,5946520.861049596,824.2021979332208,3610901.8000279125,487.09472432285804,1287191.5129914843,3.121928094887362,0.37438423645320196,304,10,5.1,12.89,51
