group_id,g1,g2,g3,g4,g5,g6,g7,g8,g9,g10,g11,g12,g13,g14
1561528,,10.20343649542481,65.33714715620383,23.419423817961974,5799.322900909932,36.821619758082896,11310.357151182323,3.121928094887362,0.2675324675324675,824,10,9.2,16.560000000000016,92
