group_id,g1,g2,g3,g4,g5,g6,g7,g8,g9,g10,g11,g12,g13,g14
1564918,,0,0,0,0,309.6856806788062,363660.60611703375,0,0.2920035938903863,3250,10,0.0,0.0,0
