group_id,g1,g2,g3,g4,g5,g6,g7,g8,g9,g10,g11,g12,g13,g14
1564186,,3.9763760271663866,7.573111093530709,74.9408844639086,86954.02459702895,141.65153839195906,165699.96818794677,1.6854752972273344,0.57009009009009,3164,10,19.8,124.95999999999998,198
