group_id,g1,g2,g3,g4,g5,g6,g7,g8,g9,g10,g11,g12,g13,g14
1567140,,0,0,0,0,781.5615946624413,3967829.1744445097,0,0.4991596638655462,594,10,0.0,0.0,0
