group_id,g1,g2,g3,g4,g5,g6,g7,g8,g9,g10,g11,g12,g13,g14
156985,,0.0,0.0,90.71148447091615,329460.30592338875,177.90484227964896,644866.8911408602,0.0,0.38951346244685875,8246,10,32.4,78.03999999999996,324
