group_id,g1,g2,g3,g4,g5,g6,g7,g8,g9,g10,g11,g12,g13,g14
156985,,0,0,0,0,185.90673721836293,469752.5232231546,0,0.31756418508188516,17762,10,0.0,0.0,0
