group_id,g1,g2,g3,g4,g5,g6,g7,g8,g9,g10,g11,g12,g13,g14
156985,,0,0,0,0,10.624980436746545,233.49678309539792,0,0.29900332225913623,540,10,0.0,0.0,0
