group_id,g1,g2,g3,g4,g5,g6,g7,g8,g9,g10,g11,g12,g13,g14
1579989,,47.12157328243574,2082.0205296913905,69.62585569026973,40245.02770344884,79.72115444946652,80066.46179817119,2.2810361125534233,0.4326720135078092,18450,10,31.1,1048.49,311
