group_id,g1,g2,g3,g4,g5,g6,g7,g8,g9,g10,g11,g12,g13,g14
1579989,,45.11120581109219,2286.779942217373,83.08217339593558,61588.20493396999,118.54957203656545,119150.68269775856,3.321928094887362,0.29449021171051465,13298,10,31.5,457.45000000000005,315
