group_id,g1,g2,g3,g4,g5,g6,g7,g8,g9,g10,g11,g12,g13,g14
1579989,,48.13037427730828,1605.9519425763092,129.75002736606092,126393.40252123743,204.4771230602651,239977.2750990443,2.725480556997868,0.3246795130210433,8054,10,28.7,148.41000000000008,287
