group_id,g1,g2,g3,g4,g5,g6,g7,g8,g9,g10,g11,g12,g13,g14
1579989,,74.74367377373417,4240.16682260485,53.047876163498685,5714.02970922003,32.006708264531,6970.802104083274,3.121928094887362,0.30971110337626173,8898,10,30.5,175.04999999999995,305
