group_id,g1,g2,g3,g4,g5,g6,g7,g8,g9,g10,g11,g12,g13,g14
1579989,,40.617539284267934,1606.0280934302232,76.30273609705112,104750.71370241679,112.03804000347911,206344.49252817902,2.725480556997868,0.4003610923042203,17740,10,31.1,927.8899999999999,311
