group_id,g1,g2,g3,g4,g5,g6,g7,g8,g9,g10,g11,g12,g13,g14
1579989,,33.99766793002233,528.8807421313265,63.18051253226673,64467.304121986424,92.52685735130706,128079.47998984453,3.169925001442312,0.6106280193236715,1264,10,4.8,108.36000000000001,48
