group_id,g1,g2,g3,g4,g5,g6,g7,g8,g9,g10,g11,g12,g13,g14
1579989,,60.23613959730095,1660.8504850753407,75.53117438721625,45746.79610068664,84.66963644457145,90678.41264344085,3.169925001442312,0.30057589469354173,14614,10,28.8,707.1599999999999,288
