group_id,g1,g2,g3,g4,g5,g6,g7,g8,g9,g10,g11,g12,g13,g14
1579989,,1369.9035766179825,6430671.8134248,742.2020924047566,3913286.6437861854,123.33428650743205,687964.8011977808,2.94770277922009,0.2770830591022772,12630,10,31.0,438.5999999999999,310
