group_id,g1,g2,g3,g4,g5,g6,g7,g8,g9,g10,g11,g12,g13,g14
1583545,,20.995741041807204,111.16707759258748,15.737549734832173,125.4940204744453,4.7714901820076925,7.2209735383282165,2.75,0.8,24,10,1.8,1.7599999999999998,18
