group_id,g1,g2,g3,g4,g5,g6,g7,g8,g9,g10,g11,g12,g13,g14
1584191,,10.25409427041545,53.00265616724933,16.469715064074308,111.27213574498552,20.65568925265781,173.14883469379924,2.2810361125534233,0.3238095238095238,68,10,2.8,2.5600000000000014,28
