group_id,g1,g2,g3,g4,g5,g6,g7,g8,g9,g10,g11,g12,g13,g14
1586406,,0,0,0,0,216.9193015279813,324399.4872906861,0,0.5147783251231527,418,10,8.6,7.640000000000001,86
