group_id,g1,g2,g3,g4,g5,g6,g7,g8,g9,g10,g11,g12,g13,g14
1586406,,0,0,0,0,48.637872723125795,23365.151718354224,0,0.49491211840888066,1070,10,12.4,32.839999999999975,124
