group_id,g1,g2,g3,g4,g5,g6,g7,g8,g9,g10,g11,g12,g13,g14
1586406,,0,0,0,0,41.0411612896858,19587.527720090693,0,0.6008771929824561,1918,10,18.4,10.840000000000032,184
