group_id,g1,g2,g3,g4,g5,g6,g7,g8,g9,g10,g11,g12,g13,g14
15948332,,0,0,0,0,15.073006329922455,51.59906987966417,0,0.6,12,10,1.6,0.6399999999999997,16
