group_id,g1,g2,g3,g4,g5,g6,g7,g8,g9,g10,g11,g12,g13,g14
15948332,,0,0,0,0,14.693893183094293,68.38500014930128,0,0.42857142857142855,24,10,1.9,1.0900000000000003,19
