group_id,g1,g2,g3,g4,g5,g6,g7,g8,g9,g10,g11,g12,g13,g14
1601931,,1.8794124848286282,6.136946498618229,44.8914606573542,20902.64069291927,83.1311166931532,39099.95690425551,0.9219280948873623,0.36726998491704377,974,10,11.2,16.960000000000022,112
