group_id,g1,g2,g3,g4,g5,g6,g7,g8,g9,g10,g11,g12,g13,g14
1601931,,1.7227690912381106,0.7866263634889634,180.08438886189137,497692.08069012314,345.5709759205032,932641.9081658346,1.5,0.2941358024691358,1906,10,14.6,28.439999999999998,146
