group_id,g1,g2,g3,g4,g5,g6,g7,g8,g9,g10,g11,g12,g13,g14
16041172,,0,0,0,0,356.5158126934143,126694.40394947026,0,0.5,6,10,0.0,0.0,0
