group_id,g1,g2,g3,g4,g5,g6,g7,g8,g9,g10,g11,g12,g13,g14
1606325,,0,0,0,0,20.525532272637626,107.83215501899184,0,0.4909090909090909,54,10,0.0,0.0,0
