group_id,g1,g2,g3,g4,g5,g6,g7,g8,g9,g10,g11,g12,g13,g14
1606325,,0,0,0,0,22.57625085933985,251.93719413006107,0,0.4586894586894587,322,10,0.0,0.0,0
