group_id,g1,g2,g3,g4,g5,g6,g7,g8,g9,g10,g11,g12,g13,g14
1606325,,6.875375669747516,88.81945782595336,61.83955850311297,87651.4134493773,114.58259889147783,169695.69285804016,1.5709505944546687,0.24924924924924924,332,10,6.1,6.890000000000008,61
