group_id,g1,g2,g3,g4,g5,g6,g7,g8,g9,g10,g11,g12,g13,g14
1606325,,0,0,0,0,16.957168848839927,85.75059798435109,0,0.5052631578947369,192,10,0.0,0.0,0
