group_id,g1,g2,g3,g4,g5,g6,g7,g8,g9,g10,g11,g12,g13,g14
1606325,,0,0,28.60342570633,220.96203660686217,22.79411262202543,337.0043906504468,0.0,0.32019704433497537,260,10,5.4,7.239999999999995,54
