group_id,g1,g2,g3,g4,g5,g6,g7,g8,g9,g10,g11,g12,g13,g14
1606325,,0,0,0,0,63.27862080870983,37336.37171995334,0,0.6025641025641025,940,10,0.0,0.0,0
