group_id,g1,g2,g3,g4,g5,g6,g7,g8,g9,g10,g11,g12,g13,g14
1606325,,4.703559185299001,77.43039063529743,10.960117084233438,55.32233553017322,13.870072118709961,66.89591537471142,1.224394445405986,0.45849802371541504,232,10,5.7,5.809999999999995,57
