group_id,g1,g2,g3,g4,g5,g6,g7,g8,g9,g10,g11,g12,g13,g14
1606325,,0,0,0,0,18.178900185978748,97.37170886855176,0,0.35714285714285715,150,10,0.0,0.0,0
