group_id,g1,g2,g3,g4,g5,g6,g7,g8,g9,g10,g11,g12,g13,g14
1606325,,1.949547915438034,8.772695345560962,9.089430899592994,24.48148954427529,12.60304101627104,44.892953126700405,0.9219280948873623,0.6545454545454545,72,10,3.4,4.440000000000001,34
