group_id,g1,g2,g3,g4,g5,g6,g7,g8,g9,g10,g11,g12,g13,g14
1606325,,0,0,0,0,191.3503488932246,150911.86854774161,0,0.3138138138138138,418,10,0.0,0.0,0
