group_id,g1,g2,g3,g4,g5,g6,g7,g8,g9,g10,g11,g12,g13,g14
1606325,,54.73256515858008,1497.8268444191062,93.5107036719992,60723.69117199562,131.31548318273622,112444.92435261924,0.9182958340544896,0.2513842746400886,454,10,6.8,11.760000000000005,68
