group_id,g1,g2,g3,g4,g5,g6,g7,g8,g9,g10,g11,g12,g13,g14
1606325,,7.511151367767423,102.25652820099486,40.32867086923158,22671.72179171999,70.55316836283362,43780.125510248,0.7219280948873623,0.29411764705882354,330,10,5.8,10.36,58
