group_id,g1,g2,g3,g4,g5,g6,g7,g8,g9,g10,g11,g12,g13,g14
1606325,,0,0,0,0,93.66059593357593,87961.44671467626,0,0.3333333333333333,574,10,0.0,0.0,0
