group_id,g1,g2,g3,g4,g5,g6,g7,g8,g9,g10,g11,g12,g13,g14
1607688,,0.5835653533431008,0.0,11.670221816690207,117.13161892554544,13.969606420638891,203.51759294236396,1.0,0.717948717948718,504,10,10.5,10.650000000000006,105
