group_id,g1,g2,g3,g4,g5,g6,g7,g8,g9,g10,g11,g12,g13,g14
1610580,,77.75873064544837,20645.836530047105,295.96831611684144,353917.32869151246,456.1473059155145,544627.6411901993,0.9219280948873623,0.4576719576719577,346,10,7.4,5.439999999999998,74
