group_id,g1,g2,g3,g4,g5,g6,g7,g8,g9,g10,g11,g12,g13,g14
1610580,,5.4700439453064735,23.937104610867223,239.03026808713835,238065.40529360744,430.9700455699268,405050.8808309253,1.0,0.3983739837398374,686,10,9.6,14.040000000000006,96
