group_id,g1,g2,g3,g4,g5,g6,g7,g8,g9,g10,g11,g12,g13,g14
1610580,,49.05969339350436,4362.421997504687,95.2577207763979,56581.32863903801,116.20669231963758,113045.5080157151,0.7219280948873623,0.4276094276094276,1270,10,13.3,23.809999999999974,133
