group_id,g1,g2,g3,g4,g5,g6,g7,g8,g9,g10,g11,g12,g13,g14
1610580,,10.932588423234176,83.01941379022135,222.74496263516122,686728.7079332807,423.5465164035884,1303587.4019090214,1.5709505944546684,0.2791922739244952,1272,10,11.1,29.489999999999995,111
