group_id,g1,g2,g3,g4,g5,g6,g7,g8,g9,g10,g11,g12,g13,g14
1610580,,0.0,0.0,102.50057204750955,91248.39509364188,177.80303706571559,175918.30140638677,0.0,0.48295454545454547,510,10,8.8,8.959999999999994,88
