group_id,g1,g2,g3,g4,g5,g6,g7,g8,g9,g10,g11,g12,g13,g14
1621548,,1529.7717190490634,6961882.713861582,767.1128094120754,4063029.997666206,4.56779575332745,12.358452158228314,2.25,0.5555555555555556,40,10,2.4,2.04,24
