group_id,g1,g2,g3,g4,g5,g6,g7,g8,g9,g10,g11,g12,g13,g14
1621769,,4.466258399488505,10.380861788233542,73.99677694417895,67491.72228797461,136.8188447575226,126793.27615063889,2.6464393446710157,0.4247252747252747,4638,10,23.0,130.20000000000005,230
