group_id,g1,g2,g3,g4,g5,g6,g7,g8,g9,g10,g11,g12,g13,g14
1621496,,14.706266300068574,46.61051253435713,10.175714637537371,14.177864927866693,0.0,0.0,2.75,1.0,2,10,1.1,0.08999999999999986,11
