group_id,g1,g2,g3,g4,g5,g6,g7,g8,g9,g10,g11,g12,g13,g14
1626903,,3.186746734369154,5.976061349479247,56.62303952693989,43361.542073954486,105.96633588923005,78988.18000963479,2.4056390622295662,0.5745967741935484,570,10,10.2,13.960000000000008,102
