group_id,g1,g2,g3,g4,g5,g6,g7,g8,g9,g10,g11,g12,g13,g14
1626408,,0.10818599717474502,0.020522475584568066,4.666534781959206,17.88234416908962,8.53461018034889,0.0,0.9219280948873623,1.0,2,10,1.1,0.08999999999999986,11
