group_id,g1,g2,g3,g4,g5,g6,g7,g8,g9,g10,g11,g12,g13,g14
1635668,,13.773669536110532,84.39981588445471,14.527469316579516,25.044388600468977,0.0,0.0,2.2464393446710154,1.0,2,10,0.9,0.29000000000000004,9
