group_id,g1,g2,g3,g4,g5,g6,g7,g8,g9,g10,g11,g12,g13,g14
1635668,,14.012106619673611,61.73351090131209,925.9523509616953,833013.0546191517,1847.6971246933078,0.0,1.8423709931771088,1.0,2,10,1.1,0.08999999999999986,11
