group_id,g1,g2,g3,g4,g5,g6,g7,g8,g9,g10,g11,g12,g13,g14
1635668,,18.76121955530877,130.3231995359768,22.619703886850896,149.12366449347564,14.68511818425205,96.00166408319774,1.8423709931771088,1.0,30,10,1.5,2.25,15
