group_id,g1,g2,g3,g4,g5,g6,g7,g8,g9,g10,g11,g12,g13,g14
1640146,,17.29917803311126,113.10641051196819,22.825653063902905,1063.8292405874558,27.87472555051559,2043.7068487902916,2.2810361125534233,0.38170731707317074,626,10,9.2,13.16000000000001,92
