group_id,g1,g2,g3,g4,g5,g6,g7,g8,g9,g10,g11,g12,g13,g14
1640146,,0,0,0,0,30.981639077263093,2600.528061796197,0,0.5383064516129032,534,10,0.0,0.0,0
