group_id,g1,g2,g3,g4,g5,g6,g7,g8,g9,g10,g11,g12,g13,g14
1646128,,0.27539518447038297,0.05634281074117352,69.32788257552266,224143.51497274858,136.3141762625162,438820.52916501055,1.295461844238322,0.25755693581780537,1244,10,11.9,15.889999999999986,119
