group_id,g1,g2,g3,g4,g5,g6,g7,g8,g9,g10,g11,g12,g13,g14
1646128,,1.9889584362643562,4.227254725780567,71.43245678111992,75508.51128916415,138.24822510907975,145345.03870825365,2.846439344671015,0.29609929078014185,668,10,8.8,13.959999999999994,88
