group_id,g1,g2,g3,g4,g5,g6,g7,g8,g9,g10,g11,g12,g13,g14
1647880,,0,0,0,0,535.2350282966762,681486.6257481712,0,0.6666666666666666,28,10,0.0,0.0,0
