group_id,g1,g2,g3,g4,g5,g6,g7,g8,g9,g10,g11,g12,g13,g14
1649921,,4.692709765687769,17.60797021231347,85.6089948524865,46414.71035393952,153.12299072349543,76514.04160395847,3.121928094887362,0.17342657342657342,744,10,7.8,22.759999999999998,78
