group_id,g1,g2,g3,g4,g5,g6,g7,g8,g9,g10,g11,g12,g13,g14
16529272,,0.4359027469926362,0.6650392169250421,43.82827255550327,45037.15689734238,81.68165554518512,87270.1110727608,0.5032583347756457,0.6728294066317626,24674,10,26.6,2033.8400000000001,266
