group_id,g1,g2,g3,g4,g5,g6,g7,g8,g9,g10,g11,g12,g13,g14
16543412,,2.484634438674191,2.976066365517065,49.67948083239089,24946.728900528247,95.98610971830414,47214.522798053295,3.169925001442312,0.375,396,10,5.9,19.689999999999998,59
