group_id,g1,g2,g3,g4,g5,g6,g7,g8,g9,g10,g11,g12,g13,g14
1657880,,11.106812976597414,58.90274863817004,13.339761643010442,71.24660090440369,16.144209869357606,79.85710565632951,3.121928094887362,0.6666666666666666,8,10,0.9,0.8899999999999999,9
