group_id,g1,g2,g3,g4,g5,g6,g7,g8,g9,g10,g11,g12,g13,g14
1657880,,8.309996896994024,51.502943822046106,10.677693873682827,81.58225350195691,12.823324030455831,91.09438895854748,3.121928094887362,0.3870967741935484,360,10,6.2,11.959999999999994,62
