group_id,g1,g2,g3,g4,g5,g6,g7,g8,g9,g10,g11,g12,g13,g14
1657880,,5.828510396126989,12.98319433471265,10.147207060308366,69.29522434701738,13.692551732044388,94.80398233599993,3.169925001442312,0.5736842105263158,218,10,4.2,11.96,42
