group_id,g1,g2,g3,g4,g5,g6,g7,g8,g9,g10,g11,g12,g13,g14
1657880,,7.250151103508948,42.877314324728644,8.954141466798806,57.46630544301772,10.373329520564875,56.65356934972836,3.121928094887362,0.2574712643678161,224,10,5.0,4.399999999999999,50
