group_id,g1,g2,g3,g4,g5,g6,g7,g8,g9,g10,g11,g12,g13,g14
1657880,,0,0,0,0,9.920478095619396,47.84319547021768,0,0.46153846153846156,72,10,0.0,0.0,0
