group_id,g1,g2,g3,g4,g5,g6,g7,g8,g9,g10,g11,g12,g13,g14
16576932,,8.596238665615555,17.835805645419143,12.785173181730086,43.64807079224809,16.149176295606967,76.36294476491042,3.321928094887362,0.658974358974359,1028,10,16.2,7.759999999999991,162
