group_id,g1,g2,g3,g4,g5,g6,g7,g8,g9,g10,g11,g12,g13,g14
1658507,,12.26138458334978,62.725189649611906,144.88460239864685,567993.7524015824,273.8494073970163,1110297.1424186302,2.6416041678685933,0.39895697522816165,5508,10,24.8,124.75999999999988,248
