group_id,g1,g2,g3,g4,g5,g6,g7,g8,g9,g10,g11,g12,g13,g14
16621602,,0,0,0,0,331.8625847389683,341331.1899428911,0,0.2857142857142857,52,10,0.0,0.0,0
