group_id,g1,g2,g3,g4,g5,g6,g7,g8,g9,g10,g11,g12,g13,g14
1663085,,0.0,0.0,5.54317244983714,5.459802538590207,7.702904114417075,15.2501210636945,0.0,0.509090909090909,56,10,3.2,2.1599999999999984,32
