group_id,g1,g2,g3,g4,g5,g6,g7,g8,g9,g10,g11,g12,g13,g14
1666439,,14.40813594578201,287.2711541790057,138.10941925941194,239285.170556507,255.32856262038203,446631.6545294759,2.321928094887362,0.36063384129682474,11880,10,34.4,296.24,344
