group_id,g1,g2,g3,g4,g5,g6,g7,g8,g9,g10,g11,g12,g13,g14
1667976,,6.96333927870215,36.36607043273718,157.75640022230476,38883.79751264172,310.2894596130668,39684.0401643685,0.9852281360342516,1.0,6,10,1.0,0.6000000000000001,10
