group_id,g1,g2,g3,g4,g5,g6,g7,g8,g9,g10,g11,g12,g13,g14
1667976,,6.96333927870215,36.36607043273718,13.469752367215037,149.169647102541,19.208099098747713,168.36997374526112,0.9852281360342516,1.0,6,10,1.2,0.96,12
