group_id,g1,g2,g3,g4,g5,g6,g7,g8,g9,g10,g11,g12,g13,g14
1669259,,2.123586268980013,0.562576391073871,92.06727516508366,87752.84614375638,173.527289601962,160987.0296815604,1.584962500721156,0.29353523587652885,3024,10,16.1,89.28999999999996,161
