group_id,g1,g2,g3,g4,g5,g6,g7,g8,g9,g10,g11,g12,g13,g14
1669259,,10.978587989262593,15.616526652817228,71.8892381243814,68625.94251951374,132.25722420278277,129398.5824074773,1.584962500721156,0.36770186335403726,1776,10,13.0,53.80000000000001,130
