group_id,g1,g2,g3,g4,g5,g6,g7,g8,g9,g10,g11,g12,g13,g14
1671174,,0,0,0,0,135.97283856931608,799828.1374800885,0,0.5212981744421906,21588,10,0.0,0.0,0
