group_id,g1,g2,g3,g4,g5,g6,g7,g8,g9,g10,g11,g12,g13,g14
1671174,,12.58282000117877,137.4736225931236,18.235068016664773,1187.7036317248314,23.161216219140204,2248.9940900728243,1.5487949406953985,0.5472377405338299,17632,10,50.4,467.24000000000024,504
