group_id,g1,g2,g3,g4,g5,g6,g7,g8,g9,g10,g11,g12,g13,g14
16802742,,35.12496410308658,599.1200322189409,28.745571604846763,533.2195867337576,24.250081264809527,455.1467261779327,3.121928094887362,0.39313399778516056,710,10,10.0,18.400000000000006,100
