group_id,g1,g2,g3,g4,g5,g6,g7,g8,g9,g10,g11,g12,g13,g14
1681205,,1.9556773047523262,1.347273507953409,7.94385991940066,29.252133928738054,11.825976658330655,40.61509203655527,1.5,0.32727272727272727,36,10,2.1,1.4900000000000002,21
