group_id,g1,g2,g3,g4,g5,g6,g7,g8,g9,g10,g11,g12,g13,g14
16833152,,13.517132288264616,175.05642699889984,23.69622511386206,1192.0203198220288,32.983118787301436,1890.7540782068183,2.8464393446710154,0.7222222222222222,52,10,3.6,1.6399999999999988,36
