group_id,g1,g2,g3,g4,g5,g6,g7,g8,g9,g10,g11,g12,g13,g14
1685730,,9.087425288111174,124.4024074418089,9.474633252349102,92.6464995880115,11.501090953702267,60.38175690855809,1.6577427265048887,1.0,6,10,1.7,1.0100000000000002,17
