group_id,g1,g2,g3,g4,g5,g6,g7,g8,g9,g10,g11,g12,g13,g14
1686446,,19.12728788558617,142.90541855829173,87.38840433814947,52123.584924569936,154.7470765120342,97133.94874770801,1.9709505944546686,0.19202898550724637,106,10,3.8,1.1600000000000001,38
