group_id,g1,g2,g3,g4,g5,g6,g7,g8,g9,g10,g11,g12,g13,g14
1686920,,4.792472501641969,15.21863001081405,173.20392118095458,1109082.3642585182,339.8682297917861,2154862.8863285617,3.321928094887362,0.2692075015124017,890,10,7.3,45.809999999999995,73
