group_id,g1,g2,g3,g4,g5,g6,g7,g8,g9,g10,g11,g12,g13,g14
1686920,,3.5379533118062247,7.034894357053034,81.05652601611858,75828.14010367283,154.33830043647757,140092.2514586259,3.121928094887362,0.4183150183150183,3426,10,10.4,245.83999999999997,104
