group_id,g1,g2,g3,g4,g5,g6,g7,g8,g9,g10,g11,g12,g13,g14
1686446,,18.494762651922105,129.63297266943744,51.743863238583835,22020.052637251254,85.64096701747873,41872.85230815993,1.974937501201927,0.19913419913419914,92,10,3.7,0.6099999999999994,37
