group_id,g1,g2,g3,g4,g5,g6,g7,g8,g9,g10,g11,g12,g13,g14
1686446,,19.43860370714769,138.1291990484675,20.203245566448054,122.22204800882281,22.47551684296016,119.30331525376062,1.974937501201927,0.29411764705882354,90,10,3.4,2.4400000000000013,34
