group_id,g1,g2,g3,g4,g5,g6,g7,g8,g9,g10,g11,g12,g13,g14
1686920,,2.2492290435495623,3.608121263362201,179.15341420769536,401178.1336610298,344.8988606473437,752834.803951964,1.7709505944546688,0.3934521222656816,5432,10,14.8,354.16,148
