group_id,g1,g2,g3,g4,g5,g6,g7,g8,g9,g10,g11,g12,g13,g14
1687306,,1373.1993817041769,6411662.024049806,744.972201464141,3742838.9653240214,115.08407181703545,170593.29286145835,2.725480556997868,0.47645687645687645,2044,10,19.0,11.600000000000023,190
