group_id,g1,g2,g3,g4,g5,g6,g7,g8,g9,g10,g11,g12,g13,g14
1694737,,0.6870323874882518,0.9440270029156153,45.69078816921296,25555.616583334493,86.4353115216256,47449.1643285259,0.6500224216483541,0.5793650793650794,730,10,11.5,6.650000000000006,115
