group_id,g1,g2,g3,g4,g5,g6,g7,g8,g9,g10,g11,g12,g13,g14
1694737,,1.2329080942259292,1.4895305623163126,44.95073251134247,24872.199496179783,84.58202915932013,46301.23454966549,1.1488348542809168,0.5765765765765766,768,10,11.0,19.400000000000006,110
