group_id,g1,g2,g3,g4,g5,g6,g7,g8,g9,g10,g11,g12,g13,g14
1694737,,0.0,0.0,44.864473741125636,51210.1182294222,85.89428237767271,99237.33959644688,0.0,0.5480480480480481,730,10,10.6,22.440000000000012,106
