group_id,g1,g2,g3,g4,g5,g6,g7,g8,g9,g10,g11,g12,g13,g14
1697457,,68.28928006079556,3861.989891692362,51.940342278126984,2591.945400257483,19.956292098737556,168.30551408996337,1.8910611120726526,1.0,12,10,1.6,1.4399999999999995,16
