group_id,g1,g2,g3,g4,g5,g6,g7,g8,g9,g10,g11,g12,g13,g14
1697457,,1.870029394649167,4.211969692442761,12.705156535694032,152.44403674572928,21.205680415727738,224.84044094698942,1.224394445405986,1.0,6,10,1.2,0.3600000000000001,12
