group_id,g1,g2,g3,g4,g5,g6,g7,g8,g9,g10,g11,g12,g13,g14
1697457,,12.144912072279368,147.5022921268571,47.75271111371205,6749.340647152854,82.00415613387128,11694.272001450696,2.4193819456463714,0.26666666666666666,24,10,1.9,0.8900000000000001,19
