group_id,g1,g2,g3,g4,g5,g6,g7,g8,g9,g10,g11,g12,g13,g14
1698033,,10.37099984610829,52.081816481977995,46.729076735403446,34963.646932108524,80.5713117527016,67312.17603316286,2.1709505944546685,0.41009615384615383,1706,10,15.2,16.159999999999997,152
