group_id,g1,g2,g3,g4,g5,g6,g7,g8,g9,g10,g11,g12,g13,g14
1698033,,3.793467183134882,11.746317512333874,39.97857352978386,24997.870587434663,73.42951042707823,47130.831764288545,1.295461844238322,0.3378582202111614,896,10,11.0,11.0,110
