group_id,g1,g2,g3,g4,g5,g6,g7,g8,g9,g10,g11,g12,g13,g14
1698033,,9.300016942247062,45.16522579440432,58.36021134963568,51250.4865407621,104.00283143409675,96115.86485416323,1.5709505944546684,0.4079343365253078,2982,10,19.9,34.490000000000066,199
