group_id,g1,g2,g3,g4,g5,g6,g7,g8,g9,g10,g11,g12,g13,g14
1698033,,0,0,0,0,167.5981683066713,213906.7415184718,0,0.4115546900357027,2536,10,0.0,0.0,0
