group_id,g1,g2,g3,g4,g5,g6,g7,g8,g9,g10,g11,g12,g13,g14
1700973,,0.0,0.0,31.821760397366745,5324.64896937304,52.65409431283987,9724.661851018827,0.0,0.5281385281385281,244,10,6.5,4.450000000000003,65
