group_id,g1,g2,g3,g4,g5,g6,g7,g8,g9,g10,g11,g12,g13,g14
1703379,,2.6817141122034234,2.7893803048378274,26.846803853754846,466.40735431540986,43.74711876410027,0.0,2.4464393446710155,1.0,2,10,0.2,0.36,2
