group_id,g1,g2,g3,g4,g5,g6,g7,g8,g9,g10,g11,g12,g13,g14
1703379,,17.232760342644294,210.14999689354863,275.5245540952682,825483.6936234538,524.6278354836121,1493362.6093048765,2.725480556997868,0.4842105263157895,184,10,4.2,8.36,42
