group_id,g1,g2,g3,g4,g5,g6,g7,g8,g9,g10,g11,g12,g13,g14
1703379,,8.263334753045328,47.49969231593549,60.65775115658315,29814.72669444191,111.30695071191988,55812.44042093841,2.3709505944546687,0.5889328063241107,298,10,4.2,19.759999999999998,42
