group_id,g1,g2,g3,g4,g5,g6,g7,g8,g9,g10,g11,g12,g13,g14
1703379,,67.19355218531516,4717.380750256312,63.404491428404164,6846.977499530527,52.336821767201485,6916.5649874403225,2.5,0.2857142857142857,60,10,2.5,2.4499999999999993,25
