group_id,g1,g2,g3,g4,g5,g6,g7,g8,g9,g10,g11,g12,g13,g14
1703379,,1225.6498418569188,5942114.426025052,631.4788173966389,3320606.8419800997,38.87673979268433,5014.547981567472,2.5219280948873624,0.21428571428571427,90,10,3.0,3.1999999999999993,30
