group_id,g1,g2,g3,g4,g5,g6,g7,g8,g9,g10,g11,g12,g13,g14
1703379,,3.3707295647953748,12.729607100641731,14.08699139251569,240.21544475356188,21.479965294895486,274.27734046768404,1.5709505944546687,0.32142857142857145,18,10,1.8,0.5599999999999996,18
