group_id,g1,g2,g3,g4,g5,g6,g7,g8,g9,g10,g11,g12,g13,g14
1703379,,9.262854605234551,41.568533611159026,7.521802979063428,40.246578234575495,6.020904957820212,35.40469995385961,2.5,0.4666666666666667,42,10,2.4,2.4399999999999995,24
