group_id,g1,g2,g3,g4,g5,g6,g7,g8,g9,g10,g11,g12,g13,g14
1709331,,2.877391327509104,22.4056543096603,132.27769479715045,188539.30883295301,249.75121475961222,336573.46594053257,2.6464393446710153,0.3081854043392505,8750,10,28.7,200.81000000000006,287
