group_id,g1,g2,g3,g4,g5,g6,g7,g8,g9,g10,g11,g12,g13,g14
1714113,,0,0,28.086029064540476,817.922652195338,31.993334755196308,1804.320599515349,0.0,0.7904761904761904,166,10,1.9,15.29,19
