group_id,g1,g2,g3,g4,g5,g6,g7,g8,g9,g10,g11,g12,g13,g14
17173702,,2.885036887530246,3.298821348569792,152.95341814130958,394901.9429667835,297.4964444917121,747346.4406023372,2.321928094887362,0.412987012987013,1272,10,11.3,46.80999999999999,113
