group_id,g1,g2,g3,g4,g5,g6,g7,g8,g9,g10,g11,g12,g13,g14
17173702,,4.849712245315359,13.689420440424428,310.5003072333097,1025188.7321826767,598.5213996849425,1880418.0263204933,2.1609640474436813,0.38475177304964536,868,10,9.7,22.210000000000008,97
