group_id,g1,g2,g3,g4,g5,g6,g7,g8,g9,g10,g11,g12,g13,g14
1718621,,0.0,0.0,26.329762343543052,12756.600253975195,47.84349656057204,24756.499801292106,0.0,0.32241379310344825,6732,10,28.8,49.3599999999999,288
