group_id,g1,g2,g3,g4,g5,g6,g7,g8,g9,g10,g11,g12,g13,g14
1728639,,1.2554108826487,1.5548405006877923,98.2959264885619,337624.9265088046,191.64361440410147,650234.9229125094,1.1567796494470395,0.4093069306930693,4134,10,24.3,29.210000000000036,243
