group_id,g1,g2,g3,g4,g5,g6,g7,g8,g9,g10,g11,g12,g13,g14
1728639,,1.2554108826487,1.554840500687791,69.00454696347198,218312.61965318973,134.83439334240882,427123.15155159985,1.1567796494470395,0.26321934945788156,3156,10,18.7,31.00999999999999,187
