group_id,g1,g2,g3,g4,g5,g6,g7,g8,g9,g10,g11,g12,g13,g14
1728639,,0,0,0,0,161.06253710320516,417993.91943228495,0,0.26928471248246844,2304,10,0.0,0.0,0
