group_id,g1,g2,g3,g4,g5,g6,g7,g8,g9,g10,g11,g12,g13,g14
1728639,,0,0,0,0,205.6976119992769,722480.5428460962,0,0.3727840199750312,2986,10,0.0,0.0,0
