group_id,g1,g2,g3,g4,g5,g6,g7,g8,g9,g10,g11,g12,g13,g14
1728639,,0,0,0,0,165.26670404897635,202235.0801317493,0,0.32554133858267714,5292,10,0.0,0.0,0
