group_id,g1,g2,g3,g4,g5,g6,g7,g8,g9,g10,g11,g12,g13,g14
1728639,,1.771513692932698,1.764700309492047,145.44440487505366,356518.74485963583,281.33495993864335,677899.9187593102,1.3609640474436813,0.33205994710549513,2260,10,15.4,44.44,154
