group_id,g1,g2,g3,g4,g5,g6,g7,g8,g9,g10,g11,g12,g13,g14
1728639,,0,0,0,0,33.283129651133954,7467.22462498051,0,0.5730994152046783,196,10,0.0,0.0,0
