group_id,g1,g2,g3,g4,g5,g6,g7,g8,g9,g10,g11,g12,g13,g14
1728639,,1.3423906807611492,2.059443131193583,137.34039528367705,389624.9329634589,268.5310565555838,746213.5257155674,0.8812908992306927,0.3186138613861386,3218,10,19.5,27.850000000000023,195
