group_id,g1,g2,g3,g4,g5,g6,g7,g8,g9,g10,g11,g12,g13,g14
172996,,0,0,0,0,701.4378384975673,3874092.264694375,0,0.24761904761904763,104,10,3.6,2.4399999999999995,36
