group_id,g1,g2,g3,g4,g5,g6,g7,g8,g9,g10,g11,g12,g13,g14
172996,,0,0,0,0,512.8646101420445,2291835.207626406,0,0.4027234535709112,5560,10,0.0,0.0,0
