group_id,g1,g2,g3,g4,g5,g6,g7,g8,g9,g10,g11,g12,g13,g14
172996,,0,0,0,0,356.02664489385467,1543799.8688959873,0,0.3194444444444444,1288,10,0.0,0.0,0
