group_id,g1,g2,g3,g4,g5,g6,g7,g8,g9,g10,g11,g12,g13,g14
1731425,,0.0,0.0,9.299541661992256,79.37717925391205,12.399778025437486,107.4254147709363,0.0,0.4336734693877551,1020,10,7.7,59.209999999999994,77
