group_id,g1,g2,g3,g4,g5,g6,g7,g8,g9,g10,g11,g12,g13,g14
1732947,,27.21018656302406,250.39902969223408,368.57710835318176,456012.2997880243,703.64354646993,687618.7180158788,2.446439344671015,0.4,8,10,1.0,1.0,10
