group_id,g1,g2,g3,g4,g5,g6,g7,g8,g9,g10,g11,g12,g13,g14
1732947,,1375.2674684186984,5577577.410688413,749.8798776010839,3291715.8788947645,100.39311192502055,107652.77115037406,3.321928094887362,0.5275689223057645,1684,10,11.8,87.95999999999998,118
