group_id,g1,g2,g3,g4,g5,g6,g7,g8,g9,g10,g11,g12,g13,g14
1732947,,51.48535457226686,1392.9076681528486,40.5706067404549,714.9361817979493,31.877075092726713,0.0,2.4193819456463714,1.0,2,10,0.2,0.36,2
