group_id,g1,g2,g3,g4,g5,g6,g7,g8,g9,g10,g11,g12,g13,g14
1733249,,9.893139864085253,60.82794273646431,13.17480390563149,74.42311547906749,16.131898982556663,98.38579231661464,3.121928094887362,0.5038402457757296,1968,10,14.7,65.41000000000003,147
