group_id,g1,g2,g3,g4,g5,g6,g7,g8,g9,g10,g11,g12,g13,g14
1733249,,7.432172278130243,23.519456896310906,39.576983431278826,94198.40326995838,70.83484661688952,186470.0584740906,3.121928094887362,0.41108216907411793,17360,10,45.1,344.4899999999998,451
