group_id,g1,g2,g3,g4,g5,g6,g7,g8,g9,g10,g11,g12,g13,g14
1733249,,8.351221322032401,31.03470726166634,31.924354935511982,20902.622084378007,54.11946536492386,40813.012167292705,3.121928094887362,0.5225014611338399,1788,10,14.4,55.839999999999975,144
