group_id,g1,g2,g3,g4,g5,g6,g7,g8,g9,g10,g11,g12,g13,g14
1736095,,10.763232323892899,61.93341919696556,436.54656578123013,536723.3013749906,857.955527461317,723002.6065139552,2.321928094887362,0.6666666666666666,8,10,1.5,0.6499999999999999,15
