group_id,g1,g2,g3,g4,g5,g6,g7,g8,g9,g10,g11,g12,g13,g14
1739366,,7.414771938907653,43.98307432480994,113.3425583544918,127174.64520844826,215.5236227235933,241335.51726991197,0.9910760598382222,0.5241935483870968,520,10,6.6,26.84000000000001,66
