group_id,g1,g2,g3,g4,g5,g6,g7,g8,g9,g10,g11,g12,g13,g14
1741214,,0.2486371458816525,0.03316052536468767,73.89169547497252,88740.12988116617,142.97936258743758,168938.85266907074,1.6644977792004616,0.3803418803418803,5162,10,25.6,67.03999999999985,256
