group_id,g1,g2,g3,g4,g5,g6,g7,g8,g9,g10,g11,g12,g13,g14
1741214,,1.3887840553045045,4.216436113581854,58.416119481200084,175191.81135170252,113.8335417675435,342929.0283201369,2.1709505944546685,0.30287454787740337,3182,10,15.4,124.63999999999999,154
