group_id,g1,g2,g3,g4,g5,g6,g7,g8,g9,g10,g11,g12,g13,g14
1741214,,1.218513598788007,1.8150890297020197,64.05413155419186,64154.234503817526,122.61441362070374,120376.24221962069,2.113283334294875,0.5005778120184899,15594,10,36.3,658.2100000000003,363
