group_id,g1,g2,g3,g4,g5,g6,g7,g8,g9,g10,g11,g12,g13,g14
1741214,,0.3768574993772494,0.07825294554439349,83.11096782450426,165155.80040479358,161.36827461415004,319752.94831508247,2.2810361125534233,0.40006493506493507,12322,10,36.0,308.0,360
