group_id,g1,g2,g3,g4,g5,g6,g7,g8,g9,g10,g11,g12,g13,g14
1743653,,2.842849280956861,11.971325825427707,109.5662130488362,499188.4843122827,211.88484355807003,971254.3960012668,2.6464393446710153,0.2817451116778731,14582,10,37.6,274.8399999999997,376
