group_id,g1,g2,g3,g4,g5,g6,g7,g8,g9,g10,g11,g12,g13,g14
1743653,,1222.01151695385,5946630.568235694,677.6211639001273,3410752.286346081,148.03161898762855,325680.73743621085,2.9219280948873623,0.2650082918739635,4794,10,17.9,191.89,179
