group_id,g1,g2,g3,g4,g5,g6,g7,g8,g9,g10,g11,g12,g13,g14
1743653,,1225.965655820694,5942802.476145866,660.3948409024409,3350963.401814511,100.87170093933707,99362.48665543916,3.121928094887362,0.26811594202898553,2294,10,12.5,96.85,125
