group_id,g1,g2,g3,g4,g5,g6,g7,g8,g9,g10,g11,g12,g13,g14
1743653,,7.402801810994629,63.90248742084959,90.79620278851397,390563.02815397974,171.61751926687924,768558.9762745426,2.9219280948873623,0.34754296963731357,27540,10,45.2,1008.1599999999996,452
