group_id,g1,g2,g3,g4,g5,g6,g7,g8,g9,g10,g11,g12,g13,g14
1747184,,0,0,0,0,85.23262615792228,64390.040517413625,0,0.3323232323232323,658,10,0.0,0.0,0
