group_id,g1,g2,g3,g4,g5,g6,g7,g8,g9,g10,g11,g12,g13,g14
1754930,,0.0,0.0,4.741242771935498,11.307245566862807,7.32185243688059,12.880833066318758,0.0,0.6071428571428571,34,10,1.9,2.4899999999999998,19
