group_id,g1,g2,g3,g4,g5,g6,g7,g8,g9,g10,g11,g12,g13,g14
1758783,,5.489609125555985,25.452013464595545,26.67322369048145,10713.157734700555,45.29545859903727,20947.78691922575,1.6854752972273346,0.6234234234234234,3460,10,23.8,143.55999999999995,238
