group_id,g1,g2,g3,g4,g5,g6,g7,g8,g9,g10,g11,g12,g13,g14
1760803,,0,0,0,0,29.583657278140198,7273.69205172832,0,0.3896321070234114,3262,10,18.5,103.05000000000001,185
