group_id,g1,g2,g3,g4,g5,g6,g7,g8,g9,g10,g11,g12,g13,g14
1760803,,0,0,0,0,276.0857619401023,2276793.215673386,0,0.31535131535131533,1894,10,15.2,17.159999999999997,152
