group_id,g1,g2,g3,g4,g5,g6,g7,g8,g9,g10,g11,g12,g13,g14
1760803,,0,0,0,0,225.9587976252422,1842435.4587255768,0,0.45145631067961167,4836,10,21.6,175.83999999999992,216
