group_id,g1,g2,g3,g4,g5,g6,g7,g8,g9,g10,g11,g12,g13,g14
1760803,,0,0,13.871997319474547,101.36273565865278,17.11581851298028,124.83234526706087,0.0,0.4244751664106503,1658,10,12.4,79.43999999999997,124
