group_id,g1,g2,g3,g4,g5,g6,g7,g8,g9,g10,g11,g12,g13,g14
1760116,,1949.663434814523,15170270.777035795,981.291834663298,8528586.795441547,12.255990381085233,128.43719073136546,2.5219280948873624,0.45614035087719296,156,10,4.1,6.09,41
