group_id,g1,g2,g3,g4,g5,g6,g7,g8,g9,g10,g11,g12,g13,g14
1763066,,8.64290244662049,120.76706535822784,132.1110811923695,73833.86720605794,231.1768346500201,113297.5486993358,1.2516291673878228,0.42424242424242425,196,10,4.9,7.289999999999996,49
