group_id,g1,g2,g3,g4,g5,g6,g7,g8,g9,g10,g11,g12,g13,g14
17645972,,0,0,0,0,164.3810965785358,406152.0744024285,0,0.5714572864321608,22744,10,0.0,0.0,0
