group_id,g1,g2,g3,g4,g5,g6,g7,g8,g9,g10,g11,g12,g13,g14
1767770,,11.756739726561783,93.61657380723963,21.357483179901994,1100.3846236213876,30.79032482432492,1950.8390573938254,1.5709505944546687,0.8768115942028986,484,10,11.2,25.760000000000005,112
