group_id,g1,g2,g3,g4,g5,g6,g7,g8,g9,g10,g11,g12,g13,g14
1768471,,4.8277818423942795,43.094515890170996,112.91835336605504,463337.9474840803,218.33490231438768,906202.9772307066,2.8464393446710154,0.2950694841043213,3100,10,16.1,108.48999999999995,161
