group_id,g1,g2,g3,g4,g5,g6,g7,g8,g9,g10,g11,g12,g13,g14
1768471,,2.73768992818837,2.0963807183666985,78.34427429306173,98292.1206353414,152.62771041223718,188510.9730897569,3.0,0.15862068965517243,138,10,4.0,2.1999999999999993,40
