group_id,g1,g2,g3,g4,g5,g6,g7,g8,g9,g10,g11,g12,g13,g14
1768471,,1.911981874602715,2.3651700236918125,117.64216694986034,145103.10496755218,226.9015471416996,261959.7337427205,2.846439344671015,0.29333333333333333,176,10,5.2,0.759999999999998,52
