group_id,g1,g2,g3,g4,g5,g6,g7,g8,g9,g10,g11,g12,g13,g14
1769861,,0,0,0,0,26.358369159379183,129.47690187233957,0,0.5333333333333333,16,10,0.0,0.0,0
