group_id,g1,g2,g3,g4,g5,g6,g7,g8,g9,g10,g11,g12,g13,g14
1770293,,0,0,0,0,276.2962992765586,359892.1537087108,0,0.5685483870967742,564,10,0.0,0.0,0
