group_id,g1,g2,g3,g4,g5,g6,g7,g8,g9,g10,g11,g12,g13,g14
1770293,,0,0,0,0,83.9807619296922,89352.5098118301,0,0.30277227722772276,3058,10,18.5,44.64999999999998,185
