group_id,g1,g2,g3,g4,g5,g6,g7,g8,g9,g10,g11,g12,g13,g14
17700932,,1.9957019940828116,3.0648774166056687,45.52537519043512,52337.69150761589,86.68407894917509,100162.7696744315,2.321928094887362,0.28509615384615383,1186,10,9.0,54.19999999999999,90
