group_id,g1,g2,g3,g4,g5,g6,g7,g8,g9,g10,g11,g12,g13,g14
1772709,,17.336348282914926,130.66032803473638,246.18693326053614,318332.47881134343,426.2626702143752,490050.5379814879,3.321928094887362,0.31907308377896615,358,10,5.2,17.16,52
