group_id,g1,g2,g3,g4,g5,g6,g7,g8,g9,g10,g11,g12,g13,g14
1772396,,1.1220174973253618,2.2778513349403733,191.43870604785732,882101.3436248171,372.17552760803596,1683363.1790588943,2.5219280948873624,0.44267930137495354,19060,10,43.3,674.6100000000004,433
