group_id,g1,g2,g3,g4,g5,g6,g7,g8,g9,g10,g11,g12,g13,g14
1773457,,3.346397118288064,5.599186836643332,6.848009772148832,15.389633194393689,8.497439795815861,34.70966362146952,0.9182958340544896,0.2679738562091503,82,10,3.4,1.6400000000000006,34
