group_id,g1,g2,g3,g4,g5,g6,g7,g8,g9,g10,g11,g12,g13,g14
1773457,,0,0,0,0,124.47228366177062,97556.51567872078,0,0.4583333333333333,110,10,3.7,6.609999999999999,37
