group_id,g1,g2,g3,g4,g5,g6,g7,g8,g9,g10,g11,g12,g13,g14
1773457,,0,0,0,0,111.40133880337409,130984.85404998204,0,0.27503628447024675,758,10,9.2,12.360000000000014,92
