group_id,g1,g2,g3,g4,g5,g6,g7,g8,g9,g10,g11,g12,g13,g14
1775358,,1.499549757845233,0.9813509071651709,5.158492458780767,66.30141049888658,8.056725574148192,124.95905932357681,2.4464393446710155,0.6363636363636364,84,10,1.5,7.65,15
