group_id,g1,g2,g3,g4,g5,g6,g7,g8,g9,g10,g11,g12,g13,g14
1775358,,1.5984625589162205,0.905989017323308,324.87117981609146,2491862.6604050617,642.2141762689824,4757451.084231765,2.725480556997868,0.2218487394957983,264,10,5.1,7.690000000000005,51
