group_id,g1,g2,g3,g4,g5,g6,g7,g8,g9,g10,g11,g12,g13,g14
1775445,,2192.1212206435025,8556339.431724194,1241.3167653666812,5982012.46925443,18.59172743879697,86.05882558290313,2.521928094887362,0.39285714285714285,22,10,2.2,0.5599999999999996,22
