group_id,g1,g2,g3,g4,g5,g6,g7,g8,g9,g10,g11,g12,g13,g14
1775358,,5.02187111905257,39.15082964122284,3.9216422370060107,19.398535156012507,2.8131361527260186,2.0089144575827937,2.725480556997868,0.38095238095238093,16,10,1.6,0.6399999999999997,16
