group_id,g1,g2,g3,g4,g5,g6,g7,g8,g9,g10,g11,g12,g13,g14
1778054,,9.659214918732156,82.90018891903017,16.981396252078664,113.35567295028102,21.689300076017307,166.8428090925899,2.5219280948873624,0.34022556390977443,1086,10,11.0,27.19999999999999,110
