group_id,g1,g2,g3,g4,g5,g6,g7,g8,g9,g10,g11,g12,g13,g14
1778811,,1.2582675761650182,1.8094140494036455,59.65804711952524,40758.51378046404,111.99642879303244,77124.44814515425,0.8812908992306927,0.5789473684210527,198,10,5.2,9.759999999999994,52
