group_id,g1,g2,g3,g4,g5,g6,g7,g8,g9,g10,g11,g12,g13,g14
17782622,,1.311916012272726,2.447395884487892,131.12453970491617,200299.0394421774,252.7281403625644,373987.3641074631,1.6577427265048887,0.32574679943101,458,10,8.1,4.890000000000001,81
