group_id,g1,g2,g3,g4,g5,g6,g7,g8,g9,g10,g11,g12,g13,g14
1778054,,0,0,0,0,179.22116859630168,602076.7141514125,0,0.38605442176870747,908,10,0.0,0.0,0
