group_id,g1,g2,g3,g4,g5,g6,g7,g8,g9,g10,g11,g12,g13,g14
1780638,,0,0,0,0,4.994893242503668,10.439753954640636,0,0.46405228758169936,142,10,0.0,0.0,0
