group_id,g1,g2,g3,g4,g5,g6,g7,g8,g9,g10,g11,g12,g13,g14
1780638,,0.5136057537699164,1.0551634812222561,269.5116697881471,1031913.6601517793,521.512446699485,1913026.9157532626,0.4689955935892812,0.4794553272814142,4014,10,24.9,50.69000000000017,249
