group_id,g1,g2,g3,g4,g5,g6,g7,g8,g9,g10,g11,g12,g13,g14
1780576,,0.09300565669803708,0.0075687956556039805,198.5202806048787,569474.4600286249,378.38176849844666,1055497.3801245391,0.9709505944546686,0.4685072729840418,39810,10,55.8,1688.1600000000003,558
