group_id,g1,g2,g3,g4,g5,g6,g7,g8,g9,g10,g11,g12,g13,g14
17816622,,0.0,0.0,9.061515490358902,96.06536885647581,14.130005979336477,108.75236843865585,0.0,0.25263157894736843,96,10,3.3,2.8100000000000005,33
