group_id,g1,g2,g3,g4,g5,g6,g7,g8,g9,g10,g11,g12,g13,g14
1785358,,0.0,0.0,6.982741223460063,14.782812538236058,10.964704810737954,32.53778608776673,0.0,0.5,10,10,1.4,0.44000000000000017,14
