group_id,g1,g2,g3,g4,g5,g6,g7,g8,g9,g10,g11,g12,g13,g14
1785358,,2860.4471317270168,9338231.992822278,1868.8236122039123,7636640.83611328,120.43818225961029,68760.60475482725,1.295461844238322,0.31,186,10,4.7,4.609999999999996,47
