group_id,g1,g2,g3,g4,g5,g6,g7,g8,g9,g10,g11,g12,g13,g14
1785358,,3063.6066157476475,9385685.49605277,4085.220086028016,8313299.637016999,11.06631332447883,86.8373102064948,0.9182958340544896,0.47186147186147187,218,10,4.4,11.239999999999998,44
