group_id,g1,g2,g3,g4,g5,g6,g7,g8,g9,g10,g11,g12,g13,g14
1786474,,18.845290507166112,131.0678676909692,95.93737283825564,83318.07162290109,167.97040590493353,155038.57121063967,2.94770277922009,0.7936507936507936,600,10,10.9,20.090000000000003,109
