group_id,g1,g2,g3,g4,g5,g6,g7,g8,g9,g10,g11,g12,g13,g14
1786474,,0,0,0,0,22.718694314302557,149.50491776552815,0,0.7142857142857143,130,10,0.0,0.0,0
