group_id,g1,g2,g3,g4,g5,g6,g7,g8,g9,g10,g11,g12,g13,g14
1789749,,8.45615502718609,18.682389817750064,49.92824911897615,23813.021138147007,89.21691655184262,44774.79989737394,2.5216406363433186,0.32941176470588235,392,10,7.2,8.559999999999995,72
