group_id,g1,g2,g3,g4,g5,g6,g7,g8,g9,g10,g11,g12,g13,g14
1789749,,3.493456919543873,12.013236436139497,9.661510364500073,47.691897815295164,12.768940314415762,73.86309504526608,2.1556390622295662,0.34623655913978496,322,10,5.6,11.440000000000001,56
