group_id,g1,g2,g3,g4,g5,g6,g7,g8,g9,g10,g11,g12,g13,g14
1789749,,10.814874257352958,39.380702663465044,153.52192247746007,559276.4377475402,293.72365733266395,1070848.5164900853,2.9219280948873623,0.3441295546558704,510,10,7.2,21.560000000000002,72
