group_id,g1,g2,g3,g4,g5,g6,g7,g8,g9,g10,g11,g12,g13,g14
1789749,,0.0,0.0,69.00870098545934,49483.22293738494,131.69631891453406,89593.19145954857,0.0,0.5026455026455027,380,10,7.3,7.609999999999999,73
