group_id,g1,g2,g3,g4,g5,g6,g7,g8,g9,g10,g11,g12,g13,g14
1789749,,3.4823882929029817,5.95793113867137,34.765926385848346,17727.78877933966,63.14959553993251,33882.58375224939,2.1609640474436813,0.34475806451612906,342,10,6.1,9.890000000000008,61
