group_id,g1,g2,g3,g4,g5,g6,g7,g8,g9,g10,g11,g12,g13,g14
1789749,,7.564761903580198,39.36003391726893,141.2213099080739,521193.8016827731,271.9986117925453,1000091.6715244257,2.5219280948873624,0.27177700348432055,468,10,7.2,8.959999999999994,72
