group_id,g1,g2,g3,g4,g5,g6,g7,g8,g9,g10,g11,g12,g13,g14
1789749,,0.7844670636955858,2.4615542960926975,395.5461598214707,3141351.8212328497,786.3664694725927,6027222.718698877,0.4689955935892812,0.5353846153846153,348,10,6.9,13.68999999999999,69
