group_id,g1,g2,g3,g4,g5,g6,g7,g8,g9,g10,g11,g12,g13,g14
1789749,,6.8379642552276225,29.71612391829072,10.830922782449683,39.12843560294546,13.577891975703121,50.4134820585696,2.1556390622295662,0.427536231884058,236,10,4.3,11.610000000000003,43
