group_id,g1,g2,g3,g4,g5,g6,g7,g8,g9,g10,g11,g12,g13,g14
1789749,,5.364948935739512,18.81975951707437,11.083215152744346,68.33050140848022,15.454086696481378,108.9952168641687,2.1556390622295662,0.3147163120567376,710,10,8.6,18.840000000000003,86
