group_id,g1,g2,g3,g4,g5,g6,g7,g8,g9,g10,g11,g12,g13,g14
1789749,,11.690361967349677,57.266225661985544,118.4169563428242,435058.64468074264,223.1845852646055,850337.2612994865,2.5219280948873624,0.3673469387755102,900,10,10.4,23.64,104
