group_id,g1,g2,g3,g4,g5,g6,g7,g8,g9,g10,g11,g12,g13,g14
1789749,,7.4514335311438975,17.183151409649334,73.01768250179187,81325.35156902071,136.93277356269195,157813.0364645207,2.6416041678685933,0.28536585365853656,468,10,7.5,6.25,75
