group_id,g1,g2,g3,g4,g5,g6,g7,g8,g9,g10,g11,g12,g13,g14
1789749,,7.60831812156353,34.01146714251235,133.20626507027538,434633.8238663532,255.37791189494897,834865.5786340183,3.321928094887362,0.2933634992458522,778,10,8.9,24.489999999999995,89
