group_id,g1,g2,g3,g4,g5,g6,g7,g8,g9,g10,g11,g12,g13,g14
1789749,,4.204709751554085,7.708911368324134,91.58785846987101,97404.4760830953,175.2261271421725,184095.23219131812,2.5219280948873624,0.3,492,10,7.6,10.240000000000002,76
