group_id,g1,g2,g3,g4,g5,g6,g7,g8,g9,g10,g11,g12,g13,g14
1789749,,8.263048945766698,31.910493219358187,47.32745788454848,27917.033166228688,83.08150574062837,52259.60835583329,2.9219280948873623,0.4454901960784314,1136,10,10.6,41.64,106
