group_id,g1,g2,g3,g4,g5,g6,g7,g8,g9,g10,g11,g12,g13,g14
17920522,,0.0,0.0,268.28695577719526,667676.429913176,503.21266272410793,1158142.6784701268,0.0,0.4757834757834758,334,10,7.5,4.450000000000003,75
