group_id,g1,g2,g3,g4,g5,g6,g7,g8,g9,g10,g11,g12,g13,g14
17920522,,0.0,0.0,89.38801884294841,65363.38343219274,164.2105668013337,109737.80176242991,0.0,0.38924731182795697,362,10,7.5,4.850000000000001,75
