group_id,g1,g2,g3,g4,g5,g6,g7,g8,g9,g10,g11,g12,g13,g14
17920522,,0.0,0.0,352.98969492974066,671305.1747067596,679.9724131342643,1082972.0308775685,0.0,0.35555555555555557,32,10,2.1,1.29,21
