group_id,g1,g2,g3,g4,g5,g6,g7,g8,g9,g10,g11,g12,g13,g14
1794118,,6.1377324035031,15.545864114366083,210.8974671005769,286541.7607004701,401.112201414103,495022.6415824497,3.321928094887362,0.5761904761904761,242,10,7.4,3.039999999999992,74
