group_id,g1,g2,g3,g4,g5,g6,g7,g8,g9,g10,g11,g12,g13,g14
1796350,,1.3889072450193385,5.7871900058016275,21.69026795126302,2513.26336749248,38.34662903597376,4550.040082819983,0.5435644431995964,0.819047619047619,172,10,6.6,4.640000000000008,66
