group_id,g1,g2,g3,g4,g5,g6,g7,g8,g9,g10,g11,g12,g13,g14
1808448,,6.284604424670622,34.55922117776579,17.17315964474681,222.42278092713872,25.036187060251795,382.7911922898145,0.9709505944546686,0.5166666666666667,124,10,5.4,4.039999999999999,54
