group_id,g1,g2,g3,g4,g5,g6,g7,g8,g9,g10,g11,g12,g13,g14
1808448,,5.51558560444925,24.337347648006237,25.506767899975785,3682.4024126713434,43.49206588328416,6676.034256430768,1.0,0.6323529411764706,172,10,6.2,1.5599999999999952,62
