group_id,g1,g2,g3,g4,g5,g6,g7,g8,g9,g10,g11,g12,g13,g14
1808448,,5.513496025791337,24.31891074113352,98.31342674306035,64660.60516064154,184.7960283179304,113791.20078607272,1.0,0.6190476190476191,130,10,5.4,4.6399999999999935,54
