group_id,g1,g2,g3,g4,g5,g6,g7,g8,g9,g10,g11,g12,g13,g14
1816909,,6.345758148401022,7.766089833333112,51.58994477727784,132906.0603097071,96.30011973113548,261145.11159125567,3.321928094887362,0.38522937998871243,9556,10,35.6,87.03999999999996,356
