group_id,g1,g2,g3,g4,g5,g6,g7,g8,g9,g10,g11,g12,g13,g14
1816909,,2.8916137563207207,3.0844604605693675,147.734003526736,914647.0929919425,288.7697603885077,1783314.3124467547,3.321928094887362,0.49566675985462677,10638,10,43.7,14.009999999999764,437
