group_id,g1,g2,g3,g4,g5,g6,g7,g8,g9,g10,g11,g12,g13,g14
1819283,,0.0,0.0,238.21938795078765,1264640.052322135,462.6074343561402,2391257.29626408,0.0,0.3523035230352303,2340,10,17.2,35.960000000000036,172
