group_id,g1,g2,g3,g4,g5,g6,g7,g8,g9,g10,g11,g12,g13,g14
1819283,,0.762076711154385,0.5013297032760243,98.9804542026287,116136.75905538237,190.49336172049195,215078.4066385404,1.6577427265048887,0.31677136874167144,3328,10,17.5,78.25,175
