group_id,g1,g2,g3,g4,g5,g6,g7,g8,g9,g10,g11,g12,g13,g14
1819283,,0,0,0,0,305.9180405904177,475894.67661682435,0,0.332579185520362,882,10,0.0,0.0,0
