group_id,g1,g2,g3,g4,g5,g6,g7,g8,g9,g10,g11,g12,g13,g14
18213912,,1363.889414693328,6479764.2086010035,695.8643238008298,3682089.6648161253,28.961248305054674,8157.510469636114,2.6416041678685933,0.45661036691904483,4704,10,22.7,123.61000000000001,227
