group_id,g1,g2,g3,g4,g5,g6,g7,g8,g9,g10,g11,g12,g13,g14
18213912,,0,0,0,0,59.46972354126991,39347.454993490384,0,0.4342105263157895,3960,10,0.0,0.0,0
