group_id,g1,g2,g3,g4,g5,g6,g7,g8,g9,g10,g11,g12,g13,g14
18213912,,0,0,0,0,52.47198436650561,32151.831147425048,0,0.4267709691438505,5892,10,0.0,0.0,0
