group_id,g1,g2,g3,g4,g5,g6,g7,g8,g9,g10,g11,g12,g13,g14
18213912,,0,0,0,0,78.23992768775763,67384.74302854968,0,0.5064701064701065,6184,10,0.0,0.0,0
