group_id,g1,g2,g3,g4,g5,g6,g7,g8,g9,g10,g11,g12,g13,g14
18240526,,1346.8753273482923,5902948.674529145,683.8744442170836,3304574.1387711186,16.80306736730999,91.61567138524231,2.121928094887362,0.38095238095238093,288,10,5.6,10.040000000000003,56
