group_id,g1,g2,g3,g4,g5,g6,g7,g8,g9,g10,g11,g12,g13,g14
18250819,,19.160184359534373,99.15479549237006,14.616021127494056,80.23568532888126,11.617267469236939,45.99512001627241,2.8073549220576046,0.4358974358974359,68,10,3.7,1.6099999999999994,37
