group_id,g1,g2,g3,g4,g5,g6,g7,g8,g9,g10,g11,g12,g13,g14
18268776,,2.7060060240967294,3.419111910966534,6.518672361658275,58.169475382774955,9.691110157482651,84.3987208624255,3.321928094887362,0.523921568627451,1336,10,14.5,18.849999999999994,145
