group_id,g1,g2,g3,g4,g5,g6,g7,g8,g9,g10,g11,g12,g13,g14
18270245,,2847.3349459927003,9265504.336767135,4273.974640926097,7800222.378729232,12.292280439445172,133.7084946530406,0.8812908992306927,0.3611111111111111,26,10,2.0,1.0,20
