group_id,g1,g2,g3,g4,g5,g6,g7,g8,g9,g10,g11,g12,g13,g14
18275080,,0.005838405162648751,0.0001363478993729743,11.062365931475233,55.708193695352534,15.00548889464063,64.38206269805136,0.4689955935892812,0.5128205128205128,80,10,3.4,3.240000000000002,34
