group_id,g1,g2,g3,g4,g5,g6,g7,g8,g9,g10,g11,g12,g13,g14
18276558,,0,0,0,0,214.5202095686754,1009146.7630888274,0,0.4372093023255814,3196,10,0.0,0.0,0
