group_id,g1,g2,g3,g4,g5,g6,g7,g8,g9,g10,g11,g12,g13,g14
18276558,,0,0,0,0,195.73751486560218,955039.4702614528,0,0.41782661782661784,3422,10,0.0,0.0,0
