group_id,g1,g2,g3,g4,g5,g6,g7,g8,g9,g10,g11,g12,g13,g14
18270245,,0.0,0.0,7.329251616259909,77.44970766797904,11.681170181859335,119.38792621559918,0.0,0.5555555555555556,40,10,2.3,2.210000000000001,23
