group_id,g1,g2,g3,g4,g5,g6,g7,g8,g9,g10,g11,g12,g13,g14
18275080,,10.702332013841911,125.99390158795609,18.16793598892814,120.52389712378994,22.713749002954323,84.11942723108689,0.863120568566631,0.5333333333333333,16,10,1.8,0.96,18
