group_id,g1,g2,g3,g4,g5,g6,g7,g8,g9,g10,g11,g12,g13,g14
18295434,,3.1696656579759432,5.894089819067423,8.231081475627297,37.23325510585616,11.733275620469437,62.21515699640932,1.7609640474436812,0.4407530454042082,796,10,10.9,13.289999999999992,109
