group_id,g1,g2,g3,g4,g5,g6,g7,g8,g9,g10,g11,g12,g13,g14
18295434,,2.9005527742943964,6.144963253420302,8.144454856850258,33.62751857257943,11.600553761211826,56.97130472819185,1.295461844238322,0.5345345345345346,712,10,11.4,11.23999999999998,114
