group_id,g1,g2,g3,g4,g5,g6,g7,g8,g9,g10,g11,g12,g13,g14
18302712,,0,0,0,0,17.9114091164991,1096.3754624085755,0,0.35968379446640314,182,10,0.0,0.0,0
