group_id,g1,g2,g3,g4,g5,g6,g7,g8,g9,g10,g11,g12,g13,g14
18364592,,2613.528596101375,9107375.630186163,4654.062664024067,6768072.228192639,738.6003342382415,3290877.520055021,0.8112781244591328,0.2529390288426433,6928,10,22.0,266.79999999999995,220
