group_id,g1,g2,g3,g4,g5,g6,g7,g8,g9,g10,g11,g12,g13,g14
18365134,,2.9025221913031753,5.265131220870307,51.667583440476236,27581.480467510984,97.33158015016143,51015.87239740272,1.3516441151533922,0.5448504983388704,984,10,12.8,18.559999999999974,128
