group_id,g1,g2,g3,g4,g5,g6,g7,g8,g9,g10,g11,g12,g13,g14
18386073,,0,0,0,0,484.9023980872311,3061989.393870837,0,0.47701890034364264,4442,10,0.0,0.0,0
