group_id,g1,g2,g3,g4,g5,g6,g7,g8,g9,g10,g11,g12,g13,g14
18396344,,4.125431131122774,11.910187028445943,9.46112408802205,38.137720936822575,12.540208267533439,73.1145677457207,1.8423709931771088,0.3333333333333333,44,10,2.8,0.9600000000000017,28
