group_id,g1,g2,g3,g4,g5,g6,g7,g8,g9,g10,g11,g12,g13,g14
18420231,,0.0,0.0,36.85421895121924,24891.3889084693,69.13962290865409,47532.61916281233,0.0,0.6825396825396826,516,10,7.1,41.290000000000006,71
