group_id,g1,g2,g3,g4,g5,g6,g7,g8,g9,g10,g11,g12,g13,g14
18467973,,11.90994525776218,45.320426028728434,24.91441395547376,852.9280457854876,34.61319967315871,1405.915037038425,3.121928094887362,0.6970443349753694,566,10,6.6,51.64000000000001,66
