group_id,g1,g2,g3,g4,g5,g6,g7,g8,g9,g10,g11,g12,g13,g14
18468562,,8.122738399084168,95.97741663122055,65.60632365373992,78345.69703662339,120.80372384394649,149515.21582377816,2.5219280948873624,0.23709004174120454,3976,10,19.0,91.80000000000001,190
