group_id,g1,g2,g3,g4,g5,g6,g7,g8,g9,g10,g11,g12,g13,g14
18535912,,0.0,0.0,515.5327011456652,277362.08787916857,783.652035189046,552922.280911573,0.0,0.7,14,10,1.9,1.69,19
