group_id,g1,g2,g3,g4,g5,g6,g7,g8,g9,g10,g11,g12,g13,g14
18613178,,1.7506967046051947,4.5974084272732325,306.30022125102977,450185.9993836754,561.03993594222,675770.7522687286,0.7219280948873623,0.6363636363636364,84,10,2.2,6.759999999999999,22
