group_id,g1,g2,g3,g4,g5,g6,g7,g8,g9,g10,g11,g12,g13,g14
18627141,,12.277195116911562,49.1166138486179,10.58404226792211,33.331717754058175,7.539594925341296,0.0,1.5,1.0,2,10,1.1,0.08999999999999986,11
