group_id,g1,g2,g3,g4,g5,g6,g7,g8,g9,g10,g11,g12,g13,g14
18633025,,48.292226103083664,3734.2102109083207,269.1336530556521,347870.75997440366,497.5107251719718,606797.5267140995,2.1219280948873624,0.5238095238095238,22,10,1.9,1.8900000000000001,19
