group_id,g1,g2,g3,g4,g5,g6,g7,g8,g9,g10,g11,g12,g13,g14
1871891,,15.82145552461892,33.82840921726449,15.29631123958956,77.66773031168026,16.14218346880138,94.78362845128618,1.584962500721156,0.4144144144144144,552,10,7.9,14.68999999999999,79
