group_id,g1,g2,g3,g4,g5,g6,g7,g8,g9,g10,g11,g12,g13,g14
1871891,,0.2997153379556247,0.07860062333012258,14.596139193659074,48.45660515450621,20.530381078526656,72.44966394229732,0.9709505944546686,0.6,18,10,2.6,0.23999999999999932,26
