group_id,g1,g2,g3,g4,g5,g6,g7,g8,g9,g10,g11,g12,g13,g14
18732324,,2.717215944655368,29.53304995955747,4.505666950391207,25.235156840566376,6.221670910690503,23.984362522577733,0.4689955935892812,0.5,36,10,2.3,1.6100000000000012,23
