group_id,g1,g2,g3,g4,g5,g6,g7,g8,g9,g10,g11,g12,g13,g14
18732367,,0.0,0.0,1211.2440164420989,4472267.72426449,2059.1023773738675,6498225.227045828,0.0,0.3333333333333333,660,10,10.0,4.200000000000003,100
