group_id,g1,g2,g3,g4,g5,g6,g7,g8,g9,g10,g11,g12,g13,g14
18739128,,1.0406254421996817,1.7908034243406827,4.39539440445779,0.5340554524964105,3.304863678457613,0.0,0.9219280948873623,1.0,2,10,0.8,0.96,8
