group_id,g1,g2,g3,g4,g5,g6,g7,g8,g9,g10,g11,g12,g13,g14
18805779,,1.4335491284970876,1.798180215837911,5.463907247688229,18.10274583383187,6.698519845763375,10.251402426172973,0.9709505944546686,0.6666666666666666,8,10,1.4,0.44000000000000017,14
