group_id,g1,g2,g3,g4,g5,g6,g7,g8,g9,g10,g11,g12,g13,g14
18830891,,11.219769431273072,30.96373621280233,13.782668803746436,57.869235877248144,12.991473986851346,45.948072043550354,3.169925001442312,0.4,8,10,1.5,0.25,15
