group_id,g1,g2,g3,g4,g5,g6,g7,g8,g9,g10,g11,g12,g13,g14
18830891,,11.790182653819508,42.586737316962115,10.943732531873897,38.03033461782819,11.112140067963145,13.44352333655037,2.725480556997868,0.6666666666666666,8,10,1.5,0.4500000000000002,15
