group_id,g1,g2,g3,g4,g5,g6,g7,g8,g9,g10,g11,g12,g13,g14
18830891,,12.945524899806037,39.99432834571937,12.12967152119355,43.09310180259064,10.649952106425925,26.561855035084747,3.169925001442312,0.7,14,10,2.3,0.41000000000000103,23
