group_id,g1,g2,g3,g4,g5,g6,g7,g8,g9,g10,g11,g12,g13,g14
18830891,,10.348908638167888,32.79505514947098,11.232436874366169,35.419457552309765,10.649952106425925,26.561855035084747,2.725480556997868,0.7,14,10,1.4,0.8400000000000001,14
