group_id,g1,g2,g3,g4,g5,g6,g7,g8,g9,g10,g11,g12,g13,g14
18845396,,1.6620812285064848,2.2104719169419647,242.05659742543082,740611.2344213095,468.723221102101,1395967.8581628934,1.5,0.3853459972862958,1704,10,10.7,88.61000000000001,107
