group_id,g1,g2,g3,g4,g5,g6,g7,g8,g9,g10,g11,g12,g13,g14
18887476,,0.8231710735896686,2.7104424655790718,19.662160307404815,3028.9986280724193,35.554860358289936,5629.649876148139,0.4689955935892812,0.7894736842105263,270,10,8.4,12.039999999999992,84
