group_id,g1,g2,g3,g4,g5,g6,g7,g8,g9,g10,g11,g12,g13,g14
18932190,,0.0,0.0,3.9283246440275414,2.424579955974009,6.1092677312092745,4.975862029382462,0.0,1.0,6,10,1.2,0.3600000000000001,12
