group_id,g1,g2,g3,g4,g5,g6,g7,g8,g9,g10,g11,g12,g13,g14
18970949,,167.77383999026085,105089.89485347993,418.24112596573127,487703.528981616,707.2420000080243,736151.7961615027,3.321928094887362,0.8,16,10,0.9,2.09,9
