group_id,g1,g2,g3,g4,g5,g6,g7,g8,g9,g10,g11,g12,g13,g14
18985552,,0,0,0,0,24.61345905863158,61.451744228392954,0,1.0,12,10,2.1,0.6899999999999995,21
