group_id,g1,g2,g3,g4,g5,g6,g7,g8,g9,g10,g11,g12,g13,g14
19049323,,0,0,0,0,15.413106453987606,171.1154458724634,0,0.7,14,10,0.0,0.0,0
