group_id,g1,g2,g3,g4,g5,g6,g7,g8,g9,g10,g11,g12,g13,g14
19127798,,0.0,0.0,44.71731140553912,336.6240984249123,79.76473494044696,515.51795816917,0.0,0.6666666666666666,4,10,0.7,0.6100000000000001,7
