group_id,g1,g2,g3,g4,g5,g6,g7,g8,g9,g10,g11,g12,g13,g14
1937721,,1.0705853727915264,0.46522750562883264,44.78222747908081,66410.53643536812,86.12877870217638,128669.3712477663,3.321928094887362,0.45861386138613863,4632,10,26.0,61.200000000000045,260
