group_id,g1,g2,g3,g4,g5,g6,g7,g8,g9,g10,g11,g12,g13,g14
1945681,,1.7233249383384885,3.0209887058346343,77.39178561370822,75721.79500279235,148.4554091640686,144044.90502880965,2.046439344671015,0.25882352941176473,660,10,8.2,16.560000000000002,82
