group_id,g1,g2,g3,g4,g5,g6,g7,g8,g9,g10,g11,g12,g13,g14
1945681,,4.620534965802264,28.830862797198368,100.0718760753834,111457.88261711043,190.68098354613534,202664.6174462683,2.1609640474436813,0.30141843971631205,680,10,5.8,40.56,58
