group_id,g1,g2,g3,g4,g5,g6,g7,g8,g9,g10,g11,g12,g13,g14
1945681,,1.5455467310837723,1.680491763444599,89.12233504692037,120165.5032767321,169.66564091819365,218572.65274175702,2.9219280948873623,0.342970297029703,3464,10,12.6,206.44,126
