group_id,g1,g2,g3,g4,g5,g6,g7,g8,g9,g10,g11,g12,g13,g14
1945681,,2.222666949000504,3.5021718456735815,269.12200650983175,1376003.937391811,523.3089320434142,2603107.1369387712,2.321928094887362,0.19475308641975309,1262,10,10.7,25.410000000000025,107
