group_id,g1,g2,g3,g4,g5,g6,g7,g8,g9,g10,g11,g12,g13,g14
1945911,,13.429393189203642,117.00655454152121,17.302776086696692,65.91274688535776,17.292831040105746,71.86851946169804,1.9219280948873623,0.31868131868131866,58,10,2.8,2.160000000000001,28
