group_id,g1,g2,g3,g4,g5,g6,g7,g8,g9,g10,g11,g12,g13,g14
1945681,,1221.7624037728824,5948435.37853297,674.7353755817242,3345335.5873945556,137.83430479232752,143388.26374235834,2.1219280948873624,0.19450980392156864,496,10,6.1,18.890000000000008,61
