group_id,g1,g2,g3,g4,g5,g6,g7,g8,g9,g10,g11,g12,g13,g14
1945911,,0,0,0,0,77.37273540048909,29162.875631783427,0,0.582995951417004,864,10,10.0,41.0,100
