group_id,g1,g2,g3,g4,g5,g6,g7,g8,g9,g10,g11,g12,g13,g14
1945681,,1.6980271923349672,2.9726057502308536,133.2490277713298,331117.8504721733,258.12668716202296,633671.266123024,2.0464393446710156,0.20932400932400932,898,10,9.1,21.090000000000018,91
