group_id,g1,g2,g3,g4,g5,g6,g7,g8,g9,g10,g11,g12,g13,g14
1945681,,4.874389910517805,29.783113835099382,115.64766048180945,120364.22027586667,220.5089450452487,219848.47534152598,2.1609640474436813,0.20625889046941678,290,10,4.4,14.239999999999998,44
