group_id,g1,g2,g3,g4,g5,g6,g7,g8,g9,g10,g11,g12,g13,g14
1945911,,0,0,0,0,104.69967186084901,56658.927446727495,0,0.4574829931972789,1076,10,11.1,37.489999999999995,111
