group_id,g1,g2,g3,g4,g5,g6,g7,g8,g9,g10,g11,g12,g13,g14
1964881,,2.826597773120631,4.76317274674593,24.202144339247308,11504.532059704854,45.05941815088085,22260.223248954833,1.8954618442383218,0.49577167019027485,938,10,10.5,29.849999999999994,105
