group_id,g1,g2,g3,g4,g5,g6,g7,g8,g9,g10,g11,g12,g13,g14
1977731,,10.098750830625287,101.98476833905492,160.5413455880175,866606.4828421655,307.0732404986949,1673383.2260008284,0.8112781244591328,0.46929180135174847,3194,10,21.2,114.56,212
