group_id,g1,g2,g3,g4,g5,g6,g7,g8,g9,g10,g11,g12,g13,g14
1977731,,6.740836128676387,19.94645320187695,110.56576295637879,222290.7255726636,208.2664080024624,428431.0836375434,1.5612781244591325,0.3450854700854701,7106,10,29.4,71.6400000000001,294
