group_id,g1,g2,g3,g4,g5,g6,g7,g8,g9,g10,g11,g12,g13,g14
1977731,,0.0,0.0,46.36766663375632,24486.83925797385,77.01914412931171,46327.20278436655,0.0,0.3655266757865937,2672,10,17.9,63.89000000000004,179
