group_id,g1,g2,g3,g4,g5,g6,g7,g8,g9,g10,g11,g12,g13,g14
19875,,21.029874507856707,139.4781831804181,58.39760989123043,66061.61994785469,96.05499831448914,128880.39260375914,2.9219280948873623,0.40380549682875266,764,10,9.4,20.439999999999984,94
