group_id,g1,g2,g3,g4,g5,g6,g7,g8,g9,g10,g11,g12,g13,g14
19875,,49.11852372417646,1072.490693312895,47.556611381848214,6679.855410193186,46.17857452516677,12557.659970711671,3.1219280948873624,0.470734126984127,1898,10,13.6,69.24000000000001,136
