group_id,g1,g2,g3,g4,g5,g6,g7,g8,g9,g10,g11,g12,g13,g14
19875,,13.786707614210012,76.20394272927149,18.58808917792548,110.78676189305338,20.87728876780842,156.2315038881951,2.321928094887362,0.35250219490781387,1606,10,14.8,13.159999999999968,148
