group_id,g1,g2,g3,g4,g5,g6,g7,g8,g9,g10,g11,g12,g13,g14
19875,,19.86342331397163,188.78604765570276,28.813073328290276,2554.194564704353,35.04248448466321,4949.168367714228,2.113283334294875,0.4768292682926829,782,10,10.6,18.239999999999995,106
