group_id,g1,g2,g3,g4,g5,g6,g7,g8,g9,g10,g11,g12,g13,g14
19875,,18.826730536981398,91.34839100141033,19.302091248629722,113.75167289241188,17.608631859153352,110.91947172597958,2.5216406363433186,0.3228803716608595,556,10,7.6,14.240000000000002,76
