group_id,g1,g2,g3,g4,g5,g6,g7,g8,g9,g10,g11,g12,g13,g14
19875,,24.95864933982314,137.332814371278,22.894965763475646,140.6721895033187,20.380789867565632,139.93554312472105,2.9219280948873623,0.22758620689655173,198,10,4.0,8.8,40
