group_id,g1,g2,g3,g4,g5,g6,g7,g8,g9,g10,g11,g12,g13,g14
19875,,22.594963349085756,120.69516657647216,42.612922598470696,14055.0502170458,62.80843348874269,27241.85139756286,2.6416041678685933,0.30491803278688523,1116,10,9.3,40.00999999999999,93
