group_id,g1,g2,g3,g4,g5,g6,g7,g8,g9,g10,g11,g12,g13,g14
19875,,36.018295689369765,779.5958088001753,26.023593270385,620.1026243046268,13.687047262520082,182.82557574888722,2.5216406363433186,0.3783783783783784,532,10,8.5,11.849999999999994,85
