group_id,g1,g2,g3,g4,g5,g6,g7,g8,g9,g10,g11,g12,g13,g14
19875,,50.24305705804144,1061.5395631189635,49.78550723207822,7485.2523877671765,48.636917949404236,14273.588895886978,3.321928094887362,0.4090909090909091,1260,10,12.4,33.03999999999999,124
