group_id,g1,g2,g3,g4,g5,g6,g7,g8,g9,g10,g11,g12,g13,g14
2068711,,21.596464628474582,462.44619142773877,91.36928418646967,75435.53912195042,129.57911012410864,149854.66728598854,1.8910611120726526,0.1936319881525361,1046,10,9.8,23.159999999999982,98
