group_id,g1,g2,g3,g4,g5,g6,g7,g8,g9,g10,g11,g12,g13,g14
209983,,8.660242434552933,145.59407481193375,16.4926575082277,135.49685836427392,22.546224773809183,117.10037386294056,0.9219280948873623,1.0,12,10,4.0,0.0,40
