group_id,g1,g2,g3,g4,g5,g6,g7,g8,g9,g10,g11,g12,g13,g14
209983,,3.79926267162345,32.97240157599847,30.085718541147322,890.2823075368865,41.16183579717026,1255.975628062533,1.3609640474436813,0.8055555555555556,58,10,4.5,0.8500000000000014,45
