group_id,g1,g2,g3,g4,g5,g6,g7,g8,g9,g10,g11,g12,g13,g14
209983,,5.916172501500337,34.25431224397798,275.3647838217866,337520.84297328815,535.7601092372173,529931.4133390607,2.25,0.8,24,10,2.3,1.2100000000000009,23
