group_id,g1,g2,g3,g4,g5,g6,g7,g8,g9,g10,g11,g12,g13,g14
210223,,0.0,0.0,780.8582353724373,4201959.25451771,1453.2631806372347,7261162.523158019,0.0,0.6238095238095238,262,10,8.1,1.4899999999999949,81
