group_id,g1,g2,g3,g4,g5,g6,g7,g8,g9,g10,g11,g12,g13,g14
211654,,19.75532447050405,466.32921383832735,14.47702364652275,292.1694001352929,10.01756855759195,97.5352178225245,2.9219280948873623,0.47619047619047616,220,10,4.9,9.489999999999995,49
