group_id,g1,g2,g3,g4,g5,g6,g7,g8,g9,g10,g11,g12,g13,g14
211654,,2.615287571533916,2.852882278066528,5.389028143619235,24.625241436764846,7.4332460225351955,39.647878627485206,2.321928094887362,0.49673202614379086,152,10,5.0,3.8000000000000007,50
