group_id,g1,g2,g3,g4,g5,g6,g7,g8,g9,g10,g11,g12,g13,g14
211654,,30.625809837372703,2405.591950745026,104.7972793862786,75505.71445950857,181.43828944159998,141535.08300837225,2.5219280948873624,0.4727272727272727,52,10,2.1,3.09,21
