group_id,g1,g2,g3,g4,g5,g6,g7,g8,g9,g10,g11,g12,g13,g14
211654,,1223.3985790887175,5943565.088792555,842.4659069208792,4127635.326072078,475.05042511212196,1858678.4665399652,3.121928094887362,0.3599114064230343,650,10,7.8,22.160000000000004,78
