group_id,g1,g2,g3,g4,g5,g6,g7,g8,g9,g10,g11,g12,g13,g14
211654,,10.599775850655181,233.8519223243096,279.53965501280845,386593.6290200794,515.4769735035076,594816.5772686821,3.121928094887362,0.44871794871794873,70,10,3.1,2.6899999999999995,31
