group_id,g1,g2,g3,g4,g5,g6,g7,g8,g9,g10,g11,g12,g13,g14
211654,,27.307446899043903,1257.0961659734403,102.5411811943175,70045.27058605803,179.44205607112426,129013.72495707212,3.121928094887362,0.3484848484848485,46,10,2.7,1.209999999999999,27
