group_id,g1,g2,g3,g4,g5,g6,g7,g8,g9,g10,g11,g12,g13,g14
211654,,5.450559805996067,14.829764147426907,55.509378120656294,44221.68940481147,105.35523912329575,83298.55889111588,2.446439344671015,0.4052631578947368,154,10,3.9,6.49,39
