group_id,g1,g2,g3,g4,g5,g6,g7,g8,g9,g10,g11,g12,g13,g14
212018,,1.8644170358972036,1.7532475847211786,199.16933332548547,531219.8405498347,390.5971581160165,1014625.4764739652,2.725480556997868,0.353968253968254,446,10,8.7,2.0100000000000193,87
