group_id,g1,g2,g3,g4,g5,g6,g7,g8,g9,g10,g11,g12,g13,g14
212018,,2.900441538343844,3.333623369289354,163.91434584292844,592036.3283711809,324.2205222340679,1150567.8759030276,2.5,0.3076923076923077,480,10,7.7,7.609999999999999,77
