group_id,g1,g2,g3,g4,g5,g6,g7,g8,g9,g10,g11,g12,g13,g14
212018,,2.5841488342116716,2.7435318620924685,61.12824128554102,98448.79951271093,118.75405303390157,191711.2423789438,2.5216406363433186,0.32877263581488936,1634,10,15.3,11.609999999999957,153
