group_id,g1,g2,g3,g4,g5,g6,g7,g8,g9,g10,g11,g12,g13,g14
212018,,4.03548641724689,10.95868936627976,14.944397239959079,1630.5626200335018,25.26992571810621,3055.469759412702,1.5,0.5831932773109244,694,10,12.7,6.010000000000019,127
