group_id,g1,g2,g3,g4,g5,g6,g7,g8,g9,g10,g11,g12,g13,g14
212018,,2.628046565612737,2.127335665047357,221.0559532031058,327042.3620338043,437.3150858932369,559980.3974013429,2.584962500721156,0.2857142857142857,16,10,0.8,1.7599999999999998,8
