group_id,g1,g2,g3,g4,g5,g6,g7,g8,g9,g10,g11,g12,g13,g14
215238,,1.4173618379977806,1.595215408708596,54.92694716907666,75659.20379183994,105.44316688633249,144498.2377502468,1.5709505944546687,0.3413793103448276,4554,10,23.1,67.09000000000003,231
