group_id,g1,g2,g3,g4,g5,g6,g7,g8,g9,g10,g11,g12,g13,g14
216610,,17.46850019436784,97.5268822687226,121.32856650113376,285138.7712982378,224.1965781155372,555106.8164745518,3.169925001442312,0.3544600938967136,1812,10,11.8,74.16,118
