group_id,g1,g2,g3,g4,g5,g6,g7,g8,g9,g10,g11,g12,g13,g14
216610,,18.54850108295674,131.46557440892292,77.44021570616945,86737.33400091271,134.56870717309457,165292.87889339484,2.4056390622295662,0.4736611062335382,2158,10,15.8,64.35999999999999,158
