group_id,g1,g2,g3,g4,g5,g6,g7,g8,g9,g10,g11,g12,g13,g14
216610,,15.549628938851209,63.63218707427731,82.33713320566389,87599.94217855946,146.53938355668618,166573.49255204952,2.2516291673878226,0.4316455696202532,2728,10,18.4,59.240000000000066,184
