group_id,g1,g2,g3,g4,g5,g6,g7,g8,g9,g10,g11,g12,g13,g14
216610,,83.4544020659183,15062.708394862182,219.30282398452024,1046310.657480024,356.58530000828927,2059080.5203913338,3.321928094887362,0.2358974358974359,1012,10,10.1,19.090000000000003,101
