group_id,g1,g2,g3,g4,g5,g6,g7,g8,g9,g10,g11,g12,g13,g14
217068,,7.13747485523504,47.40149403374184,16.163448094131947,1145.3616692134162,23.938838895008512,2144.1894029193827,3.321928094887362,0.6007403490216816,2272,10,19.9,39.09000000000009,199
