group_id,g1,g2,g3,g4,g5,g6,g7,g8,g9,g10,g11,g12,g13,g14
217068,,8.082796897650873,38.218801646942836,29.20604803222721,8379.00150097598,48.5730410372958,15788.837139700114,3.0,0.5745192307692307,2390,10,19.5,47.85000000000002,195
