group_id,g1,g2,g3,g4,g5,g6,g7,g8,g9,g10,g11,g12,g13,g14
217068,,11.872520903739531,172.0310865844355,49.49547546705834,60355.7037987866,86.88807271698523,118176.06377803757,3.321928094887362,0.39777983348751156,860,10,9.7,30.010000000000005,97
