group_id,g1,g2,g3,g4,g5,g6,g7,g8,g9,g10,g11,g12,g13,g14
2196671,,0.9487827667461304,0.7201509907795522,35.14620887565207,45434.19465545378,62.38619117042356,89718.71721141403,1.0,0.39710538218000907,1756,10,12.4,79.43999999999997,124
