group_id,g1,g2,g3,g4,g5,g6,g7,g8,g9,g10,g11,g12,g13,g14
219810,,2.1570303279856406,10.640433430329846,80.39001784161763,112461.07185636777,153.429218431041,209466.6533604505,1.3567796494470397,0.44044141512495943,2714,10,17.4,78.44000000000005,174
