group_id,g1,g2,g3,g4,g5,g6,g7,g8,g9,g10,g11,g12,g13,g14
219810,,3.712576599913301,4.677825765490221,7.859103279702174,110.93521185162525,11.557515390566824,179.14154212775574,2.6464393446710153,0.29445234708392604,414,10,6.1,13.690000000000005,61
