group_id,g1,g2,g3,g4,g5,g6,g7,g8,g9,g10,g11,g12,g13,g14
221110,,57.98488610575257,1601.9142069564741,65.90505221792213,9320.11586677113,55.52255263797196,17802.71095615785,2.9219280948873623,0.4224656357388316,3934,10,19.2,132.56,192
