group_id,g1,g2,g3,g4,g5,g6,g7,g8,g9,g10,g11,g12,g13,g14
221110,,1240.6538580689037,5913540.343033439,653.0677450511266,3300799.6208989862,71.2167038888451,28563.058154787075,2.9219280948873623,0.4459383753501401,3184,10,18.6,99.63999999999999,186
