group_id,g1,g2,g3,g4,g5,g6,g7,g8,g9,g10,g11,g12,g13,g14
221110,,0,0,0,0,17.49889887262102,158.77151669541576,0,0.3409090909090909,360,10,6.6,6.840000000000003,66
