group_id,g1,g2,g3,g4,g5,g6,g7,g8,g9,g10,g11,g12,g13,g14
2220381,,3.403277857066423,4.193185936211519,82.0411826741281,132639.76806298734,160.3743170470915,252713.54693496093,2.6464393446710153,0.4782608695652174,242,10,5.9,10.089999999999996,59
