group_id,g1,g2,g3,g4,g5,g6,g7,g8,g9,g10,g11,g12,g13,g14
2220381,,2.598727639816614,2.914622924540385,22.411087195977217,13943.807143574188,41.416556874965856,27117.74704447553,2.113283334294875,0.4353535353535353,862,10,10.6,34.83999999999999,106
