group_id,g1,g2,g3,g4,g5,g6,g7,g8,g9,g10,g11,g12,g13,g14
2220381,,3.3361109337506827,4.1488473449161845,28.895721155811795,18302.069067943565,53.71191801185371,35269.79153734811,2.725480556997868,0.39572192513368987,444,10,6.4,27.83999999999999,64
