group_id,g1,g2,g3,g4,g5,g6,g7,g8,g9,g10,g11,g12,g13,g14
2220381,,0,0,0,0,54.798757774183834,37496.92503887803,0,0.6189516129032258,614,10,0.0,0.0,0
