group_id,g1,g2,g3,g4,g5,g6,g7,g8,g9,g10,g11,g12,g13,g14
2220381,,7.7135536443316735,39.64536352185005,65.58612482251758,48355.27423896317,118.10141850142226,91093.3143980864,1.4056390622295662,0.275,66,10,2.6,3.6399999999999997,26
