group_id,g1,g2,g3,g4,g5,g6,g7,g8,g9,g10,g11,g12,g13,g14
2220381,,7.186713518271403,44.76233770121097,9.893877338238198,30.08742372624819,4.24830837304446,4.358859493043077,0.9544340029249649,0.20833333333333334,50,10,2.8,2.160000000000001,28
