group_id,g1,g2,g3,g4,g5,g6,g7,g8,g9,g10,g11,g12,g13,g14
2220371,,0,0,0,0,119.25624589031092,80970.91428702747,0,0.2679738562091503,82,10,0.0,0.0,0
