group_id,g1,g2,g3,g4,g5,g6,g7,g8,g9,g10,g11,g12,g13,g14
2220381,,6.446731534226538,32.56737877811192,6.296198915599431,20.00525570420735,6.040871025377925,17.59390287160017,2.94770277922009,0.45387755102040817,1112,10,8.0,63.0,80
