group_id,g1,g2,g3,g4,g5,g6,g7,g8,g9,g10,g11,g12,g13,g14
2220381,,4.087110492877114,4.308258390697873,56.80648273542328,88484.51759677882,108.64319589572816,171266.02787371038,1.9219280948873623,0.4857142857142857,578,10,10.0,3.5999999999999943,100
