group_id,g1,g2,g3,g4,g5,g6,g7,g8,g9,g10,g11,g12,g13,g14
2220381,,2.3984149435874613,2.7252271424489356,184.07855817610755,712086.9014598258,365.40294922020166,1359271.6425475697,2.121928094887362,0.3241106719367589,164,10,4.2,5.16,42
