group_id,g1,g2,g3,g4,g5,g6,g7,g8,g9,g10,g11,g12,g13,g14
2220381,,0,0,0,0,32.15414476736525,7974.04152488595,0,0.2966666666666667,178,10,0.0,0.0,0
