group_id,g1,g2,g3,g4,g5,g6,g7,g8,g9,g10,g11,g12,g13,g14
2220381,,3.2021177238354657,4.46205348217442,30.889463084364575,17165.892866745755,57.70031019834958,33231.382090769854,2.4193819456463714,0.37980085348506404,534,10,6.2,25.759999999999998,62
