group_id,g1,g2,g3,g4,g5,g6,g7,g8,g9,g10,g11,g12,g13,g14
2220381,,0,0,0,0,311.18372703350525,1174246.6665067375,0,0.21937321937321938,154,10,0.0,0.0,0
