group_id,g1,g2,g3,g4,g5,g6,g7,g8,g9,g10,g11,g12,g13,g14
2220381,,5.179813829564988,6.810223146557732,90.6585529153189,116242.43865717965,173.41218281732827,214411.43810828117,2.75,0.4817204301075269,448,10,7.4,16.039999999999992,74
