group_id,g1,g2,g3,g4,g5,g6,g7,g8,g9,g10,g11,g12,g13,g14
2220381,,3.9541377449323987,4.7791995075188165,13.506011061937727,2536.2407881632234,22.576221319896383,4918.385961997389,2.75,0.34959349593495936,602,10,6.2,31.96,62
