group_id,g1,g2,g3,g4,g5,g6,g7,g8,g9,g10,g11,g12,g13,g14
2220381,,12.608461461193166,146.16828867879173,83.09430540974097,103142.69331114384,151.4832007279804,194023.95451167386,2.6416041678685933,0.5058823529411764,602,10,8.5,29.049999999999997,85
