group_id,g1,g2,g3,g4,g5,g6,g7,g8,g9,g10,g11,g12,g13,g14
2220381,,3.328662281987206,7.949254463552851,152.5789323096935,589496.0502730845,301.3661596948503,1134667.888435766,1.9609640474436814,0.2830687830687831,214,10,4.9,6.289999999999996,49
