group_id,g1,g2,g3,g4,g5,g6,g7,g8,g9,g10,g11,g12,g13,g14
2220381,,3.1662903557015043,5.333328949289902,497.03415756104533,3160258.7177993665,991.0403127743157,5832898.592925848,2.6464393446710153,0.38461538461538464,70,10,2.9,2.8900000000000006,29
