group_id,g1,g2,g3,g4,g5,g6,g7,g8,g9,g10,g11,g12,g13,g14
2220381,,0,0,0,0,6.9753932172259905,26.762166889397356,0,0.352773826458037,496,10,0.0,0.0,0
