group_id,g1,g2,g3,g4,g5,g6,g7,g8,g9,g10,g11,g12,g13,g14
2220381,,0,0,0,0,6.178711865951456,22.023004764151274,0,0.33613445378151263,400,10,0.0,0.0,0
