group_id,g1,g2,g3,g4,g5,g6,g7,g8,g9,g10,g11,g12,g13,g14
2220381,,2.4232290805149046,3.7234117820970445,5.07886484188802,21.331336471038302,7.187322398984009,37.34154732324123,1.3609640474436813,0.38333333333333336,92,10,2.8,4.760000000000001,28
