group_id,g1,g2,g3,g4,g5,g6,g7,g8,g9,g10,g11,g12,g13,g14
2220381,,0,0,0,0,4.515311985248194,6.047423345137318,0,0.5384615384615384,98,10,0.0,0.0,0
