group_id,g1,g2,g3,g4,g5,g6,g7,g8,g9,g10,g11,g12,g13,g14
22211,,16.554788065965777,103.79465933535334,61.16345547752194,65258.6187522348,105.74688594338497,127628.21847670074,3.169925001442312,0.4942528735632184,430,10,3.5,34.85,35
