group_id,g1,g2,g3,g4,g5,g6,g7,g8,g9,g10,g11,g12,g13,g14
22211,,20.048338244149285,186.38951573819475,87.30179326238562,89696.7330215676,152.39192244430015,169298.1402887394,3.0,0.3477297895902547,628,10,5.8,36.56,58
