group_id,g1,g2,g3,g4,g5,g6,g7,g8,g9,g10,g11,g12,g13,g14
22211,,14.716391682586977,113.46356390358153,137.44635240609745,193557.27561461183,250.5987322305554,348615.30420355423,3.121928094887362,0.1908831908831909,134,10,3.1,6.889999999999999,31
