group_id,g1,g2,g3,g4,g5,g6,g7,g8,g9,g10,g11,g12,g13,g14
22211,,11.516466997446,120.1871477677984,11.663546431694824,107.47398275745076,12.970024586826671,109.3255236715336,2.5032583347756456,0.21568627450980393,66,10,2.4,3.24,24
