group_id,g1,g2,g3,g4,g5,g6,g7,g8,g9,g10,g11,g12,g13,g14
22211,,15.324489763566836,114.57952956319545,26.30341165828189,2857.731529053891,37.12986900942711,5158.277096614756,2.8073549220576046,0.25624421831637373,554,10,5.1,34.690000000000005,51
