group_id,g1,g2,g3,g4,g5,g6,g7,g8,g9,g10,g11,g12,g13,g14
22211,,16.053784982954717,225.22164044002238,228.41418125149713,1813115.6922278097,441.1460830232777,3543784.969005046,2.94770277922009,0.17777777777777778,368,10,5.9,9.29,59
