group_id,g1,g2,g3,g4,g5,g6,g7,g8,g9,g10,g11,g12,g13,g14
22211,,11.352924809974752,104.8173608066565,10.578473013959831,77.0566036791348,10.611144994503174,54.43805874146766,3.321928094887362,0.14855072463768115,82,10,2.8,3.160000000000001,28
