group_id,g1,g2,g3,g4,g5,g6,g7,g8,g9,g10,g11,g12,g13,g14
22211,,20.40721704879783,135.9415416363425,17.38764882032041,148.95989431380724,14.611995011584304,133.33517499392602,3.169925001442312,0.3649193548387097,362,10,4.1,23.890000000000004,41
