group_id,g1,g2,g3,g4,g5,g6,g7,g8,g9,g10,g11,g12,g13,g14
22211,,10.428785810590169,69.30015108006496,38.0205691331058,15806.969609885182,64.81623838343104,29308.33872517213,3.169925001442312,0.3608156028368794,814,10,5.2,59.55999999999999,52
