group_id,g1,g2,g3,g4,g5,g6,g7,g8,g9,g10,g11,g12,g13,g14
22211,,17.657310756483525,62.02162759858243,71.08605792522984,37366.85334462395,122.7628519137832,67856.21135624523,2.94770277922009,0.322463768115942,178,10,4.0,7.800000000000001,40
