group_id,g1,g2,g3,g4,g5,g6,g7,g8,g9,g10,g11,g12,g13,g14
22211,,14.313168000363264,70.62650695714976,388.1013057533252,1955839.2917211587,753.7559907285957,3623531.398294098,3.169925001442312,0.16883116883116883,78,10,2.7,3.209999999999999,27
