group_id,g1,g2,g3,g4,g5,g6,g7,g8,g9,g10,g11,g12,g13,g14
22211,,18.813040531647406,209.55496432375236,13.769389310222104,150.4821958112503,9.011113977022541,87.78677547705671,3.121928094887362,0.28752642706131076,544,10,4.8,36.160000000000004,48
