group_id,g1,g2,g3,g4,g5,g6,g7,g8,g9,g10,g11,g12,g13,g14
22211,,21.93528647647153,128.86182363524892,46.932841346223455,20701.357666320546,71.23211112837811,39837.40622124808,2.8073549220576046,0.25656565656565655,508,10,6.1,21.49000000000001,61
