group_id,g1,g2,g3,g4,g5,g6,g7,g8,g9,g10,g11,g12,g13,g14
22211,,10.952943785190415,47.30940553077997,310.98969835118845,1582421.0891769798,605.3908593748085,2966698.523984711,3.321928094887362,0.2830687830687831,214,10,2.8,16.36,28
