group_id,g1,g2,g3,g4,g5,g6,g7,g8,g9,g10,g11,g12,g13,g14
22211,,27.21097835065135,225.47474329256715,129.2675845409814,141710.69393131376,228.08631294777877,264564.0441570755,3.169925001442312,0.2753623188405797,570,10,5.6,31.44,56
