group_id,g1,g2,g3,g4,g5,g6,g7,g8,g9,g10,g11,g12,g13,g14
22211,,20.369787485082295,143.27415657610578,42.751323031079025,18851.23495997294,64.37283946782199,36383.75952187655,3.0,0.2220408163265306,544,10,6.4,21.039999999999992,64
