group_id,g1,g2,g3,g4,g5,g6,g7,g8,g9,g10,g11,g12,g13,g14
22211,,21.912810288894086,138.5197819138363,18.16905284051712,168.47161587665073,11.745301849031055,102.27001547445616,3.321928094887362,0.19298245614035087,66,10,2.3,3.610000000000001,23
