group_id,g1,g2,g3,g4,g5,g6,g7,g8,g9,g10,g11,g12,g13,g14
22211,,17.72386587227663,131.04507619385964,51.177255942763765,33094.31129291679,85.55010074927151,64379.32754180881,3.121928094887362,0.2621082621082621,184,10,3.4,10.440000000000001,34
