group_id,g1,g2,g3,g4,g5,g6,g7,g8,g9,g10,g11,g12,g13,g14
22211,,28.023363055599585,207.9222351034847,23.41537042821066,250.67381638917777,11.944013114566856,75.36464783096554,3.321928094887362,0.39920948616600793,202,10,2.8,15.760000000000002,28
