group_id,g1,g2,g3,g4,g5,g6,g7,g8,g9,g10,g11,g12,g13,g14
22211,,12.053382249541244,175.83987648416573,90.20587695399057,135922.83255908007,168.6552113916452,263259.06801559264,3.0,0.31795946890286514,910,10,6.5,56.25,65
