group_id,g1,g2,g3,g4,g5,g6,g7,g8,g9,g10,g11,g12,g13,g14
22211,,19.53355266528373,231.41890079790716,27.889731087367732,9278.313583690351,36.34410037292091,18158.842159045496,3.121928094887362,0.5049833887043189,912,10,4.9,72.49,49
