group_id,g1,g2,g3,g4,g5,g6,g7,g8,g9,g10,g11,g12,g13,g14
22211,,17.53781735173838,139.05594429801795,234.0845302653446,1166485.731008387,448.59337804582344,2231058.083743074,3.1219280948873624,0.24039829302987198,338,10,3.9,22.490000000000002,39
