group_id,g1,g2,g3,g4,g5,g6,g7,g8,g9,g10,g11,g12,g13,g14
22211,,17.328030262637938,290.17829473838435,27.104691766290276,7012.883788139109,37.54582328460741,13559.671908737118,3.169925001442312,0.15476190476190477,364,10,5.2,14.559999999999999,52
