group_id,g1,g2,g3,g4,g5,g6,g7,g8,g9,g10,g11,g12,g13,g14
22211,,12.988230863083826,168.35061414302118,48.97982302864634,24723.879761499153,84.69716638900238,45956.79277314484,2.8073549220576046,0.20974025974025973,646,10,7.1,22.290000000000006,71
