group_id,g1,g2,g3,g4,g5,g6,g7,g8,g9,g10,g11,g12,g13,g14
22211,,18.367019379506726,141.75170417551465,34.45003241158997,6556.371376477906,51.98457155513692,12345.630456967108,2.584962500721156,0.47044334975369456,382,10,6.2,19.359999999999992,62
