group_id,g1,g2,g3,g4,g5,g6,g7,g8,g9,g10,g11,g12,g13,g14
22211,,15.353398004343106,109.46392151847428,60.26818526981219,26116.192444242257,100.95244336298637,45618.83535893663,3.321928094887362,0.26045883940620784,386,10,4.6,22.240000000000002,46
