group_id,g1,g2,g3,g4,g5,g6,g7,g8,g9,g10,g11,g12,g13,g14
22211,,10.520384671212424,148.9357175281914,45.91186736921494,10112.48398468995,79.29783029990075,17738.5383636448,2.4056390622295662,0.2523809523809524,106,10,3.1,4.289999999999999,31
