group_id,g1,g2,g3,g4,g5,g6,g7,g8,g9,g10,g11,g12,g13,g14
22211,,16.37078240407743,117.64512127061676,49.577509466282976,50719.58450920933,83.8620228800941,99611.38478425126,3.169925001442312,0.22267206477732793,330,10,5.0,13.399999999999999,50
