group_id,g1,g2,g3,g4,g5,g6,g7,g8,g9,g10,g11,g12,g13,g14
2225951,,3.991270297385404,12.785656285830502,35.272031191538474,23735.62004390034,62.88612403645677,46255.40749879557,1.5,0.5232653061224489,1282,10,14.4,17.039999999999992,144
