group_id,g1,g2,g3,g4,g5,g6,g7,g8,g9,g10,g11,g12,g13,g14
2225951,,2.0079852581019697,0.8192306555022704,11.676822187115267,309.510762687496,18.377311226444387,575.219001603673,1.584962500721156,0.575075075075075,766,10,11.7,18.410000000000025,117
