group_id,g1,g2,g3,g4,g5,g6,g7,g8,g9,g10,g11,g12,g13,g14
2225951,,5.223600215421305,4.564791206060935,35.18719029948414,24238.869442239666,63.9237923545877,47094.788205755816,2.584962500721156,0.5620748299319728,1322,10,14.3,31.810000000000002,143
