group_id,g1,g2,g3,g4,g5,g6,g7,g8,g9,g10,g11,g12,g13,g14
222639,,0,0,0,0,325.3096659368454,1057252.6845676056,0,0.3078078078078078,410,10,0.0,0.0,0
