group_id,g1,g2,g3,g4,g5,g6,g7,g8,g9,g10,g11,g12,g13,g14
223574,,0,0,0,0,238.00156277576218,293067.00886101957,0,0.5132275132275133,388,10,0.0,0.0,0
