group_id,g1,g2,g3,g4,g5,g6,g7,g8,g9,g10,g11,g12,g13,g14
225184,,9.556135054565981,79.90475253346676,10.756701634267385,24.522342344400045,8.038510230979126,10.332336775819158,0.9709505944546686,0.6666666666666666,4,10,1.2,0.16000000000000014,12
