group_id,g1,g2,g3,g4,g5,g6,g7,g8,g9,g10,g11,g12,g13,g14
225184,,0,0,0,0,11.9216859375156,58.51322979990107,0,0.7333333333333333,22,10,1.6,1.4399999999999995,16
