group_id,g1,g2,g3,g4,g5,g6,g7,g8,g9,g10,g11,g12,g13,g14
225184,,8.609915579603085,59.20351178369441,11.431231790226562,59.512314218964974,12.472119473748323,74.1942253116072,1.5709505944546684,0.28888888888888886,26,10,1.9,0.8900000000000001,19
