group_id,g1,g2,g3,g4,g5,g6,g7,g8,g9,g10,g11,g12,g13,g14
225184,,3.1653289835013596,4.484631746091615,4.449814058090302,10.708128744546858,4.598928414226148,18.653797674330775,1.5709505944546684,0.41818181818181815,46,10,2.2,2.3599999999999994,22
