group_id,g1,g2,g3,g4,g5,g6,g7,g8,g9,g10,g11,g12,g13,g14
225184,,11.647641189747464,72.00594651622978,9.920122728207565,23.834955227705805,4.18955618989178,0.0,1.5709505944546684,1.0,2,10,1.1,0.08999999999999986,11
