group_id,g1,g2,g3,g4,g5,g6,g7,g8,g9,g10,g11,g12,g13,g14
226514,,0,0,0,0,120.19066668552396,143394.5039151378,0,0.5435413642960812,1498,10,14.7,36.210000000000036,147
