group_id,g1,g2,g3,g4,g5,g6,g7,g8,g9,g10,g11,g12,g13,g14
227397,,37.315455265821576,862.481822871141,134.43351277011905,579726.1749303227,228.23110763971962,1135606.038738335,2.5,0.30455966170251886,6626,10,27.6,61.63999999999987,276
