group_id,g1,g2,g3,g4,g5,g6,g7,g8,g9,g10,g11,g12,g13,g14
2286601,,0,0,0,0,678.7408286356048,3870874.9450261416,0,0.45064935064935063,1388,10,0.0,0.0,0
