group_id,g1,g2,g3,g4,g5,g6,g7,g8,g9,g10,g11,g12,g13,g14
2286601,,0,0,0,0,198.01061957914894,118127.61898228858,0,0.9333333333333333,224,10,0.0,0.0,0
