group_id,g1,g2,g3,g4,g5,g6,g7,g8,g9,g10,g11,g12,g13,g14
229690,,18.866071022363837,92.50035661172132,83.1262584155091,50024.88805210646,142.54057866864747,96520.38027053123,2.4193819456463714,0.41625615763546797,338,10,7.1,7.890000000000001,71
