group_id,g1,g2,g3,g4,g5,g6,g7,g8,g9,g10,g11,g12,g13,g14
229690,,18.01618733916038,123.77964120135027,45.843037596737275,11749.570753357608,62.79350186616939,22538.389977068735,2.5219280948873624,0.4039408866995074,328,10,7.3,4.410000000000004,73
