group_id,g1,g2,g3,g4,g5,g6,g7,g8,g9,g10,g11,g12,g13,g14
2330801,,0.30072291033676823,0.22142280140558293,9.275892675671486,90.68909016433459,13.391795591038562,101.17811618996248,1.3567796494470397,0.8161764705882353,222,10,9.8,2.9599999999999795,98
