group_id,g1,g2,g3,g4,g5,g6,g7,g8,g9,g10,g11,g12,g13,g14
2380631,,0.0,0.0,410.2432421469502,1623986.1360046905,817.8277576435148,2920544.9332799832,0.0,0.2909090909090909,32,10,2.1,1.0899999999999999,21
