group_id,g1,g2,g3,g4,g5,g6,g7,g8,g9,g10,g11,g12,g13,g14
2380631,,0.0,0.0,35.96458293781565,20867.557260013018,69.10542466287527,39811.828018958,0.0,0.20948616600790515,106,10,3.7,1.6099999999999994,37
