group_id,g1,g2,g3,g4,g5,g6,g7,g8,g9,g10,g11,g12,g13,g14
243079,,1.9267482043856086,1.7022707994025397,3.1705524841387933,1.5210565429732839,3.288448191075784,3.0179853388098206,1.7609640474436812,1.0,6,10,1.1,0.48999999999999977,11
