group_id,g1,g2,g3,g4,g5,g6,g7,g8,g9,g10,g11,g12,g13,g14
243079,,1.927523163950934,1.645229168064843,162.84885726813405,205011.2516744325,323.36204932199865,359297.2150524759,1.8464393446710154,0.5,36,10,2.0,2.2,20
