group_id,g1,g2,g3,g4,g5,g6,g7,g8,g9,g10,g11,g12,g13,g14
243079,,1.9267482043856086,1.7022707994025397,9.15646526180115,120.36134152587718,15.236023656357341,157.07228773976266,1.7609640474436812,0.6,12,10,1.6,0.8399999999999994,16
