group_id,g1,g2,g3,g4,g5,g6,g7,g8,g9,g10,g11,g12,g13,g14
2445452,,1.3474880723174836,1.447598194023475,155.4692062128731,405548.07200542634,303.9961071107981,766895.4395107728,2.1609640474436813,0.4935897435897436,770,10,5.6,53.040000000000006,56
