group_id,g1,g2,g3,g4,g5,g6,g7,g8,g9,g10,g11,g12,g13,g14
24765,,0.0,0.0,6.993407424068013,44.2613395097549,8.942559115247812,90.90341316117674,0.0,0.5504032258064516,546,10,8.2,18.16000000000001,82
