group_id,g1,g2,g3,g4,g5,g6,g7,g8,g9,g10,g11,g12,g13,g14
24765,,0,0,0,0,58.94001237970846,34476.90836751162,0,0.45840071877807725,5102,10,0.0,0.0,0
