group_id,g1,g2,g3,g4,g5,g6,g7,g8,g9,g10,g11,g12,g13,g14
24765,,0,0,0,0,62.179930677472825,60647.135122885986,0,0.41304347826086957,5510,10,0.0,0.0,0
