group_id,g1,g2,g3,g4,g5,g6,g7,g8,g9,g10,g11,g12,g13,g14
24765,,5.884717231783772,53.78765464756775,65.5385445614858,62547.5389381483,122.60923754647114,118448.94581080286,1.7709505944546688,0.4108527131782946,3074,10,20.1,36.68999999999994,201
