group_id,g1,g2,g3,g4,g5,g6,g7,g8,g9,g10,g11,g12,g13,g14
24765,,0,0,0,0,8.154144605530968,104.15261050450535,0,0.5483870967741935,510,10,0.0,0.0,0
