group_id,g1,g2,g3,g4,g5,g6,g7,g8,g9,g10,g11,g12,g13,g14
2482482,,0,0,0,0,94.71279421067855,36973.16754746724,0,0.3547724399494311,4490,10,0.0,0.0,0
