group_id,g1,g2,g3,g4,g5,g6,g7,g8,g9,g10,g11,g12,g13,g14
2492342,,12.570893511507798,369.417575468191,53.346578407360376,8677.353645555831,94.90170311098889,12993.884638878348,2.94770277922009,0.6,12,10,1.7,0.6100000000000003,17
