group_id,g1,g2,g3,g4,g5,g6,g7,g8,g9,g10,g11,g12,g13,g14
250782,,19.250221963717177,86.62413091302273,76.10142074993091,183720.17359129386,131.75112133725176,361474.2767712459,3.321928094887362,0.31993787614055524,3296,10,18.9,62.8900000000001,189
