group_id,g1,g2,g3,g4,g5,g6,g7,g8,g9,g10,g11,g12,g13,g14
2510272,,0.6443408094672194,1.6607003149794854,76.2553813346298,121375.30197735135,147.34569000472726,227305.16261677598,0.4689955935892812,0.36198462613556953,1036,10,11.7,18.01000000000002,117
