group_id,g1,g2,g3,g4,g5,g6,g7,g8,g9,g10,g11,g12,g13,g14
2510272,,0,0,0,0,42.606442813847515,22288.03761611474,0,0.31009615384615385,1290,10,12.2,29.160000000000025,122
