group_id,g1,g2,g3,g4,g5,g6,g7,g8,g9,g10,g11,g12,g13,g14
251808,,78.9878921270218,8276.852863784403,44.231663838812445,4956.16074749737,7.380526884538915,72.83905409611765,2.5032583347756456,0.42483660130718953,130,10,3.3,7.01,33
