group_id,g1,g2,g3,g4,g5,g6,g7,g8,g9,g10,g11,g12,g13,g14
251808,,9.728717458947797,40.56026630228705,71.1809259840571,109839.67946810235,133.0370218473909,212164.78835872636,3.121928094887362,0.4091954022988506,356,10,6.2,11.159999999999997,62
