group_id,g1,g2,g3,g4,g5,g6,g7,g8,g9,g10,g11,g12,g13,g14
2527892,,0.0,0.0,73.62389979952385,83246.67033652008,128.86104255416768,163948.6233509489,0.0,0.4991596638655462,594,10,8.6,17.840000000000003,86
