group_id,g1,g2,g3,g4,g5,g6,g7,g8,g9,g10,g11,g12,g13,g14
253295,,1.0723542738095053,1.0635282702263933,100.56555806007549,108083.60289285838,192.45231726674768,200357.76295511395,1.8799649487271108,0.28737928737928736,1726,10,11.4,64.44,114
