group_id,g1,g2,g3,g4,g5,g6,g7,g8,g9,g10,g11,g12,g13,g14
25709,,9.473831955149338,121.87284181370887,230.0561190741099,576531.1481311178,442.711149910131,1083333.868088667,2.4056390622295662,0.44831591173054586,772,10,6.5,46.25,65
