group_id,g1,g2,g3,g4,g5,g6,g7,g8,g9,g10,g11,g12,g13,g14
25709,,3.7393917383931874,4.321713484056387,387.3842933508553,744221.878072833,697.100442414456,1158554.8028577082,2.8073549220576046,0.34992887624466573,492,10,6.3,22.410000000000004,63
