group_id,g1,g2,g3,g4,g5,g6,g7,g8,g9,g10,g11,g12,g13,g14
2622372,,0,0,0,0,80.00474364803254,62051.9470530777,0,0.4267123722465562,13444,10,0.0,0.0,0
