group_id,g1,g2,g3,g4,g5,g6,g7,g8,g9,g10,g11,g12,g13,g14
2622372,,12.455100080664822,78.08592778897275,35.577127167682356,21993.73494446665,58.3030519557317,42592.44488308602,3.121928094887362,0.3816588785046729,39204,10,74.7,296.8099999999995,747
