group_id,g1,g2,g3,g4,g5,g6,g7,g8,g9,g10,g11,g12,g13,g14
2622372,,0,0,0,0,58.65148587857018,44472.72762718167,0,0.4572672352523099,51470,10,0.0,0.0,0
