group_id,g1,g2,g3,g4,g5,g6,g7,g8,g9,g10,g11,g12,g13,g14
2622372,,23.01525452115186,545.4611449937372,74.93163595778933,126207.345097298,126.8116283347486,247436.29839451774,2.94770277922009,0.4306380386782397,16968,10,47.8,234.9600000000005,478
