group_id,g1,g2,g3,g4,g5,g6,g7,g8,g9,g10,g11,g12,g13,g14
2622372,,8.598860071638427,51.11911579529959,48.92160564034408,41934.384769997945,86.95942699080209,80678.16711680933,3.121928094887362,0.4275939991212102,13624,10,45.6,69.83999999999969,456
