group_id,g1,g2,g3,g4,g5,g6,g7,g8,g9,g10,g11,g12,g13,g14
2622372,,0,0,0,0,101.14235349787542,86059.19651914769,0,0.48657841514984373,10586,10,0.0,0.0,0
