group_id,g1,g2,g3,g4,g5,g6,g7,g8,g9,g10,g11,g12,g13,g14
26274,,0,0,0,0,86.85532655545312,51453.03674091748,0,0.5039322444041138,1666,10,0.0,0.0,0
