group_id,g1,g2,g3,g4,g5,g6,g7,g8,g9,g10,g11,g12,g13,g14
26274,,0,0,0,0,88.42640005942054,31336.36894140079,0,0.37735849056603776,1080,10,12.4,16.839999999999975,124
