group_id,g1,g2,g3,g4,g5,g6,g7,g8,g9,g10,g11,g12,g13,g14
264571,,20.506752527307206,1039.3709324442193,54.47895271360446,25945.436582145525,88.37813483041772,49569.49205699952,3.321928094887362,0.35798319327731093,426,10,5.5,20.65,55
