group_id,g1,g2,g3,g4,g5,g6,g7,g8,g9,g10,g11,g12,g13,g14
264571,,0,0,0,0,10.717561887092312,92.40801413011704,0,0.2545454545454545,28,10,0.0,0.0,0
