group_id,g1,g2,g3,g4,g5,g6,g7,g8,g9,g10,g11,g12,g13,g14
264571,,7.133452625974234,33.46205273694288,24.63998475530412,10802.121347240072,42.06122581899042,21064.476345667335,3.121928094887362,0.2606060606060606,516,10,7.6,8.440000000000005,76
