group_id,g1,g2,g3,g4,g5,g6,g7,g8,g9,g10,g11,g12,g13,g14
264571,,0,0,0,0,9.688413780546098,42.719225566140864,0,0.2833333333333333,68,10,0.0,0.0,0
