group_id,g1,g2,g3,g4,g5,g6,g7,g8,g9,g10,g11,g12,g13,g14
264571,,2173.478025411606,8517193.504303493,1249.369337716064,5844874.278883181,77.80648015893577,40764.53164278682,2.6464393446710153,0.1774891774891775,82,10,3.4,0.8400000000000016,34
