group_id,g1,g2,g3,g4,g5,g6,g7,g8,g9,g10,g11,g12,g13,g14
264571,,2.706666220014444,3.065970583475842,7.678850781893337,136.34925430146916,11.749079801075808,235.6967523838141,3.121928094887362,0.18745098039215685,478,10,6.6,12.040000000000006,66
