group_id,g1,g2,g3,g4,g5,g6,g7,g8,g9,g10,g11,g12,g13,g14
264571,,0,0,0,0,99.27791244595318,143755.19540032453,0,0.3282051282051282,512,10,0.0,0.0,0
