group_id,g1,g2,g3,g4,g5,g6,g7,g8,g9,g10,g11,g12,g13,g14
264571,,2.780000477211184,14.098313295196183,13.109245246291886,119.18025243329856,13.533946694936336,130.2784070936656,0.9219280948873623,0.5555555555555556,50,10,2.0,3.2,20
