group_id,g1,g2,g3,g4,g5,g6,g7,g8,g9,g10,g11,g12,g13,g14
264571,,0,0,0,0,122.87336952219266,136342.4958236062,0,0.3455680399500624,2768,10,0.0,0.0,0
