group_id,g1,g2,g3,g4,g5,g6,g7,g8,g9,g10,g11,g12,g13,g14
264571,,1223.3847557670886,5944280.100705766,617.0055580750845,3343203.0568750533,10.258470287070427,86.92933240149111,3.321928094887362,0.1935897435897436,302,10,5.8,5.359999999999999,58
