group_id,g1,g2,g3,g4,g5,g6,g7,g8,g9,g10,g11,g12,g13,g14
264571,,8.476722279107797,56.73958993818505,93.23832807925046,114222.55772860473,173.80125756773344,211125.1356643543,3.321928094887362,0.22596491228070176,1288,10,10.0,42.599999999999994,100
