group_id,g1,g2,g3,g4,g5,g6,g7,g8,g9,g10,g11,g12,g13,g14
265380,,7.849334217121752,23.340199159199607,40.642116341893654,24763.42978565369,72.28928291679286,47488.377250995225,3.169925001442312,0.29915581793358076,31114,10,54.7,594.0099999999998,547
