group_id,g1,g2,g3,g4,g5,g6,g7,g8,g9,g10,g11,g12,g13,g14
265380,,0,0,0,0,477.05715076149374,2685374.484975509,0,0.40306513409961686,8416,10,0.0,0.0,0
