group_id,g1,g2,g3,g4,g5,g6,g7,g8,g9,g10,g11,g12,g13,g14
265380,,0,0,0,0,135.20458005367877,170433.27907084028,0,0.4907563025210084,584,10,0.0,0.0,0
