group_id,g1,g2,g3,g4,g5,g6,g7,g8,g9,g10,g11,g12,g13,g14
268875,,6.008408107434127,55.03447042197846,30.45103121299873,6331.1837916242575,52.872712214735664,11618.468495254425,1.3567796494470397,0.6100840336134454,726,10,9.3,31.209999999999994,93
