group_id,g1,g2,g3,g4,g5,g6,g7,g8,g9,g10,g11,g12,g13,g14
268875,,3.2159892351748582,27.564607726500327,15.282544361423525,2001.0563316055761,25.66748314757977,3821.9625431744444,1.4466166676282082,0.6098484848484849,644,10,10.9,12.289999999999992,109
