group_id,g1,g2,g3,g4,g5,g6,g7,g8,g9,g10,g11,g12,g13,g14
268875,,0.30833884334075706,0.20109423042018512,5.010314734668201,20.007810469242717,7.389480391984219,29.540082164003877,0.9219280948873623,0.6277056277056277,290,10,8.1,6.489999999999995,81
