group_id,g1,g2,g3,g4,g5,g6,g7,g8,g9,g10,g11,g12,g13,g14
268875,,0.536729838474482,0.25206905457023826,80.82792186959429,108749.06683929851,158.97361187439319,208917.2356271855,0.9709505944546686,0.41005291005291006,310,10,6.4,5.839999999999989,64
