group_id,g1,g2,g3,g4,g5,g6,g7,g8,g9,g10,g11,g12,g13,g14
268875,,5.115830992627006,31.610707837703092,18.84815444850046,2781.5819949829074,31.719564746459405,5356.17445029394,1.3567796494470397,0.7707509881422925,390,10,6.7,20.409999999999997,67
