group_id,g1,g2,g3,g4,g5,g6,g7,g8,g9,g10,g11,g12,g13,g14
268875,,6.07204670693288,25.38401873902457,33.776349159726024,9586.332936203744,58.93405917940704,17396.407249076547,1.3516441151533922,0.6666666666666666,140,10,4.7,6.009999999999998,47
