group_id,g1,g2,g3,g4,g5,g6,g7,g8,g9,g10,g11,g12,g13,g14
268875,,0.8935445321946749,2.0601569522095904,61.164747782446206,32386.135726096218,117.008669691373,57943.945635270895,1.3567796494470397,0.6353276353276354,446,10,8.5,13.450000000000003,85
