group_id,g1,g2,g3,g4,g5,g6,g7,g8,g9,g10,g11,g12,g13,g14
268875,,2.2013350447813047,3.820469675660811,5.838800925831701,36.30309737873192,9.009398657060949,67.0467319537741,1.4854752972273344,0.4166666666666667,30,10,2.2,1.5599999999999996,22
