group_id,g1,g2,g3,g4,g5,g6,g7,g8,g9,g10,g11,g12,g13,g14
268875,,0.42659832469958925,0.30482781210269216,52.42962862147455,80333.94269419942,102.3579067516828,155408.99573912547,0.9219280948873623,0.5255255255255256,700,10,9.0,24.799999999999997,90
