group_id,g1,g2,g3,g4,g5,g6,g7,g8,g9,g10,g11,g12,g13,g14
268875,,0.35781989231632133,0.23206357404879066,16.845020125006567,3469.050700990664,31.99769910491585,6456.015650344325,0.7219280948873623,0.5555555555555556,190,10,5.5,9.450000000000003,55
