group_id,g1,g2,g3,g4,g5,g6,g7,g8,g9,g10,g11,g12,g13,g14
268875,,3.5666983563261048,33.060768538992484,11.923026322139965,1717.5087959893647,19.819920455964493,3315.5526452696945,1.8799649487271108,0.3292847503373819,488,10,7.6,11.440000000000005,76
