group_id,g1,g2,g3,g4,g5,g6,g7,g8,g9,g10,g11,g12,g13,g14
268875,,3.2912045414128697,31.325590716271968,19.787936699239985,5253.940275835488,35.44813793224371,10032.800043608357,1.295461844238322,0.4656084656084656,352,10,7.3,8.21,73
