group_id,g1,g2,g3,g4,g5,g6,g7,g8,g9,g10,g11,g12,g13,g14
268875,,1.2541498037455567,2.5002622347289503,97.46916963625297,130809.7823148129,192.41477148414796,248781.58333039336,1.295461844238322,0.35968379446640314,182,10,5.4,3.239999999999995,54
