group_id,g1,g2,g3,g4,g5,g6,g7,g8,g9,g10,g11,g12,g13,g14
268875,,0.3784839552449431,0.22758630931692894,14.23488953632902,2296.4656110788083,25.809626827985056,4362.154494801646,0.9864267287308424,0.6182266009852216,502,10,8.8,15.959999999999994,88
