group_id,g1,g2,g3,g4,g5,g6,g7,g8,g9,g10,g11,g12,g13,g14
2692682,,6.627469724633481,90.86745432609443,52.31613049703887,63984.615561647595,97.0159471715846,124479.61061513222,2.197159723424149,0.4246207332490518,5374,10,25.0,108.79999999999995,250
