group_id,g1,g2,g3,g4,g5,g6,g7,g8,g9,g10,g11,g12,g13,g14
2692682,,0.3396468532562723,0.2008453198537027,144.73150402211868,538263.3955079059,287.1211567778761,1036593.914149478,1.3567796494470394,0.5714285714285714,432,10,9.4,7.039999999999992,94
