group_id,g1,g2,g3,g4,g5,g6,g7,g8,g9,g10,g11,g12,g13,g14
271834,,0,0,0,0,180.20770010997876,404082.0907584286,0,0.4129353233830846,7470,10,34.0,15.400000000000091,340
