group_id,g1,g2,g3,g4,g5,g6,g7,g8,g9,g10,g11,g12,g13,g14
2728712,,9.946186700084674,86.56080113882379,190.93440375987439,269316.4972890026,363.22414507722533,477964.2608441467,0.9709505944546686,0.6985294117647058,190,10,6.3,7.609999999999999,63
