group_id,g1,g2,g3,g4,g5,g6,g7,g8,g9,g10,g11,g12,g13,g14
275595,,20.044572874676874,202.86996270467665,18.393444283409842,182.44642975725822,15.00133362026126,158.09503552816028,2.94770277922009,0.33509513742071884,634,10,7.6,22.04,76
