group_id,g1,g2,g3,g4,g5,g6,g7,g8,g9,g10,g11,g12,g13,g14
275595,,16.414435435567707,207.14563295688743,29.839102120262233,8849.47770060097,42.24207341919327,17375.98295056221,2.725480556997868,0.25870954442383015,2510,10,15.5,54.64999999999998,155
