group_id,g1,g2,g3,g4,g5,g6,g7,g8,g9,g10,g11,g12,g13,g14
275595,,20.333172470763884,211.96840542495016,52.66656020793192,54912.2222561748,83.51890998627668,108679.4848373315,2.128085278891395,0.31447963800904977,834,10,9.5,15.25,95
