group_id,g1,g2,g3,g4,g5,g6,g7,g8,g9,g10,g11,g12,g13,g14
2823002,,3.854616292398631,5.411067525253342,4.746166478169309,9.986791960224998,5.937243684703272,14.999076347369034,3.321928094887362,0.2967032967032967,54,10,2.3,2.610000000000001,23
