group_id,g1,g2,g3,g4,g5,g6,g7,g8,g9,g10,g11,g12,g13,g14
2841532,,0.0,0.0,64.37892799398713,72406.33329809597,119.33537065472072,141020.624391416,0.0,0.39090909090909093,774,10,9.9,16.689999999999998,99
