group_id,g1,g2,g3,g4,g5,g6,g7,g8,g9,g10,g11,g12,g13,g14
2841532,,1.2096035101477451,1.463140651761749,101.83910349263384,97994.05388245835,188.51661776043173,175251.6203491786,0.9182958340544896,0.6303284416491963,1804,10,18.2,81.36000000000007,182
