group_id,g1,g2,g3,g4,g5,g6,g7,g8,g9,g10,g11,g12,g13,g14
2843732,,1.864664334785507,2.399148640048275,1.38240115709891,1.6477974172789314,0.8727212092323041,0.08772575167564367,3.121928094887362,1.0,6,10,0.3,0.81,3
