group_id,g1,g2,g3,g4,g5,g6,g7,g8,g9,g10,g11,g12,g13,g14
2843732,,0,0,0,0,74.23419478908552,45508.80781686523,0,0.42105263157894735,160,10,0.0,0.0,0
