group_id,g1,g2,g3,g4,g5,g6,g7,g8,g9,g10,g11,g12,g13,g14
287988,,2.922132433053125,6.835394180986302,181.53755285637894,1310366.3194775002,356.32277464572394,2559044.092795172,1.5487949406953985,0.43601190476190477,1758,10,12.2,68.96000000000004,122
