group_id,g1,g2,g3,g4,g5,g6,g7,g8,g9,g10,g11,g12,g13,g14
288361,,0,0,0,0,142.9241988906329,175785.00594343833,0,0.45022468939994714,17032,10,0.0,0.0,0
