group_id,g1,g2,g3,g4,g5,g6,g7,g8,g9,g10,g11,g12,g13,g14
289172,,0.0,0.0,87.43765946995043,100567.96126216819,171.26790024169043,187520.5674099918,0.0,0.5561877667140825,782,10,7.1,44.89,71
