group_id,g1,g2,g3,g4,g5,g6,g7,g8,g9,g10,g11,g12,g13,g14
2918422,,0.7790201985312339,0.6747351485692658,100.02263255345153,125031.75654919176,195.74278701928583,238855.74219300822,2.3219280948873626,0.44,286,10,7.0,3.0,70
