group_id,g1,g2,g3,g4,g5,g6,g7,g8,g9,g10,g11,g12,g13,g14
2918422,,3.6574554167196736,12.920431328477802,213.45595015632503,735320.1565376276,412.81793814519665,1366800.4707604258,2.4464393446710155,0.4363233665559247,788,10,10.0,20.599999999999994,100
