group_id,g1,g2,g3,g4,g5,g6,g7,g8,g9,g10,g11,g12,g13,g14
2940172,,5.455546762378452,46.444866885936165,213.78759253017373,1466626.5615943386,412.30269012348606,2845035.6207804773,1.1567796494470395,0.29805194805194807,918,10,9.8,21.359999999999985,98
