group_id,g1,g2,g3,g4,g5,g6,g7,g8,g9,g10,g11,g12,g13,g14
294982,,0,0,0,0,497.7396643252162,547668.314103693,0,0.5555555555555556,390,10,0.0,0.0,0
