group_id,g1,g2,g3,g4,g5,g6,g7,g8,g9,g10,g11,g12,g13,g14
295479,,8.798198262678788,26.630832756201585,38.525813445835205,23587.296384914873,67.19202659820685,45148.83531992665,3.169925001442312,0.5396682293544898,29930,10,55.9,1322.2900000000004,559
