group_id,g1,g2,g3,g4,g5,g6,g7,g8,g9,g10,g11,g12,g13,g14
295479,,5.550652823118833,15.397129447197688,32.078788387135106,10681.50929074551,56.09753128894103,19742.28915000584,2.8464393446710154,0.5155195681511471,764,10,10.0,22.0,100
