group_id,g1,g2,g3,g4,g5,g6,g7,g8,g9,g10,g11,g12,g13,g14
295479,,6.37293587163009,15.909273918924029,16.559763505487567,1401.7722718573407,25.65083185371106,2642.9282691748876,2.6464393446710153,0.38095238095238093,688,10,9.2,16.960000000000008,92
