group_id,g1,g2,g3,g4,g5,g6,g7,g8,g9,g10,g11,g12,g13,g14
295479,,4.988795888833433,10.504675496401358,66.56053697062407,81211.77112712584,125.39895934091004,154384.2587100002,2.4193819456463714,0.42798963346908553,2312,10,18.2,17.160000000000025,182
