group_id,g1,g2,g3,g4,g5,g6,g7,g8,g9,g10,g11,g12,g13,g14
295479,,8.817091237456001,79.68325619441886,16.9279061670531,1280.1933615382027,24.288070606806254,2394.0678564537143,1.9182958340544893,0.6179463459759482,1336,10,12.3,59.00999999999999,123
