group_id,g1,g2,g3,g4,g5,g6,g7,g8,g9,g10,g11,g12,g13,g14
295479,,4.689424154943586,9.008162181873033,31.625531448035026,10456.75254416367,55.44794401454302,19249.725746864176,2.4193819456463714,0.47692307692307695,744,10,9.7,20.41000000000001,97
