group_id,g1,g2,g3,g4,g5,g6,g7,g8,g9,g10,g11,g12,g13,g14
2975342,,0.0,0.0,122.32312447394158,185245.97430567918,233.8440427593415,330997.475018663,0.0,0.5985221674876847,486,10,10.6,6.439999999999998,106
