group_id,g1,g2,g3,g4,g5,g6,g7,g8,g9,g10,g11,g12,g13,g14
2975342,,1.5091497123109059,0.0,47.56867224892712,17654.2938121688,90.22480960315525,31379.05203730974,1.0,0.8333333333333334,110,10,5.8,2.960000000000001,58
