group_id,g1,g2,g3,g4,g5,g6,g7,g8,g9,g10,g11,g12,g13,g14
2975342,,0.6036598849243624,0.5466078850003415,118.08885877011622,172656.25579054764,232.70747652134355,324128.1986899107,0.7219280948873623,0.52046783625731,178,10,5.9,3.489999999999995,59
