group_id,g1,g2,g3,g4,g5,g6,g7,g8,g9,g10,g11,g12,g13,g14
2975342,,0,0,0,0,78.30671395658408,27845.82068268455,0,0.6153846153846154,112,10,0.0,0.0,0
