group_id,g1,g2,g3,g4,g5,g6,g7,g8,g9,g10,g11,g12,g13,g14
2975342,,3252.5286633454903,9256574.867648505,3662.3070503636886,8913325.352090728,9.00754613715587,34.50006279160657,0.9709505944546686,0.45714285714285713,192,10,6.1,3.490000000000009,61
