group_id,g1,g2,g3,g4,g5,g6,g7,g8,g9,g10,g11,g12,g13,g14
2975342,,0.0,0.0,6100.9870512194375,11.39233524352312,8.084781538557658,23.70184406397823,0.0,0.3742690058479532,128,10,4.8,2.7600000000000016,48
