group_id,g1,g2,g3,g4,g5,g6,g7,g8,g9,g10,g11,g12,g13,g14
2988212,,3.8569561473349165,15.245887193189237,261.72061263336025,1160593.9538770146,504.23531362586164,2128591.211845004,1.5709505944546687,0.2777777777777778,550,10,6.6,20.84000000000001,66
