group_id,g1,g2,g3,g4,g5,g6,g7,g8,g9,g10,g11,g12,g13,g14
300195,,21.693371348713125,336.18611488348637,175.86613118434974,263223.05008936586,311.67002541915673,453932.3586760016,2.725480556997868,0.6203208556149733,696,10,9.9,27.89,99
