group_id,g1,g2,g3,g4,g5,g6,g7,g8,g9,g10,g11,g12,g13,g14
300195,,1.524786911320525,2.034353234317587,37.71353447056642,26978.89757916251,70.736007775948,52611.08850529073,0.9709505944546686,0.3031674208144796,804,10,9.8,24.159999999999982,98
