group_id,g1,g2,g3,g4,g5,g6,g7,g8,g9,g10,g11,g12,g13,g14
300195,,1.8187182547491585,11.577076315552384,114.54307417229211,264162.10134212096,219.41365387919302,510893.40031463804,0.5032583347756457,0.48644688644688644,5312,10,30.1,97.68999999999994,301
