group_id,g1,g2,g3,g4,g5,g6,g7,g8,g9,g10,g11,g12,g13,g14
300195,,5.154118814205651,11.962028783806204,230.55871085213948,750139.0949783394,443.5849708272413,1410582.7929814258,1.7609640474436812,0.4096579476861167,2036,10,12.4,96.63999999999999,124
