group_id,g1,g2,g3,g4,g5,g6,g7,g8,g9,g10,g11,g12,g13,g14
300195,,0.0,0.0,72.9253271616487,69026.86488514785,139.26923761836403,129027.53569687376,0.0,0.327582579423522,3114,10,16.0,114.39999999999998,160
