group_id,g1,g2,g3,g4,g5,g6,g7,g8,g9,g10,g11,g12,g13,g14
300195,,6.10537149142746,7.609898854712419,104.83736986116018,256241.53172953852,200.94231012341194,493303.5438848995,1.9219280948873623,0.30009920634920634,1210,10,10.1,44.49000000000001,101
