group_id,g1,g2,g3,g4,g5,g6,g7,g8,g9,g10,g11,g12,g13,g14
300195,,0.0,0.0,65.60755163727463,79949.13541255532,126.13111565396338,153410.92272047678,0.0,0.24425770308123249,1744,10,10.9,72.28999999999999,109
