group_id,g1,g2,g3,g4,g5,g6,g7,g8,g9,g10,g11,g12,g13,g14
300195,,5.246900611888828,110.11986412415749,138.07649550808443,563838.7725991422,263.3724003492556,1094909.9502793807,0.4689955935892812,0.39398326898326896,4898,10,20.7,183.01000000000005,207
