group_id,g1,g2,g3,g4,g5,g6,g7,g8,g9,g10,g11,g12,g13,g14
3011542,,0.5312493568035447,0.07751922558482222,86.34057407906559,51302.13145885091,169.80440120755762,93891.41119734231,2.7219280948873625,0.5735294117647058,156,10,4.7,6.809999999999995,47
