group_id,g1,g2,g3,g4,g5,g6,g7,g8,g9,g10,g11,g12,g13,g14
3033832,,0.22480082863579473,0.20214165022135966,86.72223836321382,280356.318047457,171.19207560760137,544627.020191877,0.4689955935892812,0.2818181818181818,868,10,10.3,6.2099999999999795,103
