group_id,g1,g2,g3,g4,g5,g6,g7,g8,g9,g10,g11,g12,g13,g14
3037222,,11.175612290485335,36.19359942539705,78.87185043466796,59348.943458917434,136.03020987654972,106138.23398489518,2.846439344671015,0.36645236703682055,1254,10,11.7,31.410000000000025,117
