group_id,g1,g2,g3,g4,g5,g6,g7,g8,g9,g10,g11,g12,g13,g14
309424,,0,0,0,0,73.80976971904947,33290.34378069338,0,0.1111111111111111,38,10,2.3,0.8100000000000005,23
