group_id,g1,g2,g3,g4,g5,g6,g7,g8,g9,g10,g11,g12,g13,g14
309424,,0,0,0,0,267.0507427930321,536645.2036942978,0,0.29590017825311943,332,10,6.8,3.960000000000008,68
