group_id,g1,g2,g3,g4,g5,g6,g7,g8,g9,g10,g11,g12,g13,g14
309424,,0,0,0,0,216.32693247675238,99969.23131725407,0,0.3137254901960784,96,10,3.1,3.6899999999999995,31
