group_id,g1,g2,g3,g4,g5,g6,g7,g8,g9,g10,g11,g12,g13,g14
309424,,0,0,0,0,290.2317385725766,681739.1695589274,0,0.38596491228070173,132,10,3.9,6.090000000000002,39
