group_id,g1,g2,g3,g4,g5,g6,g7,g8,g9,g10,g11,g12,g13,g14
309424,,6.934374461651673,28.822406622382815,7.203028170932883,20.31425765113932,5.078349628556074,12.6259590906044,1.6854752972273344,0.45614035087719296,156,10,4.1,5.690000000000001,41
