group_id,g1,g2,g3,g4,g5,g6,g7,g8,g9,g10,g11,g12,g13,g14
3142922,,35.721943890832684,279.42586227438983,25.823217252587014,410.9881489662754,17.39187276191185,201.61869911302364,1.584962500721156,0.3660130718954248,112,10,3.8,3.360000000000001,38
