group_id,g1,g2,g3,g4,g5,g6,g7,g8,g9,g10,g11,g12,g13,g14
3169922,,1.6059712274051632,2.2898501104892746,4.414303831788925,35.57080072851278,6.267479579388527,56.45669902839639,2.3709505944546683,0.48997668997668997,2102,10,14.1,81.29000000000002,141
