group_id,g1,g2,g3,g4,g5,g6,g7,g8,g9,g10,g11,g12,g13,g14
3169922,,1.829049766318191,2.8896609092773513,5.94978940281362,64.92990515618811,7.939567121646896,108.54825007588848,1.7709505944546688,0.4200411805078929,3672,10,22.3,52.60999999999996,223
