group_id,g1,g2,g3,g4,g5,g6,g7,g8,g9,g10,g11,g12,g13,g14
3172252,,0.5076553550307414,0.0786607645448204,80.09810811269797,172817.9172122168,156.28679444395465,335971.77216575353,3.121928094887362,0.3937741422403999,10398,10,24.5,537.8499999999999,245
