group_id,g1,g2,g3,g4,g5,g6,g7,g8,g9,g10,g11,g12,g13,g14
3186162,,27.817233126377285,861.3274614224981,20.498805425078945,494.041536623587,14.05981139653954,130.84899141403505,2.4193819456463714,0.4174603174603175,526,10,8.1,20.090000000000003,81
