group_id,g1,g2,g3,g4,g5,g6,g7,g8,g9,g10,g11,g12,g13,g14
3186162,,11.488814715525464,23.562310719845044,71.64645434436042,53407.595536614215,125.58749925459146,102816.20239794908,1.9219280948873623,0.6862745098039216,210,10,5.3,12.41,53
