group_id,g1,g2,g3,g4,g5,g6,g7,g8,g9,g10,g11,g12,g13,g14
3186162,,25.285906571253996,679.307518851857,19.23485591526421,440.7390910087792,12.890037128318644,98.58882147039498,2.4193819456463714,0.6182336182336182,434,10,8.9,11.689999999999998,89
