group_id,g1,g2,g3,g4,g5,g6,g7,g8,g9,g10,g11,g12,g13,g14
3189652,,4.44293597741228,29.739429112935518,16.716136479999143,1329.6942197515064,25.905357250342337,2528.1550891758916,2.1219280948873624,0.4578088578088578,1964,10,14.9,51.88999999999996,149
