group_id,g1,g2,g3,g4,g5,g6,g7,g8,g9,g10,g11,g12,g13,g14
3189652,,1.4752296980338153,1.9492114062774082,14.756320367545518,489.11015543695123,22.662848569795134,915.3916407270725,1.8464393446710154,0.3686635944700461,1440,10,14.4,12.439999999999998,144
