group_id,g1,g2,g3,g4,g5,g6,g7,g8,g9,g10,g11,g12,g13,g14
322734,,6.214272343806972,37.967288330638986,240.49371969603794,615163.0974037457,466.00517697908606,1158681.6643362793,1.9609640474436814,0.2661290322580645,264,10,5.5,5.049999999999997,55
