group_id,g1,g2,g3,g4,g5,g6,g7,g8,g9,g10,g11,g12,g13,g14
322734,,9.036316071028153,44.20382758978049,175.88728486300215,656218.7232291352,341.41470136608706,1257364.6046080391,1.9609640474436814,0.29333333333333333,176,10,4.9,2.2899999999999956,49
