group_id,g1,g2,g3,g4,g5,g6,g7,g8,g9,g10,g11,g12,g13,g14
322734,,13.811683948785387,127.34085183820707,153.45938846197987,164068.22614026294,287.0251450601444,288947.4960292997,2.75,0.6,126,10,4.1,5.690000000000001,41
