group_id,g1,g2,g3,g4,g5,g6,g7,g8,g9,g10,g11,g12,g13,g14
322734,,1236.670320100445,5930925.180255091,653.1700899597764,3343152.405774062,73.68180686519126,55566.39735163018,2.6464393446710153,0.31724137931034485,276,10,5.3,8.610000000000003,53
