group_id,g1,g2,g3,g4,g5,g6,g7,g8,g9,g10,g11,g12,g13,g14
3237552,,5.45887184245348,19.047360527165637,9.802956727784684,38.607927484454294,13.007341918122842,61.696808383267665,1.3787834934861756,0.942684766214178,2500,10,23.1,213.28999999999996,231
