group_id,g1,g2,g3,g4,g5,g6,g7,g8,g9,g10,g11,g12,g13,g14
3237552,,0,0,0,0,13.007341918122842,61.69680838326761,0,0.9532428355957768,2528,10,0.0,0.0,0
