group_id,g1,g2,g3,g4,g5,g6,g7,g8,g9,g10,g11,g12,g13,g14
3277622,,0.0,0.0,2.8360397262489374,8.094249172894537,3.595741841705727,11.226563723254838,0.0,0.717948717948718,112,10,5.4,5.239999999999995,54
