group_id,g1,g2,g3,g4,g5,g6,g7,g8,g9,g10,g11,g12,g13,g14
3277622,,0.0,0.0,106.5278679869659,93635.3922645673,202.92493122376422,159177.4517415979,0.0,0.6666666666666666,228,10,8.6,1.440000000000012,86
