group_id,g1,g2,g3,g4,g5,g6,g7,g8,g9,g10,g11,g12,g13,g14
3333372,,7.170151698211318,61.14085232358691,8.98872125871124,85.85526750290465,11.295350631729457,110.98254311398412,3.169925001442312,0.3251231527093596,264,10,5.1,10.090000000000003,51
