group_id,g1,g2,g3,g4,g5,g6,g7,g8,g9,g10,g11,g12,g13,g14
3335752,,1.0704598866917807,2.076915418841827,4.686884320373865,1.958483742295524,7.047527061069659,6.576541033892482,0.7219280948873623,0.8333333333333334,10,10,2.3,0.21000000000000085,23
