group_id,g1,g2,g3,g4,g5,g6,g7,g8,g9,g10,g11,g12,g13,g14
3335752,,0.9038162214087971,1.0491719965838058,4.735915224783724,21.933756649953335,5.878103070876803,34.55209571185131,1.2987949406953985,0.6666666666666666,8,10,1.4,0.44000000000000017,14
