group_id,g1,g2,g3,g4,g5,g6,g7,g8,g9,g10,g11,g12,g13,g14
3335752,,0.9451068384913752,1.3671270665840876,7.450351672250172,27.986749507179752,7.914572438393533,20.357405274980465,0.9864267287308424,0.4,44,10,2.7,1.4099999999999984,27
