group_id,g1,g2,g3,g4,g5,g6,g7,g8,g9,g10,g11,g12,g13,g14
3362862,,1236.232280261197,5973203.624811129,628.0135417987084,3349969.7016627174,20.96223528131367,109.13246185690605,2.6464393446710153,0.6190476190476191,26,10,1.1,2.8899999999999997,11
