group_id,g1,g2,g3,g4,g5,g6,g7,g8,g9,g10,g11,g12,g13,g14
3362862,,10.754141259350048,181.43239161371375,25.09686343202526,2173.1543669888315,35.47870028487372,3747.2198928415964,1.7709505944546688,0.5151515151515151,238,10,5.9,7.089999999999996,59
