group_id,g1,g2,g3,g4,g5,g6,g7,g8,g9,g10,g11,g12,g13,g14
3362862,,6.818996030648165,39.439350251521574,87.76053567777173,115028.76091828571,162.25573445482982,222231.51873774303,2.6464393446710153,0.6413043478260869,354,10,3.4,33.040000000000006,34
