group_id,g1,g2,g3,g4,g5,g6,g7,g8,g9,g10,g11,g12,g13,g14
336377,,0,0,0,0,220.79373288224647,594666.9357739345,0,0.26010928961748636,952,10,0.0,0.0,0
