group_id,g1,g2,g3,g4,g5,g6,g7,g8,g9,g10,g11,g12,g13,g14
336377,,4.984672316022794,99.38783239249621,89.54203255006955,104442.01441861963,171.29796977704356,197956.4221588006,0.4689955935892812,0.21149425287356322,184,10,4.5,3.8500000000000014,45
