group_id,g1,g2,g3,g4,g5,g6,g7,g8,g9,g10,g11,g12,g13,g14
336377,,0,0,0,0,153.71769757413492,191898.0814085008,0,0.2746031746031746,346,10,0.0,0.0,0
