group_id,g1,g2,g3,g4,g5,g6,g7,g8,g9,g10,g11,g12,g13,g14
336429,,4.952271874084561,7.763420454068434,40.18581309907913,39287.362648167225,72.7809574776368,76657.88005978471,1.9219280948873623,0.5115341545352744,4568,10,22.4,134.8400000000001,224
