group_id,g1,g2,g3,g4,g5,g6,g7,g8,g9,g10,g11,g12,g13,g14
336429,,9.006996084080084,62.64697219317546,66.45757981333041,89409.14523197414,119.87595331747399,168820.44562027103,2.4056390622295662,0.44930347381414215,5096,10,22.6,159.63999999999993,226
