group_id,g1,g2,g3,g4,g5,g6,g7,g8,g9,g10,g11,g12,g13,g14
336429,,0,0,0,0,102.43082281386134,113106.45284263807,0,0.5283702213279678,2626,10,0.0,0.0,0
