group_id,g1,g2,g3,g4,g5,g6,g7,g8,g9,g10,g11,g12,g13,g14
336429,,4.8796670894562535,8.926322972439205,70.02615901965714,73435.08451641139,131.43103288450257,140009.39117900707,3.0,0.2717171717171717,538,10,7.6,9.640000000000008,76
