group_id,g1,g2,g3,g4,g5,g6,g7,g8,g9,g10,g11,g12,g13,g14
336429,,5.6997284652987,16.157848599433322,273.3882189672838,2031384.223248909,537.1434466322673,3951648.5272025205,3.121928094887362,0.5402439024390244,886,10,10.3,33.00999999999998,103
