group_id,g1,g2,g3,g4,g5,g6,g7,g8,g9,g10,g11,g12,g13,g14
3381752,,8.984462786730377,96.65448693816609,63.73885104750096,54709.9871619317,113.15713285688146,102879.1034700957,1.7527152789797047,0.33024976873265494,714,10,7.2,33.16,72
