group_id,g1,g2,g3,g4,g5,g6,g7,g8,g9,g10,g11,g12,g13,g14
3381752,,2.4223060812293435,12.324539645840641,14.067599349006985,63.472578495046406,18.625585648617065,128.8499018719308,1.1567796494470395,0.2502768549280177,452,10,6.3,13.810000000000002,63
