group_id,g1,g2,g3,g4,g5,g6,g7,g8,g9,g10,g11,g12,g13,g14
3381752,,4.298284155942738,9.72109304553117,79.74444215089994,99544.63363746919,150.2610579455961,189533.02120979934,1.7609640474436812,0.41534391534391535,314,10,5.9,11.29,59
