group_id,g1,g2,g3,g4,g5,g6,g7,g8,g9,g10,g11,g12,g13,g14
3423412,,0.018637152432012447,0.0013893738030962696,11.242536800826539,551.2714348888765,19.280868447678245,976.4648365050784,0.4689955935892812,0.22281639928698752,250,10,4.4,10.239999999999998,44
