group_id,g1,g2,g3,g4,g5,g6,g7,g8,g9,g10,g11,g12,g13,g14
3423412,,0.0,0.0,18.395774043565158,5170.283610630711,33.92483811594648,9858.801539902044,0.0,0.2591093117408907,384,10,5.2,20.56,52
