group_id,g1,g2,g3,g4,g5,g6,g7,g8,g9,g10,g11,g12,g13,g14
3423412,,0.0,0.0,27.0907701295529,11881.067878147334,49.339851525496115,22369.99074458322,0.0,0.2564102564102564,380,10,5.1,17.690000000000005,51
