group_id,g1,g2,g3,g4,g5,g6,g7,g8,g9,g10,g11,g12,g13,g14
3423412,,0.018637152432012447,0.0013893738030962696,42.718773434191746,49415.86418029414,80.6339029811943,96306.65756217444,0.4689955935892812,0.2675438596491228,854,10,6.8,46.760000000000005,68
