group_id,g1,g2,g3,g4,g5,g6,g7,g8,g9,g10,g11,g12,g13,g14
3423412,,0.0,0.0,21.515785246477197,5551.743627348441,38.94671473147973,10545.545624598357,0.0,0.15714285714285714,198,10,4.8,2.960000000000001,48
