group_id,g1,g2,g3,g4,g5,g6,g7,g8,g9,g10,g11,g12,g13,g14
3423412,,2.2652398335809356,20.52524601456713,29.702311389693765,16422.787379647405,55.663565705480686,31635.882460255118,0.4689955935892812,0.2821969696969697,298,10,4.7,13.209999999999994,47
