group_id,g1,g2,g3,g4,g5,g6,g7,g8,g9,g10,g11,g12,g13,g14
3423412,,0.018637152432012447,0.0013893738030962696,76.25909915534001,92744.54539325123,147.39345637958178,173180.04346164365,0.4689955935892812,0.173109243697479,206,10,4.4,5.639999999999997,44
