group_id,g1,g2,g3,g4,g5,g6,g7,g8,g9,g10,g11,g12,g13,g14
3423412,,0.0,0.0,22.78705260462323,5876.726836137775,41.630319054515695,11117.124522441303,0.0,0.19964349376114082,224,10,4.6,6.840000000000003,46
