group_id,g1,g2,g3,g4,g5,g6,g7,g8,g9,g10,g11,g12,g13,g14
3423412,,0.0,0.0,16.28836170184695,4581.948389189112,29.507780247818285,8880.65056770929,0.0,0.21881606765327696,414,10,6.1,11.890000000000008,61
