group_id,g1,g2,g3,g4,g5,g6,g7,g8,g9,g10,g11,g12,g13,g14
3423412,,0.0,0.0,55.02068390861864,32045.898036390103,106.02130036196078,60698.865988894046,0.0,0.1724137931034483,150,10,4.2,2.16,42
