group_id,g1,g2,g3,g4,g5,g6,g7,g8,g9,g10,g11,g12,g13,g14
3423412,,0.0,0.0,89.42973629619134,100779.94020909787,173.43179011503116,191201.39265050617,0.0,0.33004926108374383,268,10,4.4,13.239999999999998,44
