group_id,g1,g2,g3,g4,g5,g6,g7,g8,g9,g10,g11,g12,g13,g14
3423412,,0.0,0.0,8.655584333628578,107.90654811972094,13.221692790472735,138.41271018694783,0.0,0.1978494623655914,184,10,4.5,4.25,45
