group_id,g1,g2,g3,g4,g5,g6,g7,g8,g9,g10,g11,g12,g13,g14
3423412,,0.0,0.0,24.051789226336602,6361.153654044848,42.49449395773398,12088.75795970586,0.0,0.1870967741935484,174,10,3.9,6.290000000000001,39
