group_id,g1,g2,g3,g4,g5,g6,g7,g8,g9,g10,g11,g12,g13,g14
3423412,,0.0,0.0,47.96119733371082,56127.47046702092,91.98312015577095,109180.20027533289,0.0,0.14949201741654572,412,10,6.0,11.799999999999997,60
