group_id,g1,g2,g3,g4,g5,g6,g7,g8,g9,g10,g11,g12,g13,g14
3423412,,4.02709303747722,29.39417947765168,8.465137335477447,70.56598916949383,11.904172468907442,107.62144375169171,0.7219280948873623,0.1956989247311828,182,10,4.2,5.359999999999999,42
