group_id,g1,g2,g3,g4,g5,g6,g7,g8,g9,g10,g11,g12,g13,g14
3423412,,0.0,0.0,49.742996954652526,29091.515108518364,94.933583469472,55199.561061860164,0.0,0.45751633986928103,140,10,2.9,8.89,29
