group_id,g1,g2,g3,g4,g5,g6,g7,g8,g9,g10,g11,g12,g13,g14
3423412,,0.0,0.0,23.218690703154433,6385.138802781683,42.49540490241111,12097.11299224658,0.0,0.1870967741935484,174,10,4.1,5.09,41
