group_id,g1,g2,g3,g4,g5,g6,g7,g8,g9,g10,g11,g12,g13,g14
3423412,,0.0,0.0,29.969613677130848,15864.90026807475,56.24901812835655,30677.95484352598,0.0,0.18181818181818182,204,10,4.4,5.839999999999996,44
