group_id,g1,g2,g3,g4,g5,g6,g7,g8,g9,g10,g11,g12,g13,g14
3423412,,0.0,0.0,7.038652414919474,67.26397917514198,10.574983456887882,82.70870988171224,0.0,0.21937321937321938,154,10,3.7,6.209999999999997,37
