group_id,g1,g2,g3,g4,g5,g6,g7,g8,g9,g10,g11,g12,g13,g14
3423412,,0.0,0.0,6.654046250263616,27.144338612513863,9.557796620714349,31.3109824070645,0.0,0.23809523809523808,100,10,3.1,3.889999999999999,31
