group_id,g1,g2,g3,g4,g5,g6,g7,g8,g9,g10,g11,g12,g13,g14
3423412,,0.0,0.0,54.628078399642234,79401.66912648338,106.6078730029138,153928.5452290987,0.0,0.3495798319327731,416,10,5.3,21.610000000000003,53
