group_id,g1,g2,g3,g4,g5,g6,g7,g8,g9,g10,g11,g12,g13,g14
3437122,,15.626343270267252,73.14892168418515,58.20871487192938,16024.116832782871,92.92269780888816,28042.969914291578,2.197159723424149,0.3438735177865613,174,10,4.5,5.25,45
