group_id,g1,g2,g3,g4,g5,g6,g7,g8,g9,g10,g11,g12,g13,g14
344576,,0,0,0,0,170.63348677779737,185025.23610332233,0,0.6151260504201681,732,10,0.0,0.0,0
