group_id,g1,g2,g3,g4,g5,g6,g7,g8,g9,g10,g11,g12,g13,g14
345516,,2.739164916145606,3.6091685956325152,411.6344778376929,1495664.5775405078,774.4220220580407,2600785.642294883,2.1609640474436813,0.3270512088330478,3436,10,19.9,53.29000000000008,199
