group_id,g1,g2,g3,g4,g5,g6,g7,g8,g9,g10,g11,g12,g13,g14
345700,,0,0,0,0,116.8846834633433,115185.58751685331,0,0.2779900088157508,1892,10,0.0,0.0,0
