group_id,g1,g2,g3,g4,g5,g6,g7,g8,g9,g10,g11,g12,g13,g14
345700,,2.00393330255444,1.697723597920235,89.78433209302537,89852.55390386531,173.7586863416689,169305.42201753394,2.321928094887362,0.3564102564102564,556,10,8.1,11.89,81
