group_id,g1,g2,g3,g4,g5,g6,g7,g8,g9,g10,g11,g12,g13,g14
345700,,0.1959255352881811,0.04387064614624033,214.910383765014,1085040.1943996984,424.1338555509878,2076486.458726552,0.8812908992306927,0.29343971631205673,662,10,7.4,29.039999999999992,74
