group_id,g1,g2,g3,g4,g5,g6,g7,g8,g9,g10,g11,g12,g13,g14
345700,,0,0,0,0,5.724894883125296,49.778109606310416,0,0.18285714285714286,448,10,0.0,0.0,0
