group_id,g1,g2,g3,g4,g5,g6,g7,g8,g9,g10,g11,g12,g13,g14
345700,,0,0,0,0,353.2488630719033,995223.7281420045,0,0.30051150895140666,1410,10,0.0,0.0,0
