group_id,g1,g2,g3,g4,g5,g6,g7,g8,g9,g10,g11,g12,g13,g14
345700,,0,0,0,0,85.26924842463282,51900.24546921643,0,0.3623693379790941,624,10,0.0,0.0,0
