group_id,g1,g2,g3,g4,g5,g6,g7,g8,g9,g10,g11,g12,g13,g14
345700,,1.9981152563236175,2.195837857546818,137.34598908246332,336550.5929204402,268.0830607046076,644191.7996210958,1.9219280948873623,0.36429608127721336,1004,10,10.6,27.64,106
