group_id,g1,g2,g3,g4,g5,g6,g7,g8,g9,g10,g11,g12,g13,g14
345700,,13.503112923089596,379.9195926499216,34.284269447993694,99.0721158817014,4.682864920765854,10.818318859951617,0.9219280948873623,0.3904761904761905,164,10,4.5,5.050000000000001,45
