group_id,g1,g2,g3,g4,g5,g6,g7,g8,g9,g10,g11,g12,g13,g14
345700,,1.7235702672560171,1.6281544993751935,22.177173915789233,15074.88991903899,41.951800233525105,29270.657264919664,2.121928094887362,0.302020202020202,598,10,8.4,10.64,84
