group_id,g1,g2,g3,g4,g5,g6,g7,g8,g9,g10,g11,g12,g13,g14
3479472,,2.301012546341892,1.7003880131365747,21.5007412128448,10974.7067411846,40.03989329502201,21399.975220103617,2.6464393446710153,0.24141414141414141,478,10,6.4,15.639999999999993,64
