group_id,g1,g2,g3,g4,g5,g6,g7,g8,g9,g10,g11,g12,g13,g14
3479472,,2.1786395673631103,2.0620752582524355,22.788681499722806,11393.675011065507,42.34680524424036,22188.24498624681,2.121928094887362,0.24735729386892177,468,10,7.0,10.399999999999999,70
