group_id,g1,g2,g3,g4,g5,g6,g7,g8,g9,g10,g11,g12,g13,g14
3485762,,21.873582792862873,1001.2346303234225,12.94274269539317,543.4286701715814,3.940868031381183,9.685472460155188,2.5219280948873624,0.3238095238095238,136,10,3.2,7.959999999999997,32
