group_id,g1,g2,g3,g4,g5,g6,g7,g8,g9,g10,g11,g12,g13,g14
3494522,,238.86849229375534,89775.0828641979,136.3060488491573,57361.62605993249,37.571674248773256,11787.804717192612,2.584962500721156,0.8741414141414141,8654,10,15.3,688.01,153
