group_id,g1,g2,g3,g4,g5,g6,g7,g8,g9,g10,g11,g12,g13,g14
3494522,,15.932472423636543,63.09989635517073,17.179689166207538,127.45827505621429,17.15461596492861,206.20166753145332,2.8073549220576046,0.52,338,10,7.2,9.159999999999997,72
