group_id,g1,g2,g3,g4,g5,g6,g7,g8,g9,g10,g11,g12,g13,g14
3500642,,0,0,0,0,92.74071682397978,57716.526545731926,0,0.5285714285714286,666,10,0.0,0.0,0
