group_id,g1,g2,g3,g4,g5,g6,g7,g8,g9,g10,g11,g12,g13,g14
3500642,,3.849278602485629,2.7369616209275858,61.92757735335381,57133.97961947847,120.14609712762743,107568.80790233171,1.584962500721156,0.49673202614379086,152,10,4.9,5.8899999999999935,49
