group_id,g1,g2,g3,g4,g5,g6,g7,g8,g9,g10,g11,g12,g13,g14
3515472,,2.94536902797778,6.940158968776604,6.538007416149002,26.6632571407985,8.641642631727471,24.400798628324324,1.0,0.8636363636363636,114,10,4.4,10.639999999999997,44
