group_id,g1,g2,g3,g4,g5,g6,g7,g8,g9,g10,g11,g12,g13,g14
352458,,1.8631465319347313,13.88525999784167,13.73131361314653,442.7763760759501,18.881449783009938,915.2080472405705,0.4689955935892812,0.6,54,10,1.2,5.16,12
