group_id,g1,g2,g3,g4,g5,g6,g7,g8,g9,g10,g11,g12,g13,g14
352458,,0.0,0.0,96.40637368195378,184400.64111190086,179.25468710975665,347232.4172713301,0.0,0.25,410,10,6.8,7.960000000000008,68
