group_id,g1,g2,g3,g4,g5,g6,g7,g8,g9,g10,g11,g12,g13,g14
352458,,14.808117491191085,98.10802927219555,24.52613209235733,5302.273911337432,33.40651743261189,10553.548831605553,2.94770277922009,0.36524822695035464,824,10,8.5,28.049999999999997,85
