group_id,g1,g2,g3,g4,g5,g6,g7,g8,g9,g10,g11,g12,g13,g14
352458,,0,0,0,0,15.051445007377371,130.75771521293768,0,0.2534690101757632,548,10,0.0,0.0,0
