group_id,g1,g2,g3,g4,g5,g6,g7,g8,g9,g10,g11,g12,g13,g14
352458,,0,0,0,0,73.19046464706909,83325.02337664319,0,0.2652355396541443,4448,10,0.0,0.0,0
