group_id,g1,g2,g3,g4,g5,g6,g7,g8,g9,g10,g11,g12,g13,g14
352458,,0,0,0,0,40.03228364936827,14172.168407781011,0,0.5361111111111111,3474,10,0.0,0.0,0
