group_id,g1,g2,g3,g4,g5,g6,g7,g8,g9,g10,g11,g12,g13,g14
3537812,,1403.0694576738667,6248734.361846928,714.4743928369984,3642671.522201903,12.576697017120088,74.27523747436607,2.94770277922009,0.39906103286384975,2040,10,12.7,84.21000000000001,127
