group_id,g1,g2,g3,g4,g5,g6,g7,g8,g9,g10,g11,g12,g13,g14
3537812,,2.228375913090357,17.379807235144487,17.523101781469094,2774.1538938719114,29.10538817049319,5265.313663299982,0.5032583347756457,1.0,1406,10,3.8,129.96,38
