group_id,g1,g2,g3,g4,g5,g6,g7,g8,g9,g10,g11,g12,g13,g14
3537812,,8.069257586442511,93.54983871028773,11.749054240393834,74.92481368206359,14.44567436587088,63.288273795294344,1.4466166676282082,1.0,132,10,1.2,12.96,12
