group_id,g1,g2,g3,g4,g5,g6,g7,g8,g9,g10,g11,g12,g13,g14
3587272,,7.269180053759062,75.25451999102256,6.111016442906874,47.49062284544846,4.609873699340388,22.86520718887092,2.046439344671015,0.43333333333333335,182,10,5.3,5.809999999999999,53
