group_id,g1,g2,g3,g4,g5,g6,g7,g8,g9,g10,g11,g12,g13,g14
3587272,,2.862058723743771,10.593749813252801,120.0928182679991,201435.45330405954,236.32341826239926,375493.43131234427,1.5709505944546687,0.5583333333333333,134,10,4.7,6.409999999999997,47
