group_id,g1,g2,g3,g4,g5,g6,g7,g8,g9,g10,g11,g12,g13,g14
3587272,,8.008128081302791,78.5902254529387,6.214029950124822,53.5426865323644,4.44969126527443,26.751564075125195,2.197159723424149,0.5882352941176471,160,10,4.7,11.009999999999998,47
