group_id,g1,g2,g3,g4,g5,g6,g7,g8,g9,g10,g11,g12,g13,g14
3610412,,8.727523284052713,22.556780344432738,12.946290260065592,75.86297387501901,16.70156770285909,115.83341331614247,2.721928094887362,0.29807130333138515,1020,10,10.1,22.890000000000015,101
