group_id,g1,g2,g3,g4,g5,g6,g7,g8,g9,g10,g11,g12,g13,g14
3610412,,18.460130232912636,84.61820046484922,30.313936478318233,13364.622501292097,42.01614091218242,26340.657292206582,2.8073549220576046,0.3139577934098482,1696,10,14.1,21.689999999999998,141
