group_id,g1,g2,g3,g4,g5,g6,g7,g8,g9,g10,g11,g12,g13,g14
3610412,,39.65038487412485,3589.0419213006353,27.648952220025322,2042.9342750800959,14.427694815758485,100.25142428824154,2.9219280948873623,0.3240816326530612,794,10,8.8,26.75999999999999,88
