group_id,g1,g2,g3,g4,g5,g6,g7,g8,g9,g10,g11,g12,g13,g14
361602,,0.0,0.0,51.474473939766405,29232.008566942462,99.16549653786842,54601.4876831489,0.0,0.325,78,10,2.9,3.09,29
