group_id,g1,g2,g3,g4,g5,g6,g7,g8,g9,g10,g11,g12,g13,g14
361602,,2.0763908654561747,1.2286661581802187,20.953972270909944,2972.792547064971,38.52659673539709,5360.974356161538,2.4056390622295662,0.5,78,10,3.7,3.009999999999998,37
