group_id,g1,g2,g3,g4,g5,g6,g7,g8,g9,g10,g11,g12,g13,g14
3630332,,10.661132555640568,56.206231195781655,31.36809442760942,8307.377798684247,51.704638551988495,15854.983032918257,2.8073549220576046,0.22415458937198068,464,10,5.5,21.85,55
