group_id,g1,g2,g3,g4,g5,g6,g7,g8,g9,g10,g11,g12,g13,g14
365014,,13.999902132657231,50.969962826588585,91.75402604816372,178111.51212715765,161.14198027592542,344728.0163992466,2.0,0.4200245315517511,64378,10,58.8,3489.76,588
