group_id,g1,g2,g3,g4,g5,g6,g7,g8,g9,g10,g11,g12,g13,g14
365014,,4.232753803908025,0.0,59.44712884784948,62112.20833194416,111.10957290826016,116056.79701820161,1.0,0.4920850293984622,2176,10,16.0,58.19999999999999,160
