group_id,g1,g2,g3,g4,g5,g6,g7,g8,g9,g10,g11,g12,g13,g14
365014,,13.274434192985206,292.5729633723953,59.74925143558047,39766.89878269179,103.71676506549066,73920.19100026632,2.8073549220576046,0.32442216652742967,11650,10,32.6,294.24,326
