group_id,g1,g2,g3,g4,g5,g6,g7,g8,g9,g10,g11,g12,g13,g14
365014,,13.655206816467219,90.51139420968926,76.6745081013354,168774.6773036464,138.2067277257071,329161.3879349793,2.0,0.4265439202148063,66720,10,63.9,3271.49,639
