group_id,g1,g2,g3,g4,g5,g6,g7,g8,g9,g10,g11,g12,g13,g14
365014,,4.07201678475623,6.219931344490504,84.51519607909749,64953.431131441685,157.99424620335026,118440.975688859,3.0,0.40567139282735615,4864,10,19.3,226.61,193
