group_id,g1,g2,g3,g4,g5,g6,g7,g8,g9,g10,g11,g12,g13,g14
365014,,3.143770434013662,2.0617175917270565,79.58062986574475,59251.907989461484,148.00473169767514,105988.95333233156,3.0,0.3046814296814297,6274,10,22.6,198.83999999999997,226
