group_id,g1,g2,g3,g4,g5,g6,g7,g8,g9,g10,g11,g12,g13,g14
365014,,5.381777550389826,7.88581144776073,56.78413518050664,215898.4520877748,107.24975939238067,427152.75528753723,2.321928094887362,0.2517571148749856,17480,10,37.7,453.8099999999997,377
