group_id,g1,g2,g3,g4,g5,g6,g7,g8,g9,g10,g11,g12,g13,g14
365014,,0,0,79.20472730784117,207840.5260020537,152.26838465709258,405957.50871296145,0.0,0.38640078457012095,40188,10,55.5,1554.25,555
