group_id,g1,g2,g3,g4,g5,g6,g7,g8,g9,g10,g11,g12,g13,g14
365014,,0.7808472655394382,0.06609439821511975,65.31535084404314,174081.7564221808,125.96017394682681,341471.89142020757,1.584962500721156,0.3693859649122807,58954,10,57.0,3005.8,570
