group_id,g1,g2,g3,g4,g5,g6,g7,g8,g9,g10,g11,g12,g13,g14
365014,,0,0,0,0,119.74871878154322,108657.60873824252,0,0.29436821040594624,20594,10,35.3,920.0100000000002,353
