group_id,g1,g2,g3,g4,g5,g6,g7,g8,g9,g10,g11,g12,g13,g14
365014,,17.870510983288586,680.9933756226601,86.74911137521545,65161.37171541964,150.34956726907635,118844.61673537616,3.169925001442312,0.34601898171957546,29604,10,48.0,1005.5999999999999,480
