group_id,g1,g2,g3,g4,g5,g6,g7,g8,g9,g10,g11,g12,g13,g14
365014,,7.60215642856112,17.654126865862047,104.55807847058232,84648.12492528524,192.99636905533163,153460.8584531675,2.4193819456463714,0.4432541530818196,5710,10,23.7,195.61,237
