group_id,g1,g2,g3,g4,g5,g6,g7,g8,g9,g10,g11,g12,g13,g14
3716482,,0.0,0.0,4.578709568595135,19.048783688573295,7.664668563400284,33.6208769946346,0.0,0.2,6,10,1.0,0.6000000000000001,10
