group_id,g1,g2,g3,g4,g5,g6,g7,g8,g9,g10,g11,g12,g13,g14
3723892,,3.411883733079757,46.56380243221703,12.369222441350557,142.01777010806558,17.89487032823177,192.97286774688843,0.4689955935892812,0.2761904761904762,58,10,3.0,1.1999999999999993,30
