group_id,g1,g2,g3,g4,g5,g6,g7,g8,g9,g10,g11,g12,g13,g14
3747152,,5.977380600283352,14.789709659944904,18.7778573028866,1493.50421911381,30.663025090113923,2754.094817181557,2.6464393446710153,0.5032679738562091,154,10,3.4,10.64,34
