group_id,g1,g2,g3,g4,g5,g6,g7,g8,g9,g10,g11,g12,g13,g14
3774872,,0.2530341385969962,0.25610510118209573,8.137114512954476,30.980033796490034,10.321702521140535,41.89982898527629,0.4689955935892812,0.48484848484848486,224,10,5.7,6.809999999999995,57
