group_id,g1,g2,g3,g4,g5,g6,g7,g8,g9,g10,g11,g12,g13,g14
3774872,,0.0,0.0,78.12831970308957,123349.13568972057,150.86197626774592,236601.25538432706,0.0,0.46153846153846156,300,10,6.9,6.8899999999999935,69
