group_id,g1,g2,g3,g4,g5,g6,g7,g8,g9,g10,g11,g12,g13,g14
3774872,,0.7437686316162827,2.21276710950543,7.2119573482708,29.672874657125895,10.443608315372625,46.813659071206644,0.4689955935892812,0.45,270,10,6.3,6.410000000000004,63
