group_id,g1,g2,g3,g4,g5,g6,g7,g8,g9,g10,g11,g12,g13,g14
3778962,,9.252506330631558,150.99559505853023,16.273974018414403,1799.4004191350423,22.736858290187918,3469.6909351924696,2.921928094887362,0.29523809523809524,372,10,6.3,9.010000000000005,63
