group_id,g1,g2,g3,g4,g5,g6,g7,g8,g9,g10,g11,g12,g13,g14
3778962,,2.7975087805462877,2.0294401547982197,20.854228724256835,1301.4251323067806,31.641395004686565,2109.6469382977966,2.9219280948873623,0.46153846153846156,72,10,3.0,3.4000000000000004,30
