group_id,g1,g2,g3,g4,g5,g6,g7,g8,g9,g10,g11,g12,g13,g14
3778962,,0,0,0,0,12.470042207869227,559.1071089820819,0,0.3902439024390244,640,10,0.0,0.0,0
