group_id,g1,g2,g3,g4,g5,g6,g7,g8,g9,g10,g11,g12,g13,g14
3778962,,0,0,0,0,26.020708615636106,4183.048661264337,0,0.6772486772486772,512,10,0.0,0.0,0
