group_id,g1,g2,g3,g4,g5,g6,g7,g8,g9,g10,g11,g12,g13,g14
3778962,,354.8208607597737,477098.9622951393,190.11810278185666,270178.12106726476,22.830980730031648,2698.6355037234803,2.9219280948873623,0.40307692307692305,262,10,5.9,6.689999999999998,59
