group_id,g1,g2,g3,g4,g5,g6,g7,g8,g9,g10,g11,g12,g13,g14
378314,,0,0,0,0,347.6902366964464,867305.0703098838,0,0.39273235499650594,1124,10,0.0,0.0,0
