group_id,g1,g2,g3,g4,g5,g6,g7,g8,g9,g10,g11,g12,g13,g14
378314,,4.306235541389831,8.178179468315776,127.30056634718922,172316.4652338514,242.67046710786556,312511.57325923006,2.1556390622295662,0.5473484848484849,578,10,9.9,13.08999999999999,99
