group_id,g1,g2,g3,g4,g5,g6,g7,g8,g9,g10,g11,g12,g13,g14
378314,,0,0,0,0,257.7322785949648,641295.4583883085,0,0.4276931301790965,3200,10,0.0,0.0,0
