group_id,g1,g2,g3,g4,g5,g6,g7,g8,g9,g10,g11,g12,g13,g14
378314,,2.9025864817718583,7.006974050770005,319.77410117162356,1472373.9490395212,614.9127931226284,2745645.06972396,2.6464393446710153,0.3117117117117117,1730,10,11.7,65.81,117
