group_id,g1,g2,g3,g4,g5,g6,g7,g8,g9,g10,g11,g12,g13,g14
378314,,45.82330970472164,1703.1989362634317,257.77228451540014,1428107.2393877478,456.1644816885726,2798184.114843148,2.6416041678685933,0.2855218855218855,848,10,11.1,3.490000000000009,111
