group_id,g1,g2,g3,g4,g5,g6,g7,g8,g9,g10,g11,g12,g13,g14
378314,,8.328638740477842,21.73020881322695,197.66982207358214,543417.0835590719,382.826893731415,1027221.0915275852,2.2359263506290326,0.3328591749644381,468,10,7.5,6.25,75
