group_id,g1,g2,g3,g4,g5,g6,g7,g8,g9,g10,g11,g12,g13,g14
3792242,,2.3257641592245606,1.4891415622826472,185.6533374261988,403460.35411152785,357.62360221958033,760708.7198452625,1.5,0.673874926943308,2306,10,22.2,33.76000000000005,222
