group_id,g1,g2,g3,g4,g5,g6,g7,g8,g9,g10,g11,g12,g13,g14
3815832,,3.802062480766056,4.467172719295494,11.33598360547323,64.98876831950517,17.163153345770976,89.11550278334619,2.321928094887362,0.7222222222222222,52,10,4.0,1.1999999999999993,40
