group_id,g1,g2,g3,g4,g5,g6,g7,g8,g9,g10,g11,g12,g13,g14
3833182,,0.0,0.0,179.0529917625639,94963.66220578132,306.579796293868,123891.50509989593,0.0,0.32142857142857145,18,10,1.7,0.6100000000000003,17
