group_id,g1,g2,g3,g4,g5,g6,g7,g8,g9,g10,g11,g12,g13,g14
3833182,,0.0,0.0,457.38128710200857,354997.09587784007,829.4141970742871,545413.8323942126,0.0,0.5277777777777778,38,10,3.1,0.6899999999999995,31
