group_id,g1,g2,g3,g4,g5,g6,g7,g8,g9,g10,g11,g12,g13,g14
3833182,,0.0,0.0,1145.637697649858,4918526.449786064,2190.9902156260205,7764505.507900117,0.0,0.38461538461538464,60,10,3.1,1.2899999999999991,31
