group_id,g1,g2,g3,g4,g5,g6,g7,g8,g9,g10,g11,g12,g13,g14
385489,,0,0,0,0,41.358192159579446,15005.853206259188,0,0.5013061650992685,3838,10,0.0,0.0,0
