group_id,g1,g2,g3,g4,g5,g6,g7,g8,g9,g10,g11,g12,g13,g14
3863522,,3252.830149355849,9255016.224955102,2165.970486167247,8554731.630593494,320.6010236970991,1433892.4023144,2.2516291673878226,0.32398617930532825,17816,10,36.8,634.9600000000003,368
