group_id,g1,g2,g3,g4,g5,g6,g7,g8,g9,g10,g11,g12,g13,g14
397533,,9.240850210834559,119.70634060829966,124.94045063822837,139684.73212969527,232.8614898742072,249187.0307718413,2.6416041678685933,0.6195918367346939,1518,10,17.4,38.240000000000066,174
