group_id,g1,g2,g3,g4,g5,g6,g7,g8,g9,g10,g11,g12,g13,g14
407827,,2.582963082437123,5.337358628186477,246.57874877864322,858165.515837643,475.5212810956865,1602770.4818354934,1.0,0.5770287141073658,4622,10,22.7,328.21000000000004,227
