group_id,g1,g2,g3,g4,g5,g6,g7,g8,g9,g10,g11,g12,g13,g14
407827,,2.3753485342939515,5.321000460797097,122.14262212472218,148960.9515420753,230.1290008658892,264994.0510865145,1.5566567074628228,0.4525479195885928,3872,10,17.2,198.16000000000003,172
