group_id,g1,g2,g3,g4,g5,g6,g7,g8,g9,g10,g11,g12,g13,g14
407827,,2.331259859572752,4.1160655022990795,112.20711602498749,217054.34097816114,216.10240311017068,413950.09464410855,1.3609640474436813,0.3045214327657076,5186,10,21.9,135.49000000000007,219
