group_id,g1,g2,g3,g4,g5,g6,g7,g8,g9,g10,g11,g12,g13,g14
407827,,2.4854957446779853,4.291688998902451,140.84173976690468,281100.7542718672,270.78381372416936,530507.2150117416,1.8954618442383218,0.4784134248665141,6272,10,28.4,214.44000000000005,284
