group_id,g1,g2,g3,g4,g5,g6,g7,g8,g9,g10,g11,g12,g13,g14
407827,,2.620558001805533,5.6669065429847425,72.41277364690379,92203.0311924294,137.61035091109844,172053.8534270391,1.3609640474436813,0.5114083398898505,7800,10,34.4,146.6400000000001,344
