group_id,g1,g2,g3,g4,g5,g6,g7,g8,g9,g10,g11,g12,g13,g14
407827,,2.3326841360215353,4.1371103682767645,113.24687351174379,297166.091522481,220.1136811675747,576403.5650956802,1.5612781244591325,0.3242424242424242,3210,10,19.4,36.440000000000055,194
