group_id,g1,g2,g3,g4,g5,g6,g7,g8,g9,g10,g11,g12,g13,g14
407827,,5.870878361904728,17.75252818806836,52.8917074502191,80538.36434561253,98.58494228389016,156999.05721995086,1.5709505944546684,0.56006006006006,746,10,9.4,57.44,94
