group_id,g1,g2,g3,g4,g5,g6,g7,g8,g9,g10,g11,g12,g13,g14
407827,,4.889078537314065,19.122471155220076,94.05625289832197,121046.74299876153,175.87006370810855,225189.8102034587,1.0,0.38285714285714284,938,10,9.8,23.95999999999998,98
