group_id,g1,g2,g3,g4,g5,g6,g7,g8,g9,g10,g11,g12,g13,g14
407827,,8.844275700910263,59.80095933966304,194.99223846468595,688520.3988218956,371.53504009586385,1315381.5779230227,2.0588138903312014,0.44049247606019154,3220,10,15.0,153.60000000000002,150
