group_id,g1,g2,g3,g4,g5,g6,g7,g8,g9,g10,g11,g12,g13,g14
407827,,3.468952717170095,7.021559716697238,48.78852557333657,14815.048028460507,89.89552887638624,27111.184740052566,1.3709505944546687,0.5612903225806452,522,10,8.7,14.810000000000016,87
