group_id,g1,g2,g3,g4,g5,g6,g7,g8,g9,g10,g11,g12,g13,g14
4089872,,7.302225439339941,30.44077822041976,86.80856378847395,41746.38557030122,159.0758756453879,71908.79115327031,1.7527152789797045,0.3888888888888889,28,10,2.2,0.9599999999999991,22
