group_id,g1,g2,g3,g4,g5,g6,g7,g8,g9,g10,g11,g12,g13,g14
4089872,,11.428094378146017,84.65418589041616,13.329922144879456,78.94489110498083,13.369199097098782,47.80014128176953,2.1556390622295662,0.3,6,10,1.3,0.20999999999999974,13
