group_id,g1,g2,g3,g4,g5,g6,g7,g8,g9,g10,g11,g12,g13,g14
4089872,,5.825288635464583,34.02880700686927,9.021657213858317,30.331903643879343,11.169648668026221,40.59978344151318,1.4466166676282082,0.2857142857142857,12,10,1.7,0.41000000000000014,17
