group_id,g1,g2,g3,g4,g5,g6,g7,g8,g9,g10,g11,g12,g13,g14
4113422,,0,0,0,0,171.18486999067596,203127.021325729,0,0.32904734073641145,1126,10,0.0,0.0,0
