group_id,g1,g2,g3,g4,g5,g6,g7,g8,g9,g10,g11,g12,g13,g14
414052,,0.0,0.0,130.63281331402845,129231.57655137482,247.99540837528133,223951.79779678845,0.0,0.41904761904761906,88,10,4.3,0.8100000000000023,43
