group_id,g1,g2,g3,g4,g5,g6,g7,g8,g9,g10,g11,g12,g13,g14
414052,,0.0,0.0,14.753763343943511,83.1896662643203,17.752710613479476,103.71306559083143,0.0,0.6444444444444445,58,10,4.1,0.6900000000000013,41
