group_id,g1,g2,g3,g4,g5,g6,g7,g8,g9,g10,g11,g12,g13,g14
414052,,0.0,0.0,6.844132105059031,35.18481103028522,10.21724131683993,54.8839644989222,0.0,0.3904761904761905,82,10,3.7,2.009999999999998,37
