group_id,g1,g2,g3,g4,g5,g6,g7,g8,g9,g10,g11,g12,g13,g14
414052,,0.0,0.0,90.60938194028552,90399.77301226246,172.97436444391258,161793.0412315572,0.0,0.5218390804597701,454,10,8.0,8.0,80
