group_id,g1,g2,g3,g4,g5,g6,g7,g8,g9,g10,g11,g12,g13,g14
414052,,5.425039870280067,117.72423037651339,13.99075254277475,132.17408752196081,18.994849308807666,136.86670787417358,0.4689955935892812,0.5146198830409356,176,10,6.6,0.6400000000000077,66
