group_id,g1,g2,g3,g4,g5,g6,g7,g8,g9,g10,g11,g12,g13,g14
414052,,0,0,0,0,232.0641268974187,262043.51497925667,0,0.6923076923076923,108,10,6.2,0.5599999999999952,62
