group_id,g1,g2,g3,g4,g5,g6,g7,g8,g9,g10,g11,g12,g13,g14
416797,,0.1444420662335275,0.02294986154759179,34.698046239644704,963.9976660820432,60.89856038548701,678.5010740045873,0.863120568566631,1.0,6,10,1.5,0.4500000000000002,15
