group_id,g1,g2,g3,g4,g5,g6,g7,g8,g9,g10,g11,g12,g13,g14
416797,,1.0032359499902026,4.025929485410976,136.9249633676068,169927.65656062803,265.235118081581,319804.548239472,0.4689955935892812,0.4588744588744589,212,10,4.0,12.600000000000001,40
