group_id,g1,g2,g3,g4,g5,g6,g7,g8,g9,g10,g11,g12,g13,g14
416797,,3.0487919881575194,7.290486926477673,62.997789621102406,38816.13620863365,118.70708965230511,72636.46199312,1.295461844238322,0.5147058823529411,140,10,4.1,6.290000000000003,41
