group_id,g1,g2,g3,g4,g5,g6,g7,g8,g9,g10,g11,g12,g13,g14
4246112,,1.2525692477329196,2.3759027144331153,176.59999897130675,279737.34440600267,346.9614242935648,497393.8224145433,1.7709505944546688,0.4,44,10,2.6,1.6399999999999997,26
