group_id,g1,g2,g3,g4,g5,g6,g7,g8,g9,g10,g11,g12,g13,g14
428729,,1.4456153802544367,3.13470574144227,214.32394316846944,290352.94931409776,408.4688093566719,486552.80693542346,0.7219280948873623,0.5964912280701754,204,10,6.3,3.210000000000001,63
