group_id,g1,g2,g3,g4,g5,g6,g7,g8,g9,g10,g11,g12,g13,g14
428729,,0.0,0.0,5.641956953105497,64.57100885957865,7.960564952299346,127.34927896018992,0.0,0.562753036437247,834,10,6.4,66.83999999999999,64
