group_id,g1,g2,g3,g4,g5,g6,g7,g8,g9,g10,g11,g12,g13,g14
4329572,,5.171773157279224,17.901004472342724,183.93890058962285,653694.1757626625,356.19536479380554,1241474.8029591402,2.721928094887362,0.5027920962199313,4682,10,27.7,56.00999999999999,277
