group_id,g1,g2,g3,g4,g5,g6,g7,g8,g9,g10,g11,g12,g13,g14
4329572,,1224.436591848788,5943534.289986089,796.9253519762134,3959503.5552279954,402.3384226012433,1687218.8060220294,2.721928094887362,0.5068846815834768,3534,10,21.6,105.03999999999996,216
