group_id,g1,g2,g3,g4,g5,g6,g7,g8,g9,g10,g11,g12,g13,g14
440554,,0.0,0.0,131.6230517276023,109770.98017426944,227.91475718306836,192914.01807667868,0.0,0.4444444444444444,40,10,2.6,1.4399999999999986,26
