group_id,g1,g2,g3,g4,g5,g6,g7,g8,g9,g10,g11,g12,g13,g14
4429102,,1.445748465814686,1.9616308189091658,90.54859213209525,48595.083126609636,166.56855317771337,77277.97661469677,2.2810361125534233,0.17786561264822134,90,10,3.3,2.0100000000000016,33
