group_id,g1,g2,g3,g4,g5,g6,g7,g8,g9,g10,g11,g12,g13,g14
4429102,,1.477030684806176,1.8348116403126404,98.77910362728463,52455.826042169036,180.52944715431727,81401.64682231702,2.6416041678685933,0.2,84,10,3.2,2.1599999999999984,32
