group_id,g1,g2,g3,g4,g5,g6,g7,g8,g9,g10,g11,g12,g13,g14
4488112,,5.469928797413065,24.452733017572147,81.79420457047877,342192.4337305979,156.8262913670212,675108.5143899,3.121928094887362,0.24529801324503311,5556,10,18.8,234.55999999999995,188
