group_id,g1,g2,g3,g4,g5,g6,g7,g8,g9,g10,g11,g12,g13,g14
450158,,0.0,0.0,26.31870724862592,1393.49835541877,46.9600136695954,2114.4223833586875,0.0,0.3333333333333333,14,10,1.5,0.6499999999999999,15
