group_id,g1,g2,g3,g4,g5,g6,g7,g8,g9,g10,g11,g12,g13,g14
450158,,10.941938160188096,80.36690068185698,14.922738259653531,51.53420428721671,20.357098140954662,75.54567025265976,1.5709505944546687,0.6666666666666666,8,10,1.2,0.56,12
