group_id,g1,g2,g3,g4,g5,g6,g7,g8,g9,g10,g11,g12,g13,g14
450146,,1.016001619031189,0.3039823578512486,295.7254589039463,1546438.6177967656,582.7458178266513,2936555.5667412197,1.9219280948873623,0.18018018018018017,240,10,5.1,4.490000000000002,51
