group_id,g1,g2,g3,g4,g5,g6,g7,g8,g9,g10,g11,g12,g13,g14
450146,,10.936822517249588,59.24135970824618,111.95180983690656,148547.20832731528,210.34613330772572,274416.87841471774,2.2516291673878226,0.52046783625731,178,10,3.2,12.159999999999997,32
