group_id,g1,g2,g3,g4,g5,g6,g7,g8,g9,g10,g11,g12,g13,g14
4557242,,0.0,0.0,39.11067002961286,21625.479839254214,69.04799161041664,41584.96233067081,0.0,0.4899193548387097,486,10,9.4,3.6399999999999864,94
