group_id,g1,g2,g3,g4,g5,g6,g7,g8,g9,g10,g11,g12,g13,g14
4589502,,6.303426335817293,91.25432130236732,7.231239863525029,38.1034951400854,7.662526678423913,6.802649153647273,2.446439344671015,1.0,6,10,1.2,0.3600000000000001,12
