group_id,g1,g2,g3,g4,g5,g6,g7,g8,g9,g10,g11,g12,g13,g14
4589502,,6.330844397303831,91.34540130257415,5.840537921874993,42.644005440061896,4.587176373368704,10.35855899954776,2.4464393446710155,0.4642857142857143,26,10,1.8,1.3599999999999994,18
