group_id,g1,g2,g3,g4,g5,g6,g7,g8,g9,g10,g11,g12,g13,g14
4596352,,5.133530893730678,18.916372817202934,147.12245357206862,1041054.3310838164,287.30102546168524,2031177.5503561355,3.121928094887362,0.3267125031830914,7698,10,30.4,61.84000000000003,304
