group_id,g1,g2,g3,g4,g5,g6,g7,g8,g9,g10,g11,g12,g13,g14
4596352,,0,0,0,0,461.18633764164804,2531295.63754715,0,0.41411764705882353,1056,10,0.0,0.0,0
