group_id,g1,g2,g3,g4,g5,g6,g7,g8,g9,g10,g11,g12,g13,g14
4606062,,697.1533049469467,721177.0404257323,351.00296504616,479261.512204436,3.717414534894521,2.381066376614905,2.321928094887362,1.0,12,10,0.4,1.44,4
