group_id,g1,g2,g3,g4,g5,g6,g7,g8,g9,g10,g11,g12,g13,g14
461060,,0,0,0,0,266.33288980095955,903830.285654601,0,0.6108870967741935,606,10,0.0,0.0,0
