group_id,g1,g2,g3,g4,g5,g6,g7,g8,g9,g10,g11,g12,g13,g14
461060,,0.5257568340039217,0.24186771743909846,6.1181034449225296,33.412923862097834,8.892379440951121,52.089868493072856,0.9709505944546686,0.39204545454545453,414,10,8.8,7.559999999999988,88
