group_id,g1,g2,g3,g4,g5,g6,g7,g8,g9,g10,g11,g12,g13,g14
461060,,0.47318247233699806,0.8515923875735893,26.930732455317504,8060.065225385984,49.811628260554166,15316.298918333288,0.9219280948873623,0.6705882352941176,798,10,12.5,16.25,125
