group_id,g1,g2,g3,g4,g5,g6,g7,g8,g9,g10,g11,g12,g13,g14
461060,,0,0,0,0,66.88065117388878,32261.077080271578,0,0.5483870967741935,544,10,0.0,0.0,0
