group_id,g1,g2,g3,g4,g5,g6,g7,g8,g9,g10,g11,g12,g13,g14
461060,,0.5164380584265714,0.933478938669924,21.251359239710016,5988.093585199539,37.65858831815731,11428.033028078295,0.5032583347756457,0.474390243902439,778,10,10.5,22.650000000000006,105
