group_id,g1,g2,g3,g4,g5,g6,g7,g8,g9,g10,g11,g12,g13,g14
461060,,0,0,0,0,5.958764791185967,17.586190737757867,0,0.3787878787878788,50,10,0.0,0.0,0
