group_id,g1,g2,g3,g4,g5,g6,g7,g8,g9,g10,g11,g12,g13,g14
461060,,0.0,0.0,134.8047850370798,516905.8694017228,266.18133342351575,1000761.6235177359,0.0,0.5141129032258065,510,10,10.9,1.8900000000000006,109
