group_id,g1,g2,g3,g4,g5,g6,g7,g8,g9,g10,g11,g12,g13,g14
4622262,,23.445140146634433,0.0,19.831613110520223,591.3024020989205,16.704937915042507,1216.7446875747953,1.0,0.3171247357293869,600,10,5.7,34.809999999999995,57
