group_id,g1,g2,g3,g4,g5,g6,g7,g8,g9,g10,g11,g12,g13,g14
4628482,,0,0,0,0,1417.3200294500598,9736282.546061438,0,0.38333333333333336,230,10,0.0,0.0,0
