group_id,g1,g2,g3,g4,g5,g6,g7,g8,g9,g10,g11,g12,g13,g14
463260,,14.575499951660797,83.8893062907677,16.78043230387151,105.52060888374575,18.7239688486425,116.98756200766849,3.169925001442312,0.20392156862745098,520,10,7.2,8.36,72
