group_id,g1,g2,g3,g4,g5,g6,g7,g8,g9,g10,g11,g12,g13,g14
463260,,19.82453886934706,162.71281863978373,40.27299296990762,29623.56808964476,61.22417869755808,58353.05385336606,2.8073549220576046,0.3441881501582994,1522,10,12.8,29.159999999999968,128
