group_id,g1,g2,g3,g4,g5,g6,g7,g8,g9,g10,g11,g12,g13,g14
463260,,15.251927155969208,76.85066493053907,40.55460988103181,30560.11290059361,64.52056394762474,60333.12968020172,2.584962500721156,0.3317307692307692,1380,10,11.3,38.209999999999994,113
