group_id,g1,g2,g3,g4,g5,g6,g7,g8,g9,g10,g11,g12,g13,g14
463260,,18.36858519320882,122.27762707847535,20.817798779738023,520.4427119784648,23.196592890335868,931.9661643431314,2.5,0.32144944476914084,1100,10,9.5,39.25,95
