group_id,g1,g2,g3,g4,g5,g6,g7,g8,g9,g10,g11,g12,g13,g14
463260,,7.548217497769584,31.147422912781217,32.08085151478059,29167.36563960618,55.60404296754401,57202.90452055591,2.5,0.29929824561403506,1706,10,11.7,59.410000000000025,117
