group_id,g1,g2,g3,g4,g5,g6,g7,g8,g9,g10,g11,g12,g13,g14
463260,,15.621057104370994,58.33337209996387,37.56822135292187,28265.661949058253,59.42440279563021,55325.91062148485,3.0,0.31106639839034206,1546,10,12.5,32.44999999999999,125
