group_id,g1,g2,g3,g4,g5,g6,g7,g8,g9,g10,g11,g12,g13,g14
463260,,14.481398782838292,55.419492841840764,31.196734134227196,12266.212056647331,47.64538449584031,24054.341405529325,3.169925001442312,0.33382309726711723,2272,10,16.5,34.05000000000001,165
