group_id,g1,g2,g3,g4,g5,g6,g7,g8,g9,g10,g11,g12,g13,g14
463260,,16.183155757919845,78.89883754943213,139.17235942365207,840151.5450348641,261.6915998697592,1655577.368049849,2.75,0.4459530946922941,5058,10,20.3,185.61,203
