group_id,g1,g2,g3,g4,g5,g6,g7,g8,g9,g10,g11,g12,g13,g14
463260,,9.15055249308128,42.97310770186597,26.712945476305038,5194.6942590759445,41.81687204188665,9928.432491149117,2.584962500721156,0.5843989769820972,2742,10,16.8,120.15999999999997,168
