group_id,g1,g2,g3,g4,g5,g6,g7,g8,g9,g10,g11,g12,g13,g14
465116,,0,0,0,0,107.68954334833981,76922.13862210522,0,0.3,378,10,6.4,9.639999999999993,64
