group_id,g1,g2,g3,g4,g5,g6,g7,g8,g9,g10,g11,g12,g13,g14
479728,,4.161050502884982,36.56774821056736,13.88052495038499,49.81531504334018,15.855368048875809,16.811303660331134,1.061278124459133,0.6666666666666666,4,10,1.2,0.16000000000000014,12
