group_id,g1,g2,g3,g4,g5,g6,g7,g8,g9,g10,g11,g12,g13,g14
479728,,2.4054336021711595,10.487325851198083,14.121572026477029,24.41567462588739,9.460683155695676,0.0,0.7219280948873623,1.0,2,10,0.7,0.4100000000000001,7
