group_id,g1,g2,g3,g4,g5,g6,g7,g8,g9,g10,g11,g12,g13,g14
484784,,0,0,0,0,241.1711995614782,371579.3896187975,0,0.38333333333333336,92,10,0.0,0.0,0
