group_id,g1,g2,g3,g4,g5,g6,g7,g8,g9,g10,g11,g12,g13,g14
484784,,0,0,0,0,344.8675161520881,366358.2428916865,0,0.3333333333333333,114,10,0.0,0.0,0
