group_id,g1,g2,g3,g4,g5,g6,g7,g8,g9,g10,g11,g12,g13,g14
484784,,1527.124302041205,6969106.408318805,980.0464734876967,4271499.848548232,429.76837176040345,521641.69744489016,2.4056390622295662,0.23333333333333334,98,10,3.2,3.1599999999999984,32
