group_id,g1,g2,g3,g4,g5,g6,g7,g8,g9,g10,g11,g12,g13,g14
484784,,3.0050103856911687,1.789589417682647,61.7475570512824,49690.35223384961,118.12355760144835,92960.70210430112,1.584962500721156,0.30952380952380953,390,10,5.8,15.36,58
