group_id,g1,g2,g3,g4,g5,g6,g7,g8,g9,g10,g11,g12,g13,g14
484784,,16.233020569283827,500.4547428575455,145.4911102114217,224068.24225518675,276.2182504025782,414727.20453180175,2.5,0.38461538461538464,70,10,3.1,2.6899999999999995,31
