group_id,g1,g2,g3,g4,g5,g6,g7,g8,g9,g10,g11,g12,g13,g14
484784,,1.4362661451604954,0.661814949083809,198.02056236302528,199906.98976837983,376.2333716198511,338627.7679169981,2.2516291673878226,0.6482213438735178,328,10,4.0,22.799999999999997,40
