group_id,g1,g2,g3,g4,g5,g6,g7,g8,g9,g10,g11,g12,g13,g14
484784,,13.743373332221998,50.79967654893912,175.98018314948044,202884.70318634325,330.2039560473611,358145.32482326473,2.8073549220576046,0.3333333333333333,114,10,3.2,5.359999999999998,32
