group_id,g1,g2,g3,g4,g5,g6,g7,g8,g9,g10,g11,g12,g13,g14
484784,,4.969296888412733,11.354136767801275,162.63671299917192,260820.59641092306,318.14036898617707,471666.5930161166,2.1556390622295662,0.30303030303030304,40,10,2.1,1.8899999999999997,21
