group_id,g1,g2,g3,g4,g5,g6,g7,g8,g9,g10,g11,g12,g13,g14
484784,,4.385609502199056,10.792809401425231,195.39138276271137,235703.40683899383,378.0717966167737,418327.96014663135,2.446439344671015,0.32967032967032966,60,10,2.7,2.6099999999999994,27
