group_id,g1,g2,g3,g4,g5,g6,g7,g8,g9,g10,g11,g12,g13,g14
484784,,3253.442694112671,9254627.62952217,3708.17312504928,8988876.700599264,97.7803615207958,146984.47596503267,1.295461844238322,0.266384778012685,504,10,8.2,2.960000000000008,82
