group_id,g1,g2,g3,g4,g5,g6,g7,g8,g9,g10,g11,g12,g13,g14
484784,,0,0,0,0,102.83111185307229,54905.00064362615,0,0.2159090909090909,228,10,0.0,0.0,0
