group_id,g1,g2,g3,g4,g5,g6,g7,g8,g9,g10,g11,g12,g13,g14
484784,,12.639230443239388,75.42002197031525,13.727023317150474,203.35040252471248,12.683862078567977,391.78083701079385,2.4193819456463714,0.5384615384615384,350,10,4.4,25.439999999999994,44
