group_id,g1,g2,g3,g4,g5,g6,g7,g8,g9,g10,g11,g12,g13,g14
484784,,0,0,0,0,118.4796258739598,82991.59009707652,0,0.42105263157894735,160,10,0.0,0.0,0
