group_id,g1,g2,g3,g4,g5,g6,g7,g8,g9,g10,g11,g12,g13,g14
484784,,0,0,0,0,107.7239190739164,74223.49417343042,0,0.37254901960784315,114,10,0.0,0.0,0
