group_id,g1,g2,g3,g4,g5,g6,g7,g8,g9,g10,g11,g12,g13,g14
484784,,2.71785955128368,2.585404791662927,160.63475203574302,161187.10063671359,305.9710432005869,285796.3207325353,2.5,0.6066666666666667,364,10,4.3,24.81,43
