group_id,g1,g2,g3,g4,g5,g6,g7,g8,g9,g10,g11,g12,g13,g14
484784,,16.466230487184788,67.70348681534779,262.36527925196464,340197.1793330564,477.4729242347392,546182.5752159521,2.75,0.35,84,10,2.3,5.41,23
