group_id,g1,g2,g3,g4,g5,g6,g7,g8,g9,g10,g11,g12,g13,g14
484784,,3253.8600818032064,9250310.687170967,2522.6132989320004,8871336.523063548,260.70740259778586,833750.9848017714,2.321928094887362,0.2473469387755102,606,10,8.4,11.239999999999995,84
