group_id,g1,g2,g3,g4,g5,g6,g7,g8,g9,g10,g11,g12,g13,g14
484784,,2.062613405830313,2.6927808735418477,107.85108747907516,66812.5525862394,198.98131042591123,105998.9631669455,1.8112781244591327,0.2857142857142857,52,10,2.6,1.839999999999999,26
