group_id,g1,g2,g3,g4,g5,g6,g7,g8,g9,g10,g11,g12,g13,g14
4866792,,0,0,0,0,40.78568579602982,1996.6490208327243,0,0.5714285714285714,24,10,0.0,0.0,0
