group_id,g1,g2,g3,g4,g5,g6,g7,g8,g9,g10,g11,g12,g13,g14
486731,,30.41707642866489,630.1286343782929,44.46851687819969,636.2933595239792,37.115319681390794,864.1314137831253,1.5487949406953985,0.51,306,10,5.6,11.840000000000007,56
