group_id,g1,g2,g3,g4,g5,g6,g7,g8,g9,g10,g11,g12,g13,g14
486731,,59.07325160782542,1424.6483728599742,150.75893437239634,122757.5229370498,205.9992765425013,238237.11506064187,1.8423709931771088,0.45478723404255317,1026,10,11.2,21.16000000000001,112
