group_id,g1,g2,g3,g4,g5,g6,g7,g8,g9,g10,g11,g12,g13,g14
489614,,8.503617990601516,43.33128594778087,60.746427544930185,58298.44350874739,110.6588771274199,111356.30074097958,2.1609640474436813,0.34746922024623805,2540,10,15.3,95.20999999999998,153
