group_id,g1,g2,g3,g4,g5,g6,g7,g8,g9,g10,g11,g12,g13,g14
489614,,1.2678655879984755,6.202699995270233,11.946090038826716,36.459225827658315,16.675709240860833,78.25527869690438,0.9219280948873623,0.5604395604395604,102,10,1.7,9.010000000000002,17
