group_id,g1,g2,g3,g4,g5,g6,g7,g8,g9,g10,g11,g12,g13,g14
491667,,0,0,0,0,401.5435176732524,428129.09842969803,0,0.23106060606060605,244,10,0.0,0.0,0
