group_id,g1,g2,g3,g4,g5,g6,g7,g8,g9,g10,g11,g12,g13,g14
491667,,3.686561433470876,13.318419629561689,59.34035482936808,35077.95344401789,112.8313180342877,65029.59210803335,1.9219280948873623,0.33992094861660077,172,10,4.0,8.8,40
