group_id,g1,g2,g3,g4,g5,g6,g7,g8,g9,g10,g11,g12,g13,g14
491667,,0,0,0,0,13.749342259466204,289.32875242944453,0,0.39285714285714285,22,10,0.0,0.0,0
