group_id,g1,g2,g3,g4,g5,g6,g7,g8,g9,g10,g11,g12,g13,g14
491667,,417.3505053122234,416361.9084482399,213.69796438501035,249228.7513367099,11.75033358429157,127.527563784152,2.8073549220576046,0.25146198830409355,86,10,3.0,3.4000000000000004,30
