group_id,g1,g2,g3,g4,g5,g6,g7,g8,g9,g10,g11,g12,g13,g14
4983442,,5.988599202200687,143.45328161839484,9.863959176742707,103.15225979060304,11.630401001304556,101.47946184979617,0.4689955935892812,0.4105263157894737,156,10,4.8,3.5600000000000023,48
