group_id,g1,g2,g3,g4,g5,g6,g7,g8,g9,g10,g11,g12,g13,g14
4995352,,0.8866187262513477,1.4247931379029573,6.165770316602099,49.99398541756584,9.382411453923996,80.61682192376448,0.7219280948873623,0.8695652173913043,440,10,13.3,3.4099999999999966,133
