group_id,g1,g2,g3,g4,g5,g6,g7,g8,g9,g10,g11,g12,g13,g14
499978,,1.607087836632218,2.3968232393323077,21.58650705625709,6220.187952991922,38.73663280525853,12062.002614688236,2.1556390622295662,0.31451612903225806,312,10,6.2,6.159999999999997,62
