group_id,g1,g2,g3,g4,g5,g6,g7,g8,g9,g10,g11,g12,g13,g14
499978,,0,0,0,0,59.37487990539117,26578.433248655485,0,0.2096567440535536,2944,10,0.0,0.0,0
