group_id,g1,g2,g3,g4,g5,g6,g7,g8,g9,g10,g11,g12,g13,g14
5007802,,2.249128220765414,1.527108059920252,9.849212037179207,255.39681490158995,15.423078303953925,413.33012652162694,3.121928094887362,0.2885375494071146,146,10,4.2,3.5599999999999987,42
