group_id,g1,g2,g3,g4,g5,g6,g7,g8,g9,g10,g11,g12,g13,g14
516512,,0.0,0.0,6.5481727361339255,65.47324464437105,8.97610803051725,88.13474247996471,0.0,0.6909090909090909,76,10,4.0,3.3999999999999986,40
