group_id,g1,g2,g3,g4,g5,g6,g7,g8,g9,g10,g11,g12,g13,g14
516512,,0,0,0,0,583.6640638204835,844163.7193516709,0,0.8571428571428571,36,10,0.0,0.0,0
