group_id,g1,g2,g3,g4,g5,g6,g7,g8,g9,g10,g11,g12,g13,g14
516512,,4.218001831271489,11.861026299073089,626.18743430163,2690596.279496317,1244.747658363824,4610611.895341799,1.0,0.5,28,10,2.5,1.6500000000000004,25
