group_id,g1,g2,g3,g4,g5,g6,g7,g8,g9,g10,g11,g12,g13,g14
516512,,0,0,0,0,353.1422864779215,276738.0354101215,0,0.47619047619047616,20,10,0.0,0.0,0
