group_id,g1,g2,g3,g4,g5,g6,g7,g8,g9,g10,g11,g12,g13,g14
518057,,0,0,0,0,27.375577263575256,3385.317261258636,0,0.44313110181311016,25418,10,0.0,0.0,0
