group_id,g1,g2,g3,g4,g5,g6,g7,g8,g9,g10,g11,g12,g13,g14
518057,,12.830034275124396,123.54366337704076,32.23452487156739,18600.323395784108,50.77651097678862,36541.324697083655,2.94770277922009,0.44336372847011146,8752,10,29.2,273.9599999999999,292
