group_id,g1,g2,g3,g4,g5,g6,g7,g8,g9,g10,g11,g12,g13,g14
518057,,7.175886340484606,27.13963765852496,31.637582343016835,17851.358007472292,52.900151616047914,34566.22793194038,2.2810361125534233,0.5454545454545454,4272,10,27.8,43.95999999999992,278
