group_id,g1,g2,g3,g4,g5,g6,g7,g8,g9,g10,g11,g12,g13,g14
518057,,0,0,0,0,71.92995528262827,49786.75639692094,0,0.5324600046371435,27558,10,0.0,0.0,0
