group_id,g1,g2,g3,g4,g5,g6,g7,g8,g9,g10,g11,g12,g13,g14
518057,,9.07763180495352,20.335695682116068,63.47865864017687,291820.76382134116,116.16898451688331,579654.4272941852,2.725480556997868,0.712867215041128,24266,10,25.5,2009.65,255
