group_id,g1,g2,g3,g4,g5,g6,g7,g8,g9,g10,g11,g12,g13,g14
518057,,0,0,0,0,40.50834724335453,22319.914594140842,0,0.4850598920626563,22110,10,0.0,0.0,0
