group_id,g1,g2,g3,g4,g5,g6,g7,g8,g9,g10,g11,g12,g13,g14
518057,,0,0,0,0,85.38613256250842,83984.39220887532,0,0.4855056589996349,13298,10,0.0,0.0,0
