group_id,g1,g2,g3,g4,g5,g6,g7,g8,g9,g10,g11,g12,g13,g14
518057,,0,0,0,0,62.601821973717044,50207.78540339432,0,0.47229105211406097,24016,10,0.0,0.0,0
