group_id,g1,g2,g3,g4,g5,g6,g7,g8,g9,g10,g11,g12,g13,g14
518057,,0,0,0,0,42.66640470064737,13989.924758518759,0,0.826945412311266,1424,10,0.0,0.0,0
