group_id,g1,g2,g3,g4,g5,g6,g7,g8,g9,g10,g11,g12,g13,g14
518057,,9.063463070972729,26.586585655753268,47.604873314419564,37439.343537392895,84.10412161735869,70536.66738984291,2.5,0.6027034969144872,4102,10,26.7,80.00999999999999,267
