group_id,g1,g2,g3,g4,g5,g6,g7,g8,g9,g10,g11,g12,g13,g14
518057,,0,0,0,0,66.34670636349617,40764.96585291421,0,0.49555595864320695,10928,10,0.0,0.0,0
