group_id,g1,g2,g3,g4,g5,g6,g7,g8,g9,g10,g11,g12,g13,g14
518057,,0,0,0,0,62.7803126996562,38129.64307401224,0,0.42468694096601073,7122,10,0.0,0.0,0
