group_id,g1,g2,g3,g4,g5,g6,g7,g8,g9,g10,g11,g12,g13,g14
518057,,13.835854050326882,99.78024788946936,54.34790482578667,40330.45642882133,92.62552544858988,76425.39764492055,2.75,0.6900269541778976,7680,10,35.8,179.16000000000008,358
