group_id,g1,g2,g3,g4,g5,g6,g7,g8,g9,g10,g11,g12,g13,g14
518057,,0,0,0,0,52.87467291675426,41536.37398453537,0,0.5216071176387516,44322,10,0.0,0.0,0
