group_id,g1,g2,g3,g4,g5,g6,g7,g8,g9,g10,g11,g12,g13,g14
518057,,0,0,0,0,47.32123571722194,16198.991121323685,0,0.7492063492063492,944,10,0.0,0.0,0
