group_id,g1,g2,g3,g4,g5,g6,g7,g8,g9,g10,g11,g12,g13,g14
518057,,9.653153045155289,28.34221145995926,35.449531833325096,26645.749774993557,59.41809867536686,51472.16586913681,3.0,0.45592236531833846,10054,10,33.0,307.0,330
