group_id,g1,g2,g3,g4,g5,g6,g7,g8,g9,g10,g11,g12,g13,g14
518057,,0,0,0,0,19.985591535478417,1249.8890735631924,0,0.37303963501568294,10466,10,0.0,0.0,0
