group_id,g1,g2,g3,g4,g5,g6,g7,g8,g9,g10,g11,g12,g13,g14
518057,,11.509359942960417,31.93614632585357,39.36810593990066,23783.07159275235,64.80917750117368,46251.72129248388,2.725480556997868,0.595568388676166,18976,10,44.2,895.5599999999995,442
