group_id,g1,g2,g3,g4,g5,g6,g7,g8,g9,g10,g11,g12,g13,g14
518057,,0,0,0,0,76.03392970924335,60981.540309109325,0,0.64501679731243,5760,10,0.0,0.0,0
