group_id,g1,g2,g3,g4,g5,g6,g7,g8,g9,g10,g11,g12,g13,g14
518057,,0,0,0,0,45.443167265497756,31191.369535582788,0,0.4546914932457101,12454,10,0.0,0.0,0
