group_id,g1,g2,g3,g4,g5,g6,g7,g8,g9,g10,g11,g12,g13,g14
518057,,0,0,0,0,37.65213853858683,18016.32063741831,0,0.5002675227394329,35530,10,0.0,0.0,0
