group_id,g1,g2,g3,g4,g5,g6,g7,g8,g9,g10,g11,g12,g13,g14
518057,,10.087574153162238,35.67228918328756,74.9367201303684,139653.92551920278,137.5328246807027,273091.3901551605,2.9219280948873623,0.5832011001798371,11026,10,38.5,337.04999999999995,385
