group_id,g1,g2,g3,g4,g5,g6,g7,g8,g9,g10,g11,g12,g13,g14
5215182,,10.01834625006428,74.44113652646887,98.93691451913698,202445.96696766882,181.16455053758827,393323.06087381404,1.5709505944546687,0.37806355418879883,8114,10,34.6,32.039999999999964,346
