group_id,g1,g2,g3,g4,g5,g6,g7,g8,g9,g10,g11,g12,g13,g14
525327,,24.617607429503646,555.0452070192532,230.09813065878447,748815.9853187366,429.34211769276436,1410645.1967596845,3.321928094887362,0.425531914893617,960,10,12.1,8.490000000000009,121
