group_id,g1,g2,g3,g4,g5,g6,g7,g8,g9,g10,g11,g12,g13,g14
525327,,0,0,0,0,221.87769992896276,607970.0113330762,0,0.43916083916083914,1884,10,0.0,0.0,0
