group_id,g1,g2,g3,g4,g5,g6,g7,g8,g9,g10,g11,g12,g13,g14
525706,,0,0,0,0,48.629622450731645,7151.0999456043355,0,0.5054945054945055,92,10,0.0,0.0,0
