group_id,g1,g2,g3,g4,g5,g6,g7,g8,g9,g10,g11,g12,g13,g14
525706,,13.067308297418158,34.612563960810036,31.650186745674855,3749.76443753674,45.19562498410425,6650.309666251726,3.321928094887362,0.47619047619047616,100,10,4.2,2.5599999999999987,42
