group_id,g1,g2,g3,g4,g5,g6,g7,g8,g9,g10,g11,g12,g13,g14
5300812,,0,0,0,0,7.581795522788483,74.2082361484771,0,0.28078817733990147,228,10,0.0,0.0,0
