group_id,g1,g2,g3,g4,g5,g6,g7,g8,g9,g10,g11,g12,g13,g14
5300812,,0,0,0,0,1.786652511014531,1.0095971099824306,0,0.6666666666666666,8,10,0.0,0.0,0
