group_id,g1,g2,g3,g4,g5,g6,g7,g8,g9,g10,g11,g12,g13,g14
5333152,,0.0,0.0,293.2025122564071,415275.06146291737,581.7173829302915,662634.8098201165,0.0,0.7333333333333333,22,10,2.8,0.5600000000000014,28
