group_id,g1,g2,g3,g4,g5,g6,g7,g8,g9,g10,g11,g12,g13,g14
533614,,168.19807035209342,55970.2464616332,147.46030678298052,44053.41934615832,138.52509143118567,33422.515170451465,2.75,0.812807881773399,660,10,14.0,11.199999999999989,140
