group_id,g1,g2,g3,g4,g5,g6,g7,g8,g9,g10,g11,g12,g13,g14
533614,,202.98132984169706,79079.46826220711,160.20075852761948,57437.612134289215,118.24074979857322,25426.415835887627,2.9219280948873623,0.6231707317073171,1022,10,11.4,57.03999999999999,114
