group_id,g1,g2,g3,g4,g5,g6,g7,g8,g9,g10,g11,g12,g13,g14
533614,,61.96217545896456,2914.5444177124928,107.99970371639299,18111.63449369771,153.4376220205052,30899.717312446253,2.9219280948873623,0.6848979591836735,1678,10,19.4,30.440000000000055,194
