group_id,g1,g2,g3,g4,g5,g6,g7,g8,g9,g10,g11,g12,g13,g14
539939,,4.116616697493738,13.269405366530577,161.40935989259538,131130.73200175402,306.3627417911355,228609.0268536053,1.5,0.8666666666666667,520,10,12.2,21.960000000000036,122
