group_id,g1,g2,g3,g4,g5,g6,g7,g8,g9,g10,g11,g12,g13,g14
539939,,0.0,0.0,85.26464081750588,102753.0251766927,162.35262615771518,184922.79975799497,0.0,0.5687103594080338,1076,10,14.9,6.689999999999969,149
