group_id,g1,g2,g3,g4,g5,g6,g7,g8,g9,g10,g11,g12,g13,g14
5423812,,1.5638122047565566,1.8194314435878662,1.7821186638651703,1.8601224418064244,2.232693040538375,1.9975677403151106,1.7609640474436812,0.6,18,10,1.8,0.96,18
