group_id,g1,g2,g3,g4,g5,g6,g7,g8,g9,g10,g11,g12,g13,g14
5423812,,5.633399097616584,84.87615046333502,3.2525422505274304,46.68444006985545,1.0344764338446273,0.05980673420794247,2.1219280948873624,0.6666666666666666,4,10,1.2,0.16000000000000014,12
