group_id,g1,g2,g3,g4,g5,g6,g7,g8,g9,g10,g11,g12,g13,g14
5423812,,1.4441943338438945,1.7574696221652402,79.30254217546647,37304.98898559155,155.02712745905458,63093.066554569596,1.295461844238322,0.32142857142857145,18,10,1.7,0.6100000000000003,17
