group_id,g1,g2,g3,g4,g5,g6,g7,g8,g9,g10,g11,g12,g13,g14
5423812,,2.243490435143052,2.5423694515435074,290.87331168796794,381279.5839758913,547.6599951176673,618942.6630643168,2.3219280948873626,0.3619047619047619,76,10,2.4,4.24,24
