group_id,g1,g2,g3,g4,g5,g6,g7,g8,g9,g10,g11,g12,g13,g14
5423812,,7.05186739107999,90.4280614342982,6.077781651044376,38.62373388100181,7.021884715344764,0.0,2.2464393446710154,1.0,2,10,1.1,0.08999999999999986,11
