group_id,g1,g2,g3,g4,g5,g6,g7,g8,g9,g10,g11,g12,g13,g14
5438142,,0.6662802560971948,0.2989256029620822,160.96093553113235,1339367.71401534,316.00525001543417,2636045.3498825105,1.295461844238322,0.3100198412698413,1250,10,11.1,38.290000000000006,111
