group_id,g1,g2,g3,g4,g5,g6,g7,g8,g9,g10,g11,g12,g13,g14
54563,,0,0,0,0,15.457245940246944,218.42974436702693,0,0.43137254901960786,132,10,4.1,7.690000000000001,41
