group_id,g1,g2,g3,g4,g5,g6,g7,g8,g9,g10,g11,g12,g13,g14
5472152,,0.14993410797827167,0.08992094694096012,38.000835242165515,40521.9711006871,74.16989818615909,78845.34028847337,0.4689955935892812,0.4155614500442087,5640,10,27.9,76.09000000000003,279
