group_id,g1,g2,g3,g4,g5,g6,g7,g8,g9,g10,g11,g12,g13,g14
5514032,,2.9778962397805406,3.7717784070182194,168.6555357847814,248126.08872616044,320.6239661084826,442818.81942159485,3.169925001442312,0.47062146892655365,1666,10,14.0,52.400000000000006,140
