group_id,g1,g2,g3,g4,g5,g6,g7,g8,g9,g10,g11,g12,g13,g14
55272,,0.235944749530495,0.07728756275779822,683.3512102204036,2887991.5406187708,1293.989108791134,4925300.111269115,1.6854752972273344,0.2487770789657582,712,10,8.3,16.20999999999998,83
