group_id,g1,g2,g3,g4,g5,g6,g7,g8,g9,g10,g11,g12,g13,g14
55272,,0.4248601077959716,0.06645886384549124,301.1712028868864,2128905.5674698777,600.8669542042801,4075578.2049613628,1.8954618442383218,0.30666666666666664,184,10,4.4,5.639999999999997,44
