group_id,g1,g2,g3,g4,g5,g6,g7,g8,g9,g10,g11,g12,g13,g14
55272,,0.056402856815082704,0.0057660740906361856,520.0650065081835,3992523.965007068,1037.9033459020604,7445282.73653272,0.7219280948873623,0.375,90,10,4.1,0.8900000000000006,41
