group_id,g1,g2,g3,g4,g5,g6,g7,g8,g9,g10,g11,g12,g13,g14
554509,,41.57010061600048,687.4750611818947,86.68153296365038,37811.17306212612,130.5272287011228,70127.32460177658,3.121928094887362,0.46728382074479274,4442,10,22.5,115.64999999999998,225
