group_id,g1,g2,g3,g4,g5,g6,g7,g8,g9,g10,g11,g12,g13,g14
554509,,123.15951257645172,22214.05258462611,127.10859926796317,62181.53302693272,136.89629069539262,103370.61894319278,3.121928094887362,0.35628114345659584,5434,10,24.2,124.36000000000001,242
