group_id,g1,g2,g3,g4,g5,g6,g7,g8,g9,g10,g11,g12,g13,g14
554509,,19.32720720465245,117.57411352949185,63.41426734726582,28710.83338887085,105.39458816374614,52410.38207468628,2.725480556997868,0.5127730470196223,2770,10,19.3,67.00999999999999,193
