group_id,g1,g2,g3,g4,g5,g6,g7,g8,g9,g10,g11,g12,g13,g14
559762,,0,0,0,0,160.75210426724655,60100.54916340972,0,0.7857142857142857,44,10,0.0,0.0,0
