group_id,g1,g2,g3,g4,g5,g6,g7,g8,g9,g10,g11,g12,g13,g14
559762,,10.595705788901983,181.65674310454307,325.1466160884926,390456.06217037444,637.5757211784356,578785.4074634312,1.6644977792004616,0.8,16,10,2.1,0.6899999999999995,21
