group_id,g1,g2,g3,g4,g5,g6,g7,g8,g9,g10,g11,g12,g13,g14
559762,,8.225644020498786,49.19464871177975,16.48743157901972,128.73678814456593,22.707933859611707,124.84698051944429,1.6854752972273344,0.7,14,10,2.0,1.7999999999999998,20
