group_id,g1,g2,g3,g4,g5,g6,g7,g8,g9,g10,g11,g12,g13,g14
559762,,10.556252944812751,53.28121652394928,15.540218379529687,26.738539520105945,22.47542428881385,58.85887377966367,1.7219280948873623,1.0,6,10,2.1,0.08999999999999986,21
