group_id,g1,g2,g3,g4,g5,g6,g7,g8,g9,g10,g11,g12,g13,g14
559762,,5.130513539196822,33.193422884075716,409.94393835493725,451795.92020166665,792.2673810003038,588093.7997216914,2.197159723424149,0.8333333333333334,10,10,1.9,0.69,19
