group_id,g1,g2,g3,g4,g5,g6,g7,g8,g9,g10,g11,g12,g13,g14
565564,,2.6172913838812173,5.993937414621501,122.84078301116513,172979.17555064816,236.1660797085898,321952.60607535235,0.9182958340544896,0.325076608784474,2546,10,10.9,165.08999999999997,109
