group_id,g1,g2,g3,g4,g5,g6,g7,g8,g9,g10,g11,g12,g13,g14
565564,,1.1144994090914673,0.41545071414006607,68.74031734823922,162427.7746430288,133.87859885088582,317259.77493299555,1.9056390622295662,0.2992493744787323,3588,10,18.8,84.35999999999996,188
