group_id,g1,g2,g3,g4,g5,g6,g7,g8,g9,g10,g11,g12,g13,g14
565564,,0,0,0,0,796.5431073815346,3897508.5579034626,0,0.37326732673267327,3770,10,0.0,0.0,0
