group_id,g1,g2,g3,g4,g5,g6,g7,g8,g9,g10,g11,g12,g13,g14
565564,,0.5922414183034865,0.3988695993595649,416.7196883890817,2186530.0201508943,796.5431073815346,3897508.5579034626,1.1567796494470395,0.37326732673267327,3770,10,22.3,24.810000000000002,223
