group_id,g1,g2,g3,g4,g5,g6,g7,g8,g9,g10,g11,g12,g13,g14
565564,,0.34093267034460684,0.1826551346844783,364.0070840972887,1425026.5255252651,696.8292004036972,2565342.3568359413,0.7642045065086203,0.2858826996758031,3880,10,19.7,90.81,197
