group_id,g1,g2,g3,g4,g5,g6,g7,g8,g9,g10,g11,g12,g13,g14
565564,,0.31170987002935485,0.1761080155711126,261.51389345157276,1387145.7168553688,509.7824239764433,2594946.6359153204,0.7219280948873623,0.3823762376237624,3862,10,23.2,25.559999999999945,232
