group_id,g1,g2,g3,g4,g5,g6,g7,g8,g9,g10,g11,g12,g13,g14
565564,,0,0,0,0,312.8427049388775,1137781.9230725237,0,0.3466666666666667,1924,10,0.0,0.0,0
