group_id,g1,g2,g3,g4,g5,g6,g7,g8,g9,g10,g11,g12,g13,g14
565564,,0,0,0,0,119.09023041686083,137317.45561356153,0,0.34565656565656566,3422,10,20.2,54.960000000000036,202
