group_id,g1,g2,g3,g4,g5,g6,g7,g8,g9,g10,g11,g12,g13,g14
565564,,0,0,0,0,136.6226053464777,180884.91580740176,0,0.29186501639691104,5518,10,0.0,0.0,0
