group_id,g1,g2,g3,g4,g5,g6,g7,g8,g9,g10,g11,g12,g13,g14
565564,,0.31170987002935485,0.1761080155711126,3.930190167542915,19.080723529470113,5.467222134276516,27.377188247489613,0.7219280948873623,0.33844842284739984,1588,10,13.7,27.610000000000042,137
