group_id,g1,g2,g3,g4,g5,g6,g7,g8,g9,g10,g11,g12,g13,g14
565564,,0.5260104056745363,0.18445796458526015,214.90522583904055,1281398.1401038356,421.9791538719579,2462065.583914921,0.9709505944546686,0.28853521956970235,3916,10,20.6,61.23999999999995,206
