group_id,g1,g2,g3,g4,g5,g6,g7,g8,g9,g10,g11,g12,g13,g14
565564,,0.8387535186288577,0.22888558279187565,80.81761731434831,300767.7433875868,158.24540094992344,591657.72880025,1.9182958340544893,0.36361767728674205,7076,10,29.8,65.95999999999992,298
