group_id,g1,g2,g3,g4,g5,g6,g7,g8,g9,g10,g11,g12,g13,g14
565564,,0.6275817324928705,0.2235730925019746,85.13603754803049,110654.96545922538,166.92977794508326,213822.75664063386,1.5219280948873621,0.5967741935483871,592,10,11.4,3.039999999999992,114
