group_id,g1,g2,g3,g4,g5,g6,g7,g8,g9,g10,g11,g12,g13,g14
565564,,0.9322948874938598,0.43544943988988294,117.72367568584067,230822.4227791628,227.50564388515957,436130.8427057597,1.5,0.3119834710743802,4530,10,20.5,122.64999999999998,205
