group_id,g1,g2,g3,g4,g5,g6,g7,g8,g9,g10,g11,g12,g13,g14
565564,,0,0,0,0,699.2209800166509,2999603.8979166835,0,0.37247745813653926,6940,10,0.0,0.0,0
