group_id,g1,g2,g3,g4,g5,g6,g7,g8,g9,g10,g11,g12,g13,g14
565564,,0,0,0,0,189.96031299033905,816563.9707244326,0,0.4334104775930991,4120,10,0.0,0.0,0
