group_id,g1,g2,g3,g4,g5,g6,g7,g8,g9,g10,g11,g12,g13,g14
565564,,0,0,0,0,158.0871581567261,227079.31409009607,0,0.3184407796101949,4248,10,0.0,0.0,0
