group_id,g1,g2,g3,g4,g5,g6,g7,g8,g9,g10,g11,g12,g13,g14
565564,,0.2922280031525201,0.17079441165301865,115.49476559651434,658233.4306851951,227.21093088313336,1293077.765390831,0.6500224216483541,0.2828282828282828,2800,10,17.0,52.19999999999999,170
