group_id,g1,g2,g3,g4,g5,g6,g7,g8,g9,g10,g11,g12,g13,g14
565564,,0.31170987002935485,0.1761080155711126,259.64054040510695,1412556.5497542399,507.196660521101,2661763.0027540317,0.7219280948873623,0.38482384823848237,2556,10,18.1,32.48999999999995,181
