group_id,g1,g2,g3,g4,g5,g6,g7,g8,g9,g10,g11,g12,g13,g14
565564,,0,0,0,0,115.27343126503158,106505.18723854907,0,0.32235872235872237,3936,10,0.0,0.0,0
