group_id,g1,g2,g3,g4,g5,g6,g7,g8,g9,g10,g11,g12,g13,g14
565564,,0.3507399352750452,0.1845277532951143,188.64613205673942,1297079.4761913647,373.74552728063486,2532651.3295293776,0.7219280948873623,0.4805764411027569,1534,10,14.6,44.23999999999998,146
