group_id,g1,g2,g3,g4,g5,g6,g7,g8,g9,g10,g11,g12,g13,g14
565564,,0.46756480504403214,0.191289741051381,118.24383820867146,591494.3505056852,231.95292793098022,1162039.6376053463,0.9182958340544896,0.2951665193044503,4006,10,20.8,68.15999999999997,208
