group_id,g1,g2,g3,g4,g5,g6,g7,g8,g9,g10,g11,g12,g13,g14
565564,,0.31170987002935485,0.1761080155711126,232.83273869214847,1351961.6793588174,454.6889771957339,2557530.5835611895,0.7219280948873623,0.41025641025641024,2464,10,19.0,13.600000000000023,190
