group_id,g1,g2,g3,g4,g5,g6,g7,g8,g9,g10,g11,g12,g13,g14
565564,,0,0,0,0,240.78109433615097,1046635.842204385,0,0.3081232492997199,4400,10,0.0,0.0,0
