group_id,g1,g2,g3,g4,g5,g6,g7,g8,g9,g10,g11,g12,g13,g14
565564,,0.35067360378302415,0.18445796458526018,108.0824608847168,399640.13717680424,210.97567697795097,774137.0339666941,0.7219280948873623,0.32829900839054155,4304,10,23.8,23.3599999999999,238
