group_id,g1,g2,g3,g4,g5,g6,g7,g8,g9,g10,g11,g12,g13,g14
565564,,0.2922280031525201,0.17079441165301865,141.46105468561657,644673.7120330817,277.7325654566243,1245919.3004639451,0.6500224216483541,0.31702344546381245,3732,10,20.7,53.210000000000036,207
