group_id,g1,g2,g3,g4,g5,g6,g7,g8,g9,g10,g11,g12,g13,g14
565564,,0,0,0,0,121.03415999458053,266809.5998762014,0,0.23738363547280744,5814,10,0.0,0.0,0
