group_id,g1,g2,g3,g4,g5,g6,g7,g8,g9,g10,g11,g12,g13,g14
565564,,0.6804673837815686,0.2890941355173789,58.10816959231117,53587.444462146945,111.28148058476786,99928.03423572783,1.3787834934861756,0.3718011811023622,6044,10,28.5,40.64999999999998,285
