group_id,g1,g2,g3,g4,g5,g6,g7,g8,g9,g10,g11,g12,g13,g14
565564,,0,0,0,0,211.74153764903605,1457126.949107528,0,0.4117353308364544,3298,10,0.0,0.0,0
