group_id,g1,g2,g3,g4,g5,g6,g7,g8,g9,g10,g11,g12,g13,g14
565564,,0.3163117465588567,0.3001593630333431,130.49343253793964,648126.614061749,256.0170072565219,1262775.0100082122,0.5435644431995964,0.30593548387096775,4742,10,21.0,126.79999999999995,210
