group_id,g1,g2,g3,g4,g5,g6,g7,g8,g9,g10,g11,g12,g13,g14
565564,,0.0,0.0,104.90972783657598,433731.87504770217,205.79534062931708,850799.3781803218,0.0,0.3858902575587906,3446,10,21.9,56.09000000000009,219
