group_id,g1,g2,g3,g4,g5,g6,g7,g8,g9,g10,g11,g12,g13,g14
565564,,0,0,0,0,582.7636894278183,2925067.2929926575,0,0.5411020776874436,3594,10,0.0,0.0,0
