group_id,g1,g2,g3,g4,g5,g6,g7,g8,g9,g10,g11,g12,g13,g14
565564,,0,0,206.55384444330502,998693.5262009046,402.9324533912549,1902729.2732937082,0.0,0.3336550836550837,4148,10,20.8,99.56,208
