group_id,g1,g2,g3,g4,g5,g6,g7,g8,g9,g10,g11,g12,g13,g14
565564,,0,0,0,0,345.40909515539454,1330521.0819603547,0,0.3311769991015274,3686,10,0.0,0.0,0
