group_id,g1,g2,g3,g4,g5,g6,g7,g8,g9,g10,g11,g12,g13,g14
565564,,0.5863988251117378,0.11903686025005361,177.29581739055922,862881.3652888633,346.3725291473552,1649524.1515933957,1.584962500721156,0.3083958020989505,4114,10,22.3,25.20999999999998,223
