group_id,g1,g2,g3,g4,g5,g6,g7,g8,g9,g10,g11,g12,g13,g14
565564,,0,0,0,0,124.64118389853563,135545.02819402475,0,0.29256965944272445,6804,10,0.0,0.0,0
