group_id,g1,g2,g3,g4,g5,g6,g7,g8,g9,g10,g11,g12,g13,g14
565564,,0.9829591847183138,0.483104379411046,6.214316804783103,57.54025747789718,9.197714516477847,89.37420290335001,1.0,0.7116935483870968,706,10,4.0,64.2,40
