group_id,g1,g2,g3,g4,g5,g6,g7,g8,g9,g10,g11,g12,g13,g14
565564,,0,0,0,0,317.1509529787605,1133242.6237054258,0,0.36110142906936216,8288,10,30.8,132.15999999999985,308
