group_id,g1,g2,g3,g4,g5,g6,g7,g8,g9,g10,g11,g12,g13,g14
5717192,,5.9558156217198635,13.255737768052782,11.731376904657841,101.95873418455562,15.736297575314172,162.37505721576173,2.6464393446710153,0.5370370370370371,406,10,5.7,24.809999999999995,57
