group_id,g1,g2,g3,g4,g5,g6,g7,g8,g9,g10,g11,g12,g13,g14
5717192,,25.946596029252067,235.3578179243665,21.636443047829694,193.85750132754862,12.107655271685578,106.33004277598326,2.4193819456463714,0.2724867724867725,206,10,4.1,8.490000000000002,41
