group_id,g1,g2,g3,g4,g5,g6,g7,g8,g9,g10,g11,g12,g13,g14
5717192,,6.766734918920909,25.395035496977805,16.643596791287695,1240.0301184807793,24.258179813993326,2415.4250997805584,2.1609640474436813,0.32926829268292684,540,10,6.3,24.810000000000002,63
