group_id,g1,g2,g3,g4,g5,g6,g7,g8,g9,g10,g11,g12,g13,g14
574925,,0,0,0,0,20.87600663505143,146.2303595385904,0,0.25,138,10,0.0,0.0,0
