group_id,g1,g2,g3,g4,g5,g6,g7,g8,g9,g10,g11,g12,g13,g14
574925,,17.653539443924515,102.12727942810596,19.392061182944378,167.38837001811106,23.516167411285505,213.38143994149982,2.0,0.3076923076923077,56,10,2.8,1.5600000000000014,28
