group_id,g1,g2,g3,g4,g5,g6,g7,g8,g9,g10,g11,g12,g13,g14
574925,,18.42935661267333,56.16949877944364,17.068263214301936,86.19629391372257,11.906750162632845,59.761110018442594,1.584962500721156,0.27635327635327633,194,10,3.7,9.61,37
