group_id,g1,g2,g3,g4,g5,g6,g7,g8,g9,g10,g11,g12,g13,g14
574925,,0,0,0,0,35.437926971302744,6054.93653028343,0,0.6222222222222222,1288,10,0.0,0.0,0
