group_id,g1,g2,g3,g4,g5,g6,g7,g8,g9,g10,g11,g12,g13,g14
574925,,0,0,0,0,17.339025734213745,87.73744196474257,0,0.3956043956043956,72,10,0.0,0.0,0
