group_id,g1,g2,g3,g4,g5,g6,g7,g8,g9,g10,g11,g12,g13,g14
574925,,23.035448244207714,64.64646275101677,15.931246583103333,54.05045467585873,12.807785386994484,55.60106612540983,1.584962500721156,0.39285714285714285,22,10,1.7,1.0100000000000002,17
