group_id,g1,g2,g3,g4,g5,g6,g7,g8,g9,g10,g11,g12,g13,g14
579207,,6.619325616189314,51.10846969807651,41.81160060094519,21054.753685504405,76.90492764623927,40014.637161505394,2.94770277922009,0.45789473684210524,174,10,4.9,4.489999999999995,49
