group_id,g1,g2,g3,g4,g5,g6,g7,g8,g9,g10,g11,g12,g13,g14
5811762,,602.2149524726118,376033.62663298956,672.3842279888217,488041.53305762936,747.1381714088338,586355.193643202,3.321928094887362,0.30138875209297744,6120,10,26.0,105.0,260
