group_id,g1,g2,g3,g4,g5,g6,g7,g8,g9,g10,g11,g12,g13,g14
5811762,,274.4108341841187,139007.87196968537,318.77764157613285,143713.1004957909,391.2720036746769,154412.11751468806,1.4591479170272448,0.40307692307692305,262,10,3.9,19.689999999999998,39
