group_id,g1,g2,g3,g4,g5,g6,g7,g8,g9,g10,g11,g12,g13,g14
582365,,0.0,0.0,190.1659669878491,254150.37610062555,356.2092977717232,434188.47268323763,0.0,0.46050420168067224,548,10,9.5,7.25,95
