group_id,g1,g2,g3,g4,g5,g6,g7,g8,g9,g10,g11,g12,g13,g14
582365,,0,0,0,0,12.975250442710738,85.47273541346652,0,0.2813852813852814,130,10,0.0,0.0,0
