group_id,g1,g2,g3,g4,g5,g6,g7,g8,g9,g10,g11,g12,g13,g14
582365,,0,0,0,0,135.22238922637246,92056.82710370583,0,0.819047619047619,172,10,0.0,0.0,0
