group_id,g1,g2,g3,g4,g5,g6,g7,g8,g9,g10,g11,g12,g13,g14
582365,,0.0,0.0,67.93825614382644,90700.70208750061,131.01567024215643,173660.3824854871,0.0,0.3634408602150538,338,10,7.3,5.009999999999998,73
