group_id,g1,g2,g3,g4,g5,g6,g7,g8,g9,g10,g11,g12,g13,g14
582365,,0.0,0.0,73.16040064815779,90306.49532669885,140.37848378421884,173666.79415234755,0.0,0.6989247311827957,650,10,12.3,4.009999999999991,123
