group_id,g1,g2,g3,g4,g5,g6,g7,g8,g9,g10,g11,g12,g13,g14
582365,,0.0,0.0,27.617905614301502,8094.182627412806,50.192377764076426,15390.751587307463,0.0,0.3874113475177305,874,10,11.2,14.16000000000001,112
