group_id,g1,g2,g3,g4,g5,g6,g7,g8,g9,g10,g11,g12,g13,g14
582365,,0.0,0.0,16.32999901757591,1604.8590670173817,27.95540716347287,2847.6126855984094,0.0,0.6820512820512821,1064,10,16.5,8.649999999999977,165
