group_id,g1,g2,g3,g4,g5,g6,g7,g8,g9,g10,g11,g12,g13,g14
582365,,0.0,0.0,54.48860279856851,74885.45175264448,104.59718730878515,145450.18507245,0.0,0.6073968705547653,854,10,9.1,38.09000000000002,91
