group_id,g1,g2,g3,g4,g5,g6,g7,g8,g9,g10,g11,g12,g13,g14
582365,,0,0,0,0,201.2099212786558,225509.3016113128,0,0.6243386243386243,472,10,0.0,0.0,0
