group_id,g1,g2,g3,g4,g5,g6,g7,g8,g9,g10,g11,g12,g13,g14
582365,,9.398335593227753,62.719321616542416,13.048411004369868,90.59252830543548,15.101401763639643,104.27457392949839,1.7609640474436812,0.2953846153846154,192,10,5.7,3.809999999999995,57
