group_id,g1,g2,g3,g4,g5,g6,g7,g8,g9,g10,g11,g12,g13,g14
582365,,0.0,0.0,89.46721817348157,89590.02081238036,169.3911572099846,164830.07952776575,0.0,0.7034965034965035,3018,10,15.6,153.24000000000004,156
