group_id,g1,g2,g3,g4,g5,g6,g7,g8,g9,g10,g11,g12,g13,g14
5833742,,0,0,0,0,34.65268351276891,11721.352500973047,0,0.2869674185463659,916,10,0.0,0.0,0
