group_id,g1,g2,g3,g4,g5,g6,g7,g8,g9,g10,g11,g12,g13,g14
5889112,,2.3254894141084335,3.685817534762574,26.861374580759513,3274.5456373276543,48.719926913553785,5194.237608324811,1.3609640474436813,1.0,182,10,2.1,16.89,21
