group_id,g1,g2,g3,g4,g5,g6,g7,g8,g9,g10,g11,g12,g13,g14
5889112,,8.524576684786801,141.24869418376278,51.12903928766941,65880.82566517814,92.75155832322612,129013.06122310065,1.7527152789797045,0.4788583509513742,906,10,11.0,26.599999999999994,110
