group_id,g1,g2,g3,g4,g5,g6,g7,g8,g9,g10,g11,g12,g13,g14
592049,,7.712120646678029,52.784495400911425,227.19680935783285,852402.216132654,446.68236078294575,1608729.322419395,2.5219280948873624,0.26900584795321636,92,10,2.9,4.09,29
