group_id,g1,g2,g3,g4,g5,g6,g7,g8,g9,g10,g11,g12,g13,g14
592049,,2.295128145414962,3.9289076578879003,100.43060527132418,91606.10190426142,191.82453179726363,169282.99144691584,2.94770277922009,0.24675324675324675,760,10,7.9,25.29,79
