group_id,g1,g2,g3,g4,g5,g6,g7,g8,g9,g10,g11,g12,g13,g14
592049,,20.260524256525503,290.66181954725005,233.2226251203076,1555314.131592825,444.65866082790205,3001657.7463035733,2.321928094887362,0.3128205128205128,1342,10,10.4,48.64,104
