group_id,g1,g2,g3,g4,g5,g6,g7,g8,g9,g10,g11,g12,g13,g14
594011,,6.51121579978453,70.38449071184162,4.8423850298182245,37.024745213414775,3.86763298998153,4.983995289960978,2.446439344671015,0.5,6,10,1.4,0.24000000000000044,14
