group_id,g1,g2,g3,g4,g5,g6,g7,g8,g9,g10,g11,g12,g13,g14
594011,,9.875830729098743,99.84978878103824,13.153387479902637,84.85063980499737,17.080627773690765,78.03716993356443,2.446439344671015,0.4666666666666667,14,10,1.6,0.6399999999999997,16
