group_id,g1,g2,g3,g4,g5,g6,g7,g8,g9,g10,g11,g12,g13,g14
5978852,,1.0499426104930776,4.4095179413160706,240.13332215114082,79266.0239732702,359.5479331591249,78511.6473515388,0.4689955935892812,0.4,8,10,1.8,0.5599999999999996,18
