group_id,g1,g2,g3,g4,g5,g6,g7,g8,g9,g10,g11,g12,g13,g14
5981122,,0,0,0,0,8.603053578347179,97.32128435299295,0,0.25274725274725274,46,10,0.0,0.0,0
