group_id,g1,g2,g3,g4,g5,g6,g7,g8,g9,g10,g11,g12,g13,g14
5981122,,0,0,0,0,705.7333364554203,4582146.077842466,0,0.38571428571428573,486,10,0.0,0.0,0
