group_id,g1,g2,g3,g4,g5,g6,g7,g8,g9,g10,g11,g12,g13,g14
5981122,,0.1995771413700893,0.15932414142982648,9.108563328665067,93.89267607290101,15.080777698609817,104.96212825177685,0.4689955935892812,0.5,36,10,2.9,0.6899999999999995,29
