group_id,g1,g2,g3,g4,g5,g6,g7,g8,g9,g10,g11,g12,g13,g14
5981122,,0,0,0,0,705.8625580362981,4581595.8040969,0,0.42698412698412697,538,10,0.0,0.0,0
