group_id,g1,g2,g3,g4,g5,g6,g7,g8,g9,g10,g11,g12,g13,g14
5981122,,0,0,0,0,99.82229636691918,138454.1570881018,0,0.23340321453529,668,10,0.0,0.0,0
