group_id,g1,g2,g3,g4,g5,g6,g7,g8,g9,g10,g11,g12,g13,g14
5981122,,0.1982795786397043,0.08016972241415468,33.8194788892895,7238.352903378553,66.21896296584441,12763.075334007453,0.9219280948873623,0.37777777777777777,34,10,2.0,1.7999999999999998,20
