group_id,g1,g2,g3,g4,g5,g6,g7,g8,g9,g10,g11,g12,g13,g14
5981122,,0,0,0,0,229.53046982736134,961291.5886422594,0,0.5435897435897435,848,10,0.0,0.0,0
