group_id,g1,g2,g3,g4,g5,g6,g7,g8,g9,g10,g11,g12,g13,g14
6032482,,5.013488381242313,100.54026299540664,11.879342953183611,21.79316483668336,10.093636223541488,40.40528971366416,0.4689955935892812,0.6666666666666666,8,10,1.7,0.6100000000000003,17
