group_id,g1,g2,g3,g4,g5,g6,g7,g8,g9,g10,g11,g12,g13,g14
6087302,,2.201157417178735,5.537250257372533,24.80024703540421,10270.365069249427,43.26059166430934,19660.52747874735,0.8812908992306927,0.35214211076280044,2696,10,18.4,25.640000000000043,184
