group_id,g1,g2,g3,g4,g5,g6,g7,g8,g9,g10,g11,g12,g13,g14
6087302,,0,0,0,0,48.01850788594632,46387.302157744845,0,0.34936230514879546,7396,10,0.0,0.0,0
