group_id,g1,g2,g3,g4,g5,g6,g7,g8,g9,g10,g11,g12,g13,g14
6087302,,0,0,0,0,175.6270007144894,438259.3572124601,0,0.5585526315789474,5094,10,0.0,0.0,0
