group_id,g1,g2,g3,g4,g5,g6,g7,g8,g9,g10,g11,g12,g13,g14
6104862,,1.1352499868854078,1.1119014542182677,85.59411305475598,114005.07838658612,164.06090340851898,210541.60243685337,2.0464393446710156,0.6048265460030166,1604,10,9.1,104.09000000000002,91
