group_id,g1,g2,g3,g4,g5,g6,g7,g8,g9,g10,g11,g12,g13,g14
6113892,,0,0,0,0,105.35118699019817,123825.13770873372,0,0.3837110653254151,18996,10,0.0,0.0,0
