group_id,g1,g2,g3,g4,g5,g6,g7,g8,g9,g10,g11,g12,g13,g14
6224252,,3.079321934717826,2.3267987267445047,80.0172114096193,52369.154872867046,153.92272640567438,93290.68003862162,2.321928094887362,0.36363636363636365,40,10,2.7,1.0099999999999998,27
