group_id,g1,g2,g3,g4,g5,g6,g7,g8,g9,g10,g11,g12,g13,g14
633017,,1.5762721857210034,4.503399131303276,5.067832429056871,33.4340907612645,7.601378899603369,46.2814666108815,0.7219280948873623,0.5714285714285714,24,10,2.2,0.9599999999999991,22
