group_id,g1,g2,g3,g4,g5,g6,g7,g8,g9,g10,g11,g12,g13,g14
633017,,0,0,0,0,17.479697891415146,104.51141714358903,0,0.32967032967032966,60,10,0.0,0.0,0
