group_id,g1,g2,g3,g4,g5,g6,g7,g8,g9,g10,g11,g12,g13,g14
633017,,0.0,0.0,9.875887694939845,81.63663246523011,14.285687265855783,79.15350351563433,0.0,0.4166666666666667,100,10,3.9,2.290000000000001,39
