group_id,g1,g2,g3,g4,g5,g6,g7,g8,g9,g10,g11,g12,g13,g14
633017,,2.464968609322505,4.852789908548465,4.712162899171802,8.513120961028015,6.064539923434429,12.609368294707302,1.360964047443681,0.7333333333333333,22,10,2.2,1.5599999999999996,22
