group_id,g1,g2,g3,g4,g5,g6,g7,g8,g9,g10,g11,g12,g13,g14
633017,,0.30748328727680235,0.10805253937662682,10.569610441521334,69.43093231047088,16.158331458455848,91.79683824543463,0.8812908992306927,0.4444444444444444,136,10,3.8,6.160000000000002,38
