group_id,g1,g2,g3,g4,g5,g6,g7,g8,g9,g10,g11,g12,g13,g14
633017,,2.3644082785815046,4.891623194346664,7.269468847563158,25.621831041867758,9.521522836619033,29.47115124640598,0.9709505944546686,0.3333333333333333,44,10,2.6,1.2399999999999993,26
