group_id,g1,g2,g3,g4,g5,g6,g7,g8,g9,g10,g11,g12,g13,g14
63782,,0.0,0.0,441.36772190728806,1708287.6376381163,844.2768893794818,3004821.1279965527,0.0,0.2724252491694352,492,10,7.8,5.759999999999998,78
