group_id,g1,g2,g3,g4,g5,g6,g7,g8,g9,g10,g11,g12,g13,g14
6395102,,33.778667462024465,2635.968515088275,275.10122878076345,375178.9084430451,484.5812416849605,605036.3353300674,1.8423709931771088,0.6703296703296703,122,10,5.3,5.010000000000002,53
