group_id,g1,g2,g3,g4,g5,g6,g7,g8,g9,g10,g11,g12,g13,g14
639910,,0.6118788363650219,0.7487914207828266,6.0525282636735795,49.33910689713746,9.109989074707656,72.51062010500273,0.6500224216483541,0.4095238095238095,86,10,3.3,3.0100000000000016,33
