group_id,g1,g2,g3,g4,g5,g6,g7,g8,g9,g10,g11,g12,g13,g14
639910,,0,0,120.75582112203483,188943.72009826716,238.8805388817314,349099.5834769665,0.0,0.4666666666666667,98,10,4.3,2.0100000000000016,43
