group_id,g1,g2,g3,g4,g5,g6,g7,g8,g9,g10,g11,g12,g13,g14
645515,,0.0,0.0,155.76110906277665,127320.93578336597,293.15553856465044,204060.12013363547,0.0,0.5555555555555556,40,10,2.7,1.6099999999999994,27
