group_id,g1,g2,g3,g4,g5,g6,g7,g8,g9,g10,g11,g12,g13,g14
645515,,0,0,0,0,723.8431011170686,661798.7784983125,0,0.5,28,10,2.3,1.410000000000001,23
