group_id,g1,g2,g3,g4,g5,g6,g7,g8,g9,g10,g11,g12,g13,g14
6476582,,6.2121697621233265,19.79435545972035,13.37855985598026,660.4513638479975,19.933233592443287,1235.4281568281842,2.5219280948873624,0.3940795559666975,852,10,11.3,4.209999999999994,113
