group_id,g1,g2,g3,g4,g5,g6,g7,g8,g9,g10,g11,g12,g13,g14
6520582,,0.0,0.0,15.521261349817797,311.7704903837574,23.143918247768895,426.7810061160693,0.0,0.4,12,10,1.2,0.96,12
