group_id,g1,g2,g3,g4,g5,g6,g7,g8,g9,g10,g11,g12,g13,g14
6520582,,11.728070043081576,147.82535378636462,12.657785297199412,82.87307905579203,9.884514143511073,61.228269691236775,1.3567796494470397,0.4666666666666667,42,10,2.8,1.5600000000000014,28
