group_id,g1,g2,g3,g4,g5,g6,g7,g8,g9,g10,g11,g12,g13,g14
67696,,2.5013228730914596,1.7033660176771797,21.40212536752304,7891.641294830641,39.65062577313829,15316.455821892181,2.321928094887362,0.4477335800185014,968,10,10.7,29.81000000000003,107
