group_id,g1,g2,g3,g4,g5,g6,g7,g8,g9,g10,g11,g12,g13,g14
67696,,0.8145912769314856,0.732923344709962,139.8900606644629,385806.5344731878,271.19017891280106,734260.6029697446,1.1567796494470395,0.32686868686868686,3236,10,16.9,104.69000000000005,169
