group_id,g1,g2,g3,g4,g5,g6,g7,g8,g9,g10,g11,g12,g13,g14
67696,,3.004585411360609,3.97443728233897,112.14633973136519,416761.7477051475,218.5020290978969,811860.8601117248,1.7924812503605778,0.4262485481997677,734,10,10.0,13.799999999999997,100
