group_id,g1,g2,g3,g4,g5,g6,g7,g8,g9,g10,g11,g12,g13,g14
6806102,,2373.4717504529394,8839293.412266131,1465.303146547305,6758137.736409586,322.7739392265419,1945956.4747781313,2.94770277922009,0.2022209234365868,692,10,7.6,20.240000000000002,76
