group_id,g1,g2,g3,g4,g5,g6,g7,g8,g9,g10,g11,g12,g13,g14
6806102,,1222.672854859956,5946044.475172573,638.679832691499,3303483.953844261,64.08476670530997,28243.115771155157,3.321928094887362,0.16611295681063123,300,10,5.4,6.439999999999998,54
