group_id,g1,g2,g3,g4,g5,g6,g7,g8,g9,g10,g11,g12,g13,g14
680702,,0,0,0,0,26.651988651838113,983.6557285563523,0,0.3346774193548387,332,10,0.0,0.0,0
