group_id,g1,g2,g3,g4,g5,g6,g7,g8,g9,g10,g11,g12,g13,g14
680702,,0,0,0,0,91.08516198789658,54968.53318497099,0,0.3228803716608595,556,10,0.0,0.0,0
