group_id,g1,g2,g3,g4,g5,g6,g7,g8,g9,g10,g11,g12,g13,g14
680702,,11.286026297027046,59.55680234673427,70.77322513509152,38183.582385316826,128.9543914391547,70172.81685270762,2.0464393446710156,0.5333333333333333,112,10,3.7,4.41,37
