group_id,g1,g2,g3,g4,g5,g6,g7,g8,g9,g10,g11,g12,g13,g14
680702,,22.999218009158145,377.15605453160845,32.53791711774095,3707.543088855074,40.574291431893144,6857.387496561865,3.121928094887362,0.27926829268292686,458,10,7.0,10.0,70
