group_id,g1,g2,g3,g4,g5,g6,g7,g8,g9,g10,g11,g12,g13,g14
680702,,7.388828906244732,44.31977271964956,15.499783338729364,58.66717603271218,19.65009543534264,135.85837908238642,1.295461844238322,0.4444444444444444,136,10,3.1,8.289999999999997,31
