group_id,g1,g2,g3,g4,g5,g6,g7,g8,g9,g10,g11,g12,g13,g14
680702,,7.5013190238067295,24.829950160122863,48.54916670332245,28537.01132212747,86.21631709002124,53630.12856448422,1.7609640474436812,0.31648936170212766,714,10,8.9,15.489999999999995,89
