group_id,g1,g2,g3,g4,g5,g6,g7,g8,g9,g10,g11,g12,g13,g14
680702,,0,0,0,0,89.78515948424156,59389.41516734057,0,0.2988505747126437,260,10,0.0,0.0,0
