group_id,g1,g2,g3,g4,g5,g6,g7,g8,g9,g10,g11,g12,g13,g14
680702,,8.009367292852556,36.10669808641077,59.94365377903679,79213.9265035729,108.09706040061964,154229.83775694843,2.058813890331201,0.37926829268292683,622,10,7.1,27.49000000000001,71
