group_id,g1,g2,g3,g4,g5,g6,g7,g8,g9,g10,g11,g12,g13,g14
680702,,0,0,0,0,17.611709695190832,87.42275772616381,0,0.31868131868131866,58,10,0.0,0.0,0
