group_id,g1,g2,g3,g4,g5,g6,g7,g8,g9,g10,g11,g12,g13,g14
680702,,6.107517525821484,26.523086746366154,18.077804339680245,1291.4666206164559,26.8417514272229,2499.9560240618284,1.5709505944546687,0.34131205673758863,770,10,10.1,7.490000000000009,101
