group_id,g1,g2,g3,g4,g5,g6,g7,g8,g9,g10,g11,g12,g13,g14
680702,,8.932012780712698,23.706138950193377,16.492576781359777,102.6198535463518,20.48781921568861,179.57282945816763,1.8954618442383218,0.27205882352941174,74,10,3.1,2.089999999999998,31
