group_id,g1,g2,g3,g4,g5,g6,g7,g8,g9,g10,g11,g12,g13,g14
6822952,,10.369148426022452,64.6552516735822,9.062073039458626,46.44832192503473,8.498637302520905,35.18037430425454,2.846439344671016,0.6181818181818182,68,10,3.8,2.160000000000002,38
