group_id,g1,g2,g3,g4,g5,g6,g7,g8,g9,g10,g11,g12,g13,g14
6884482,,6.825871235323082,62.4318891754841,63.31263711035637,74813.80536217104,117.94660529930867,141464.59900968516,2.1219280948873624,0.44081632653061226,1080,10,9.2,54.360000000000014,92
