group_id,g1,g2,g3,g4,g5,g6,g7,g8,g9,g10,g11,g12,g13,g14
6884482,,8.168286818520025,78.40623043267811,67.98643301199643,91128.00087137245,124.41601072351595,177798.23806606288,2.1219280948873624,0.3492063492063492,440,10,6.9,10.889999999999993,69
