group_id,g1,g2,g3,g4,g5,g6,g7,g8,g9,g10,g11,g12,g13,g14
6884482,,72.55345178752725,13022.897383005424,142.62318637472717,170894.51957967327,213.44849488977943,307770.13730043266,2.9477027792200903,0.6102941176470589,166,10,4.0,8.2,40
