group_id,g1,g2,g3,g4,g5,g6,g7,g8,g9,g10,g11,g12,g13,g14
6892592,,0,0,0,0,197.10231102368544,74690.82047668411,0,0.8666666666666667,26,10,0.0,0.0,0
