group_id,g1,g2,g3,g4,g5,g6,g7,g8,g9,g10,g11,g12,g13,g14
6938352,,0,0,129.8554563690251,391134.9968971686,252.64891383829985,751191.897828596,0.0,0.4663709296838131,49412,10,73.0,1528.8000000000002,730
