group_id,g1,g2,g3,g4,g5,g6,g7,g8,g9,g10,g11,g12,g13,g14
6941462,,0,0,0,0,5.546053165545143,12.407662017884668,0,0.45098039215686275,138,10,0.0,0.0,0
