group_id,g1,g2,g3,g4,g5,g6,g7,g8,g9,g10,g11,g12,g13,g14
696624,,0,0,0,0,10.840784680287827,95.81268224835675,0,0.26666666666666666,24,10,0.0,0.0,0
