group_id,g1,g2,g3,g4,g5,g6,g7,g8,g9,g10,g11,g12,g13,g14
6996512,,1.086513391453291,2.1006970082561924,84.30929279166278,111462.01823188094,166.7142991653616,214379.05971396226,0.9219280948873623,0.5246305418719212,426,10,7.1,17.290000000000006,71
