group_id,g1,g2,g3,g4,g5,g6,g7,g8,g9,g10,g11,g12,g13,g14
6996512,,0,0,0,0,561.3521964815129,1245459.1766625997,0,0.5604838709677419,556,10,0.0,0.0,0
