group_id,g1,g2,g3,g4,g5,g6,g7,g8,g9,g10,g11,g12,g13,g14
6996512,,0,0,0,0,110.03891125328266,122045.20413600464,0,0.5262054507337526,1506,10,0.0,0.0,0
