group_id,g1,g2,g3,g4,g5,g6,g7,g8,g9,g10,g11,g12,g13,g14
6996512,,0,0,0,0,220.2415136514634,314617.2683264276,0,0.5318181818181819,1638,10,0.0,0.0,0
