group_id,g1,g2,g3,g4,g5,g6,g7,g8,g9,g10,g11,g12,g13,g14
7057872,,0,0,0,0,18.24726673533778,4425.206062199952,0,0.5176470588235295,3696,10,24.0,62.799999999999955,240
