group_id,g1,g2,g3,g4,g5,g6,g7,g8,g9,g10,g11,g12,g13,g14
7057872,,0,0,0,0,196.32595701226083,246367.5650689343,0,0.6932624113475178,1564,10,20.3,9.20999999999998,203
