group_id,g1,g2,g3,g4,g5,g6,g7,g8,g9,g10,g11,g12,g13,g14
7078212,,0,0,0,0,9.541578358852911,72.81251445864139,0,0.40606060606060607,804,10,0.0,0.0,0
