group_id,g1,g2,g3,g4,g5,g6,g7,g8,g9,g10,g11,g12,g13,g14
7124592,,0.0,0.0,11.97436737926451,116.63443099315947,18.071644112155514,172.68328135247077,0.0,0.32277526395173456,856,10,10.0,16.0,100
