group_id,g1,g2,g3,g4,g5,g6,g7,g8,g9,g10,g11,g12,g13,g14
715618,,8.455578278186099,8.364068876877724,41.56557751315902,24724.4504145743,74.1568655004285,47067.321570659406,2.321928094887362,0.423444976076555,2478,10,17.9,55.690000000000055,179
