group_id,g1,g2,g3,g4,g5,g6,g7,g8,g9,g10,g11,g12,g13,g14
715618,,0,0,0,0,79.63385862252125,59540.80599786187,0,0.41683501683501684,1238,10,0.0,0.0,0
