group_id,g1,g2,g3,g4,g5,g6,g7,g8,g9,g10,g11,g12,g13,g14
715618,,0,0,58.3929832748367,66673.50113941885,108.78078000924457,129887.05155557049,0.0,0.3885394828791055,1112,10,12.6,10.840000000000003,126
