group_id,g1,g2,g3,g4,g5,g6,g7,g8,g9,g10,g11,g12,g13,g14
7174512,,1.0076782548683134,1.1604748175250847,13.916289651405462,3959.1194690679504,24.464151662239715,7767.823302021961,0.8812908992306927,0.5351851851851852,3468,10,20.7,112.61000000000007,207
