group_id,g1,g2,g3,g4,g5,g6,g7,g8,g9,g10,g11,g12,g13,g14
7175132,,5.1823492641666,20.19417246397115,4.8383776562609775,9.14484800860389,3.5618072491094748,1.2920115134205457,1.3921472236645345,1.0,6,10,1.2,0.3600000000000001,12
