group_id,g1,g2,g3,g4,g5,g6,g7,g8,g9,g10,g11,g12,g13,g14
7175132,,3.1136462529479285,7.755834390797322,4.189512886932218,6.072106807878598,1.703318406054476,0.35598971344930996,0.9910760598382222,0.6666666666666666,4,10,1.2,0.16000000000000014,12
