group_id,g1,g2,g3,g4,g5,g6,g7,g8,g9,g10,g11,g12,g13,g14
7175132,,3.0042718867340032,7.881710481599505,4.628652147959361,7.149644640342309,6.669029369794387,3.9713887847822846,1.3609640474436813,0.5,6,10,1.4,0.24000000000000044,14
