group_id,g1,g2,g3,g4,g5,g6,g7,g8,g9,g10,g11,g12,g13,g14
7208502,,1.2210794746997058,0.7289403170568034,105.63395149594511,131758.73308270323,202.72536582705084,243179.24578729496,2.4193819456463714,0.2655064392620954,7628,10,25.4,189.04000000000008,254
