group_id,g1,g2,g3,g4,g5,g6,g7,g8,g9,g10,g11,g12,g13,g14
7340392,,0,0,0,0,5.946815744793259,48.48730558413225,0,0.23448275862068965,204,10,0.0,0.0,0
