group_id,g1,g2,g3,g4,g5,g6,g7,g8,g9,g10,g11,g12,g13,g14
7340392,,3.322739250257781,3.7139513384497818,91.85148349790073,117902.66833372846,179.1042429802001,227009.54647888034,2.725480556997868,0.30687830687830686,232,10,3.7,13.41,37
