group_id,g1,g2,g3,g4,g5,g6,g7,g8,g9,g10,g11,g12,g13,g14
7340392,,2.4893530448281536,2.6263267609541865,394.2830015281243,1194821.8063435107,753.4240233638609,2098089.08380263,2.0464393446710156,0.28045977011494255,244,10,3.9,13.090000000000002,39
