group_id,g1,g2,g3,g4,g5,g6,g7,g8,g9,g10,g11,g12,g13,g14
7340392,,0,0,0,0,138.80572318659202,49432.11990190374,0,0.28817204301075267,268,10,0.0,0.0,0
