group_id,g1,g2,g3,g4,g5,g6,g7,g8,g9,g10,g11,g12,g13,g14
7340392,,2.6470902922815047,2.1892997079211964,28.90585975734235,13980.72687948467,54.03691948610394,26486.855912896764,2.2810361125534233,0.21739130434782608,110,10,3.0,5.0,30
