group_id,g1,g2,g3,g4,g5,g6,g7,g8,g9,g10,g11,g12,g13,g14
7399062,,0,0,0,0,4.645764944032452,16.862241087879433,0,0.6222222222222222,56,10,0.0,0.0,0
