group_id,g1,g2,g3,g4,g5,g6,g7,g8,g9,g10,g11,g12,g13,g14
7399062,,8.278783838391316,184.5919528426825,41.36383788251344,25558.73052042377,74.54278035091828,49007.099278937705,1.3609640474436813,0.5151515151515151,238,10,7.2,2.9599999999999937,72
