group_id,g1,g2,g3,g4,g5,g6,g7,g8,g9,g10,g11,g12,g13,g14
7399062,,0.9720755636464621,1.7126872588574373,74.09780186025758,59347.66272920727,142.98243448182956,108683.91371220075,0.7219280948873623,0.39076923076923076,254,10,6.0,5.399999999999999,60
