group_id,g1,g2,g3,g4,g5,g6,g7,g8,g9,g10,g11,g12,g13,g14
7399062,,7.8308889406200555,97.0712653052487,6.38857201013693,54.80683540731538,3.1276378683247255,5.1546371806316085,1.5709505944546687,0.4264705882352941,116,10,4.2,4.16,42
