group_id,g1,g2,g3,g4,g5,g6,g7,g8,g9,g10,g11,g12,g13,g14
7588582,,0,0,0,0,415.75317251105076,2266216.086478344,0,0.3449122807017544,1966,10,0.0,0.0,0
