group_id,g1,g2,g3,g4,g5,g6,g7,g8,g9,g10,g11,g12,g13,g14
77614,,0,0,0,0,136.56992583220685,50153.19092156526,0,0.5368421052631579,204,10,6.3,4.010000000000005,63
