group_id,g1,g2,g3,g4,g5,g6,g7,g8,g9,g10,g11,g12,g13,g14
785794,,3.6590517628661368,31.968425030748953,18.213319162944618,131.65208339467983,24.368781997120553,144.67909833383976,1.295461844238322,0.6043956043956044,110,10,5.6,1.2400000000000055,56
