group_id,g1,g2,g3,g4,g5,g6,g7,g8,g9,g10,g11,g12,g13,g14
785794,,12.367899517283133,48.979708476255155,15.503298403898858,60.82307843854235,18.301397306290063,87.32332199168945,1.9219280948873623,0.35144927536231885,194,10,4.6,5.240000000000002,46
