group_id,g1,g2,g3,g4,g5,g6,g7,g8,g9,g10,g11,g12,g13,g14
787523,,1.1114646971774138,1.6626624142275166,25.931458747362278,1206.061363422517,43.94760495225781,2093.6726761906784,1.2516291673878228,0.5277777777777778,38,10,2.6,2.6399999999999997,26
