group_id,g1,g2,g3,g4,g5,g6,g7,g8,g9,g10,g11,g12,g13,g14
787523,,0.0,0.0,12.286199618048288,61.73754156588677,18.144620836127412,96.51950282345308,0.0,0.9090909090909091,120,10,7.4,2.4399999999999977,74
