group_id,g1,g2,g3,g4,g5,g6,g7,g8,g9,g10,g11,g12,g13,g14
787523,,0.10830421467727719,0.04691921166744696,761.7434178369879,4113107.926188721,1391.4426639128799,6672792.872017281,0.4689955935892812,0.5833333333333334,350,10,8.3,11.009999999999991,83
