group_id,g1,g2,g3,g4,g5,g6,g7,g8,g9,g10,g11,g12,g13,g14
787523,,0,0,0,0,20.53124612697054,130.8257071721681,0,0.8214285714285714,46,10,0.0,0.0,0
