group_id,g1,g2,g3,g4,g5,g6,g7,g8,g9,g10,g11,g12,g13,g14
787523,,0.0,0.0,13.752403737632738,48.15867768185544,20.08935137907694,86.66715795233824,0.0,0.803030303030303,106,10,5.4,2.8399999999999963,54
