group_id,g1,g2,g3,g4,g5,g6,g7,g8,g9,g10,g11,g12,g13,g14
7946572,,0,0,0,0,65.10253663979205,29889.33813853465,0,0.23440860215053763,218,10,0.0,0.0,0
