group_id,g1,g2,g3,g4,g5,g6,g7,g8,g9,g10,g11,g12,g13,g14
817274,,12.055349831635354,79.42290527439658,94.58444575633784,68374.12419126031,176.2538473933975,125073.63556211555,2.128085278891395,0.30303030303030304,40,10,1.7,3.0100000000000007,17
