group_id,g1,g2,g3,g4,g5,g6,g7,g8,g9,g10,g11,g12,g13,g14
817274,,5.8718101646434775,20.478995885857657,154.18509173201957,176159.7410436079,288.79105537003755,310446.3960883445,1.7709505944546688,0.6381766381766382,448,10,8.7,12.41000000000001,87
