group_id,g1,g2,g3,g4,g5,g6,g7,g8,g9,g10,g11,g12,g13,g14
818238,,2.511542612122836,1.9860423038725683,22.71101403535793,195.9387843031992,25.504390037629246,142.29671964895067,2.321928094887362,1.0,6,10,1.4,0.6400000000000003,14
