group_id,g1,g2,g3,g4,g5,g6,g7,g8,g9,g10,g11,g12,g13,g14
818238,,5.31304974055785,32.60435752540797,4.705583459314289,19.9174881438321,0.0,0.0,1.7219280948873623,1.0,2,10,1.5,0.25,15
