group_id,g1,g2,g3,g4,g5,g6,g7,g8,g9,g10,g11,g12,g13,g14
818238,,5.5896599050295785,56.630289860185314,22.848275283127972,1406.0054505960215,36.69212024892768,2559.242755707377,0.7219280948873623,0.580952380952381,122,10,4.8,3.5600000000000023,48
