group_id,g1,g2,g3,g4,g5,g6,g7,g8,g9,g10,g11,g12,g13,g14
818238,,2.2143369305120983,1.80918188348668,16.0655439014678,188.98684598060123,21.094743632583015,166.5672473633441,2.25,0.8,16,10,1.7,1.21,17
