group_id,g1,g2,g3,g4,g5,g6,g7,g8,g9,g10,g11,g12,g13,g14
8194342,,0,0,0,0,18.718252334665458,1760.7995684490834,0,0.1850835049187829,1618,10,0.0,0.0,0
