group_id,g1,g2,g3,g4,g5,g6,g7,g8,g9,g10,g11,g12,g13,g14
83211,,0,0,0,0,98.72381536839255,203583.18605324163,0,0.2635948526359485,12700,10,0.0,0.0,0
