group_id,g1,g2,g3,g4,g5,g6,g7,g8,g9,g10,g11,g12,g13,g14
8433762,,0.0,0.0,21.935944739462894,4012.4348634529374,38.94047784380119,7378.741387213039,0.0,0.8421052631578947,320,10,11.1,2.8900000000000006,111
