group_id,g1,g2,g3,g4,g5,g6,g7,g8,g9,g10,g11,g12,g13,g14
8468052,,0.0,0.0,126.46822195052664,141494.26441430286,243.42729779190984,255478.141415429,0.0,0.5255255255255256,700,10,10.4,19.039999999999992,104
