group_id,g1,g2,g3,g4,g5,g6,g7,g8,g9,g10,g11,g12,g13,g14
8468052,,0.0,0.0,208.52429485615747,243262.6559940306,405.55065000319337,432726.33412982925,0.0,0.4264705882352941,116,10,4.4,2.2399999999999984,44
