group_id,g1,g2,g3,g4,g5,g6,g7,g8,g9,g10,g11,g12,g13,g14
8468052,,0.0,0.0,145.77257537004226,144418.59366495075,287.27580263103687,259806.57743972767,0.0,0.4166666666666667,100,10,3.4,3.6400000000000006,34
