group_id,g1,g2,g3,g4,g5,g6,g7,g8,g9,g10,g11,g12,g13,g14
860742,,0,0,0,0,10.776518763946706,39.171966274783784,0,0.7307692307692307,114,10,0.0,0.0,0
