group_id,g1,g2,g3,g4,g5,g6,g7,g8,g9,g10,g11,g12,g13,g14
860742,,0,0,0,0,431.58667002834574,2796855.805174163,0,0.547568710359408,1036,10,0.0,0.0,0
