group_id,g1,g2,g3,g4,g5,g6,g7,g8,g9,g10,g11,g12,g13,g14
860742,,0.0,0.0,7.741489232529783,39.773653917341775,10.5430858430166,35.48312702264741,0.0,0.8055555555555556,58,10,4.0,2.8000000000000007,40
