group_id,g1,g2,g3,g4,g5,g6,g7,g8,g9,g10,g11,g12,g13,g14
8703642,,5.230952821804786,78.30079270176321,7.262205911902739,73.98375068634746,8.384768527326461,52.65622043412439,0.9219280948873623,0.25,18,10,1.2,1.56,12
