group_id,g1,g2,g3,g4,g5,g6,g7,g8,g9,g10,g11,g12,g13,g14
8785342,,0.0,0.0,108.86270713553718,287355.0674180434,213.7558962281892,556956.049605313,0.0,0.26325616131441376,2820,10,16.6,56.63999999999993,166
