group_id,g1,g2,g3,g4,g5,g6,g7,g8,g9,g10,g11,g12,g13,g14
882009,,3.5904437276383425,10.914637056554602,36.17614221162924,37152.065935542756,67.12685784192183,72049.87602821771,2.446439344671015,0.49539149888143175,11072,10,26.5,559.45,265
