group_id,g1,g2,g3,g4,g5,g6,g7,g8,g9,g10,g11,g12,g13,g14
882009,,7.479190227044951,197.7576231010276,97.27144582041294,226970.01904014085,185.22281868606092,441568.4120643168,1.360964047443681,0.3426262626262626,3392,10,19.2,71.96000000000004,192
