group_id,g1,g2,g3,g4,g5,g6,g7,g8,g9,g10,g11,g12,g13,g14
882009,,8.086410159204512,21.5136464057871,108.38876081502926,355453.8356144661,206.84967299153615,694955.8748488924,2.6464393446710153,0.29198452183526813,5282,10,23.4,89.44000000000005,234
