group_id,g1,g2,g3,g4,g5,g6,g7,g8,g9,g10,g11,g12,g13,g14
882009,,8.244328971292575,21.164885423157685,84.68719402341162,92658.42740714864,157.82505406673528,173295.7142426149,3.321928094887362,0.2267884322678843,1192,10,11.3,18.409999999999982,113
