group_id,g1,g2,g3,g4,g5,g6,g7,g8,g9,g10,g11,g12,g13,g14
8885282,,4.283763704777697,73.4025259134829,4.578635441541235,30.72161357768367,4.102340075715653,6.370528992704116,0.4689955935892812,0.42857142857142855,18,10,1.7,0.8100000000000005,17
