group_id,g1,g2,g3,g4,g5,g6,g7,g8,g9,g10,g11,g12,g13,g14
888789,,0,0,0,0,75.03555602838557,32433.80038911295,0,0.2165079365079365,3410,10,17.1,79.88999999999999,171
