group_id,g1,g2,g3,g4,g5,g6,g7,g8,g9,g10,g11,g12,g13,g14
888789,,0,0,0,0,121.40410766516382,108441.20248338564,0,0.19153372953810865,3674,10,18.7,55.81,187
