group_id,g1,g2,g3,g4,g5,g6,g7,g8,g9,g10,g11,g12,g13,g14
888789,,1363.2710710997555,6414882.212742095,736.7598911287987,3574848.5833162386,129.50169134790863,72208.26749122656,3.169925001442312,0.2924731182795699,272,10,5.6,5.840000000000007,56
