group_id,g1,g2,g3,g4,g5,g6,g7,g8,g9,g10,g11,g12,g13,g14
8906592,,0,0,0,0,74.69968394288976,39832.16154920069,0,0.4212121212121212,834,10,0.0,0.0,0
