group_id,g1,g2,g3,g4,g5,g6,g7,g8,g9,g10,g11,g12,g13,g14
9077182,,0.0,0.0,7.703524315347205,23.617164209302565,8.152314197095851,61.63078338455102,0.0,0.5359477124183006,164,10,5.7,3.4099999999999966,57
