group_id,g1,g2,g3,g4,g5,g6,g7,g8,g9,g10,g11,g12,g13,g14
9077182,,0,0,0,0,104.06038050212176,97470.84408343364,0,0.28,168,10,0.0,0.0,0
