group_id,g1,g2,g3,g4,g5,g6,g7,g8,g9,g10,g11,g12,g13,g14
9218642,,0,0,0,0,304.5556984790634,195891.93504776596,0,0.6818181818181818,90,10,0.0,0.0,0
