group_id,g1,g2,g3,g4,g5,g6,g7,g8,g9,g10,g11,g12,g13,g14
9267572,,0,0,0,0,17.768366476507687,124.25297656628283,0,0.5277777777777778,38,10,0.0,0.0,0
