group_id,g1,g2,g3,g4,g5,g6,g7,g8,g9,g10,g11,g12,g13,g14
9267572,,0.0,0.0,12.526825060916517,57.094594850468496,15.838137934447435,76.17061470357825,0.0,0.45454545454545453,60,10,2.6,3.04,26
