group_id,g1,g2,g3,g4,g5,g6,g7,g8,g9,g10,g11,g12,g13,g14
9267572,,0.0,0.0,11.612232668593421,66.58576032744998,15.702127231712753,84.87335085517986,0.0,0.5228758169934641,160,10,3.2,10.159999999999997,32
