group_id,g1,g2,g3,g4,g5,g6,g7,g8,g9,g10,g11,g12,g13,g14
9267572,,0.0,0.0,14.144402992202192,83.01323163817662,17.03983861437173,54.99291441122716,0.0,0.5714285714285714,24,10,1.8,1.3599999999999994,18
