group_id,g1,g2,g3,g4,g5,g6,g7,g8,g9,g10,g11,g12,g13,g14
9435352,,3.1251315367875376,5.532951142613758,19.24653273038886,8252.461018938935,34.06920570227135,16088.183567443713,2.321928094887362,0.25544267053701014,704,10,7.7,23.61,77
