group_id,g1,g2,g3,g4,g5,g6,g7,g8,g9,g10,g11,g12,g13,g14
950864,,2.6546371000937445,5.953022364879442,28.477956813242702,6046.17811578428,52.958293887505924,11288.038681494865,1.9609640474436814,0.4666666666666667,280,10,6.5,5.049999999999997,65
