group_id,g1,g2,g3,g4,g5,g6,g7,g8,g9,g10,g11,g12,g13,g14
950864,,4.2401038280600645,16.78602048894574,21.28671719485155,4897.584258383106,36.90634218046535,9025.742640319755,2.5219280948873624,0.463768115942029,256,10,6.2,8.359999999999992,62
