group_id,g1,g2,g3,g4,g5,g6,g7,g8,g9,g10,g11,g12,g13,g14
950864,,4.306753314035293,7.5864403931959465,38.295067562978616,45836.33512018072,71.56449348823227,88379.54357754791,2.521928094887362,0.3020174646190906,2006,10,16.3,16.00999999999999,163
