group_id,g1,g2,g3,g4,g5,g6,g7,g8,g9,g10,g11,g12,g13,g14
950864,,3.9419969009668643,7.315104183964463,151.16932401770586,735139.8934221728,296.90600244285986,1431429.532974892,2.4193819456463714,0.39475743348982784,2018,10,14.6,60.03999999999999,146
