group_id,g1,g2,g3,g4,g5,g6,g7,g8,g9,g10,g11,g12,g13,g14
9658672,,2.6278614200138297,4.027924009935263,4.941463230119411,20.514928395364066,6.03293001966499,24.34494387908193,2.5219280948873624,0.4,44,10,2.2,2.1599999999999993,22
