group_id,g1,g2,g3,g4,g5,g6,g7,g8,g9,g10,g11,g12,g13,g14
9658672,,240.5871846463662,226304.14904162026,558.5549748584641,1465714.9272990497,878.0960547190499,2368762.918776945,2.9219280948873623,0.2,22,10,1.9,0.69,19
