group_id,g1,g2,g3,g4,g5,g6,g7,g8,g9,g10,g11,g12,g13,g14
9658672,,9.152196254421078,136.27295379868838,10.74551053986193,82.80781177720938,12.395360544466925,63.26300142483089,2.121928094887362,0.5,6,10,1.5,0.25,15
