group_id,g1,g2,g3,g4,g5,g6,g7,g8,g9,g10,g11,g12,g13,g14
9658672,,6.413144976200446,82.07117016639056,266.37439239640315,99067.16880030624,469.3130413255402,92035.96395260515,2.9219280948873623,0.7,14,10,1.4,0.8400000000000001,14
