group_id,g1,g2,g3,g4,g5,g6,g7,g8,g9,g10,g11,g12,g13,g14
9658672,,0,0,0,0,7.179520106907094,12.97067088239443,0,0.5,10,10,0.0,0.0,0
