group_id,g1,g2,g3,g4,g5,g6,g7,g8,g9,g10,g11,g12,g13,g14
9658672,,4.359839459651604,26.937856547703234,4.097941763589921,17.420126557181604,4.282323959500325,10.919506769198598,2.6464393446710157,0.5,6,10,1.4,0.24000000000000044,14
