group_id,g1,g2,g3,g4,g5,g6,g7,g8,g9,g10,g11,g12,g13,g14
9658672,,2.199085559715006,2.154305887008576,681.3989391642277,4099204.5790540096,1308.987850073427,7005312.561475072,2.5219280948873624,0.38562091503267976,118,10,3.1,6.289999999999999,31
