group_id,g1,g2,g3,g4,g5,g6,g7,g8,g9,g10,g11,g12,g13,g14
9658672,,2.274955086553076,2.9199976295362626,2.7352116935361575,4.753060028191736,3.496114293416028,8.794572327606474,2.7219280948873625,0.5,10,10,1.4,0.44000000000000017,14
