group_id,g1,g2,g3,g4,g5,g6,g7,g8,g9,g10,g11,g12,g13,g14
971186,,1.2950574894877358,1.7274263999523976,2.642304520320279,4.213363241528334,3.647033675386731,8.512383621476614,1.6644977792004616,1.0,30,10,3.6,1.8399999999999999,36
