group_id,g1,g2,g3,g4,g5,g6,g7,g8,g9,g10,g11,g12,g13,g14
971186,,3.69825847899647,3.80582575610911,4.2020505759082285,4.82498059119381,4.450972448955443,10.120098079076804,2.94770277922009,0.7619047619047619,32,10,2.8,1.5600000000000014,28
