group_id,g1,g2,g3,g4,g5,g6,g7,g8,g9,g10,g11,g12,g13,g14
971186,,4.730881264376427,15.106694730640847,4.878083093394817,12.586979441151485,5.197176307222547,11.130135576502312,2.5,0.6181818181818182,68,10,4.0,3.0,40
