group_id,g1,g2,g3,g4,g5,g6,g7,g8,g9,g10,g11,g12,g13,g14
971186,,5.716039757268853,25.326519511320363,7.883845269688963,15.496117935805799,4.522850971237752,8.037333020825479,1.2987949406953985,0.8333333333333334,10,10,1.9,0.69,19
