group_id,g1,g2,g3,g4,g5,g6,g7,g8,g9,g10,g11,g12,g13,g14
9724372,,0,0,0,0,18.016437048963965,110.30353149220963,0,0.3096774193548387,288,10,0.0,0.0,0
