group_id,g1,g2,g3,g4,g5,g6,g7,g8,g9,g10,g11,g12,g13,g14
978913,,4.621172630982087,13.761407692876187,93.9549105188238,362973.0972363921,178.88240217150417,715289.4763875703,1.7924812503605778,0.4653698791629826,6316,10,27.4,148.6400000000001,274
