group_id,g1,g2,g3,g4,g5,g6,g7,g8,g9,g10,g11,g12,g13,g14
9801812,,13.6578742512142,163.22033792923227,115.76942715935404,121809.49729183706,209.24163841963082,223969.62061158413,0.9709505944546686,0.324468085106383,732,10,9.5,12.25,95
