group_id,g1,g2,g3,g4,g5,g6,g7,g8,g9,g10,g11,g12,g13,g14
983166,,0,0,0,0,132.5455135158896,119712.93473098324,0,0.4152046783625731,142,10,0.0,0.0,0
