group_id,g1,g2,g3,g4,g5,g6,g7,g8,g9,g10,g11,g12,g13,g14
983166,,1228.388021216038,5966007.775874564,624.0867912000567,3342089.757883309,16.269058095800208,62.94868731753502,1.6854752972273346,1.0,20,10,1.1,1.89,11
