group_id,g1,g2,g3,g4,g5,g6,g7,g8,g9,g10,g11,g12,g13,g14
983166,,1228.3880212160384,5966007.775874563,627.6942529591649,3337530.4130047867,16.683217571975614,0.0,1.6854752972273344,1.0,2,10,0.7,0.4100000000000001,7
