group_id,g1,g2,g3,g4,g5,g6,g7,g8,g9,g10,g11,g12,g13,g14
9839072,,0,0,0,0,206.52227189222018,74992.87211924969,0,1.0,30,10,0.0,0.0,0
