group_id,g1,g2,g3,g4,g5,g6,g7,g8,g9,g10,g11,g12,g13,g14
987818,,15.314780606221746,71.15015854507803,16.87723387315167,98.21212922697003,20.569360020187045,100.60588653556442,3.169925001442312,0.3055555555555556,22,10,1.7,1.0100000000000002,17
