group_id,g1,g2,g3,g4,g5,g6,g7,g8,g9,g10,g11,g12,g13,g14
987818,,10.563670118566728,28.802800402719484,92.02028736676769,98421.64035444328,171.19758143663483,188437.87070672258,2.94770277922009,0.3,492,10,6.7,15.810000000000002,67
