group_id,g1,g2,g3,g4,g5,g6,g7,g8,g9,g10,g11,g12,g13,g14
987818,,9.671872444301748,27.96479815214235,14.373960272943114,71.94774739705457,18.799822539690467,105.73950660552447,2.725480556997868,0.5751633986928104,176,10,3.6,11.439999999999998,36
