group_id,g1,g2,g3,g4,g5,g6,g7,g8,g9,g10,g11,g12,g13,g14
990681,,2.7091988295300147,20.07073056081977,5.856780518787424,16.433934091806584,6.771560495779281,9.033752345020126,2.321928094887362,0.4666666666666667,42,10,2.5,1.6500000000000004,25
