group_id,g1,g2,g3,g4,g5,g6,g7,g8,g9,g10,g11,g12,g13,g14
992293,,0,0,0,0,279.1475123388212,351223.8401653517,0,0.2727272727272727,138,10,4.6,1.4400000000000048,46
