group_id,g1,g2,g3,g4,g5,g6,g7,g8,g9,g10,g11,g12,g13,g14
992293,,0,0,0,0,717.247444433584,1786738.8162342508,0,0.43137254901960786,132,10,0.0,0.0,0
