group_id,g1,g2,g3,g4,g5,g6,g7,g8,g9,g10,g11,g12,g13,g14
992293,,0,0,0,0,1340.475479174605,3572040.476904595,0,0.21978021978021978,40,10,0.0,0.0,0
