group_id,g1,g2,g3,g4,g5,g6,g7,g8,g9,g10,g11,g12,g13,g14
992293,,0,0,0,0,334.60414418911427,444339.45699284156,0,0.36363636363636365,40,10,0.0,0.0,0
