group_id,g1,g2,g3,g4,g5,g6,g7,g8,g9,g10,g11,g12,g13,g14
10215962,,7.772815897928538,52.86458361020437,163.55402158268893,717201.5931364823,673.4150874478765,2864447.961937098,0.9709505944546686,0.10833776936574595,10990,10,38.1,59.48999999999978,381
