group_id,g1,g2,g3,g4,g5,g6,g7,g8,g9,g10,g11,g12,g13,g14
1407404,,122.53085484597288,624306.6097696947,153.27113786310153,795734.9274472677,511.8512880914298,2638020.524747663,4.039282399405128,0.001408014418067641,100,120,1.55,0.5808333333333331,186
