group_id,g1,g2,g3,g4,g5,g6,g7,g8,g9,g10,g11,g12,g13,g14
18207542,,3.079023862169119,5.604276562539985,49.32522750422925,44189.338075637796,63.0924825178838,54407.82721014387,3.7004397181410926,0.04585622163840459,1152,18,11.666666666666666,8.333333333333371,210
