group_id,g1,g2,g3,g4,g5,g6,g7,g8,g9,g10,g11,g12,g13,g14
18202001,,0,0,0,0,134.53003191175947,142602.15088151966,0,0.0,0,1,1.0,0.0,1
