group_id,g1,g2,g3,g4,g5,g6,g7,g8,g9,g10,g11,g12,g13,g14
18255861,,0.3257480197742802,0.12421482831305627,14.380768352363559,11298.555063163743,103.82790390833357,313599.34730600973,1.1567796494470395,0.03274319436512469,344,13,8.153846153846153,8.284023668639065,106
