group_id,g1,g2,g3,g4,g5,g6,g7,g8,g9,g10,g11,g12,g13,g14
18273116,,0,0,0,0,232.08749576006053,176785.34491904711,0,0.00496031746031746,20,1,5.0,0.0,5
