group_id,g1,g2,g3,g4,g5,g6,g7,g8,g9,g10,g11,g12,g13,g14
18350930,,246.48561261048695,359106.9548759284,132.71164016595867,417045.3788880593,84.13796041149435,143300.59982723818,2.8073549220576046,0.007832898172323759,1146,15,8.6,24.24000000000001,129
