group_id,g1,g2,g3,g4,g5,g6,g7,g8,g9,g10,g11,g12,g13,g14
18445806,,0,0,0,0,56.213560018711426,20081.325785625926,0,0.011363636363636364,12,1,4.0,0.0,4
