group_id,g1,g2,g3,g4,g5,g6,g7,g8,g9,g10,g11,g12,g13,g14
18506198,,0.0,0.0,895.2399529981404,6298380.884157022,393.5842938817321,2204001.856547407,0.0,0.047619047619047616,152,3,9.0,2.0,27
