group_id,g1,g2,g3,g4,g5,g6,g7,g8,g9,g10,g11,g12,g13,g14
18705231,,0,0,12.253721104019908,47.7535729723042,15.592909894994609,364.38314577250924,0.0,0.015664160401002505,50,3,4.333333333333333,4.222222222222225,13
