group_id,g1,g2,g3,g4,g5,g6,g7,g8,g9,g10,g11,g12,g13,g14
18723327,,0,0,0,0,229.63381987017493,1244977.7344453472,0,0.0,0,0,0,0,0
