group_id,g1,g2,g3,g4,g5,g6,g7,g8,g9,g10,g11,g12,g13,g14
18805116,,0,0,737.1297640746984,1581961.2532012695,455.1149508901788,991230.2725170379,0.0,0.05411168865787019,812,1,29.0,0.0,29
