group_id,g1,g2,g3,g4,g5,g6,g7,g8,g9,g10,g11,g12,g13,g14
18931796,,0,0,0,0,44.917548464921005,2251.6028838338407,0,0.0,0,3,1.0,0.0,3
