group_id,g1,g2,g3,g4,g5,g6,g7,g8,g9,g10,g11,g12,g13,g14
18986059,,0,0,8.887219510969336,7.298233177112309,114.91978111378484,159067.6709484231,0.0,0.03529411764705882,42,1,7.0,0.0,7
