group_id,g1,g2,g3,g4,g5,g6,g7,g8,g9,g10,g11,g12,g13,g14
19039402,,0,0,17.63117135091787,223.60723751485705,256.94849265884176,1580245.7633182565,0.0,0.008860759493670886,56,1,8.0,0.0,8
