group_id,g1,g2,g3,g4,g5,g6,g7,g8,g9,g10,g11,g12,g13,g14
19151815,,0,0,1.6976633594190933,1.7059291929755416,210.37250012037043,908564.8655989546,0.0,0.0007103954534690978,30,1,6.0,0.0,6
