group_id,g1,g2,g3,g4,g5,g6,g7,g8,g9,g10,g11,g12,g13,g14
19824869,,0,0,0,0,3.949132984683057,16.01786505613183,0,0.0,0,0,0,0,0
