group_id,g1,g2,g3,g4,g5,g6,g7,g8,g9,g10,g11,g12,g13,g14
20241863,,0,0,0,0,6.16983255137939,47.44689536775902,0,0.0,0,0,0,0,0
