group_id,g1,g2,g3,g4,g5,g6,g7,g8,g9,g10,g11,g12,g13,g14
20335175,,0,0,0,0,473.655179322037,1177202.6413922072,0,0.0,0,0,0,0,0
