group_id,g1,g2,g3,g4,g5,g6,g7,g8,g9,g10,g11,g12,g13,g14
218252,,14.098879178864177,92.78941872780607,52.69199390982785,36941.463319278955,207.68059251325852,463302.9071439688,4.120382907152914,0.0025687753609735585,2712,191,3.8481675392670156,7.364381458841589,735
