group_id,g1,g2,g3,g4,g5,g6,g7,g8,g9,g10,g11,g12,g13,g14
3694512,,0.0,0.0,6.538287277995244,742.9639100214852,216.68792624039062,93184.92287066646,0.0,0.1523809523809524,32,389,1.9588688946015425,1.5253005200864385,762
