group_id,g1,g2,g3,g4,g5,g6,g7,g8,g9,g10,g11,g12,g13,g14
4557242,,1.1128783233535315,1.3037201319688156,22.834908219451556,14873.268600298532,96.00910159740765,108455.4002840736,1.224430541456362,0.022964179286018366,3776,120,10.208333333333334,6.314930555555549,1225
