member,group_id,r1,r2,r3,r4,r5,r6
65698792,16710682,0.4306388201887476,1.4214057813902226,0.0,0.0,2.539954033753378e-18,0.03345086018698418
125473082,16710682,0.27456174059415556,0.5330912017038654,9.709901920185103e-19,0.0,0.0,0.01254557951612253
183869772,16710682,0.10033279005384897,0.0,0.0,0.0,0.0,0.0
47189462,16710682,1.1992252470768971,2.085975020502926,0.09731111779744514,0.04827508456096602,1.303562752538695,0.02951374342081248
