member,group_id,r1,r2,r3,r4,r5,r6
43271232,10022202,2.0959653852772795,0.03444199435787076,0.0029321323346838428,0.06087913209604801,0.024185958158665553,0.5796404625470025
132931712,10022202,1.1059707175613802,2.76581121162473,0.17465107624060544,0.18917593849851846,1.2955082210091855,0.19793750716804046
3578018,10022202,1.0549078635941211,0.8790923747640649,0.16450066724628454,1.0951906426377307,2.0814467586241974,0.2103973717456702
179824802,10022202,1.5911954992648893,0.5242002078263829,0.8601891883550725,0.0,0.0,0.0924393491556019
124299492,10022202,1.8976326603178246,0.02092024209923277,0.0,0.7794428571119739,0.43903305358640227,0.398512480801109
10619782,10022202,0.9041968459229365,1.1505269980260204,0.6656277464164134,0.22099170423419967,0.5676061601872905,1.0051144868450301
13845831,10022202,0.9476923162072706,0.17038123202606587,1.2148776250540352,1.3258112311168955,0.0,0.5254139109213026
35398182,10022202,1.4772966728343286,0.12079113869313632,0.9893349074273212,0.43938137446106373,0.0,0.1777561064226598
8703277,10022202,2.070479643541488,0.007438863366067335,0.0,0.06704185840374066,0.08637858563403311,0.644552026210484
27720462,10022202,0.2778865668572754,5.239855614971569,0.3234732300389582,1.0223023868543837,0.20003322840621776,0.07518796439523437
119132622,10022202,1.5120109911988489,0.16145188915410216,0.5419884664378191,1.255301166090392,0.6614822448680625,0.0
160192142,10022202,0.8603824811399097,1.6019335868622397,1.0119189010681868,0.14375605218234067,0.0,0.6544137898314061
3378895,10022202,1.5738048012910495,0.3183605387592917,0.9225808691158134,0.03666816435521404,0.0,0.16418417125406967
147946582,10022202,1.8450447591652002,0.0,0.6238613877982673,0.07670991063542282,0.09346792122338063,0.2048863977951527
155419612,10022202,1.9987777959736914,0.11521762825131798,0.039523246102577125,0.743146143102308,0.0,0.21622514552885083
154861822,10022202,2.4669439733487115,0.0,0.015452732151435332,1.0352253602985124,0.9236148339732774,0.19420988703694694
