member,group_id,r1,r2,r3,r4,r5,r6
110384352,10162702,12.830892932991746,0.0002581961870151288,0.2209332348178638,0.0017295969681324398,0.5045124452341146,0.0
15462121,10162702,0.0,3.8974815092455604,6.368665239608322,0.4849127220560902,0.00032882716034366084,0.3920480009742446
187465195,10162702,1.361928932875499,2.121965179282994,0.0020166721745479093,1.383898724711451,0.47015995019491746,1.0777120293315323
184637711,10162702,0.10839179293644238,3.3940367631524433,0.4734014772146714,1.835569031048975,0.023685969607613877,0.10693419293099271
136447442,10162702,0.7026014487400676,4.818406929625116,0.12957322865267804,0.18355510207253395,0.22360915429217143,0.635506315390471
186934452,10162702,2.4744120278877646,2.0143371201911706,0.0,1.5963046582733453,0.0,0.9269976792442872
178486422,10162702,1.0977911371709257,2.6460143854771014,0.0,1.551370399648386,0.0,0.9022002770442771
190705366,10162702,1.161269481883957,3.7111368453749285,0.26926289037125634,0.6730588017035136,0.2068434589261156,0.5069885741180342
97243222,10162702,0.1610277375777348,5.631201196081651,2.0098029573691476,0.001823135940007998,0.6084453098502259,0.0
131297722,10162702,1.1606127921775005,3.1047001632464184,0.0,1.8463960693361743,0.0,0.0
8809086,10162702,2.274882050099808,2.7123673129752333,0.47233216923217297,1.0072929960264676,0.8011717873917933,0.013414757729108367
