member,group_id,r1,r2,r3,r4,r5,r6
110384352,10162702,1.1672062078409509,15.302254210155182,1.857311336660755,0.03242907957585307,0.13573491643713448,0.0
182799912,10162702,0.2392074800551414,0.0,0.23800917437624639,2.6629027846207407,2.977673626902928,0.5440162534167827
187465195,10162702,5.950518984934363,0.7018681124982968,0.397851458661231,1.2578308907449145,0.5521471419806068,0.0
154204492,10162702,1.3200191251021887,0.0,0.0,0.07218278226434306,5.235122338368256,0.9138433305213077
181316652,10162702,3.402591061503716,0.4343637774240264,0.9732305150463669,0.9755929879908434,0.5111337614885759,0.0
4948018,10162702,5.0562111041694076,3.033652094214427,0.0,4.038557452531612,0.0,0.0
136447442,10162702,2.16174614574003,0.0,1.001957213787338,1.2393096322330692,1.004425684331608,0.03314412822592109
186934452,10162702,2.524360091162316,1.8029806930150545,1.6826152545181234,0.0,0.0,0.3454991544391611
185938708,10162702,3.5516620199365536,0.38949344105914807,1.2778240068463063,0.06610158142299649,0.18898653329174195,0.06741556537852841
131297722,10162702,6.589001348160219,0.4744703257918546,0.21463871377103247,0.0,0.056041454745040645,1.2992076852943568
