member,group_id,r1,r2,r3,r4,r5,r6
8981889,1020990,2.2194760805892386,0.22422087959006665,0.3869091822601028,0.18090626319172523,0.565238399365301,1.2360280749993218
9732107,1020990,1.2623529371161573,0.39550130652934135,0.0,2.208885894812736,0.3003544060651321,0.0
7903376,1020990,1.9798238584272176,0.5368447355407595,0.9700005485642094,1.565481643448919,0.0,0.6714639472186592
4318372,1020990,1.4565181564104788,1.1507879201376627,4.427429633309192,0.23789643657561402,1.0048510589542752,0.0
7966505,1020990,0.7552875348024525,8.153084275066867,0.0,1.310498845753753,2.29430349545293,0.02626703396778369
4535085,1020990,6.942225648700565,0.13509603551633012,0.968768339894368,0.0,0.16355229039365005,0.348269770781082
4444590,1020990,1.471129630314568,0.7265057050461143,0.7313839414540613,1.6446166170945238,0.3995131809589012,0.8239000417045257
7998004,1020990,1.577919737551511,0.11942024007835952,0.0,2.4494895531783967,0.016109904984660754,0.0
9295543,1020990,2.2829083696305736,0.14295072461275246,0.03805333693620175,0.9894771123408118,0.16622751406556344,0.2092115451841458
9466553,1020990,1.011855577327957,0.6666705396147581,1.052296087990129,1.257227648381648,1.2726055530005993,0.9516998442481943
9463493,1020990,0.9276807646167978,0.8695216006882897,0.2474042362466356,1.1622635406094177,1.5934423913206595,0.6504279128941928
7488972,1020990,3.8055954534298664,0.2989398283445436,2.8970314138530164,0.7229363457605056,0.0,0.07676507375013027
9798992,1020990,1.5249882666432752,0.3084557603079574,0.3845913104801414,1.8558482111936896,0.3090945171691834,0.7522228775346036
8742354,1020990,2.0778836043734303,0.9093159506210832,0.4012198310817277,0.2122118876009133,0.5344550772838197,1.1928201873860096
8571220,1020990,6.918292890733915,8.64033122298751,0.025461747776506383,0.10544296821742383,0.0035869672537100004,0.001881682183356695
8603241,1020990,1.0949684488136193,0.6638050540864494,1.4121208907933451,1.1524037278059938,1.1465936707863253,0.9268217097485514
6861418,1020990,2.1337883253640975,0.0,2.8876462347302634,0.6374232932247892,0.37641798592933456,0.10247185119654348
2885115,1020990,1.7657304303816055,0.31795445675023704,1.2167295067509913,0.3418254499440037,0.6462501394020439,1.4676385626384412
8468990,1020990,1.8328963974501344,0.01014235894381549,0.8015580725662277,0.7943278125917782,0.43086092910179263,1.0883329402762452
