member,group_id,r1,r2,r3,r4,r5,r6
7066720,1020990,2.391846391086587,0.3461746626568242,0.20954268971900017,4.775750748570245,0.11818086360239444,0.0
8981889,1020990,3.714701016773206,0.38523750924957045,0.05084666969987584,1.2812712029170528,0.08722936175221672,1.8400346644721217
6132803,1020990,1.1955335472775248,1.0139777929722589,9.32294623394962,0.0,0.8405203739761169,1.4328913260349023
6294374,1020990,1.6779830250375827,0.052623516826504436,1.8443435112720257,1.1444746938504395,0.7665060009715653,1.7869962564364885
7966505,1020990,0.6535945023702687,8.219128814591967,0.0,1.3660253599863497,2.810515721593883,0.0
8603241,1020990,1.8503177393201842,0.755363779622749,0.8743021845828031,1.666234847641914,0.49718014544366707,2.000981136270299
9341069,1020990,1.620804218051602,0.06350202692325915,0.0,2.9134010834592585,0.7814836895730863,0.353017791646535
4535085,1020990,3.8622584455399007,0.5511818197707073,0.5892750444263687,0.0,0.08390546167704019,2.5398205974113903
2562415,1020990,2.5480649960638218,0.0005997583412654039,1.9428196243066398,3.8382582813957984,0.0,0.8264235789998081
8673711,1020990,1.3268019840813536,0.13758112419292323,0.042673320185368194,2.56825131362324,0.9752397393805159,1.2120687126244687
8629522,1020990,1.9916593397966507,0.3207795223177143,1.7806273376610258,1.3395298657041912,0.49522590462060995,1.9601822211150086
8785940,1020990,1.4134106951117553,0.8510503019520531,0.715926270239809,2.53936864590767,0.5745003910065274,1.8028257406303367
8571220,1020990,4.087381165550327,9.265481870771938,0.0,0.277277621949574,0.0,0.92168717909133
2885115,1020990,3.275835028761796,0.42745408642940214,1.0610790462157447,1.2220887148413224,0.8719440280036929,1.138923763246995
8468990,1020990,1.548025301743078,0.15577386285012085,0.4928794444149773,2.6580293153916768,0.6238225891728523,1.5207480983759454
