member,group_id,r1,r2,r3,r4,r5,r6
6677256,1035426,6.702320315677398,0.12511716940016426,5.248022358418048,0.0,0.6183779895557768,0.0
9004937,1035426,1.4660976100728793,5.583736108118588,0.0,0.9601752401530258,0.25558099558356834,0.6316772590910482
6586376,1035426,0.49417888894378925,5.410293183435049,4.991209268266165e-05,1.3210713561383491,0.12849150067470652,0.41745607618291514
8047511,1035426,0.16902216478988583,4.156273461763762,0.0,1.7004479816477072,0.5999649981266325,0.37469449449443354
4067227,1035426,0.10001831638864339,3.630496125935848,0.10451669214599167,2.010424415786336,0.25755665726024113,0.0
7077276,1035426,3.3501453043124156,2.046814489492672,0.06783995439825653,2.0747313840341386,0.5152474298469338,0.0
8211999,1035426,0.04296710661126443,3.459418319674378,3.09438290650427,0.22898717296220428,0.0,0.18524243077378824
8938530,1035426,0.28679414277329424,6.082037471093849,0.0,0.7258675303191643,1.7610729219285701,0.0
9052203,1035426,0.0,4.569834826602381,0.08631180070300068,1.6026871029119638,0.40273884980575275,0.0
2027566,1035426,0.9884886091546226,0.9209464416850331,3.6535464858633313,1.6013723251945766,0.9898618846761026,0.4173577608967169
2110901,1035426,0.2659072192144096,3.828799404439151,0.07951494210788662,1.814032189382402,0.5120821241094781,0.0
2150972,1035426,0.1723311133258856,3.415939246841258,1.6929763061294605,1.2981602300991066,0.2800876314596228,0.6762742400756723
6794944,1035426,1.0721827501882337,2.45054640078561,0.06861925992373342,2.3119630478926356,0.5969162453789416,0.0
8921165,1035426,0.0,4.562535977089546,0.15522616075776555,1.5815336546405971,0.3521596552761653,0.34081071829530807
8715599,1035426,0.2672589156224908,5.523246103901917,0.008369836945754121,0.9688801702181089,1.2711517290662098,0.0
7978589,1035426,0.8910184750026472,2.6747229708563443,0.06366103210817096,2.209042894893328,0.6346863159517073,0.0
9025769,1035426,1.0746984037869571,5.289909878779074,0.0,1.2363924206781942,0.07729397504151751,0.6479888537327712
9011953,1035426,0.4827400729585535,5.777172705544873,0.09582207089722171,1.066131078100321,0.3852274319638477,0.0
4862196,1035426,14.954422861088874,0.03739060333817975,0.0,0.6110286571750553,0.21923222450255464,0.5409923002399905
6997882,1035426,8.401133402921202,1.2339194476756103,0.6005485462382195,1.2127953187086757,0.0,0.9424077162231198
4013311,1035426,0.6037070444574656,8.389657470621398,0.27055395429956103,0.0,3.0882345263947157,1.2280535758988085
