member,group_id,r1,r2,r3,r4,r5,r6
22599811,1035426,4.111357455263378,0.4696169451198155,0.0251774936342774,1.0120499497303272,0.041378464910089834,0.0
6677256,1035426,2.9552300867618273,7.367621597139253,4.776134064152103,0.36693492207137995,0.0,0.0
44634632,1035426,7.814620794287578,0.5151180847087841,0.0,0.0,0.1370726380157543,0.0
58159242,1035426,4.474524877354466,0.073349347335142,0.0042978450451661215,0.6740645577411374,0.5878600215314378,0.0
19720471,1035426,4.86442046611582,1.0377083091913,0.0027281283891429134,0.293831156929844,0.7177488177665949,0.0
7440281,1035426,4.532038937236107,0.7460065502830567,1.2997126501877518,0.0015952705834993176,0.5104653525367773,0.5778272766690462
7077276,1035426,2.67897431535558,2.9303598563663287,0.0,1.965771190422475,0.19377097544700955,0.0
11009695,1035426,3.6711238859782256,0.0704605533558631,1.2511846015969725,0.018599185341403188,0.826106344577024,0.723533708831339
44207532,1035426,6.766223126618534,1.9327639263271303,0.01596955235256075,0.1533111623841124,0.07818883915832543,0.0
33180462,1035426,5.702697786068778,0.0,0.0,0.1337562197929888,0.1792771590057426,0.11318454719371539
12391864,1035426,4.121860015258238,0.29483584206752006,3.071645762291187,0.0739427966325871,0.458336929605156,0.3444385651347891
36871482,1035426,3.492200263196014,0.16577664296923839,0.4037176687813503,0.13425686561822253,0.9545108893366648,0.7126946181281589
5083711,1035426,2.4221176240338353,4.61976822818133,0.007275057107788595,2.1940383836675137,0.0,0.3490866584633323
10099400,1035426,4.6204794273269085,0.050171420418828126,1.2932920185391026,0.05385860495205929,0.4981479669433751,0.5808620682652079
49826642,1035426,5.740736834979605,0.29343675712644735,0.26311327128709505,0.0,0.11600297538342813,0.4203093609095646
2908512,1035426,3.6325542970388156,0.6658658580688497,2.1202747789665,0.7825197602803241,0.26814355968440096,0.2536033930861124
56559972,1035426,2.7867832063239355,1.7552053264631522,0.0,1.8420251626234747,0.29591988091798965,0.0
4862196,1035426,1.4556728238828807,16.8133264281821,0.17145154934153894,0.9932892374875087,0.3079407561078528,0.3548061617066683
6997882,1035426,2.051360734606042,9.033737141494626,0.7548348580931186,1.3243619520525896,0.1331628723285021,0.7621854367769274
