member,group_id,r1,r2,r3,r4,r5,r6
8638819,1036106,3.8709504829119585,1.3912117315505368,0.3664899087191167,0.0,0.2746495615472566,0.32719615631256904
6692358,1036106,4.008696433837946,0.9975882364416476,0.07571126547281654,0.5642976003869481,0.21934821720117825,0.0
7256720,1036106,2.1395435926057407,0.8926426217229669,0.12221795495728173,2.306493405909775,0.15855038227164675,0.0
8561554,1036106,1.060540722674729,6.546227943201672,0.0,1.0468687768552822,0.22019704855077488,0.0
7563220,1036106,4.038615473493805,0.1647417174393405,0.13740599220200675,1.1296289496740735,0.0,0.0
6607576,1036106,2.4079040275468224,0.8678952017639364,0.005448054933050663,0.07887208525566926,0.8628721703817237,0.0
6246685,1036106,1.4019379654587363,0.0038862538261127486,0.5974531510972474,1.913963894440635,0.0900068385869035,2.596660026783317
6692605,1036106,1.5145236282812877,5.264412402081661,2.881464548750969,0.07724042399539777,0.0,0.0
6748543,1036106,2.213373045283817,0.02123296121269396,0.48485767334678387,2.565086959317113,0.016364885241243837,0.22891168586423874
