member,group_id,r1,r2,r3,r4,r5,r6
185496006,10465352,7.593472221529609,0.016313142874002522,0.00011661035288770575,0.00012000576626823589,1.7732981520693658,0.044570829748968414
159698632,10465352,2.3298898058817232,2.1207776692562037,0.023320164361764574,4.746679977607712,0.7292191250287524,1.2577523856550383
38995882,10465352,3.5863218376333377,0.0,0.898530626267673,5.484937799720702,2.2960441204572555,0.0
183668782,10465352,3.623237252028233,0.018541334238664393,0.0011607565121177364,6.162707685988026,0.0,0.018396074978627757
10312435,10465352,0.4715274593010769,13.551488586364334,1.5419846372318051,2.682613635736121,1.8561052152763238,0.29252530667512894
48935732,10465352,3.7928000846075896,0.03748289748331952,14.043344390865078,0.0,1.9213187886537206,0.030044761218219983
