member,group_id,r1,r2,r3,r4,r5,r6
115026532,10594452,3.2676147532471127,1.396517936964146,0.0,0.9059586884114014,0.22064037428350958,0.0
136377862,10594452,0.19920003884885104,3.517748781174158,2.3173198337853513,0.4510834935674629,0.004284929173378204,0.20191183777538385
150915212,10594452,1.2971012721014765,2.377235310101462,0.0,1.5727741478364152,0.04950926148199191,0.0004096859336390764
167993372,10594452,0.21818195186343045,3.4014820797817267,5.764569563709616e-05,1.2750295725423078,0.6082249580649646,0.0013178974856736681
150937972,10594452,1.2892047023657673,4.4039042599316724,0.0,0.0,0.2159434226618843,0.0
114932572,10594452,5.8535758286455835,0.0,0.15857123034535237,0.0,0.0,1.8627866661263237
