member,group_id,r1,r2,r3,r4,r5,r6
10047681,10602672,1.313100918894278,6.7916351858830915,6.217557351543001,0.9268579680369078,0.054725351350175144,0.8579350673287005
109592292,10602672,3.8640958553967812,0.13972350373525086,7.550556905134712,0.749529931456874,0.14145294507963319,0.0
184436329,10602672,2.8379933465226226,1.2862757103750821,0.9729685312581756,3.4907543533959156,0.47868008593809236,0.24024384479597574
3085929,10602672,3.264717247604437,0.3822574559940595,1.2259213911708655,0.0,0.8499680644071194,0.33399956283294835
182490991,10602672,4.621780404254724,1.7057265754173767,0.0,1.3976766023132583,0.5834490177398499,0.0
114725232,10602672,1.3272127622521794,8.746786527708338,0.0,2.701873427400396,0.0,1.358300458524596
182881169,10602672,3.829508285808751,0.0,0.13028023883811785,1.588459958274128,0.3776613721515505,0.4351321887789022
183849524,10602672,2.6954221249232075,1.383622714000329,0.21701001030739392,3.5809684204617116,0.11562576717686533,0.7571209771423302
104766772,10602672,3.4757636492550095,0.3999481681430702,0.24645021051326643,2.1414630899478944,0.09733718484375858,0.5326253041501036
143271962,10602672,3.5343709313751916,0.26985837928218825,0.03740686229873685,2.367409278149731,0.0,0.6117586281396858
116917822,10602672,3.905868509516941,4.147597095055295,0.0663133222354007,0.011434328657930294,0.0,0.1941362320676609
