member,group_id,r1,r2,r3,r4,r5,r6
159421982,10633372,12.951711447386643,0.006857514115656242,0.03509283752328561,0.0,2.024117458390733,0.0
155037482,10633372,5.757331750063528,0.0,1.3985452237618985,3.321375102109127,1.656171804033818,0.011977165311395959
2224020,10633372,6.126529249890315,4.457195895492157,1.3390116860736279,0.42590900649470087,1.2710447064100725,0.13734539513254357
12962454,10633372,2.613066113180248,16.04522473736021,2.3943525285651477,1.8628644595305393,0.3125276324744031,0.019068467355947263
12045116,10633372,7.452650991482302,1.313229886824563,4.186410788890899,0.49030186386680813,0.12493305148800957,0.006753632753536153
133074302,10633372,6.667948623206491,6.582010789741809,0.0,3.6919479783558247,0.0,0.0
