member,group_id,r1,r2,r3,r4,r5,r6
159421982,10633372,12.951711447386614,0.006857514115659803,0.035092837523272136,0.0,2.024117458390722,0.0
155037482,10633372,5.757331750063507,0.0,1.3985452237618734,3.3213751021091857,1.656171804033829,0.011977165311395603
2224020,10633372,6.126529249890343,4.457195895492306,1.33901168607371,0.4259090064946425,1.2710447064100239,0.13734539513251723
12962454,10633372,2.6130661131802193,16.045224737360456,2.3943525285651974,1.862864459530718,0.31252763247444326,0.01906846735590581
12045116,10633372,7.452650991482305,1.313229886824683,4.186410788890976,0.49030186386664776,0.12493305148797734,0.00675363275351054
133074302,10633372,6.667948623206473,6.5820107897418145,0.0,3.691947978356011,0.0,0.0
