member,group_id,r1,r2,r3,r4,r5,r6
45939882,10633372,3.816407653649426,0.0,0.9875376981549566,2.3828521034887005,0.2284013113219483,0.7957294495018885
46539402,10633372,3.673551009858079,0.8251593041567546,1.8668096995437882,2.492485789793301,0.0,0.0
155037482,10633372,3.93070170860927,0.12181367097733779,3.202299971327845,1.4615128799598565,0.0888787445459271,0.0
14489067,10633372,7.968945613253751,0.001940926295179388,0.4983496301897382,0.7462775204184405,0.009199182954666128,1.0760976610066895
53307052,10633372,8.149121644548863,0.0,0.159540981412934,0.760014051347053,0.012113316181906203,0.7217371779020093
182899600,10633372,4.117875182043152,0.0,0.0,3.0843819879240146,0.20744620974320424,0.0
2224020,10633372,2.9461733837299766,4.2018454372283625,2.3162221780960577,0.29034352925647944,0.5466287621967802,0.8177930358064267
12962454,10633372,1.5768562892889297,16.75268650226917,2.5528882077120296,0.6213750054156125,0.0939252676421302,0.15852722516018758
133074302,10633372,2.95228501222684,6.351788543415679,0.0,1.6511108897353943,0.32715955230056276,0.0
185879871,10633372,8.467544677840253,2.0242491022134455,0.3303282048828109,0.34080495431023367,0.029615039831147036,0.27192222944977507
