member,group_id,r1,r2,r3,r4,r5,r6
11380037,10633372,0.11924999922848585,8.928851719122864,0.766598915379112,0.0,0.46398380922892235,0.5411131607972196
122510022,10633372,0.48031450708308854,3.515991540893586,0.842010133855117,2.1684473054183253,0.1773949885888558,0.16923336506386844
159421982,10633372,0.18009920318194086,3.4260145353952716,2.525031407483854,1.2047594754729518,0.5774764122854663,0.005481339377745379
8450824,10633372,0.482273691087924,6.711398297069003,1.607565156528765,0.29480600049035255,0.494740862901433,0.4484736096524618
45939882,10633372,0.6393112430858777,3.2546818959694073,1.9694724156429493,0.7883631481131258,1.4918861465833764,0.023443856448594376
46539402,10633372,0.9969330224326906,3.819294838873142,2.036670098937326,0.8008327855309081,0.8714327080745892,0.3966014427108214
155037482,10633372,0.7979819173374615,3.1525578744784237,3.4573502772092715,0.564282571072831,0.8097581118227604,0.07793685329237666
173871792,10633372,0.11751556861599856,7.003957867456286,0.1481842237599939,1.601942373114442,0.0,0.006846956623464994
42132112,10633372,0.11579063156661822,9.015268732854208,0.0,0.9682140803128279,0.05128031392065512,0.0
160573172,10633372,0.3259173498547607,4.1582580341425945,0.4445154648982641,1.9680159567341624,0.4482353725153114,0.0
2224020,10633372,5.23647338987535,8.53828846406477,3.075204627079316,0.0,0.0,0.3671125652796709
12962454,10633372,15.283311580383254,0.0,2.751257894806121,0.07416121267268681,0.8119695811934428,0.0
133074302,10633372,6.266851687533874,2.5967409653435873,0.0,1.3564669062109045,0.5410591620899434,0.01745540900587367
