member,group_id,r1,r2,r3,r4,r5,r6
8450824,10633372,12.35552219808208,0.15890097548204962,0.6823389382292292,0.21599413344541835,0.0031041667823932845,0.3891272994657547
155037482,10633372,3.4286698839939174,0.0,2.4644116267610645,0.93766599223938,0.42411976205735263,0.01516444649440214
46539402,10633372,4.106060718587414,0.18588156201159112,1.1991161802774033,1.6735563519180692,0.33803333258729107,0.2306561838334517
45939882,10633372,6.5151851134355665,0.1992136084910829,1.2630544080829835,1.3681076710150553,0.0,0.12011658051783076
188437487,10633372,12.388887237104806,0.015262037733106443,0.629515199298921,0.22722315626807857,0.022671605390629252,0.0
182899600,10633372,7.21484107859766,0.0,0.12880887998356244,0.500485353988702,0.4638736049539929,0.0
2224020,10633372,4.677205920801595,4.372882527505669,0.17716113419410834,0.0,0.3293955477753319,1.5312099486095885
12962454,10633372,1.5378479873250037,15.89471017758931,1.9586393712421228,0.9135368591753406,0.11361691069854347,0.0
12045116,10633372,3.8338856677256508,2.024080905902466,3.485458040865447,0.3697720504736208,0.0,0.17488816403037633
133074302,10633372,4.616196179242053,6.507580887020578,0.0,0.8285070973429103,0.1024113956279067,0.016824389392056896
185879871,10633372,4.131397297800803,0.920261939423265,0.25327586055178253,1.6549679115396714,0.7892951757863701,0.1758394409737007
