member,group_id,r1,r2,r3,r4,r5,r6
122510022,10633372,4.2585208180632454,0.0,0.5607297112322849,1.491877993640896,1.0092304233828373,0.44425021805602605
4284647,10633372,4.084350076929707,0.36909159425242827,0.6859491560219149,0.5564399464753422,1.2847468559416635,1.2168669126720089
46539402,10633372,3.957486613875911,0.6700898654066076,2.0737227425792675,0.7947773961261225,0.815330800370496,1.1129384102962636
32945422,10633372,3.7341816980419886,1.6991712757478032,1.192575010700214,0.1688935219323301,1.6944285193558224,0.45348748352158713
114780432,10633372,8.867757743988916,0.0,1.2901233837845252,2.296428393109936,0.0,0.0
2224020,10633372,7.666567868415043,6.076582258035947,3.4095780626495698,0.03948909395452857,0.0,0.8201092214584115
12962454,10633372,2.1069019565176483,17.340986334861885,2.8000184220276765,0.4323765673825916,1.0959193193029724,0.0
7658204,10633372,8.886959918219357,0.16403767400303895,3.205589930882865,0.34931994239089154,0.31065514307610304,1.2784192313701424
133074302,10633372,8.150940474406978,6.633537445648608,0.0,0.0,1.251834135261761,0.0
