member,group_id,r1,r2,r3,r4,r5,r6
7845123,1066271,1.3240547111770233,0.4983010613986596,0.0,1.4416540430109341,0.0,0.9354484309480047
4841105,1066271,0.9376230184438983,1.345429054075326,2.0457610252585217,0.10083242132153573,1.9210547681530263,0.23697194676761502
9786001,1066271,1.7265970611502313,0.43948644019070077,0.2807798238271053,0.5552294026870231,0.22836564190189038,0.35820149178187594
9297697,1066271,0.6228889188449261,0.0,0.05562994737289871,1.5423136646094429,0.1710283457746128,1.8545043014136635
9887528,1066271,0.8787575581003731,0.0,0.0,1.4782111107686413,0.13754500466316344,3.441086906879016
7935785,1066271,1.3240547111770233,0.4983010613986596,0.0,1.4416540430109341,0.0,0.9354484309480047
8974768,1066271,0.6495016273409063,0.10480922340502269,0.059255226359834906,0.027671070707817932,0.15669695287076504,2.452886258440628
4404662,1066271,0.9338323493269497,1.5387413774175525,0.13391391362351837,0.6972891359041123,2.3907214410910167,0.28459990100100135
7613371,1066271,0.5419070996134572,0.05309526253287393,1.2959566689924933,0.9403377005371993,0.22138174481435985,1.7724310687152698
8417350,1066271,0.43603099434166726,0.28969917630305453,0.0318981204916722,0.0,0.4314468853258721,2.5682741948294865
6290247,1066271,1.2757851289894033,0.47614310774666724,4.299985163986755,0.07075382530107259,0.0,0.15184163153962765
9482440,1066271,1.9020180402832036,0.08828534932033265,0.0,0.47373932526889584,1.5900690385136913,0.0
4669390,1066271,0.43409025477421576,0.5361642556795264,0.0,0.0,0.3988267570885768,2.9615146882074534
9187555,1066271,1.259880052470966,0.8517158363408722,0.2607285532690392,0.9351798930847114,0.0,1.2094812094086527
6785129,1066271,1.1232457432341054,0.6521226015150642,0.0,1.4055971590667033,0.265838673334325,1.0741100188874513
3063916,1066271,0.0,2.22423928111688,1.2183827406691385,0.0,4.358544385880441,0.3937081067360961
7703148,1066271,0.9808899064906087,1.2498154830156247,1.8713801696718897,0.31813288252754884,0.29364702560510453,0.9817164569476151
9806317,1066271,1.7852116686100636,0.0,0.047137823214887006,0.5305516152406031,0.5599184462457417,0.45057166179870245
10737266,1066271,0.42991307045813226,0.09839086037474773,0.032957912107545756,1.5028776317718704,0.4436488817507493,2.0084050092782406
3989112,1066271,0.025678719787909008,2.059669434461693,0.37498195398424594,2.5477126765630906,0.0,1.9493012416290079
