member,group_id,r1,r2,r3,r4,r5,r6
12613472,10660892,0.0,4.990463792655964,0.19917528703142284,1.3551506289163193,1.4308685342071523,0.7172453140173767
140015552,10660892,3.527664862053109,2.39616416183653,0.0,0.28067973281008807,0.0,0.0
80686242,10660892,4.976136799327937,0.0,2.1472180560650544,0.0,1.7692981790864288,0.0
143036452,10660892,0.009196336212106105,5.376624727598983,0.18197710026946795,0.22213923261664215,0.7323255597349365,3.8377645275402936
14444488,10660892,4.153133821045742,1.0796376117406632,0.1250300491609978,0.6086027039586497,2.2716572420066234,0.0
115512872,10660892,2.0020418049044646,2.608509099486094,0.0,2.0414365543963475,0.0,0.0
98480042,10660892,4.32762254278309,0.5430130899266626,0.2351522399162752,1.4079737482203183,1.03144457963132,0.0
54561612,10660892,3.083860543459597,1.8690646876010628,0.15526919043997667,1.740575491240616,0.0,0.0
177955212,10660892,0.05910611831111694,4.593668287690991,0.5051394834667762,2.7444602136412355,0.0,0.000926425743258949
159214512,10660892,1.7416011937626814,3.371380704399171,0.8474535524443976,1.6478455845297566,0.0,0.0
