member,group_id,r1,r2,r3,r4,r5,r6
49904802,1070193,5.268750003481715,1.4423001182599384,0.055462649557519735,2.2883114434414242,0.0,0.0
8507271,1070193,3.334646210784703,14.366949528456097,0.525048752646537,0.42255863953248596,0.0007774514872205178,0.0
8245800,1070193,5.086992115486898,0.0,9.914277474000063,0.006382185562128671,0.0,5.519279308456621e-07
27931472,1070193,5.032873093246854,6.459482450694475,2.8628794941922564,0.019818806504987217,0.08520613473901115,0.15556096598390512
13319634,1070193,6.868734770360007,3.5993163076784604,1.9086262533904297,0.5059157657189676,0.05107461395418508,0.0726082794130672
48520342,1070193,11.722213073291654,1.0189127181862776,0.0,0.0,0.0,0.0
28610812,1070193,6.610623252750194,1.5936243606804417,2.829421083876483,0.8073753447920377,0.011150711943542958,0.05194525215638127
