member,group_id,r1,r2,r3,r4,r5,r6
69042752,1070193,4.4209483930381746,11.773069426875406,0.2464593655581191,0.03736212188112942,0.0,0.5044886341932421
49904802,1070193,8.112138586948108,0.042270637100736315,4.119255164242868,0.0,1.7562492970699821,0.0
117685252,1070193,0.05150346266255921,0.24382539635480865,5.906778615078219,0.0,4.013656013385084,0.26578622335628066
8507271,1070193,4.432863085445791,14.323768850655117,0.027991166298101416,0.032787028927982964,0.0,0.2966214804769505
100087342,1070193,2.6106311681297023,0.058161282828182656,2.0991590813196406,0.049021280874514114,1.5870542101257583,1.1317376584416245
80122542,1070193,6.628079992880449,3.469695147085438,0.0,0.04213762217079809,1.4338468334539956,0.3265943543620868
49027952,1070193,3.3195683446310658,0.0,3.591465984094763,0.522204076170978,0.5030102412248671,0.9086238295075709
27931472,1070193,9.11567276600239,2.755521781626866,0.0,0.8199321857115845,0.21092902781274522,0.0
13319634,1070193,5.6403277396870655,2.012345001065351,0.04637404757952638,0.4945371500241734,0.0,0.9015599267390566
75025682,1070193,4.2102112718490075,1.2892625126425072,0.0,0.0,0.9871442607294049,1.1885467881693856
26936532,1070193,4.077166181074525,0.11664566376613746,1.285181041743325,0.3490875153255184,0.06547593195635162,1.2014343513884111
146757492,1070193,2.5798136166809726,0.07359910876748432,3.5892860077870967,0.690950014216979,1.3290414329542657,0.6347260823553054
80139192,1070193,2.461215845035115,0.07652751673419235,3.978585752568492,0.8909383326770574,1.0501066912498007,0.5405382141392904
28815962,1070193,4.296916992610062,1.5133372674392476,0.8760167119612687,0.40051225636715193,0.0,1.0770471831267843
28610812,1070193,5.112525087907419,0.157157493578842,0.29943320557371267,0.5404710317361967,0.5186643415356871,0.9156082691944339
177306302,1070193,0.46829578595016136,0.4101219665046176,5.4855072805107765,0.09420957999170532,3.660235293151341,0.2548698321745346
