member,group_id,r1,r2,r3,r4,r5,r6
69042752,1070193,10.50636694534767,0.41147484468383516,0.14250063322334022,0.18447593839057969,0.46760710060745964,0.3322684511036168
49904802,1070193,4.209446543438016,4.685820087291524,0.18817608311182574,1.1839957699386954,0.0,0.0
117685252,1070193,0.13153029121501186,6.974581138378199,0.4212147595837175,1.2965290325686234,0.13561455831066827,0.5972961093138407
8507271,1070193,11.4474444763855,0.0,0.0,0.0,0.09163088777182393,3.015112377630163
80122542,1070193,5.793590942763251,3.723180352250796,0.055576060394778026,0.7402439916187452,0.3153920225115905,0.5429769493908804
100087342,1070193,1.7315512381229317,6.151026091375901,0.13672366829221955,1.2804915615967611,0.3364624641235256,0.36525972559710124
27931472,1070193,6.475127475156273,1.142248245476702,2.0745438336903526,0.08812888838328864,0.0,1.1022619821557331
13319634,1070193,4.453014634969079,3.925596258890457,0.996995642282901,0.0672972389484012,0.5509952128590825,1.0825632526488391
75025682,1070193,3.5163169025310945,5.323674454794398,0.0,1.336353223162963,0.0,0.0
26936532,1070193,2.5386529415960863,4.648927122936556,0.6540531652587813,1.0128614737508232,0.5725938106416978,0.6644942182476473
48520342,1070193,2.27818666815102,8.27280007773459,0.0,0.0052855582712857925,0.0,0.0
28815962,1070193,3.555219149770786,3.8373231566911525,0.867910936153236,0.8826926700443322,0.4250167539366982,0.7472244819592027
28610812,1070193,2.9657818042117228,4.1560672621282615,1.3752240052197053,0.6325483593669339,0.0,0.9050814713697398
