member,group_id,r1,r2,r3,r4,r5,r6
69042752,1070193,10.800741068095274,0.5294628397270766,0.331626441262138,0.6434052306652915,0.0,0.06168947875042057
49904802,1070193,4.2417256989716625,9.291554535242415,0.0,0.0,0.0,0.0
8507271,1070193,12.020841218502023,0.0,0.09064756644688757,0.10292631026229541,0.025674862568160678,1.718672242858235
8245800,1070193,0.573603046789988,8.643157129989945,2.34799009873853,0.22345172781407657,0.0,0.10133787033673688
80122542,1070193,5.967573561938599,3.0991999025612214,0.0,1.4740062364275124,0.0,0.2704384164441494
27931472,1070193,6.7468385023962245,3.56179997907295,1.3141633568169058,0.14854253411525148,0.21011655785181294,0.5259859665353732
13319634,1070193,4.336879932957239,4.885350818841463,0.17565485817365065,0.7506070014925557,0.40631019188793077,1.605521223042554
146757492,1070193,1.5202699768933485,6.546165401465867,1.0093736184905662,1.0140840717230228,0.12369120424897932,0.8545557544477963
28815962,1070193,3.4132450890477726,4.954843833417382,0.2054566583223542,1.2008643286237928,0.19108215050810987,1.315080420289438
28610812,1070193,2.9928694958420032,7.258574735577479,0.5741609886167929,0.5949132105504583,0.17240356133652293,0.8214655148456007
