member,group_id,r1,r2,r3,r4,r5,r6
69042752,1070193,10.84613748937405,1.9336358219063157,0.2862623681072395,0.0,0.18249924170051343,0.0
49904802,1070193,4.24408369664574,6.040431892136571,0.03418014839654074,0.4866958372172014,0.7368318169138851,0.0
8507271,1070193,12.56241880466083,0.0,0.0,0.08320875585678872,0.6928170238989848,0.19630280909339085
8245800,1070193,0.48555407227998054,8.587041130827252,1.9491256997809236,0.0,1.6861011946166309,0.0
69221352,1070193,0.24024978946858838,7.972234989649551,0.8223915931876072,0.6717631348896569,0.06447517496301657,0.1777337704171614
27931472,1070193,6.921225067672332,2.58373200034661,0.6883067757615623,0.5444197683734336,0.20870205581295104,0.352511128600474
75025682,1070193,3.5079197620433957,4.489641778007767,0.0,1.1651223661904568,1.3810008602761934,0.0
13319634,1070193,4.820621070900851,4.297881312374966,0.0,0.6989628328606255,0.6045890477808623,0.3974143378669982
28610812,1070193,3.2556937795674425,6.783410129557392,0.21687286005260176,0.35835674855732874,0.0734255493044828,0.27964456816138217
