member,group_id,r1,r2,r3,r4,r5,r6
69042752,1070193,10.87916650154611,2.739241847687597,0.4290492468989239,0.0,0.0,0.0026058044230352954
49904802,1070193,4.307735937458158,5.1332078804166015,0.0,1.6633017314762557,0.0,0.0
8507271,1070193,12.616633324953797,0.0,0.19922109584534287,0.3187319113573773,0.0,0.48097823064339584
8245800,1070193,0.6338412420511881,9.020531940721142,2.6758952662939626,0.4290104381174021,0.0,0.0
27931472,1070193,6.959872461633156,2.952624329802789,1.2677631135137863,0.5522429751716986,0.4971748917601851,0.09928736352611021
13319634,1070193,4.868996192720852,4.692023521491537,0.27129866070782344,0.680228076827645,0.510746528090387,0.6512881542618215
48520342,1070193,2.310606097974113,9.957867616195463,0.0,0.4444085552433342,0.0,0.0
28610812,1070193,3.2874090587217966,6.413572541848421,0.4052421003130019,0.19861440538942285,0.9393564598709243,0.0
