member,group_id,r1,r2,r3,r4,r5,r6
39864992,108878,2.86244286544913,1.0696338569167192,0.3284313188466073,0.0,0.02409774690840501,1.9127147795785662
6032452,108878,0.9687672375854188,2.0545006026271198,0.44647644694319677,1.6242464601468398,0.05369577255562229,0.874362559970193
9295588,108878,0.8450321627302162,1.311794013929597,0.0,1.4795429772679023,0.0,0.23331939999590945
14060456,108878,4.4545326022312945,0.9638507244662206,1.4737241870196536,0.0381359494242143,0.28500843451898544,0.15161698399841933
39520462,108878,2.786380190450891,1.5218751396630563,0.0,0.19413809870679186,0.0,1.8126368021659611
115727,108878,1.254836414199292,1.6709794780558627,2.6636350242952402,0.0,1.6252730094367336,0.1006490679618667
2792370,108878,1.1024027252159625,10.159297892878135,0.10097869545087237,1.0855484791266263,0.5033062033800807,0.039602761982997885
8355090,108878,2.1413879605710355,0.12025244708066549,4.355835088027888,0.0,0.0,0.5773042107460513
150168692,108878,2.159690041859801,0.03396339780357475,0.1559879914610017,0.8308177343908055,0.6050800325795064,1.265687099009845
43032882,108878,0.7977287180527086,0.0,0.6630921784576945,1.468264623406552,0.3275853431368084,0.6179795593559048
11164950,108878,1.4360202299754303,2.8287734505546047,0.07275557147456856,1.4897611041122496,0.8258650022155676,0.19202648489377958
153624022,108878,0.7700094774019625,0.044602321616556515,0.3102618028933738,1.6216850982010675,0.19504802179890135,0.7779782706343054
116641522,108878,0.930098441147612,0.9824349046638279,0.0016906097175870285,1.4651574823560019,0.0,0.27041492392504923
77965942,108878,4.891135242725061,0.2414881765826066,0.6645586100442247,0.6041382203897366,0.17684343555848128,0.0
76366202,108878,0.7914654017321298,0.10931494540643186,0.4987165088958535,1.5183045115278562,0.3363283966954594,0.6171800276398292
147871612,108878,1.1613048799248264,0.10130849978234746,0.01320613555773936,1.425425640223544,0.008677025092374991,0.35318709578467367
117678462,108878,0.7032824406723835,0.33094606323832,0.7515399980548069,1.1196926830718177,0.6990193432678437,0.6761094626928954
