member,group_id,r1,r2,r3,r4,r5,r6
133990312,10921242,9.981514553468315,0.4426169174837552,0.038919263294141755,0.047569699804688344,1.27801804399501,0.2819201512494894
103107812,10921242,2.1982246868111024,21.456326704786346,0.0,0.10622658978272057,1.1210408076391125,2.303455674599083
104586062,10921242,9.723356790216412,3.5335179753595307,0.45530138090300504,0.27479809368414787,1.2909614664821345,0.0
47125022,10921242,0.7736730870308804,0.0,0.0,11.116789676717922,1.2841334834547244,0.0
