member,group_id,r1,r2,r3,r4,r5,r6
113830472,10921242,7.7288845112443445,2.3865908543557297,0.0,7.151210232134522,0.0,0.0
103107812,10921242,1.5187463148467064,0.0822147919293407,17.82877134565835,0.0,0.002439692806950642,0.0
104586062,10921242,9.429774140785705,0.7080899547944318,5.15388808476913,0.0,0.07008713273702719,0.008641320112064102
47125022,10921242,8.116478586689652,1.9385804044156685,0.0,5.618738560369307,0.0,0.0
