member,group_id,r1,r2,r3,r4,r5,r6
133990312,10921242,0.0,7.720859573964428,5.744052058080993,7.470146190406235,0.0,0.0
131628802,10921242,0.0,2.271029064397182,11.932757511173797,0.0,0.19065613231707312,0.0010176436261712326
103107812,10921242,1.6518299052257415,2.693381907400649,0.7082674806667673,12.580350222720565,4.9932871940109465,1.6710044901063004
104586062,10921242,0.5324091115804916,5.6598008263202,1.3623571273101946,0.0,23.06323350656477,1.3319427665270738
