member,group_id,r1,r2,r3,r4,r5,r6
133990312,10921242,3.627298562068188,22.774632585047137,0.0,0.0,0.0,1.0859144136765622
103107812,10921242,0.17116734125429145,0.0,0.05331700666827257,19.75049327078872,0.012263922909836673,0.0
104586062,10921242,5.926296158148663,0.5967289486523331,0.004174279023643713,1.9385903473358126,0.38843153641156697,0.45627226315352676
