member,group_id,r1,r2,r3,r4,r5,r6
133990312,10921242,6.1527379453647955,5.462601064622791,0.6655175779338568,0.03211269331403388,0.025507681270632777,0.11300014867537711
103107812,10921242,0.0,18.67714242411375,5.16151017833172,0.008196679478594579,0.01449716865687756,0.0
104586062,10921242,5.26311278190111,12.606424509333785,1.5178757598663852,0.35575090450935515,0.0,0.39279447282814667
