member,group_id,r1,r2,r3,r4,r5,r6
133990312,10921242,4.261530767998484,0.690454486919669,0.13728365637397635,0.0,0.021044505829661237,0.0
103107812,10921242,9.99630583133073,5.581273817942518e-07,5.891298056958165e-07,19.203133132560207,0.0,0.6754809335863584
104586062,10921242,8.498234443983499,0.49276848208557456,0.2847612478126503,1.5877557341118411,12.358814577512291,0.0
