member,group_id,r1,r2,r3,r4,r5,r6
133990312,10921242,19.653543021516096,0.0,0.8548815643895706,0.0,0.0,0.0
103107812,10921242,13.127684344736213,1.36306948876659,0.009926493695846634,22.18918672929866,0.023533615123338278,0.0
104586062,10921242,38.07275117433617,0.1649743068367501,0.03310845562457085,0.0,0.0,0.5126361860869568
