member,group_id,r1,r2,r3,r4,r5,r6
12116929,1104010,2.2634024841926794,0.08551521757600154,4.0164828983593255,2.3133044068078585,0.022223610864467964,0.07047771109972002
11629761,1104010,9.86458430027515,0.3296693515106515,0.009408638367857462,0.1673581184350381,0.010198309494091893,0.575679085826171
3556171,1104010,2.157462221212153,0.7518883924213198,2.7308289042324536,2.6328981671823453,1.15315548333765,1.0763311126810842
6869005,1104010,0.3926275103813941,12.911646664042172,0.007004662605058886,0.0,0.006090224459482728,0.0
13386125,1104010,2.267568750324145,0.0,1.38687365374085,3.800276123983226,0.7391194845753878,1.6748210066259805
2609617,1104010,2.2573800926103584,0.013475479581757654,7.577545952413516,0.0,0.0006320113912236058,1.338531652362526
11018642,1104010,9.86859980442257,2.736722241766755e-05,0.2849559214729479,0.0007384388658876723,0.7419785405959544,0.030210897576602894
7405240,1104010,2.243150378394515,0.24512284417294988,1.0630113852223617,4.067046197489201,0.4138407489480304,0.23161872194323993
