member,group_id,r1,r2,r3,r4,r5,r6
11629761,1104010,9.095960777494772,0.5564199346714834,0.0,0.0,0.6089833761978519,0.0
12116929,1104010,4.673571203047136,0.0,4.2867010392665685,0.0,1.4289365363106201,0.0
3556171,1104010,9.1173953226725,0.6462259558584864,2.6038159559405156,0.3100505469790805,0.0,0.2767808502770899
6869005,1104010,0.3593726569532128,12.574579533301831,0.11080211010924405,0.05366962107640275,0.2495355790110662,0.12777609480856666
11018642,1104010,4.674730536365561,0.005857996985411449,0.015633780577282288,4.210463870449663,0.03734874167664567,0.011452168565308351
8488308,1104010,9.109566944813897,0.0,0.8115730049669679,0.056750514267070305,0.28369575844606837,0.7509865152044423
