member,group_id,r1,r2,r3,r4,r5,r6
42504672,1108797,1.6174296424679995,0.0,0.0,0.16570910658921634,0.7922899380863501,5.159589388888561
8727809,1108797,4.766356474972709,0.687736720210723,1.560362796462178,0.4090004365201696,0.8212910053816965,0.0
2806371,1108797,1.5578966556266278,14.368485274257827,0.0,0.7385255256699435,0.002230171650700826,0.2744811751341908
8534948,1108797,4.885433054555652,0.21489818430596028,0.03857804132342016,0.35034544883696445,0.0,0.4048978424201009
11941224,1108797,2.858990260082044,1.2425870298796449,0.353355693764153,1.2875773450815702,0.7172876207790352,0.0
13809579,1108797,1.8636381081705617,2.146140895184721,2.4291123251961797,1.0317326351919396,0.17528179822167886,1.0254215080191507
13396300,1108797,2.7828872553898054,3.683637933456444,0.036338393465411165,1.1001927900235817,0.5949133377904982,0.0
11742509,1108797,2.6134607975991515,1.653053907131987,0.018890675130090184,0.4678875317015729,0.651120338125418,2.3092846023229336
14586543,1108797,3.7963007787851235,0.8508203529040147,0.022513524049969848,0.0020207578520264535,0.7432829913781048,1.9286947998169304
9696752,1108797,3.557975995527125,2.9220709384141084,3.523688624180417,0.30676947664516596,0.33449973860624893,0.8294753781984325
11930832,1108797,3.000189603324254,3.2082176673579355,0.6930111897513056,0.8666481958282575,0.7262848094008345,0.0
38788692,1108797,2.60072906734272,0.12368097826775824,0.03989171940681986,0.9983738465008577,0.5813237982839492,1.2231384888376395
11292535,1108797,2.714830295433058,0.8458988756644698,0.029749112103523438,0.5291724892579313,0.1041490592367136,2.099987465786214
10718074,1108797,4.50398279071593,4.00828678231791,0.019556465510093907,0.0,0.912406401848655,0.517253841785934
13977499,1108797,2.860136798773603,0.018230946534999872,1.120400123778288,0.7822888963237924,0.5845119479443414,1.4061794749093965
20929661,1108797,3.312121696712376,0.30869797629748147,0.05757727797429296,0.5077036998282463,1.2372592698968843,0.0
43842462,1108797,4.180924724517631,0.0,0.0025143181105071813,0.052639802880020174,0.04670714014947073,2.4201119867908436
2921855,1108797,5.011854010322746,0.0,5.625801774964106,0.003640830193860178,0.007262169217134182,1.970495253927238
