member,group_id,r1,r2,r3,r4,r5,r6
8727809,1108797,1.033230033161851,0.0004307204847035813,0.409266567366251,4.04589169914237,0.0,0.6343507357232661
2806371,1108797,13.914459531384127,0.0,0.0,0.22122798060146343,0.0,0.0
6411109,1108797,0.10518588819883282,6.498060355801948,0.05781366810582524,1.1391248592736434,0.0,0.0
7039275,1108797,1.1056572118821137,4.08237880467255,0.0,0.9710286608302198,0.44945987297250034,0.576672752745233
4492972,1108797,0.8418067849334772,2.107893018682816,0.9373354302248411,0.7862984063443164,1.6723008289716133,0.639084772687248
7949072,1108797,2.3510404949772123,2.3098303341400706,0.06285538311238843,1.1661626921930943,1.0592838600656993,0.0
7836085,1108797,0.2163568429830391,4.240727647479343,0.0076817513257118955,1.0439255374296774,0.5497025427384972,0.48668260343750935
7832693,1108797,0.10302983568941702,0.7585877403312422,7.149230124202653,0.9998386890296194,0.3166414273113096,0.0004972570997348718
7941592,1108797,0.0,1.7246127464916357,3.098751699502198,0.5968407847626479,0.30968699582976356,0.49713420870704494
6331739,1108797,0.07735438956413908,4.242122537525165,0.29234777962327685,0.5466611038249202,0.5959366935985639,0.7092756832961384
8472989,1108797,0.13335110090731542,3.554437302209413,0.5119756480539683,1.7589200948995727,0.7115225567465192,0.7052524260136405
3486495,1108797,0.4429681176948622,6.796275500319745,1.8447337329422868,0.0,0.0,0.5341096070760615
