member,group_id,r1,r2,r3,r4,r5,r6
8727809,1108797,2.6849404494420077,1.0858837329945383,0.4434164191778412,1.5146855008354374,0.15343593548063442,0.4994265935187975
101129602,1108797,2.8565433844256005,0.011035964517600689,4.102219799782296,0.824860405328965,0.01028419406011324,0.2967902154648754
81425162,1108797,2.488505534777717,0.38279853698794447,0.5976247705649821,1.3199188436304545,0.14668767267554247,0.6304764614052597
132796702,1108797,2.5406745510855746,2.0253683028456537,0.01814182947139574,1.2387352965550378,0.28108478816678917,0.0
10200997,1108797,5.319166980616018,2.968020984426697,0.18199351998922214,0.5711229165936602,0.0,0.04634610733812326
13809579,1108797,1.7981408795776963,2.984914019387294,1.0000414296825695,0.96820947059849,0.48868289207810717,0.5454190310531842
43215532,1108797,1.86186089339635,2.6511591905837273,0.023178909107459955,1.4457389464619774,0.45274536003557625,0.5342434497765727
79493312,1108797,2.2981373527507656,0.10044738110410951,4.838021043581294,1.049867569821446,0.1278868797228014,0.348140047608941
13396300,1108797,1.4338477053514398,4.377792715672117,0.03397657998805502,1.2410290649986215,0.7139351224102647,0.0
38788692,1108797,3.2410044977928907,0.9437707302273514,0.0,1.5716077271037874,0.0083923570331656,0.0
13817429,1108797,1.72871816885104,0.0,0.0,1.7461724627330502,0.5391081533334247,0.568592502497223
75354582,1108797,2.215886850478657,0.03705105081392559,0.9473229381505168,1.5752894106340223,0.2905343653400435,0.4970250767313787
14076628,1108797,7.9326487666098675,0.4508004498568347,1.4122500919925138,0.0,0.0,0.5432295798763946
2806371,1108797,1.0128388275464861,15.137138900080844,0.0,0.6131070264843151,0.5135217646250764,0.0
109592292,1108797,2.0739679092176897,0.0064013553612048074,8.266221771260206,0.48277009444814845,0.017221973097229493,0.0
6817001,1108797,2.5306792971325676,0.3068851332808904,2.434154457874041,1.3143608210889621,0.14782316711042062,0.47766429994001025
142451182,1108797,2.99906291585309,0.0,0.004911804019421915,1.7527249910797191,0.07428227409696746,0.0
13500398,1108797,4.0461916495160555,0.7121570331945382,0.09108918051144262,0.5879729791213721,0.18131672417774172,0.0007880559066667615
10718074,1108797,2.262358028384463,4.000860821079895,0.022583160001564594,1.1343867537280896,0.2921127737687811,0.0
