member,group_id,r1,r2,r3,r4,r5,r6
76474112,11211102,1.9238090771990837,1.3757578238919903,0.0,0.5672187266267915,0.41544533514539556,1.0364055917630108
11543272,11211102,4.92755272463987,0.30015744786026355,0.05027084707045393,0.0,1.3771976717877827,0.20962605977214052
12050569,11211102,1.2956121131677973,0.0,0.3485285680416405,0.5966535596058006,0.31488140675574516,0.49720394867958123
30838152,11211102,2.7606531708988697,2.347233590756927,0.0,0.3709404920888294,0.11708753711001416,0.1456157597849935
12850477,11211102,3.9346650376760355,0.0,0.3577335732815525,0.015218874325103262,0.0,1.1016344160447376
183892766,11211102,0.37569809721004527,3.4751311746284284,0.20861731222756116,0.4083526480088457,0.0,0.0
109983762,11211102,0.0,1.1763856178192598,0.3197272060869866,0.0,0.15413630573248435,0.5131890667914669
182476915,11211102,0.4436297303137065,0.6785091242384583,0.4155961397045905,0.4246247088204674,0.505574008487731,0.13794159362703315
24859162,11211102,0.0,2.566834932531911,2.236604395475694,0.0,0.0,0.0
167296372,11211102,0.0,3.7132323637952336,0.31418559084308173,0.0,0.0,0.0
173072182,11211102,0.24827742236914196,2.817284920273436,1.1425863209711287,0.27348259601136615,0.34034253737516423,0.0
2166553,11211102,0.21905449547144112,2.7186254512583568,0.43019040905459827,0.3496059787309551,0.5033241556880648,0.3732669322412512
51148922,11211102,0.7328823218516345,0.48990523617916415,0.16807270408293928,0.5530387005673466,0.0,0.8162868763976048
11862910,11211102,2.891376192931682,2.371231941010498,0.08669184624149774,0.3559296355387667,0.0092571995208934,0.0
