member,group_id,r1,r2,r3,r4,r5,r6
76474112,11211102,1.9934345858417692,1.631219997116539,0.11747809520828253,0.3300085332295384,1.1080615859358267,0.8071170916433654
96086082,11211102,0.5917808233436739,0.0,1.6587902928009846,0.0,1.0675867989564576,0.45342632701030205
51148922,11211102,0.8118443006412752,0.5595547056485874,0.053431048341150957,0.13269031932188535,0.6916623533725604,0.6667914884966807
14917831,11211102,0.0,1.0820313606010759,0.1706118214854418,0.3007622920625031,0.012486688369881664,2.3464713533805455
11543272,11211102,4.863874686374684,0.7975681576199454,0.0,1.4188776221936747,0.2904338567153378,0.5754536955811265
12050569,11211102,1.3265641161222685,0.0981634099522766,0.10523100566860182,0.9577374329155341,0.9919986591589092,0.14010025443398316
30838152,11211102,2.7658032060810975,2.4860912998683165,0.08390776853996791,0.11338016394594566,0.5230412097796354,0.0
12850477,11211102,3.9578863581216477,0.0,0.6826047204647627,0.0,0.0,1.6303812294500915
183892766,11211102,0.4103220800250517,3.5250071661537774,0.0,0.1936004633057799,0.6429231818087334,0.0
109983762,11211102,0.025093505802134066,1.1718519067727307,0.013338008596728729,0.3958867629293832,0.0,1.6188352200185159
182476915,11211102,0.4579718765893104,0.9062275762835162,0.11533043222589223,0.7175062400521622,0.6107882486558828,0.060689473241869775
167296372,11211102,0.010961917354926888,3.673493835999057,0.04350724106029909,0.246848734343508,0.0,0.7881070401335305
173072182,11211102,0.2746199789906105,2.22737452811717,0.5380533313140311,1.521539744371505,0.42368015356145833,0.10284567461005005
2166553,11211102,0.262617718419514,2.940154241382997,0.27594856035920867,0.6180468744493075,0.8806613420557841,0.20176356095041453
24859162,11211102,0.0,2.057193769105127,1.6575728115238928,1.1698118197367882,0.0,0.0
11862910,11211102,2.875705839555172,2.429421335032584,0.12122936625447532,0.12397687962596646,0.2585231742765792,0.280645679304761
