member,group_id,r1,r2,r3,r4,r5,r6
111363592,11269202,1.2098195829227005,1.704721125425955,0.8619178781818667,0.6156827219520277,0.23282159221043355,0.7574218735840049
66764172,11269202,3.847884368718481,1.6108783127356565,0.4302509517162641,0.8446630518781918,0.2344312459077809,0.669722776550766
86929942,11269202,0.5861419842978325,6.513556566861646,0.5993469739300744,0.4086714618659477,0.35343456804652734,0.6145915762261764
82125592,11269202,11.49553802710968,0.2566211538099773,0.0,1.028330517651041,0.9915919782379078,0.0
83080482,11269202,6.12305023027261,2.129883768119397,0.5010941580108305,0.22447215670108783,1.3348011739137409,0.5599378668840541
134674472,11269202,0.31793148620168643,4.374390681425778,1.311195913685286,0.07904749852883475,0.5266918202165803,0.39110199784443517
12607786,11269202,2.6910089601728915,0.2989975217306745,1.5553697996273588,0.0,4.871335999804995,0.0
146990252,11269202,0.5350947878379961,6.258446098770875,0.9172036019070381,0.0,0.22617803141012827,0.5860535498943422
52122162,11269202,8.852031949944411,0.0,0.9442170599993552,0.4305013433125109,0.7397923861139576,0.1376856092163078
139305032,11269202,0.8361132758635198,0.6913710695686005,0.7069270841694965,1.3057944908268515,0.0,0.4370296182359076
144782152,11269202,0.15444503109685043,2.321746177914669,1.057438557490604,0.8412289682102344,0.20263241830810175,0.25342473131515353
114358222,11269202,5.806926120866611,2.2461500300467123,0.5348546727955495,0.19647189236567725,1.35733185703104,0.5642476201228281
87864532,11269202,0.7915912850845193,1.6353417678006594,1.2568369680704237,0.27624755027471226,0.6399969160869762,0.43142056729365297
10547288,11269202,0.686636096938828,1.648262863926618,1.248083867416585,0.22536889028422175,0.692496729194116,0.4927114942001752
8074077,11269202,3.7528185576387996,7.511049507144861,0.06596832947538055,0.25872266286969153,0.0332424877820185,0.9984558284626767
78058722,11269202,0.0,3.740180402611703,0.9919203395108119,0.8864995758062915,0.0,0.0
123855202,11269202,0.42891563334011573,6.3825436999115475,0.9766494700198182,0.1178814449269015,0.1707546437797983,0.3547593334356874
167088612,11269202,0.32365826620030774,6.42638843774242,0.9857448748695169,0.10445112339176862,0.18131635952325925,0.3600231564473102
111111272,11269202,1.42491465629102,2.789637714309456,0.6885467811511227,0.4289036216671761,0.07103190486394176,0.9218669851438981
121711982,11269202,0.0,2.8328966045942656,0.0,4.472804149751818,0.7813820624663892,0.0
