member,group_id,r1,r2,r3,r4,r5,r6
182495745,11375762,0.0,5.32156910405091,0.10447540897106883,0.007561941260730113,0.0,0.5727853557194597
95382792,11375762,2.8028482908696613,1.4580847960787209,0.0,1.1360914365768888,0.9117324772574515,0.16186691491454772
178657932,11375762,0.18337666184957038,3.007431293030411,0.0,3.596969674166727,0.0,0.076555433336228
184065678,11375762,0.46448172917417524,2.072958348701429,0.012165739907171623,0.0,1.045661298046998,0.0369024200881045
122660622,11375762,1.848333788446667,3.589019152618078,3.125948962670601,0.36123026655538787,0.1882685129807205,0.10818425701616236
8428688,11375762,2.801672887588287,1.370044031207356,0.23314684858366244,1.1300499207084995,0.9597104608222771,0.1274330608676587
3303700,11375762,2.61170559963724,0.0,0.1462538119732647,0.051780983388033754,1.1606017197947387,0.0
82125592,11375762,12.283959027199373,0.4331912554232785,0.2935587655019525,0.47943981509010025,0.0,0.2574720262878689
150440732,11375762,1.9935609710771225,4.353183680624912,0.0,0.030549117086961067,0.5477926693545522,0.5550855066893108
83080482,11375762,6.501070674871686,2.3541095734750996,0.7035888432876585,0.27287902437350575,0.5760973214347355,0.34124288135497083
9931437,11375762,1.7122652605212147,0.8780159847451245,2.1465930886586224,0.5644365033756156,0.8007786825517031,0.0
115208142,11375762,0.27971702909428947,2.175639500705067,0.005227911794463031,1.6994138172263562,0.4216341265949194,0.0
114358222,11375762,6.162226540007069,2.477550556740282,0.7202335372577859,0.26122887221198826,0.5878719985206665,0.34716827671244227
97049052,11375762,0.9239906197372539,1.8009154551134217,0.07696139089754757,1.6673956635478027,0.9423409176351173,0.0
184029281,11375762,0.5888180458473428,4.908477376360511,0.07144552783125463,0.0,0.48446684720950006,0.5717103843223175
137531362,11375762,0.1711849965036399,3.103328584838417,0.12003034830146068,1.0495184901939614,0.5623375152356302,0.1917580666840396
111111272,11375762,1.4803511288509674,4.1075237173090136,1.3026470711089766,0.14030314553014667,0.6672850345495888,0.37711330715182884
3386222,11375762,2.3196678737313587,1.9219458750210374,4.632131265181169,0.0,0.2665494050406518,0.1643484399498381
186246126,11375762,1.3277539019264513,4.6346346281084445,0.1472915466460158,0.03104950958995551,0.38268862196471737,0.5468993556422581
12147185,11375762,0.9147273541684494,1.5979981656568927,0.1108419535836703,0.0,1.1127238975786269,0.01885723507723886
