member,group_id,r1,r2,r3,r4,r5,r6
9394465,1138180,12.238617686809642,4.391890190093937,0.0,0.04941998418768947,0.06955895759531727,2.0113422286405416
12974666,1138180,8.610663072239852,0.02134313727558981,19.285045693431055,0.04402512703831169,0.26863517226855016,3.2523146480308998
8887252,1138180,5.979729695508627,10.396398876731938,0.0,0.018204553172659805,0.07754806122633355,0.0
