member,group_id,r1,r2,r3,r4,r5,r6
12974666,1138180,1.8541679535235505,0.17049123213156483,0.7329158743154784,22.5975534287847,0.0016504460640058207,0.332142092977389
8887252,1138180,8.515288468293086,0.5016408480303718,0.7452136609433933,0.0,0.0,0.0
