member,group_id,r1,r2,r3,r4,r5,r6
12974666,1138180,3.7230249412400793,0.0,22.361350998864662,0.0,0.0,0.0
8887252,1138180,1.000979800496346,8.159020502675002,0.004985918592026697,0.29584754206854685,4.6668004262454845,0.06403835013665941
