member,group_id,r1,r2,r3,r4,r5,r6
183129536,1141397,0.08135502811282996,38.004348135971604,0.0,0.8582073260082883,0.05531481590316801,2.1485916005782633
144202082,1141397,0.10060617378080981,37.896365842175825,0.2121822546336317,0.5862692339501614,0.05480901661289057,2.2949058970130416
64978922,1141397,0.03669111396093319,37.513468239171935,0.0,0.19429371433910153,0.0011485191626522632,2.772496482190941
9722780,1141397,29.520578967271742,0.07794435861100896,0.019031433361317053,0.44294717232669245,0.0,0.03366836347527235
76953342,1141397,0.039037428869329475,38.58578609821325,0.6334310526632768,0.5430383257917623,0.38044261450067374,1.4402961228773976
