member,group_id,r1,r2,r3,r4,r5,r6
9722780,1141397,36.666826835856256,0.0,0.0,7.091694411719524,0.0,0.6350064070251564
10103615,1141397,0.0,8.157847701302941,0.0,0.010753222993436885,0.03638622618157592,11.145462679730665
