member,group_id,r1,r2,r3,r4,r5,r6
36690432,1141397,0.07835778079788881,0.40405140203240036,6.102009605267779,0.0,1.1599235506580972,0.0
58492572,1141397,0.11081827774542607,0.01063097479730708,4.146281238390463,1.5531753923158496,0.96205060251115,1.2163413921031112
148621762,1141397,0.050165474492642845,0.042226828087286165,0.0,5.178329825486744,0.0,1.5956082141124386
61312642,1141397,0.08791185999807052,0.22049818688682665,5.09445927956531,0.5814552162237613,1.108829638974817,0.9023164826052164
176539752,1141397,1.952872276792809,0.04426349411754538,0.6520980944842462,2.8576643508303907,1.0325285574749297,2.857699670454396
4186408,1141397,0.07944298393985438,0.11108006215833144,2.9311223539056286,2.1671353121951977,1.1009501766346124,2.0910352911860732
57051082,1141397,0.06453019841086821,0.05107967667255047,4.44477644806886,1.2488735674624367,0.24938985599669525,1.2271335250224902
186288618,1141397,0.06849730776476798,0.0011240847823715684,2.6411414259931796,2.8017227252635015,0.14274313981935063,1.6209880532189265
76953342,1141397,0.09944043405607164,0.028051529749659295,1.5791287929437607,3.117847699069012,0.8628912526196194,2.1760872040533323
59633362,1141397,0.09040751038380926,0.034797802805922574,0.7878338617484099,3.1890596693237527,0.9796210459480713,1.8969788558018637
8999189,1141397,18.771936934002547,0.6082881588990416,0.0,0.46261493263461895,0.0958442499181859,0.0
185371157,1141397,18.77185717846377,0.0017379719618555195,0.0,0.4931267108674424,0.10477764762013841,0.0
35274012,1141397,0.0916273103867226,0.0591386262169657,0.32022935845740724,3.5291932217689097,1.0060927706957092,0.8862010522098527
187707801,1141397,0.11710564370762007,0.03985561288491303,0.4053980607452608,3.2465060086163566,0.7786856283167862,0.0
9722780,1141397,0.2589716479981241,24.743577969605845,0.07511234496057426,0.1895339830873968,0.07974201426627393,0.1447365511471428
77155742,1141397,18.765428539394378,0.3233937088171087,1.1127887594068364,0.0,0.0,3.41365021266764
141084862,1141397,0.09031092945465552,0.04395492715806057,0.3432982693822377,3.4812762246785733,0.9824377236366196,1.517722039545271
