member,group_id,r1,r2,r3,r4,r5,r6
7170506,1141397,5.755500870857472,0.0,0.08952051999431182,3.0893123550583748,0.0,0.0
2552319,1141397,19.38158802875321,0.010457536922357524,1.8369936584962343,0.0,0.2507209591228137,0.0
4325516,1141397,5.746115360096673,0.032674919803725784,2.3387407117139056,1.5791761865593292,0.7125249413838617,0.22328759095973447
8225043,1141397,4.286351406626437,2.7767073178579036,0.4681013693305908,1.5896908349367507,1.6198760472005787,0.03864409387597087
8999189,1141397,10.93487857526243,0.47756571711243895,0.0,0.2542336443593052,0.0,1.1846187731735556
7994071,1141397,5.664227464481904,0.4381284963525868,3.700581995333617,0.7772545902583179,0.04218815389720982,0.7752868711043646
9722780,1141397,0.6825103810785889,24.625245933519107,0.08283729601520792,0.010810960970815013,0.26464077321382484,0.0
10103615,1141397,19.38127654286175,0.021905915499463822,0.3981933854121827,0.11594033375247285,0.6481123241792067,0.0
