member,group_id,r1,r2,r3,r4,r5,r6
127945712,1141397,4.425787670129732,0.06147965809130895,0.0,0.8297945006989201,0.0,10.645867193222557
14615091,1141397,12.694171738446007,1.6949428506259372,2.001382243186688,0.007278289660158703,0.30636108292884145,7.9275918531100515
9722780,1141397,0.003937272266088708,28.086583597110415,0.05737112605126141,8.704856143038577e-06,0.3245233138994472,0.030662738394571197
101047502,1141397,4.3853998097800675,0.3829495442060019,0.0,0.8212958936145122,0.0,10.295021535413568
