member,group_id,r1,r2,r3,r4,r5,r6
143880962,1141397,7.2158293771320094,0.00626268368212031,0.5236612153064225,0.6698196718342311,0.45258341377481937,0.7718770517330731
113437062,1141397,10.687863601074765,0.027345700373877138,1.847034271785517,0.7295943737318176,0.0,0.0
14501126,1141397,21.201605081734765,0.02049709558508593,0.027016959544140826,0.24344051731884186,0.4713500760412118,0.004206036091516507
7170506,1141397,7.101128042809782,0.4320379349716481,0.6001481293751086,0.816330342362209,0.27257425304931,0.5393062652520403
13914198,1141397,10.612327299341478,0.024308581064494683,0.9775110578018608,0.03595230482646647,1.4787720853794375,0.1272360509335946
9722780,1141397,0.1325478430163419,24.742173034419697,0.02208633987335537,0.04252813752493133,0.01458882938275261,0.004025767366574963
76982142,1141397,7.229000067290133,0.00976508689126893,0.9944404513000706,0.33924930225289074,0.05550021022310248,1.5645006087200428
