member,group_id,r1,r2,r3,r4,r5,r6
14615091,1141397,9.53354195268566,0.0,0.0,30.69151618141717,17.921665840726806,1.5229911270953937
9722780,1141397,0.0,1.9468947339682758,0.0,0.3399158341507455,0.22573144948331803,34.292277191067626
