member,group_id,r1,r2,r3,r4,r5,r6
9722780,1141397,16.14011703904349,0.07049958042612758,0.0038969518372852195,0.05542917421766086,7.571600977850958,0.0
68026252,1141397,0.0012651188385607375,14.322517777136463,0.00047697061070813864,0.6987015538963448,0.16472790039522278,0.05055521866057046
66130972,1141397,0.046994449524524105,28.71744241699579,0.0,0.07248560734426995,0.0,0.008649628750904517
15878801,1141397,0.007751054346052594,14.411296527050483,0.0,0.8501162130119714,0.18791782085332728,0.0
69853052,1141397,0.013122248355320379,28.728636772217815,0.0005949302186726819,0.0,0.12480030417715676,0.0
