member,group_id,r1,r2,r3,r4,r5,r6
14615091,1141397,9.442377560824811,0.31041503362277967,0.0,0.6466397769541592,3.1958336979765303,0.0
9722780,1141397,0.7567040233635013,24.53831360039672,0.17280143941336906,0.0,0.925785646185775,8.69938167913473
8999189,1141397,25.052205158086554,0.5378015133945829,2.076281027492742e-05,0.0,0.0,0.00023633804593547846
3334190,1141397,13.207600041882474,0.0,0.0,0.0,9.551326666716774,0.0
