member,group_id,r1,r2,r3,r4,r5,r6
183920098,1141397,0.0,0.2790961407125444,0.1389673792492165,0.14886993130242326,3.734164478123634,0.0
44293832,1141397,0.07628055864582242,0.022396011923539537,2.922562766760688,0.0,0.6771749119645499,1.9952114203722133
14615091,1141397,2.8499984565631076,2.479978857898221,0.0,0.03818001146574913,0.0,6.021414591230182
9722780,1141397,46.02423822662577,0.0,0.1489351606227463,2.8914077699789007,0.0,0.005424336303664578
149261182,1141397,0.04606586532612711,0.05274802642601009,1.5828678499305568,0.05827546075973095,2.078562178035176,1.7630480609621544
