member,group_id,r1,r2,r3,r4,r5,r6
163545892,11426982,2.806644888572991,0.6147320274123019,0.037500109903061074,2.3020787432815513,0.0,0.13245768932819016
26059592,11426982,2.9509739085621476,0.20308106647766708,1.6049016981787854,0.0,2.019159064717867,0.9819751454308606
123419722,11426982,0.819392639002727,2.933531875175226,2.873727882631169,0.05052308824826629,1.59253739412429,0.0
88798282,11426982,3.4319026945378037,0.8911771640771853,0.019537339807756605,0.9971098996564801,0.856965454239613,0.0
2066669,11426982,1.380827945044271,0.2616454777222748,0.10715195156789158,2.1258503378811517,1.5817778934757405,0.8863742632185078
169640942,11426982,0.879312711153365,3.1035876017344886,0.11413366536275941,0.9215259950089709,1.245514679072408,0.16725964902636245
11535055,11426982,1.3764136083135163,0.4413910706795919,0.3998783363458871,2.0658070114924074,1.1890078742399146,0.7848987071004226
54779342,11426982,5.135175224019191,0.0,0.0,0.0013967133754227978,0.39121442370340426,0.8748644828159036
51672542,11426982,0.0,3.6927533461254907,0.7310817998827891,0.2647462664680463,0.0,1.308602255347177
