member,group_id,r1,r2,r3,r4,r5,r6
193317153,11599192,3.871968598882333,0.0,4.286206424912222,0.006785936992659334,0.550564699824487,0.07649632987324576
6604674,11599192,3.961814140496028,0.4164016450342921,5.14735022297344,0.0,0.2586404848023931,0.002908953109801199
195293955,11599192,3.23133433732519,0.0,0.17815545265173718,0.22979587933625562,1.793237381965088,0.020413958541997672
44227812,11599192,1.6396264153564541,4.749096328358929,0.0,0.1016762476038321,1.5706595138139732,0.0
83473902,11599192,3.1649912054483553,0.0,0.0,0.11956319009821795,1.8292061816997292,0.380346443831675
127863962,11599192,7.239179441697894,1.6956215433845034,1.7459520154921326,0.0,0.0,0.4194882285509211
185849787,11599192,2.084565810098706,0.2872840059918868,0.0,3.9347988006156407,1.2003977778764596,0.0
122994782,11599192,0.28017002241246164,8.88028644008544,0.0,2.5950601791426906,1.3001891824975105,0.0
