member,group_id,r1,r2,r3,r4,r5,r6
25142752,1159522,1.3644160891107084,11.96491490878979,0.29721425678624286,0.617165436275827,0.7862257576590459,0.0020326845436697523
13816485,1159522,2.101011687387244,8.745655875799539,1.052416842365032,1.5246153699405813,0.0,0.03679741334035471
10265355,1159522,0.32854421171472975,12.011891235486647,1.975169452963764,0.0,0.0,0.0
4840880,1159522,28.335667593088413,0.0,0.012249047991226274,0.02419230865378135,0.08727577028276708,0.0
57273142,1159522,0.15915987793880595,16.95783425861248,0.0,0.0762452887938925,0.6210951773251057,0.0
76726682,1159522,0.9990202591766012,7.235337609643933,0.5039209471419468,2.41160005392218,0.3076062349851985,0.0
