member,group_id,r1,r2,r3,r4,r5,r6
9770665,1159522,6.6038622626348635,0.21606262562987505,0.06847045612337843,2.9039225163290445,0.0,2.064113833554724
4840880,1159522,0.7908188256852184,29.427011304441546,0.5107793079499986,0.6593531631284226,0.538262329996833,0.3324454095225591
4886098,1159522,12.851000118933014,1.220284594766626,0.48939300957371706,0.2749984419391811,0.49598137419668675,0.8673070301894724
10126612,1159522,8.43198795055924,0.0,0.7997254711295637,3.2053812248077502,0.0,0.0
3042488,1159522,8.43141980507235,0.2788810808013268,5.47019771675582,0.003675979567792983,0.004141922217168647,1.886692640576657
8440920,1159522,25.531987259341953,2.7318864760379644,0.0,0.0,0.004408912364100097,0.37681085251254787
