member,group_id,r1,r2,r3,r4,r5,r6
4840880,1159522,0.004062318177710689,0.043143439042962854,16.266828341731436,0.0,0.023891581071224268,4.760224007876863
108981172,1159522,0.061437755867062425,27.442279322602822,0.0,0.11384893497860413,0.044156228042297775,0.907706279016396
25443332,1159522,0.06111742468253758,27.44590815381863,0.0,0.07093262266613065,0.09719038539540428,1.6674185440477332
