member,group_id,r1,r2,r3,r4,r5,r6
8963111,1159522,0.4675389533210992,11.82182850139527,0.15598002194692928,0.16440597168865195,0.2285006272233621,0.38747455288518556
6348970,1159522,0.24514675251880497,7.712960422146545,16.022384310366515,0.0013298017976734254,0.36617455148126826,0.7737441280394539
9308879,1159522,0.12712131484999187,9.75469156695655,0.4585330740208787,5.151265452291891,0.7970935892194982,0.02428588138818224
4840880,1159522,28.551735626040553,0.0014517823765093074,0.2702741682148134,0.0806061455573421,0.010699513812783374,0.0
4886098,1159522,1.5648731419828443,5.3862605278947795,0.053688743548394306,3.0604819157163443,0.533902066258324,2.0953196502147824
8946519,1159522,0.17444136722737,9.753279707378214,0.0,5.143387349003738,0.0,0.5960859369939274
8440920,1159522,2.7062174346471797,7.139216985280514,0.008480759072989036,3.9976365215998793,0.4909234076344233,0.7973359441466964
7696377,1159522,0.257826782654615,11.91097926367378,0.4015435202210572,0.0,0.6533871977506128,0.0
