member,group_id,r1,r2,r3,r4,r5,r6
6141893,1159522,7.580296907031817,0.07425846457698815,0.6154730039914391,6.420177967648573,0.16918215681882637,0.027361371827858364
9770665,1159522,6.894727767234358,0.2293122918805644,0.08180772718875406,0.6897299010110289,0.45364391158478484,0.1845412171562852
10541802,1159522,9.528627482928387,0.0,0.027629370738251714,0.14661305599305688,0.3570838865602836,0.0
10265355,1159522,14.14254994479634,0.32507592172987887,0.38530891098757264,0.03189911615143607,0.11254883766711518,0.17838730775035827
9887979,1159522,14.142640667966521,0.12879349214603503,0.06173084580382858,0.09437206097340384,0.07570336654534955,0.37984511579493874
6348970,1159522,7.451593585393892,0.34923346251382376,16.23959814519454,0.0004360142027270383,0.10175008965808595,0.027203237587846246
4840880,1159522,0.48635063622616365,29.128919111987532,0.10092515040463129,0.0008465522338938692,0.1744833760821081,0.11418468755980136
10046320,1159522,9.438273449981127,0.32851878687117875,0.16664732660492293,0.0,0.12178061468363928,0.616159147497229
4886098,1159522,4.219840503654747,1.5582524764576762,0.06787748614925908,3.8809035057416628,0.5780025819439814,0.05358719435633649
8247795,1159522,13.06171033913675,0.0,1.8658839497286726,1.526532213747422,0.0018856050230728508,0.37710352792530816
8440920,1159522,3.5843667131936794,2.728044446905291,0.0,2.9719739548833664,0.5817657514077063,0.13004967429983133
10450653,1159522,6.948420388776516,0.0002550273081157884,0.016829088104784083,0.7200860158310538,0.34653412325523764,0.5530467817969068
3042488,1159522,5.509447133038377,0.28613465289851736,1.3549536323804092,0.7041431524725711,0.3092312369466295,0.8240719563546796
