member,group_id,r1,r2,r3,r4,r5,r6
9770665,1159522,0.25815095904119073,8.594590397636573,0.009010766623152417,2.0504211773292997,0.11001182203332562,0.0
4840880,1159522,27.483726986448875,0.0,0.5751474896015083,0.2008584816975379,0.00043024911412483974,0.0
4886098,1159522,1.520535421416336,7.141805649895345,0.2109842742153083,1.522617306018721,0.7213273525079816,0.10693709809354976
8247795,1159522,0.023873424323446715,16.2964881255653,4.263273507694337,0.8385633196082934,0.0,0.0040618887231324225
8440920,1159522,2.6225327120468123,16.904327635042502,0.0020616828068031993,0.0,0.5651874012268558,0.0007419516056715167
10450653,1159522,0.027802966169664933,8.663232003842499,0.38857616669268763,1.6621583246243363,0.5089322308896996,0.44807959007005027
3042488,1159522,0.312210193997376,6.8433915547662405,4.045937728513143,0.0,1.7517521885913965,0.34190736672567784
