member,group_id,r1,r2,r3,r4,r5,r6
8963111,1159522,9.06308891094428,0.13861247583374586,0.08394657151757529,0.0,0.9462866492178116,0.27344223179766913
6348970,1159522,13.565452796476896,0.002968338051069965,15.671235784843358,0.00027927389672048337,0.0015557251265067408,0.04631716627923206
4840880,1159522,0.6992281505381065,29.132060636673835,0.08736878926276141,0.0,0.12395958304239992,0.03239200545851584
9946261,1159522,24.765346341820837,0.0,0.0,0.0,0.0,0.0
8440920,1159522,8.595733955141602,1.7407781990033055,0.0,9.342740590895652,0.0005467903113403732,0.009732716877720737
9985853,1159522,12.601707052157339,0.00010533188879377619,0.0,5.574033370738366e-05,0.0001994332586996265,1.637736832991806
