member,group_id,r1,r2,r3,r4,r5,r6
9770665,1159522,0.2719672768850211,9.167073515983915,5.880389199082196e-05,1.420603945867033,1.7125352147287075e-05,0.022169819231525303
4840880,1159522,29.033044516413078,6.595490730505028e-06,0.23351938673930706,0.0,0.0001452438720150145,0.07620188619827181
4886098,1159522,1.6073484136203973,8.756406277289747,0.03989046667719027,1.041250279575912,0.3116954402858343,0.0
8247795,1159522,0.030599333889561632,17.44507083671487,3.512865845936784,0.0,0.0015258603837080308,0.021940321119933114
3042488,1159522,0.33747099538770914,7.313347597140407,3.610740286446227,0.8579996038442251,0.23489735892044064,3.2748203810166037
10450653,1159522,0.0313960336384543,9.25633923408414,0.32691734150542173,0.8270622011933351,0.4336915514930114,0.8913050601036268
