member,group_id,r1,r2,r3,r4,r5,r6
25142752,1159522,1.3860866851826277,12.727427071878582,0.07843933853814963,0.0,0.3566559471667273,0.0011265772110863167
13816485,1159522,2.13356872593579,7.385711032194906,1.4660468881317552,0.36688217219345404,0.031066140869126863,0.6272333668863725
10265355,1159522,0.3350912946211818,12.797411765985546,0.054976916693666354,0.9024558060371187,0.03348542973810969,0.6952016739818334
4840880,1159522,28.74902621465101,0.0,2.4400965296213327e-05,0.15197186791605877,0.03905121595465517,0.0
65972502,1159522,0.13157823996018259,12.847942287892275,0.1672581778865674,1.4176489982451137,0.0,0.0023255359713785567
76726682,1159522,1.0146816050615985,7.673846530336065,1.6910517225604478,0.0039060528065183882,0.20064174266585733,0.2104442063710246
