member,group_id,r1,r2,r3,r4,r5,r6
182564166,1159522,14.150708044770738,0.0,0.0,0.13283065130827512,0.0,0.4748918949234839
182532695,1159522,14.15093786398148,0.0,0.10258132762473975,0.03216720794844756,0.5344029358786464,0.0
48180622,1159522,9.448375941281785,0.0036809193378497204,0.0015584227625266478,2.7406463369000584,0.0,0.07447255322442412
4840880,1159522,0.05167132590885092,29.14753970863056,0.1272950678347633,0.08484980214605885,0.03279009562143904,0.05506300367001107
8468151,1159522,14.20798467194463,0.0,0.013851415754334892,0.18685855407671162,0.0,0.0
164041822,1159522,14.207891853592233,2.3980035335215027e-05,4.484706383814219,0.0003630014778368841,0.0003060092433392579,0.0005033623741473155
