member,group_id,r1,r2,r3,r4,r5,r6
10247405,1166991,8.87628827988021,0.21703714058388082,1.9079610169858454,0.0,0.0012684002065899238,0.0
10368012,1166991,8.892241659016012,2.600944674109612e-06,1.8899208376536436,0.015447333618870697,0.023097385222376796,2.808439349192872
1997421,1166991,0.6159385438841126,2.0709466141513047,0.0005699675233074565,2.805174645303068,0.0,3.962862593636181
