member,group_id,r1,r2,r3,r4,r5,r6
51586312,1167696,0.14234843325182933,1.555197209474978,3.4984074348349243,0.0,2.524639009298701,8.52124190328875e-06
6013293,1167696,0.4326475338066901,0.0001410972328270943,0.0,2.1469846058145343,0.0,0.2908919660118206
7901326,1167696,0.1423962662427685,3.270142649284271,0.013792041349506196,0.0,1.7326161193854324,0.0
8608415,1167696,0.0,2.4359621418049464,1.7099841745631192,0.4662423762544927,0.7908768566413126,0.0
