member,group_id,r1,r2,r3,r4,r5,r6
126084122,11695722,15.45337468435425,0.026785613795794104,0.0,0.4267215415383562,0.29588941319615775,0.0
86134692,11695722,0.6561332981257213,0.10125201137187469,9.774116632660837,0.0,0.0,0.0
64998182,11695722,0.33120575609395364,8.38539072748869,0.08783091085389576,0.018354459918365533,0.0,0.0
132123722,11695722,6.274178154382634,2.8467910914148185,0.9337464832850716,0.06267710301151071,0.0,0.7477513707221355
56967472,11695722,0.0009390597856147392,6.957733952855795,0.0,8.408931868598595,0.03871481013760545,0.2991827641749311
118176762,11695722,0.0,9.285840823695727,2.207982629859074,0.2980035140269328,1.0577595973727476,0.23663576320812044
