member,group_id,r1,r2,r3,r4,r5,r6
141720352,11695722,0.08943916590456036,2.353921457506438,0.0867673098710401,2.6820630008169286,0.4295208015195582,0.929886259777913
86134692,11695722,0.69286088966861,4.181702916213379,0.0,1.483657706655987,0.0,1.624880095096648
1272839,11695722,0.15642221565572767,1.198720429943962,0.007174827695676953,0.0005579147213668719,1.9787897239269336,0.16325647985702332
132123722,11695722,6.536375950472167,0.0,0.3743807613555646,0.07901048577204153,0.16412267242734868,0.4960172101765142
94204522,11695722,0.27270917653980775,0.44239254025406594,9.473741349252608,0.0,0.0,0.13484613914476568
140920492,11695722,0.1239169120179128,0.5128623615648082,1.9603039780306633,3.395047007962585,0.7500190358968377,0.0
135568302,11695722,0.009258222101419893,0.5562428725954411,0.13212199562383184,4.133077643204664,0.7435492537390441,0.07504029560918507
141267572,11695722,0.000803572201161653,9.8255825880742,0.3209380263378566,0.13416074706977169,0.056691662511573454,0.0
126084122,11695722,16.05538087021115,0.8044188498845628,0.0246649473419009,0.0265016952570103,0.11579427866435148,0.0
