member,group_id,r1,r2,r3,r4,r5,r6
87424452,11695722,3.966780833236479,0.00019742957105667484,1.8809437399131501,1.2263195270782503,0.3439993124055323,0.1376949050572077
11079334,11695722,3.96729277935206,0.02722158431812954,0.5609459028078287,2.049795694729322,0.5839747486847393,0.032658817238623225
182891275,11695722,3.9673819259332546,0.0,0.0,2.7060675330771318,0.0,0.17565001814514275
183645227,11695722,7.8867862412972585,0.044738048084773094,3.9070811695311956,1.4337684867777698,0.06642591483115298,0.0294158985218651
26563472,11695722,7.563631688867713,0.1624785466547476,0.007515440019760005,0.0,0.4677400216101279,0.0
136717042,11695722,5.183897978012889,0.054878242827478475,0.921591778661172,1.0502856844118553,0.0,0.1909212308135997
3379156,11695722,5.056545358840141,0.5104981849791506,1.261569097934944,0.3700033139161137,0.6557982409696778,0.024227248453400796
75266612,11695722,3.0265261264811043,0.8350164712101285,4.477648972129509,0.0008807545963633574,0.5459197793326878,0.15150903885880232
126084122,11695722,0.1327317006913833,16.8588036499757,0.11316177483338706,1.0270878210136762,0.2236769853113881,0.04074720550578733
183115035,11695722,7.563400484848183,0.13360098956570618,0.0,0.3917087328881369,0.0,0.13386330844246405
9734685,11695722,5.183414429561579,0.09429458553655683,0.46329600954751715,1.025398505877033,0.6657951843068359,0.001915524072756072
