member,group_id,r1,r2,r3,r4,r5,r6
139587242,11695722,13.133139356861601,4.957258490326591e-05,0.5234845115636859,0.0,0.41130759667744476,1.6632195506661125
160376972,11695722,13.136334773465665,0.4193675222080781,2.203747234182553,0.3716744076830159,0.0,0.0
35764272,11695722,6.893321417027078,0.05701804814750001,0.4437464999867171,2.332096301417606,0.058345094911180825,0.2050804388159909
84236272,11695722,4.604210338781137,0.08160592459618096,0.0,0.7040426294516946,1.2282433631806904,3.910849889192048
163158802,11695722,4.655312272834157,0.0240446024957123,0.14759456692064604,1.3280848048220597,0.981321244606842,0.01880397955797669
159099352,11695722,3.383590466737553,0.379568765224295,3.369125913945949,0.0,1.4366284824630149,0.0
126084122,11695722,0.3257257145065941,16.73253361877194,0.003171177157770518,0.32618586282292994,0.15088549921072067,0.03284010398851431
