member,group_id,r1,r2,r3,r4,r5,r6
140879952,11732872,0.0,3.5032842707746323,13.133330193699935,0.0,0.002174419722820182,0.0006317417492779007
6724850,11732872,0.8924703782562807,2.43869159138338,0.007167566851160047,0.0018744729267930159,4.885645860454896,0.20760835692551904
8470999,11732872,1.1590359736670133,0.7611001848037083,0.0,0.007397674575286769,4.883970582057194,0.30894884528437677
