member,group_id,r1,r2,r3,r4,r5,r6
73653762,11870222,0.8176193769246826,6.804991710853788,0.0,2.0104747832733993,0.018468826631269145,0.0
37928712,11870222,1.169582430350418,5.328418007811532,0.040032600042147364,1.208754250054165,0.8873930653812991,0.08857850367571092
80405132,11870222,1.813451753225652,0.2947779950427464,3.4618361600769263,1.4429935416109252,0.0,1.1058823386745715
186358297,11870222,2.1400497193700345,0.0,0.09146640385341362,1.4657252728934052,0.6003979636422879,0.07150090835446955
26678812,11870222,1.9519779151158565,1.6206722815826369,0.07176545564176495,1.107383224761858,0.5903203455766118,0.10720779180310147
34075292,11870222,0.6749091690265351,8.85523002592043,0.0,1.5343708078079579,0.0,0.0
195917981,11870222,2.715174009783542,0.02140902090074495,0.0,1.1308712110446282,0.7897284562313134,0.0
195284255,11870222,3.0894785821634336,0.0493400793332326,0.8231335520388352,0.5709976996095572,1.840922724664371,0.0
87434922,11870222,2.1344306640265978,0.0012845646960979347,0.05390311375098311,1.1620856889139382,0.6873427070548424,0.6596121553264471
188569780,11870222,3.583020822913134,0.054996255536464464,0.7974303680349645,0.24899514908311643,0.1190296621665304,0.4450526421336778
10928822,11870222,3.495045540849476,0.5683776719141708,0.30043214655004163,0.0,0.24912491106051493,0.7973214078907271
3876278,11870222,2.7241130620142204,0.020523666089355866,1.80169871544386,0.8366683953017017,0.5832425446670709,0.2822583008730705
194229187,11870222,1.2452746797703378,0.6554874332806032,0.0,3.414449333145809,0.1046629609763197,0.0
186410315,11870222,2.985248956296994,0.7326738652421803,0.9033425517253086,0.06031036996533285,1.8903683990073006,0.7351516577879358
44475212,11870222,2.698909274673871,0.10884512431140754,0.5343235383388493,0.5667501191613683,0.8405943759577607,0.9656667085300416
163359312,11870222,2.1363883513214446,0.00038664842602475363,1.8771050906343887,0.7315299471303941,0.5294382436031415,1.2445617724021714
182783840,11870222,4.201862410080099,0.07279472367200096,0.36256559489421325,0.18534084629048406,0.0,0.0
108409312,11870222,2.0712613559688196,0.5970030096889987,0.15827648673617375,1.3024862690748658,0.5973051422352866,0.12715218524750818
185249258,11870222,1.13110198778408,2.280287784586493,2.2850156939941435,2.267844489102929,0.19493700103228243,1.103956386805722
173205112,11870222,3.1192848475634323,0.034671250334537114,8.779058355869031,0.0,0.4306321671255778,0.19919859079463897
