member,group_id,r1,r2,r3,r4,r5,r6
73653762,11870222,1.1807098355617887,6.831049549629509,0.02181970978032814,0.6237794806579301,0.24547975169811315,0.0
183369475,11870222,3.155400641874927,0.1849604533258816,0.12437346245986039,0.2613232147574265,0.9391149262269981,0.0
37928712,11870222,1.226898431272155,5.248783512002979,0.0,0.7866472094119191,0.4703422890960396,0.3793714132604148
10221712,11870222,2.3026514538019156,0.08968105148762762,0.5321899655695393,1.234911588885957,0.0,0.6685476887578696
67352212,11870222,2.7172709674229467,0.48325893452468693,6.22201158272627,0.385434240125469,0.0,0.7820862078491326
11095963,11870222,1.6266427818196905,0.2114568906501123,0.11467755833048154,1.9983446320644047,0.7705030918435054,0.39002638330889544
26678812,11870222,2.359000954270162,1.4138346656884075,0.23832565126083374,0.7377944275983414,0.9728742728447748,0.0
11133595,11870222,1.3424407409527555,2.019680964790591,0.2717218076602795,1.4577959443395225,0.7405264183855732,0.771648308941393
34075292,11870222,1.1142159032654073,8.949331241625398,0.010248371086221281,0.0,0.0,0.0
118516772,11870222,1.7112430650421993,0.19347687928780527,0.21704211145492247,1.5743648105280144,0.939169695027441,0.5475629765991853
37117742,11870222,2.670517344732184,0.6060931159343561,0.12865334879571838,1.0904388763446269,0.018772202667428028,0.009465342864377618
155565232,11870222,2.4931339693396706,0.0,0.6663096611656892,1.0117806396091966,0.07312886826334143,0.7707308007813468
9323962,11870222,2.9539988797691312,0.030302361744601217,2.8792630584000203,0.06212345213506082,0.04559179348650317,1.0939171744451568
4447564,11870222,1.6740199281242054,2.187468081371554,0.018935140398722905,1.2985116325438246,0.4363265528183885,0.360040114836961
44475212,11870222,2.9964220885018835,0.09291580669894431,0.5921866082924062,0.03853926962649655,0.2800221115243386,1.0236136654923378
9567325,11870222,3.1780318402299814,0.12457027770838378,5.84755862773787,0.0,0.20415840880007907,0.8800174249199838
183575135,11870222,4.133327705221687,0.0,0.0,0.002342005528808359,0.3735680217061053,0.0
88354402,11870222,1.7578870441037402,0.38868224872193613,0.0,1.464969992451935,0.5102251432651526,0.8839640506410429
4870633,11870222,2.573508247104038,0.0016898953779818523,0.5817210291942744,0.7029183849817604,1.2237084614668896,0.4217529018656315
