member,group_id,r1,r2,r3,r4,r5,r6
183311906,11949242,0.0,4.3027526272965435,0.7272896958350399,2.643850976679418,0.5047266621891116,0.5730377813934372
137124222,11949242,0.004080239337415547,4.5622831690703896,0.22370047167432935,3.146197091457477,0.4523453983975522,1.070213742553579
128022372,11949242,0.8015934125631927,4.2492915857607,0.0,2.536847937272221,0.18648617245692012,0.0
128215752,11949242,4.1050908536813235,1.1616630196835676,0.0,0.974339487044062,0.0,0.0
184664938,11949242,0.10037398548337313,5.395877941505231,1.3656542411179091,1.004832798904939,0.0,0.0
41958032,11949242,0.31722006258376223,4.906146676306801,0.1234357287242214,2.436285539960403,0.22150441774982796,1.00392190086261
126339832,11949242,4.804133762393706,0.2996710776488574,0.19939663536042315,0.39922896732993923,0.11932363753643715,0.0
183830716,11949242,0.09985732301775128,5.562348259171847,0.012324517484541008,2.2834524970736036,0.010058182767252339,0.0
76449142,11949242,4.704579813692282,0.14249805172043267,0.20746736767798674,1.0895731703080873,0.10788416641517933,0.0
4232726,11949242,2.5924205275336525,1.7591774333437564,0.5247570237851658,1.4895339866964334,0.4660431107337244,0.04505854380914649
114243032,11949242,4.914277904614984,0.0,1.0677632727853668,0.0,0.0,3.2321114574025627
161874422,11949242,3.1030187933965627,1.2883347762617663,0.20362166689364622,3.0097037845990418,0.0,0.0
6525852,11949242,2.9242756860291186,1.1207947858318006,0.46939733639896636,1.2003592318641056,0.6354810375314218,0.9817924368725321
31833502,11949242,1.8852575052304892,2.789217855726707,0.5136415041555006,0.5873291651718306,0.7583892072058337,1.1794494044009791
