member,group_id,r1,r2,r3,r4,r5,r6
8010698,1195749,16.57683061433452,0.0,0.0,15.048619885032227,0.03353223519774175,0.43616497935384263
7637599,1195749,17.472152142190822,0.0,0.0,13.430428835334578,0.004387753493261812,0.46745253195622305
9052466,1195749,4.353237298387046,0.0,0.0,6.214738144211864,0.001508342884391526,2.3063122044148088
3513269,1195749,0.22763712748228215,3.202723858291629,50.175005731246195,0.0,8.539008990512453e-05,0.00166527667775552
8888287,1195749,8.33175689512043,0.0,0.0,7.555461466931558,0.5823919544347483,0.19950973322703547
