member,group_id,r1,r2,r3,r4,r5,r6
9477909,1195749,0.047378308068162005,9.310490360595354,0.0,1.0424079724666324,0.2863865804369472,0.0
3513269,1195749,25.809029331027016,0.0,0.0,0.0,0.0,0.0032223105839977407
3998426,1195749,0.06476587112497116,13.706563235151927,0.21813024274145484,4.472155072128929,0.0,0.02082135787952864
9393339,1195749,0.0016060657639162131,9.180160409532375,0.7973762429645755,0.0,1.056540128404188,0.00906944153519513
3550492,1195749,0.04378717938833248,13.741849388780727,7.371556158566286,0.5381341529970796,0.0,0.0
7637599,1195749,0.39422895879523634,9.212877195727808,0.0,1.0971733695432635,0.05969176014767688,0.0
