member,group_id,r1,r2,r3,r4,r5,r6
25891712,1195749,0.0,0.006558130533698973,0.2903142881683137,18.501089347803926,0.36747663534151875,0.0
2847699,1195749,1.2141426474477461,0.0,5.363031470960352,15.474944243897465,0.05603071939924347,0.2907198922363004
3513269,1195749,0.48004902681185385,46.28681488531272,1.1745235840088546,0.9555408940379304,0.0,0.29896434750293005
14162939,1195749,2.2517697446154563,0.007395784241943604,21.541110089444132,19.427620026026617,0.2585585887623929,0.0
2677084,1195749,1.4255897544995462,0.0,4.359631841841975,13.34551468584004,0.49266236246083056,0.10740661763233525
