member,group_id,r1,r2,r3,r4,r5,r6
11420844,1195749,7.1345834830007835,0.452536338640478,0.005959791434102708,0.09523046743140522,1.1086910187346595,0.8490974905136226
7558484,1195749,7.135474430629058,0.6529596701125016,0.0,0.1191674660256105,0.0,7.963569365409899
3513269,1195749,0.9424275010305664,26.41704055216021,0.003234687367206893,0.03428082932509939,0.3157810507998716,4.251038666725749
62960662,1195749,20.928297372201335,0.0,0.016780170500778617,0.0,0.10808566887787663,1.4060509079630332
14162939,1195749,20.92755717643699,0.1334749091523564,4.3952070627997415,0.0,0.07802021309741525,0.0
14243902,1195749,7.2982400734574115,0.04843430542062421,0.0010774288021154993,0.07062669772330933,0.0,8.182235586017512
