member,group_id,r1,r2,r3,r4,r5,r6
71455362,11970832,6.734842281085342,0.0,0.3346376153660382,0.0,0.0,1.254836667006785
143020802,11970832,5.864828985998151,0.8326850277807138,0.0,0.7752014017764446,0.19874038713026895,0.0
3515557,11970832,4.0123057743360055,1.4601177902328262,0.32605991705622994,0.9551397139308779,0.18699634701216042,0.7808885381093436
9597541,11970832,3.6243971651105458,4.377485662411776,0.8682761044297828,0.0,0.24035124707441843,0.0
183053065,11970832,0.458913532813301,6.443504721951835,0.10097071081024994,1.0852153158675202,0.2515323623184568,0.2111468094139055
179867002,11970832,3.302716562571728,1.71491904636819,0.13639152596231743,1.6274113294709038,0.35134696531414006,0.0
12144560,11970832,0.1475089418581461,7.3786591287759,1.4859225421076727,0.9153168359578122,0.13096123509907015,0.0
187281681,11970832,1.3933126870836734,4.133479014798057,0.9231078192261472,1.7220504867142048,0.045969086754728564,0.0
183159890,11970832,0.5679171941737042,4.673391440265134,0.5623390974881076,2.0271285214857238,0.0055820924218229215,0.19285703017010578
145955482,11970832,0.4717123407344366,4.752192302886424,1.5022350033518872,1.4578962299028355,0.13240537751364737,0.14659682450790773
93741242,11970832,6.606867362426667,1.4276505512328623,0.09124342739525067,0.3084735564223461,0.01749791535480833,0.0
