member,group_id,r1,r2,r3,r4,r5,r6
179355502,12013422,9.386127687819869,4.588496427313218,0.00025377702685763965,0.0,0.0,0.028462104496767428
127546382,12013422,1.4052267645808176,0.0,0.22836746783164133,8.895224331208421,0.0,0.040996812079748986
5229071,12013422,4.589568809684723,1.5976330356031614,0.14037346183065993,1.9295527087091406,6.2209448957526705,0.18774253773299587
1027985,12013422,7.142385126318751,3.288294863037588,0.0004366353074833657,0.0,0.5528944188813677,0.459415972379878
162972882,12013422,9.386127687819869,4.588496427313218,0.00025377702685763965,0.0,0.0,0.028462104496767428
