member,group_id,r1,r2,r3,r4,r5,r6
30592872,12013422,0.6991699608605455,13.788752905926495,0.0,2.690550044556123,4.376564157690417,0.03630210108464539
127546382,12013422,11.347586712987113,0.0,0.0007432297990115847,2.0324267967878193,0.013779466796739331,0.9023325585141901
5229071,12013422,5.733991762838812,9.352548582733274,1.5177718091941945,1.4942179366609736,1.0747948888916625,0.0
