member,group_id,r1,r2,r3,r4,r5,r6
127858022,12064552,0.14334038235733326,10.86746553996461,0.0,0.15805587538970536,0.4155909702246884,0.0
111300522,12064552,3.1555774872973306,0.02530985278822692,0.41250370653348495,1.6319315577272742,0.0,0.3588949328564807
14316203,12064552,4.601926452425354,0.09510018149004533,0.564228696337877,0.14777480585705471,0.0,0.4770057528113366
77390892,12064552,1.0975096086121674,0.11000914849096884,0.3672411569569358,1.1222115632388647,1.1833401390917468,0.25128821947474533
137873932,12064552,4.786585018516883,0.047233640155138513,0.0,0.4858331900840483,0.30617151785737307,0.0
29692462,12064552,1.4196692812094878,0.013189374239896166,0.0,1.5262744066455054,0.9873983304916604,0.22114445468074015
124331182,12064552,1.4406630236731404,0.04576346593743622,5.619292652771695,0.0,1.0394382577919052,0.0
101463312,12064552,1.4190985583272004,0.015370746511372175,1.0999512493804275,1.2248025732144363,0.9962268563008413,0.2063028386602741
141942542,12064552,4.54622106420289,0.3048849014929681,0.8435664451253772,0.0,0.004186845052800725,0.35274838627077765
12162388,12064552,1.457020897315286,0.044310663899203045,0.035857263469758996,1.5723689981443614,1.0222786285911463,0.0
7792884,12064552,3.1259748514685346,0.0,1.507592933117689,1.0167348653375405,0.02956058556089198,0.5334101302309816
63401432,12064552,3.0794060075724374,0.09657271072095298,0.693328962763579,0.0,0.48057068937078057,0.3478281470412226
17427961,12064552,1.1374472528098352,0.4542683292133277,0.9424573410577144,0.9314335174891829,0.9847728063990998,0.5111169000561039
80813052,12064552,1.8036440414715635,0.5525005560236522,2.4121828458408814,0.7957576216225767,0.2730870246894375,0.6626930239625991
2556029,12064552,3.2234330753234453,0.08530075261369377,1.7292515265445756,1.107280913762093,0.15697864324385596,0.5024856854705135
24545502,12064552,1.0769508855466194,0.26997397988842786,0.634833312751555,1.5129953047615277,1.0047915733828463,0.5017485883090876
10863743,12064552,3.086085617722003,0.10304144973848198,0.19690818078795133,0.26634577066778903,0.45686201570834356,0.30885788203058456
