member,group_id,r1,r2,r3,r4,r5,r6
34162152,1218347,1.6072658402228521,0.5379592886452318,0.024102478447205762,0.030513476113080897,1.6078631536554147,6.256466746772961
4127853,1218347,0.0,0.04837503188844422,5.729951194216347,0.0,6.900181667410713,0.010586176097608965
20957041,1218347,1.4620939040000862,0.30029418441622363,0.08539758999763748,0.0343285771751905,0.0,7.923312926717205
11890931,1218347,0.4937049468680589,0.3783960749170402,5.381384318352821,0.0,0.28893199915350504,1.4918534874204779
14428950,1218347,1.5476814598169002,0.320108875519573,0.0,1.1718169375580623,0.4707027374879725,4.685544803123407
