member,group_id,r1,r2,r3,r4,r5,r6
7692294,1218347,12.199587046046515,0.8776805371004683,0.23826440698861617,2.0605685908825775,0.0,0.0
79167592,1218347,10.355401280221058,0.08289800186868715,0.9617873065757849,0.0,0.0,0.8665508371089421
4127853,1218347,3.920871649087237,14.881712710820164,2.08521266482928,0.16146344138646712,0.0,0.0
8519085,1218347,5.119694362077708,0.011483130987115765,1.3194332099939445,0.5532991873970907,0.582398495639819,0.695938779306563
11890931,1218347,2.568451722519518,12.778460333319586,0.0,0.4491338059151619,2.2523328957202673,0.1560585322425599
134336952,1218347,5.302382618937696,0.0,1.4877349209937105,0.0,2.0690915327392947,0.0836678298885441
132347002,1218347,11.377186411782263,0.41041479025041383,0.0,0.12529599900329025,2.06107289454583,0.0
