member,group_id,r1,r2,r3,r4,r5,r6
58528112,1218347,5.5970201447575764e-05,3.2513241756030964,0.0,0.7763246177539431,10.10253526351832,0.0
4127853,1218347,9.061120486525315,0.011957170793614268,5.719037161551973,0.0,0.0,0.29794484947041855
