member,group_id,r1,r2,r3,r4,r5,r6
186209255,1218347,11.62993731005702,0.43545021997824923,0.0,0.5079260270600738,0.0,0.0
185258221,1218347,11.629120856416339,2.613398907324391,0.0843522589339784,0.0031607951132225113,0.32674000375878653,0.05897060744121488
77992622,1218347,5.799182250307401,0.0624197092247389,1.0382966211874916,1.2065209147287452,0.18378301629719793,2.0103330464432676
4606610,1218347,11.576108736125247,0.12488797798258373,1.8496161894426468,0.012614588708827966,0.018443094410505755,0.0
11890931,1218347,0.526362924684112,15.862839303063573,0.3739302137015796,0.4257158036244022,0.07420719576304767,0.1308054108839565
191781270,1218347,5.822436734636721,0.0,0.9853634590628614,1.2642655622256582,0.4704210129942055,0.5914997382167904
