member,group_id,r1,r2,r3,r4,r5,r6
7692294,1218347,7.539671692493728,1.04575285270704,0.13497218294379756,1.3262741474118842,0.2792280691038522,0.004131909386306349
10272076,1218347,7.824340931233264,0.0,0.4706155868011522,1.259107721020434,0.27142290852859774,0.0
4127853,1218347,2.348252662466064,14.845672217050817,1.4203974964780985,0.028745197016069025,0.24454128036281877,0.0
9537709,1218347,11.264121051310294,0.2683537554076676,2.8374306640823135,0.7607069921559727,0.06793719353836158,0.09548751696321557
11890931,1218347,2.699707888679845,12.782435705449833,0.06838346098257982,3.526550350916436,0.12583857055333786,0.009449960891023866
11736473,1218347,12.132873210410999,0.043467694021998515,0.0,3.0532694471406265,0.0,0.0
9600125,1218347,10.39753131154098,0.02121121463671895,5.566245336552326,0.0,0.0,0.0
