member,group_id,r1,r2,r3,r4,r5,r6
39454532,12244662,13.939108012896583,0.0,0.2538617864089519,3.2474411931156673,0.30346068465319725,0.0
103472362,12244662,0.0,1.4407470881460673,0.29221542803839995,0.0,0.8429283560944653,0.37982918164271495
134255182,12244662,0.19290475190487016,1.4790000072599625,0.07097794474402266,0.3354557939058026,5.1005607972521885,0.0
47721552,12244662,0.20852748651958003,2.4871803850832075,0.028167155324392765,5.470005487305926,2.3980881685776825,0.07399120226740862
129123192,12244662,2.147321288463877,0.4852231467771185,1.084136087002014,0.0,0.0,0.2981379456740569
