member,group_id,r1,r2,r3,r4,r5,r6
192351140,12343732,0.09505196200033722,6.089763028132225,0.0,0.6459009534229301,0.0,0.23822752430350483
188913735,12343732,0.01705075800780446,5.5838197516599,0.03295414569671013,0.4815497868603696,0.0,1.2668726801762153
129556392,12343732,12.12651861084312,0.0,0.4900488116238882,0.0,0.36252529097574415,0.0
129719212,12343732,7.091293167272118,2.5659052990144375,0.0,0.2032114987195002,0.5043528711917019,0.35810926880576
129576332,12343732,4.191260789799804,1.9958445295089455,0.0,1.4097538192044878,0.0,0.47366031528926716
194269938,12343732,0.002712630044380517,6.402874453222593,0.7028444993200782,0.0,0.6600409866026898,0.7787494518756357
183800051,12343732,1.3464411869657862,2.6863929438714673,0.11648922365799122,1.9041226581210589,0.0,0.0
129543002,12343732,2.329470284028817,3.1449462792951834,0.0,1.3305432348563626,0.2785309767759696,0.04718702292203093
13338812,12343732,0.20344811090837653,6.3543005048863614,4.273421069052937,0.11265327624799712,0.021576465975791367,0.11390811475423804
174935262,12343732,1.58783831160181,2.6445845714602196,0.004002028998444235,1.7471790111604582,0.2424777732978664,0.06983443567888976
