member,group_id,r1,r2,r3,r4,r5,r6
129556392,12343732,0.0035239344213210282,2.615977222603433,7.7149223602139845,0.031175044634915564,0.6759948019227223,1.625756873927345
129719212,12343732,0.3834778406154981,6.2267601190167365,3.1525315393766515,0.6557802600397933,2.51590579487992,0.0
129313742,12343732,0.08259573166814464,2.048059171012008,0.5454409079238737,2.800408470171304,2.331248630266577,0.0
