member,group_id,r1,r2,r3,r4,r5,r6
129556392,12343732,4.3810524897749925,0.6542734715915081,0.7899132489307092,0.07361608046176421,15.348803279493712,0.05636027865174355
129719212,12343732,2.7397798144989256,5.697649936960735,0.3015487017589616,0.34754839831055956,3.3261515663941266,0.06217127371706144
129576332,12343732,1.3811224939693787,13.505708016448951,0.0,0.0,1.1638389771624467,0.23724577862949767
174935262,12343732,0.22663081913927985,15.169568250379331,0.31480493187325703,0.06256529387366297,0.0,0.0
