member,group_id,r1,r2,r3,r4,r5,r6
129556392,12343732,12.705127707795707,0.0,0.0,0.17771487693278318,0.0,5.752714539990734
129576332,12343732,5.964970196491692,19.25698837260643,0.008235337120479632,0.0,0.0,0.0
129719212,12343732,9.883330384300908,3.5706992066591883,0.23234281502604018,0.05544020249793515,0.33276033029624313,0.2037616068995683
185882799,12343732,0.8501779724904935,14.174011540568301,0.0,0.016926182433867294,0.32950472449608986,0.10063774036628338
77155742,12343732,0.8278954497307912,15.061700566458665,0.884655791965912,1.034769252381604,0.001710863937462456,0.0002813594726574865
