member,group_id,r1,r2,r3,r4,r5,r6
11692002,12362482,0.018581236482598802,0.4747262913763172,0.001593726901494761,5.627348453087889,1.336237352454919,0.0
87506152,12362482,2.2900733973912732,0.014323640913554632,0.042195889195203416,1.1136272344437075,0.30714636813976204,1.7924989296868366
129481452,12362482,4.481690054228772,0.0,0.003212114307589796,1.8013168783043847,0.5897791532966496,0.6309859091454941
193163411,12362482,0.0,5.86824395719236,0.32111006364146943,1.5179052997630047,0.012740626113101424,0.0
107708632,12362482,0.0,0.0,6.30518348853141,0.003536239186516823,0.0,0.006058480267120197
