member,group_id,r1,r2,r3,r4,r5,r6
107708632,12362482,2.4161147133234375,0.0,0.0,1.3133976998836911,0.7301377329952831,1.8046382696276335
193163411,12362482,0.03671818758710307,0.0,0.3094517846663509,0.3962961109145084,4.569409309640438,0.0
87506152,12362482,0.2747152741578117,0.7656495511255657,5.071169589925807,0.014457235805784816,0.12406510925454864,0.19764522200602158
