member,group_id,r1,r2,r3,r4,r5,r6
8117474,1242525,1.7002692058075966,0.00041459397106252953,1.6535957696282926,0.0,1.2266695332185842,0.0
8424158,1242525,0.0,1.2413556400922074,0.31848397185218197,0.9796158417267871,0.0,2.89264342740179
