member,group_id,r1,r2,r3,r4,r5,r6
8117474,1242525,0.02346374001697162,1.8174934805551257,1.1475101767476965,0.0,1.0459771907487374,0.0
8424158,1242525,1.2005871013086258,0.0,0.0,1.5432208544216628,0.5679094587136461,0.0029178775557981654
