member,group_id,r1,r2,r3,r4,r5,r6
181052802,12452482,1.2528583291022282,5.249239841395052,0.0,0.7100453553092673,1.031874553852735,0.0
151259412,12452482,5.079564820659044,1.4753669541327885,0.006921224301237909,1.7043683285483522,0.1356763089622781,0.0
188808607,12452482,0.03951934068110123,4.334278623949794,0.5549038727892873,2.0175864924022795,0.08784634673189518,0.6241774681937295
86930592,12452482,1.942768625800058,2.3388984251265734,6.17684120762888,0.5047929169234119,0.030495659864140014,0.06259193290668054
14048288,12452482,0.00010276826494994171,6.641634077607123,0.24737861764640912,0.0,1.446486318450041,0.12991079744532832
12677667,12452482,4.066279369940561,2.439331328686907,0.003301780260677441,1.2971912414449482,0.26910535175320366,0.6260015377282564
7585829,12452482,1.2663420156863634,4.257990701813147,0.0,1.500493966009686,0.41790552937960573,0.0
12611494,12452482,9.102991651011665,0.0,0.14480896372591215,0.5207634008950206,0.0,0.6749437659394307
188815150,12452482,0.5446124016933642,3.978454423461604,0.0,2.2609409190023464,0.16234698931219865,0.0
144836532,12452482,0.30994698160548134,5.416080183109671,0.006029338267311781,0.3871033899312474,0.5907404541933416,0.0
188868668,12452482,0.14039253787129558,3.7432735892205784,0.11023335568045207,2.591670596628384,0.2653175998950155,0.12774434072106367
185424445,12452482,0.14826636591518458,3.972383850437121,0.12168438227235003,2.362918072455097,0.0012896753087572393,0.6837965747606384
2847699,12452482,0.7321950804750014,4.2312788465440105,2.3209444132705936,0.5338640714352338,0.3335725097581929,1.5472313294899067
155851732,12452482,0.7075907035364778,5.742179180969972,0.0,0.4307555902648091,0.12132982419384626,0.0
188528853,12452482,0.02706130419479834,5.679498455906273,0.11699285307828375,0.4999772120751975,0.0,0.1300555461543985
140730842,12452482,7.3078014208779605,1.6183523673541784,0.0,0.0,0.16965940605977128,0.6706481311403519
130528732,12452482,4.178513402617765,2.406007544136077,0.006203917487295452,1.271995525421745,0.3942176651496084,0.0
187182435,12452482,0.37420233157761346,5.522264802673733,0.003857529536925566,0.42809153827369606,0.052915942582593016,0.0
143861862,12452482,1.8920596067231434,2.504221717835543,0.0,2.7894812449054394,0.049163149768545376,0.0
59897,12452482,8.999005875216527,0.047870362402187595,0.023537704181098754,0.5911962724467391,0.013967197979170733,0.5904011899456865
