member,group_id,r1,r2,r3,r4,r5,r6
69350432,12452482,0.9204403761128348,5.374075062468998,1.3281045932781603,0.3633197540342184,0.5583898238204162,0.023175694008275967
181052802,12452482,1.3237860728455304,6.238996597060446,1.2672442364841405,0.006099532673678676,0.0,0.050424884713747016
12677667,12452482,4.215660481817781,4.477580336274692,0.2784521827682842,0.008418948527998819,0.544102611157063,0.379607634017954
14168217,12452482,0.010243967844107539,8.296919299943847,0.7602035743750444,0.04462332059367069,0.0,1.0974308460207147
12611494,12452482,9.308530094364126,0.2532584604058325,0.0,0.2882363082007301,0.37068671251671415,1.000972209724324
143861862,12452482,1.9394024488535822,4.983340236179065,1.6998684092256555,0.0,0.0,0.16153264773478096
96655922,12452482,0.559939994165826,4.536187032853342,2.5014357998733336,0.024047855010853054,0.060602590148102924,0.9604652684628652
144836532,12452482,0.3480908547010103,8.038593967213723,0.2974145211722088,0.0,0.10118562470483952,0.0
151259412,12452482,5.2578817023380795,1.6953917338406994,1.8969310672480277,0.0,0.0,0.10067200192429226
155851732,12452482,0.7540726384902131,4.892894433038906,2.337886025783416,0.0,0.014973878400866981,0.0
14274614,12452482,0.43806677741099687,7.122867227311196,0.9246579803772341,3.1862336233578272,0.0,0.2972471073421845
59897,12452482,9.242051154587125,0.0,0.44075461576643404,0.12675899985983707,0.19564913946775034,0.7591800834834901
140730842,12452482,7.516221609896124,1.0035798760414691,0.6063041901447515,0.035855051398044735,0.3599393954273058,0.6944373240635018
130528732,12452482,4.350103709002691,2.929592956378818,1.5667799823397421,0.028829597293451817,0.0,0.0
