member,group_id,r1,r2,r3,r4,r5,r6
7837508,1254720,0.24489503973459864,0.02536511028045949,6.075589584990181,0.763895440298929,1.958703473197248,0.0
547205,1254720,1.472288518637624,3.8141100707080753,6.537957070145192,0.1212915773881736,0.0,0.7150630503777136
4025573,1254720,1.0339142170949944,16.366154556652535,4.193662824768777,0.4737911622064348,0.4568033422518298,0.11412450456128706
8149160,1254720,2.954436162821508,0.021370795622809205,5.303812526184415,0.0,1.5899246245685907,0.09286283652415214
3801174,1254720,10.211360190554625,0.04804983038091792,0.0,2.434378499637561,4.256834243320211,0.0
6523609,1254720,0.3664893417508163,0.5021760847531694,7.5429499271505165,5.9406549162174365,0.0,0.2904929773133789
2670559,1254720,1.9063785167837506,0.3539164583935966,3.796861812877207,3.0837314230935378,2.7570811443790775,0.2379981229447236
7630716,1254720,4.626446862811695,0.0,6.418998786219415,0.050758016856794715,0.11951915483574078,0.38718842553445865
9137502,1254720,0.0,0.11121144228251814,7.147838631731802,0.07853027762406736,0.4875788403337093,0.40904604329591865
9150015,1254720,5.587563869863643,0.08435235058051568,2.234790471737656,2.4968758131518776,3.4884449435222713,0.2902827141367719
