member,group_id,r1,r2,r3,r4,r5,r6
6193504,1271193,1.490260409106654,0.01071278197475515,7.178728025001097,0.0,0.02428082448569845,0.0
6173059,1271193,2.8993269110068107,4.919147982981957e-05,6.538655777378932,0.6151594107077115,0.0733916543981128,0.0
7949831,1271193,8.034910617492555,5.1269322495596255,0.17706486186868495,0.0,4.027243033298492,0.0
6258809,1271193,7.781616291272431,7.458369627239567,0.1166287760181676,0.28323943021586834,3.103593692930267,0.011400709830826597
9257402,1271193,6.8443651357887045,0.494253051320309,4.323073114852015,0.06620972124481674,0.2744793383838858,0.1975749015279035
