member,group_id,r1,r2,r3,r4,r5,r6
7949831,1271193,3.922680109599674,1.398036157888718,0.0,0.11018300313714893,0.0,3.1354478278991977
41833132,1271193,0.0,0.6304423322398754,6.595970493118514,0.05491304256783685,0.003353981083818367,13.244578313529646
12038924,1271193,0.0,0.0,6.9479114083199205,0.010035481346387378,0.0,4.26457442509222
6258809,1271193,2.6387289393449427,2.1083336522933984,0.0,0.4800272095912031,0.28348346852612766,0.0
9257402,1271193,1.846432907291749,9.600713912200938,1.9354778162613422,0.05655905673739782,0.0025588940557311033,4.166933708772885
