member,group_id,r1,r2,r3,r4,r5,r6
6258809,1271193,11.817742004023351,0.0003292980387313223,0.0,0.6517408577635444,0.3292445337495051,0.038667844577793375
9257402,1271193,6.531704957323484,6.0133615143479044,2.958553858335988,0.0,0.1490241890571266,0.05495525595349319
7949831,1271193,11.128411163380665,0.0,1.8752850215744579,0.0,0.3430180583922853,0.04833201311794463
