member,group_id,r1,r2,r3,r4,r5,r6
6173059,1271193,1.2471244698198864,0.44222645512636544,9.944706413786092,0.040840717348458525,0.06154370281664485,5.909567422518705
7949831,1271193,6.817469300960758,0.0850324970531868,0.6886676072412691,0.03325768377185049,0.0,0.5977780440152742
10191565,1271193,0.0,3.451688062000688,7.125941587815006,0.008808255692986098,0.0,7.025278522874616
6258809,1271193,6.898096081061525,1.2430536941506551,0.1437782949319222,0.0,5.6800401997303265,0.0
9257402,1271193,3.328109946522915,0.0,4.333246329465637,0.11257044739600225,0.0,4.4087748408472
