member,group_id,r1,r2,r3,r4,r5,r6
155201792,12820052,7.122003562899358,0.5414020372392547,0.0,0.0,0.2933256376119825,0.0
191087524,12820052,6.791427625505562,0.09245408028582676,0.0,1.007579160327306,0.020807601834885746,0.07168386655638695
115075462,12820052,0.5253434893196659,15.117933629919943,0.004299035153472056,0.34537191201130774,2.6612170150866477,2.521417016009989
191322568,12820052,6.510340805115979,0.40904548754896775,0.0016154433769871265,0.004616610966091422,0.6259464084834437,0.7283387588915545
181529772,12820052,6.657541871249209,0.10959083851351267,1.1344708155543193,0.0,0.08777424677788538,0.17589424542468352
193174959,12820052,6.684502290638657,0.0,0.0,0.0,0.7654224327335132,0.3286316090097027
156422872,12820052,6.74472376669454,1.4313952851758849,0.0005556105171386948,0.0014911228529822897,0.0,0.86699307450451
