member,group_id,r1,r2,r3,r4,r5,r6
163909632,12820052,0.597588164658374,0.007474190436470455,0.42425832104997735,0.7961049395223736,0.058832948594240174,1.3155236476175802
164818912,12820052,1.8784616856127547,0.06715561334230123,0.6095576717219343,1.6699528004364388,0.034978991308072735,0.5936996870755437
171864352,12820052,0.555042074827448,0.04786762939680564,1.2866187263578766,0.780226880214629,0.04167189833305975,0.09330933191643608
102931142,12820052,2.301582104997997,1.7750709199050645,0.4947380487434428,0.8826177199382536,0.618250287740767,0.5622202180504579
100977382,12820052,0.5883258938601317,0.0,1.4335725287495669,0.03940037732296908,1.9251879163356203,0.005817853520252184
115075462,12820052,0.4464462468220777,15.026915528941784,0.15761679866209996,0.44320017308901183,0.02169688989675771,0.007630627824011881
162664232,12820052,2.6862490543954474,0.00015002279176108026,1.3421939520277286,0.7785414331355622,0.005339493930271519,0.012184286872495726
162022282,12820052,1.1849931259344832,0.7072597391688209,0.6478952183859942,3.2148084498860547,0.0,0.13470429182362453
136065642,12820052,1.7103715335941818,0.09091275763974213,1.042738886445149,1.7788173289399003,0.01782974842043116,0.0
158083882,12820052,2.6862490543954474,0.00015002279176108026,1.3421939520277286,0.7785414331355622,0.005339493930271519,0.012184286872495726
155741482,12820052,6.595113928770663,0.24199387278677792,1.3513735694028286,0.04912059584198601,0.0,0.0
88272432,12820052,4.919203951259357,0.3366983247840174,0.8815675469967117,0.3994547794647116,0.024300392754764276,0.39664152861731466
132779762,12820052,6.595628429147403,0.7140875553716743,1.325684633676034,0.0,0.0,0.0
14561271,12820052,0.4430724964310826,0.7253084761878595,1.2691157833531204,0.7031034355786463,0.03992507533116834,0.08952833504125815
156422872,12820052,0.3199059601950806,1.470493407658019,1.2498625460478914,0.6182676464790641,0.038003570029087635,0.0853692384785596
157885722,12820052,12.570915120835135,0.2883017221797898,0.0,0.17027063342742957,0.11388841181070217,0.05312607418275026
18338331,12820052,0.5214512013085384,0.25109988343412176,1.2813678434564484,0.7570898468238346,0.0411478514324922,0.09217503285388395
