member,group_id,r1,r2,r3,r4,r5,r6
60190072,12820052,0.24824335051104654,12.683747939531312,0.0,0.012685564338551829,0.06724999467767878,0.0
73481852,12820052,0.24824335051104654,12.683747939531312,0.0,0.012685564338551829,0.06724999467767878,0.0
97468372,12820052,0.31023640519610024,12.621410921059516,0.00010018760938397914,0.006101433519292137,0.07213838870250547,0.0016353942675169327
115075462,12820052,11.634320513771232,0.0,3.243558155756611,0.0,0.6157139384921638,0.0
