member,group_id,r1,r2,r3,r4,r5,r6
19086741,12841642,6.2961054150511915,2.6578318978120973e-14,1.2602368392043048,0.28171195409981975,0.0,0.0
12616719,12841642,1.2079607840627864,2.510533929021553,3.4943871022792026,0.00247263207734789,0.4289986663193531,1.0578918027956823
