member,group_id,r1,r2,r3,r4,r5,r6
8150049,1286227,5.319714628689099,11.133573106186992,0.0003689578188229714,0.0,0.0,1.6585565599461929
8076072,1286227,16.08898199663543,0.0,0.029675698621315652,0.2511712781788366,0.0,0.6487028928592241
10789195,1286227,3.5740022907071154,12.80607256019427,0.04763639362267765,0.004753075689135064,0.06272222633122745,1.769153174690348
2344430,1286227,15.864189512267878,0.0,0.4215885595322513,0.12546104767420083,0.13157163878844352,0.6002301359338712
8109712,1286227,5.130522762801266,11.328139447930397,0.0,0.0,0.0,1.673975258370279
7496082,1286227,15.730879843389495,0.0,0.0641638488389528,1.4099244941417328,0.05658711567248281,0.014810225927534303
8074077,1286227,4.351270935885858,11.813507227026092,6.315324537536177,0.005482004145394802,0.09647548539633699,0.0
