member,group_id,r1,r2,r3,r4,r5,r6
8150049,1286227,12.1197218409532,0.0,13.269541706873907,0.3626475668278384,1.0821253715667305,0.0
8076072,1286227,22.754609574753882,17.00729431004386,0.0,0.0,0.0,0.0011408635440271256
10789195,1286227,8.16499058849924,0.0,15.584671580628813,0.40277517092989135,0.979680608405295,0.0
8109712,1286227,11.539946816079297,0.14280352420937967,10.197557125596418,0.21111790499528257,1.1621464362702423,0.0003260335251431346
7496082,1286227,22.031722050127186,20.048204138760486,0.2041319334416073,0.0,0.0,0.0
