member,group_id,r1,r2,r3,r4,r5,r6
8150049,1286227,5.253150448526477,14.16645549930722,0.0,0.0,0.0,0.0
8076072,1286227,16.0636546719146,1.3404294917077342,0.09060694286241425,0.0,0.008637872198850642,0.0
2344430,1286227,15.692154638411187,0.6155676721925409,0.17545200964284854,0.9471270039290799,0.008583863623425836,0.0
8109712,1286227,5.066977785785447,14.386169371421422,0.0,0.0,0.0,0.0
7496082,1286227,16.791874994326832,0.0,0.12677368092266625,0.4258416986127352,0.0,0.0
8074077,1286227,2.5423890957728412,11.028699560741845,6.605836143337898,2.561604884467331,0.25790756722095654,0.0
