member,group_id,r1,r2,r3,r4,r5,r6
25928992,1286227,1.1975552880454912,3.246248923689465,0.7081718615909056,0.0,1.0612898022199873,0.0
65804582,1286227,4.418801591391726,10.821127170359244,0.6094158870300459,0.943353996423431,0.4117696340200546,0.0
8076072,1286227,15.514793654955811,1.0955721754486538,0.0,0.719552419485124,0.0,0.0007866607139603793
24890792,1286227,3.740477435735962,11.563679654906876,0.0,1.0187090161183718,0.0,0.019650659517458913
2344430,1286227,15.183854422454504,1.0875400207722703,1.1126123133728283,0.0,0.4912968768256734,0.0
74731662,1286227,0.08863876845340293,20.669748582169433,0.2331144998440153,0.3219639342296752,0.0,0.00030960338230012774
183534128,1286227,0.5668580467029499,15.824919430985409,2.2882574783424543,0.7229607896250103,0.0,0.00012286857185761374
7496082,1286227,16.235659934627638,0.06092225532302018,0.7083001348689733,0.1918276895773578,0.0014814208237912616,0.0015093318084760177
