member,group_id,r1,r2,r3,r4,r5,r6
8150049,1286227,5.308775892404775,7.166699775602003,0.027726142213200702,0.009022958852126695,0.0,0.0
8076072,1286227,15.53907820028198,0.021442760165701916,0.009700568093640746,0.2357205465232202,0.37413575568492036,0.0
2344430,1286227,15.841139647118071,0.5171298067786482,0.3443858318259634,0.9746660943327743,0.04051785047849229,0.07525881612128858
8109712,1286227,5.110897857804716,10.973130870663324,0.0,2.2949161789144332,0.0,0.0
7496082,1286227,16.259796486883953,0.0,0.10607808879095525,0.1604139745698121,0.38923777312738544,0.03455140997771683
10947060,1286227,1.2419240862051224,14.802292532645641,0.07313550969956681,1.632721504257268,0.014836633462624644,0.0750169737236343
8074077,1286227,4.4343526536594435,13.088617793828,5.8875955600733585,0.02611932397897271,0.001426031378813599,0.0039087444549254155
