member,group_id,r1,r2,r3,r4,r5,r6
8150049,1286227,5.147880495844295,15.346435389540645,0.0,0.0,0.0,0.2312881913955174
8076072,1286227,15.958665505410481,0.974095474615456,0.017091641613282978,1.2045024554177237,0.0,0.2579708500545193
2344430,1286227,15.620053006729236,0.900427790739429,0.24698019887102232,1.0003985579156047,0.5112807767102132,0.0
8109712,1286227,4.973474938932214,12.631423481225731,0.012685202071142963,2.112931952065664,0.0,0.18578235427125137
7496082,1286227,16.69898917403678,0.0009370398724769288,0.1213395058337842,1.0431599762065369,0.2654456117491232,0.0
8074077,1286227,4.18354846360039,15.671017257386408,4.587297139553772,0.009366896591453507,0.462004174612727,0.026961196469222817
