member,group_id,r1,r2,r3,r4,r5,r6
8150049,1286227,5.004090295752107,12.064288619731132,0.14426681066108712,0.0,0.09817273235517163,0.0
13714853,1286227,5.644014500478958,8.297886682298193,0.015525964373343908,3.2529480695667936,0.10958390037101509,0.24418352364415888
8076072,1286227,14.196455039207713,0.5619688234821515,0.0,0.0899546656504763,0.5563891322529202,0.0
24890792,1286227,4.059657608124444,9.845255425096262,0.0,3.92572028044508,0.0,0.0
10789195,1286227,3.6625615677338876,9.923014049218608,0.0,4.372651320098217,0.0,0.27104090821210214
2344430,1286227,13.687970601613136,0.02804815941218353,0.2034371816006274,0.9266808045328105,0.5804897557081113,1.0364796669849894
8109712,1286227,4.861496119325833,12.200758129431456,0.144771528137585,0.06890464241885574,0.08692549641305958,0.0
7496082,1286227,14.473827128214083,0.0,0.13142620719810674,0.2577377068449783,0.6608918497870786,0.28615933968086366
34585042,1286227,4.6408173991238915,9.370376534911303,0.0,3.595185592100577,0.025577547647027882,0.0
8074077,1286227,3.73500497751272,4.4262233076118,10.329873573100437,8.439911590081945,0.0,3.3323757141035504
