member,group_id,r1,r2,r3,r4,r5,r6
11642897,12870582,2.1035745898279288,0.0,0.6247618843016204,0.008972228991104654,0.23754593054766635,2.1112822696108244
127131332,12870582,0.0,1.0362195641103005,0.0867652137232629,1.7635595215618787,0.0,0.731641259080982
79775582,12870582,0.09987695456755843,0.9694985509124572,0.0005866545047726181,0.8377343907634359,2.7771261897228134,0.0
