member,group_id,r1,r2,r3,r4,r5,r6
133278672,12887262,0.0,1.5944018000608577,0.007049875902091501,0.0,3.676426117468583,7.4893226557553225
9940615,12887262,0.5157175237772416,1.5994024253096746,11.094026541351688,5.6355329807130436e-05,0.03423057030711571,0.0
