member,group_id,r1,r2,r3,r4,r5,r6
133278672,12887262,5.827159495436161,9.756038132613762,0.5334319930110849,5.5336409326662075,0.0,0.0
356631,12887262,2.0525983877969254,0.0,0.0,0.0,0.0,6.505032407395189
