member,group_id,r1,r2,r3,r4,r5,r6
133278672,12887262,0.12251360936247226,5.195817598714162,0.00018306266953056513,0.15731779723240857,7.909924561158082,0.0
185276670,12887262,4.409075677969081,0.0,0.029112081250781106,3.647902320211339,0.0,0.016509153856797108
9940615,12887262,4.168681507948262,0.0,0.13414614225375138,0.9580403718821835,0.3199791376423763,0.10112843457164662
