member,group_id,r1,r2,r3,r4,r5,r6
3995873,129277,2.6690351414986653,1.1896605610867186,4.3793135610617036,1.8526703899330415,0.036971049815838535,0.19268412150116399
4511171,129277,0.6515681976843213,3.476067454527912,0.4485327362000907,2.4238566751334307,0.7779841070882266,0.19553750780115148
4521893,129277,0.24656794465422513,4.538450660408412,0.03177883342296185,2.0611276047396783,1.222266486842867,0.01181219873510684
360326,129277,0.06506418862432434,4.112766922310033,4.80829896438296,0.3892676634023795,0.999386418440963,0.019673269530709456
3593320,129277,0.9007126364691015,4.836072374188599,0.0,1.0491784173576926,0.7391651883659877,0.1421068239112942
3867209,129277,0.2626657943013902,5.104091820558075,0.3074640332040661,1.1268789304064208,0.6947442136547952,0.15268554881997162
2904235,129277,7.651516182868024,0.0,0.08527112046944332,1.9977990823302207,0.030986647321850715,0.03317018840908702
4033740,129277,0.6040521936388068,4.894541043923738,0.19069017775194416,1.073280930284404,0.11989199465843303,0.02175146761950881
4127853,129277,2.2699580379397917,2.048840110527102,2.397187887666683,1.9820479506227728,0.35108537951010205,0.21280193639022751
2287055,129277,1.7224245214035694,3.602891810349775,2.562926928768292,0.6017116619487973,1.1115029099326215,0.24287161068619836
3350928,129277,6.257070779000842,1.7705513181482024,0.522446788524943,0.0,1.2454762073099965,0.3353923886701679
4536082,129277,0.6701438866698334,4.022707370148477,0.00447886714715329,1.755384275881947,0.21213199308803773,0.14583554681399494
2894483,129277,7.010491479376357,0.13093884801604805,0.4359061069669313,1.804119937247258,0.09606405791070137,0.25230741223680214
3456659,129277,7.2057861627034265,0.07153922373162803,0.2665071191546296,2.060647309707175,0.0,0.13899996730573125
509717,129277,1.3081769179640448,3.8275258678338333,0.03320016937620045,1.5512795855217463,0.22811068469076273,0.05054761952921332
4971770,129277,0.09924050699553111,4.684364566335792,0.0,1.5623220011995362,0.018053827618714817,0.0
1845083,129277,0.6574576170077893,4.865795286900411,0.0,0.6025500812177754,0.4260196419527223,0.0
3860092,129277,0.147284873398855,6.689633446608255,0.0,0.5068005755883459,0.10817677427997054,0.0
