member,group_id,r1,r2,r3,r4,r5,r6
3152707,129277,2.95785965078781,2.7218468513394507,0.025766758743822785,2.937695620752495,0.0,0.004321665719765923
10565702,129277,2.599064969356893,0.010119175847152079,1.133282008505153,0.031816889395166206,1.6422515097490376,0.0
3350928,129277,26.744614779144143,0.0015110734442503034,0.01211799333344103,0.1281776733240637,0.6795287877275935,0.4193663797034769
4723868,129277,0.2797795063989994,3.1232520961579087,0.0,2.0831142681121593,0.3901338246000611,0.11642353876238622
13875455,129277,0.0,0.6412938821096632,1.0724157584670233,1.882303954089553,0.02816550180658914,1.476403646531214
