member,group_id,r1,r2,r3,r4,r5,r6
3995873,129277,0.9141099159330468,2.0625002858592616,3.4296199930717566,1.3410203300545889,0.19543947757459162,0.4868523659485095
6132803,129277,1.6041096161627522,2.4826682263628976,7.637710835089773,0.0,0.5024233181603668,0.0
257766,129277,2.063530119638119,0.0,4.298823614746197,1.3832162176365037,0.494158999550122,0.12463165708339562
7592749,129277,1.8035757887745576,0.0,1.3606325924835425,3.0212957749265947,0.1964461278532443,0.3779736225173173
4127853,129277,5.17119463686232,1.6521892773648348,1.794272391244608,0.0014415095008674457,0.0,0.5387983959806901
2287055,129277,3.2103406508300565,1.2044611955530238,2.018869704701631,0.8369526231168988,0.33762202659867857,0.44608111700727826
3350928,129277,1.8335561604990165,6.304223826778921,0.30888267106469197,2.1662950856627727,0.0,0.4608504482019118
5798993,129277,5.769665422485434,0.3758183377468889,0.0065498067082939825,1.4816506355204992,0.2643198057924619,0.028832953741516246
2541777,129277,5.134191265462954,0.1935247839679495,0.20066257501246176,0.034956180450490586,0.3819074182872605,0.0
3456659,129277,0.6304453518205799,7.98126461880097,0.03160845593445422,3.35297083672984,0.543457006170095,0.0
5179886,129277,10.08395119331065,0.1997122006251246,0.17312762590462608,0.3937069476271009,0.15006860154014381,0.0
6851830,129277,0.3592858364853825,13.042760936777006,0.16799851651775707,0.0,0.5508802267861689,0.3031814908692118
6796761,129277,3.0928592734832563,0.26942573146671467,0.0,2.199575559743251,0.6289791370271869,0.0
7978522,129277,2.1382443054955984,0.0,0.29879789162946646,3.2708952969826255,0.5075651391373557,0.02997059668883242
