member,group_id,r1,r2,r3,r4,r5,r6
3350928,129277,8.349775177472885,12.860055241055358,1.7008932201994145,4.306909962790838,0.0,0.0
3152707,129277,1.8530218345858136,0.0,0.5263546988380947,0.7455114609399285,1.6739289271882993,3.7555023237496092
4723868,129277,0.4843728912245004,0.034323729767328746,0.0,1.6293144526775665,1.8827713705732914,4.040469601529777
