member,group_id,r1,r2,r3,r4,r5,r6
1416320,129277,3.4122541204001338,0.0410525688086643,0.9097541018994894,1.7267934786340111,0.017808275933642276,0.6091365274347628
257766,129277,3.3083038370218416,0.07594290573924942,3.592486964327942,0.0,0.6042487957796026,0.7228679041200856
3593320,129277,3.481727354080559,0.7734638957183498,0.0,0.978981860190234,0.4654689983732855,0.24028850520871614
5195720,129277,4.422410688218969,0.18126814051386683,0.07753268184617013,0.11300385522437723,0.035080374752051224,0.0
2904235,129277,1.7632784661153227,7.432945572812251,0.09075514990689457,1.1277772777087218,1.9442224597978817,0.0
4033740,129277,3.518279663317058,0.49221101209465595,0.20979945291773902,1.0043730012119592,0.46093530130504223,0.032278115694561814
4127853,129277,2.9456073328541934,1.8979589645402517,1.6222287578903105,1.8140186180429934,1.0008444507209886,0.5545667499708823
1417679,129277,2.7343285018449586,3.4893724082493582,0.00026665500737417427,1.7397837295443537,0.0,0.4727904596881052
3350928,129277,3.9438862012014946,6.295152667013648,0.09565786168692525,0.0,0.09496234923285962,0.6919106760912813
4566864,129277,4.441935255919834,0.052002529877412065,0.337710713108106,0.006754790008218281,0.052022550217178436,0.0
4536082,129277,3.569089274038635,0.44917538655506994,0.018420779822561812,1.1649620936649596,0.7741863560374502,0.21728978983182037
3456659,129277,1.8569373419830606,7.001497184714931,0.09609504941093899,1.1284037632382082,1.438684692546302,0.255334348804309
2894483,129277,1.9195608668913895,6.813794664570497,0.11411865191687715,1.6527972917940355,0.839547753821037,0.4945631071125686
3344209,129277,4.672617179818987,0.010117285230754301,10.159311395428496,0.23297794467745792,0.0,0.21369261535291917
4034393,129277,5.344445162187008,0.0,0.5002596882958452,0.7799899407545932,0.0,0.009303868845654154
2921855,129277,2.8989061836846206,1.8060370104639578,2.6583751564639684,0.8644426183601593,0.13292683578956116,0.7154117037771089
