member,group_id,r1,r2,r3,r4,r5,r6
196835615,12929912,1.3499710814370425,3.2284252067683554,0.9205711966037414,0.41156936180228904,0.0,0.0
72023842,12929912,0.9970216826734716,3.271907311700634,0.5462867380548037,0.31197244966726556,0.036832657984044594,0.4066379072010903
196198438,12929912,0.8483412145845399,3.418830289219263,0.6718820648405369,0.34053885569321735,0.0,0.26015884352132246
12607786,12929912,3.605426370271849,0.0,1.9003783709194109,0.0,1.6107106037888674,0.07587760979510155
106180652,12929912,0.7052099774011891,3.4112291663182592,0.5394285464332029,0.30938603482681,0.0430561016460822,0.4043998016941097
145097392,12929912,1.506794050362877,2.8703422966090915,0.40564277630029466,0.2725888322256145,0.14574948197034973,0.584928540644913
159534132,12929912,0.9419504503386702,1.1411482221079556,0.35182816198140376,1.1139029920907584,0.42155250158315694,0.23585143212055493
13681207,12929912,3.9121000428699073,1.5626556012783874,0.2280713692212697,0.16801716385200852,0.225211747766437,0.8553145762504164
188469956,12929912,1.1275016192299527,3.3415238895035824,0.0,1.0442289991100815,0.3595358750752854,0.0
187677771,12929912,4.279231018653162,0.6892743312367294,0.19028202673360617,1.306014141784208,0.23315094545970402,0.0
196787668,12929912,0.18341079311644165,3.8170417680693727,0.8815850764368017,0.37819002160865733,0.0,0.0
148073052,12929912,7.551822950583501,0.10264883622276547,0.4387997346479428,0.04499985444315093,0.0,0.6977822503274641
149949922,12929912,0.6505069970027736,1.9569991463764158,1.8342951263827303,0.0,0.9781378054392467,0.0
184360939,12929912,1.0685674627245698,1.8630716574373665,0.0,2.3178274639022756,0.3728175931705758,0.036430338768302206
102991472,12929912,0.8078294339202425,1.628072735629327,0.38895380632228954,1.0619676098897979,0.07379991125139303,0.1428067170944816
192857462,12929912,1.0978116545072545,1.5685753120586878,0.5284118135992373,1.0771255038939884,0.0,0.0
193406199,12929912,1.6813054560803065,1.168784365521556,0.5319655587016733,1.1101496617144302,0.026078236436067728,0.02097490897394663
173205112,12929912,6.750053931199228,0.45495163211617295,0.4437057161853687,0.08280509979387951,0.032756621661663064,0.6748274185970603
192280575,12929912,1.2840764616554081,2.355087405001818,0.9870182422427559,0.0,0.2343070893144215,0.48855133933832995
