member,group_id,r1,r2,r3,r4,r5,r6
28116352,129277,0.08543147995919038,3.65651656657496,0.018609762195915924,2.4698939572255356,0.2907293133398967,0.8849598927068764
3350928,129277,5.593229878947072,2.689102946684279,0.49808283501189055,0.0,0.056894513558364675,0.7763844418124861
3456659,129277,6.383351630768013,2.386360307362443,0.005037397063639211,0.21502119126797078,0.050955646621790605,0.6422052382611744
71284502,129277,0.1518804533605127,1.5725749162868083,2.289672920016962,1.8930062872219575,0.7837193611230673,0.29780712793491687
8429976,129277,0.15655727919999743,4.028983527749022,1.3568687436667808,0.3787372154622002,0.053929524767724966,1.7942271301038837
37664292,129277,0.13143471239462715,7.885685479003225,0.44634096839123216,2.6251580686727007,0.22868942983090287,0.0
36873132,129277,0.3169098215644614,1.8285380290317006,0.3110131351932741,2.45675229611693,0.8794494029613306,0.3454947907414673
14615091,129277,1.2255506947852777,6.544739865098662,4.2144061133579545,0.28475706451040456,0.0,0.16187611021600123
45622462,129277,0.38200230537881363,4.914136181024407,0.1657300642619711,0.2322508454499995,0.76212472738441,0.5566192822249157
9487936,129277,0.2720563841633376,4.4502769501311095,2.8604363080119857,0.0,0.35541573275917315,0.3636386471203415
42354242,129277,0.07699784440227721,2.385674554804902,0.002931755701657353,4.155715647809408,0.0,0.4404998580105511
1417679,129277,3.2114198289903975,0.5115294144134653,0.38608141931463724,1.6495752704691047,1.2741755545655806,0.0
3995873,129277,2.366419043201495,0.3923218624623437,4.053780507996999,1.0844001367551526,0.713555631972384,0.09043912117742382
3695971,129277,0.03369825035505204,4.996702640769928,0.0,1.2755603999959555,0.5875912063028091,0.029880413187742757
9462504,129277,0.3746552244990936,4.832164532712638,0.042412813169704786,1.2319118348395457,0.5200721631227954,0.19785419317093064
4438255,129277,0.03615473305019015,1.7920264853272738,1.0970583826759028,2.232393575869231,0.8475660982860158,0.37828274285258895
6851830,129277,10.792616616517392,0.00022392532005807665,0.5789814858674892,1.3535811542034328,0.0,0.004357457514412985
76052472,129277,0.03908784776124151,5.389565100568794,0.0,0.3780696828397962,0.6528762936159833,0.17597633392183518
2921855,129277,1.7995785501077854,0.5867987482562927,3.714417790092386,1.169250422278873,0.7955051941224228,0.004823495028449492
