member,group_id,r1,r2,r3,r4,r5,r6
10037344,1302186,6.028136116254081,0.0,0.3269092677136834,0.2354925341838645,0.044389008728560816,2.1265594974260273
11055554,1302186,13.253588273203244,0.0,0.09628776337306863,1.6431952422064997,0.4751095854379142,0.0
6236931,1302186,6.037220795502959,0.0,0.13985337315886454,0.026732990774200077,0.0,2.459980084127063
10933992,1302186,4.600266801520744,0.8416853080046539,1.1835408778665266,0.08112350570756076,0.03151898705847181,1.2357517188621012
10952872,1302186,10.186152473160558,0.03845601507706275,0.0,0.0,0.0,1.2188359637259438
4660842,1302186,5.99155924560145,0.17293861614449166,0.5399470875419052,1.1394246405708275,0.18838215805133782,1.5662773710499938
5923339,1302186,8.17325002029232,0.7129227410106441,0.048907786198875876,0.9985032997562702,0.38450629571620343,1.427672403318894
10776782,1302186,2.530450826308957,15.532539168542119,0.9033145538209029,0.27951967845728437,0.01042927249622361,0.8376795743518071
383024,1302186,2.4616984468166025,16.569767723421656,0.7640215456249615,0.08459605458361355,0.017998138110938748,0.9542182275296945
3487569,1302186,2.52471301575209,15.420134463656957,0.9374724189862267,0.9859783143872711,0.3618722220520705,0.5262319447694306
5623569,1302186,8.363306625667523,0.0550561482725386,0.0050095889018666444,1.2605673224461034,0.03837963168318631,1.7683247234315997
4353200,1302186,4.206102561212983,0.758534039711431,1.521492265727336,0.5915293776880375,0.23287681846725014,0.8956538271606942
10983646,1302186,8.319001497318904,0.013459900222735964,0.08721568099765041,1.0558589385391857,0.0,1.6304993257522338
