member,group_id,r1,r2,r3,r4,r5,r6
10568704,1302066,1.9079496730340058,13.322483291384625,0.0004547223845508391,1.5124412966071132,0.0009598620309264116,0.0
10598025,1302066,11.227896757380982,7.113508604193136,0.0,0.763416289191331,0.0,0.0
8737996,1302066,5.896342930461752,10.609025033256183,0.01090973906821829,1.1857625201777091,0.027012083822959554,0.0
6556237,1302066,12.778586031843586,5.9407396356275095,0.026327628380536133,0.6235674440035228,0.06421107766401736,0.0
11143756,1302066,6.297628204003301,10.65172542178644,6.73278177157649e-05,0.2471678996950836,0.00012043462400515193,0.0
7675183,1302066,10.247044636501224,7.694881270604597,0.013615374025510331,0.8344936371129456,0.03550854188182237,0.0
8324144,1302066,2.563506784248615,12.88578782602819,0.00041560076299914614,1.459759438314844,0.0008692811779183261,0.0
9448127,1302066,5.6702774417439805,10.816231055425883,0.00023019829565211068,1.2100932403210491,0.00044000670057250843,0.0
10237554,1302066,15.046620051815937,4.568486160825136,0.0,0.4564041873584858,0.0,0.0
8746809,1302066,11.398884367579566,6.99955237538561,0.0,0.7496694786615029,0.0,0.0
8944154,1302066,8.17861710043375,9.634094319524456,0.0,0.0,0.0,0.0
2959871,1302066,21.172923802957676,0.0,0.0,0.08420313435064013,3.7655266269872163,0.0
