member,group_id,r1,r2,r3,r4,r5,r6
8737996,1302066,0.8372088946704136,14.531150577609996,0.0,0.0,7.582731246322846,0.37492716627222933
7675183,1302066,3.742503242604066,11.462325958554164,0.0,0.14695336309457596,6.607700421064118,0.3646313669073712
10237554,1302066,6.471807463892001,11.225708025789741,0.0,0.15996741751362437,5.8567330210924355,0.29700218233117753
8746809,1302066,4.430364708995944,10.962607384567905,0.0,0.2805503950809733,5.298705090581161,0.3596474343416003
2959871,1302066,13.50694841331637,2.2797200970517193,0.0,0.818488554025749,1.6900657015973535,0.07288030620912403
