member,group_id,r1,r2,r3,r4,r5,r6
11803841,1302186,0.3676135861673052,7.073221974222702,1.56361113767687,1.2028296830123726,0.5237912619903761,0.25790379750796
11055554,1302186,0.22935773565563747,9.704873423877013,0.6118393123846229,0.049355254223463776,0.8010973410921434,0.3491886752905988
12323007,1302186,0.025089442041444206,9.551596231275518,0.015354878245989714,0.541011915399567,0.5613276198599291,0.0
6995783,1302186,0.26357257139695944,9.470872958174612,0.0,0.20752320039460007,0.7387363525281788,0.10131602486211116
10933992,1302186,1.0505915118151306,4.262800948588648,0.007979885162867004,2.662262873848917,0.44350456720428,0.1116798399085714
3992519,1302186,0.3297437373926727,11.520749807696497,4.55657736734284,0.2751933170333264,0.06460100377934042,0.0008844692431454579
5923339,1302186,0.8125623106518025,4.41823948901564,0.32336450217477636,1.315383922781687,1.2649850106294833,0.22902506025693756
4584747,1302186,0.021026723131020015,14.064431644516167,0.0,0.3616461905892451,0.0,0.0
10776782,1302186,13.95536633184838,0.2529858455904403,0.25327421308299053,0.4622661025026589,0.07286817031640462,0.02623466078551167
383024,1302186,14.840608757257277,7.263285864700245e-05,0.16337144520704475,0.3842786089875902,0.002883943299412609,0.0012970840137340013
3487569,1302186,14.023572592990554,0.254120957644134,0.49125253691108584,0.033211230387491575,0.2936909992142554,0.19443858379589743
4353200,1302186,1.1518223909851186,5.205042944402616,0.04287014863661937,2.6730281389406882,0.008873859869379068,0.324048639249978
52020,1302186,0.09520393119819612,7.202356309410384,2.9852066859893513,1.1085957048105866,0.5396400555840337,0.1037812648012571
11764127,1302186,0.026845519325624175,7.108042321311057,0.028537289730309792,2.3685543138439464,0.0,0.013269387424582044
