member,group_id,r1,r2,r3,r4,r5,r6
79270082,13075542,6.597817048906945,0.0,4.029885329348233,0.0,0.6598534963254024,0.0
192620743,13075542,1.8924665097290467,0.1517765657517702,0.05969369962822539,1.8163267123849045,0.0,0.0
112774952,13075542,0.8218015984682898,0.6685600680793318,0.2674569679118665,0.04770263473426388,0.9306812193532125,0.0871861640801407
7817416,13075542,0.1745118427638628,9.35222052796326,0.8657624509221263,0.4221517837440639,0.22745862894504829,0.005028383238120722
191025000,13075542,3.3375731185357145,0.12734915707822672,0.34140245468004976,0.6775160308898743,0.0,0.6792066026967057
87506152,13075542,6.599736916528214,0.18683758366601644,1.7110394879016404,0.11231222315715249,0.9879620798176524,0.04961341707541279
133224752,13075542,0.3377917846764471,1.1243921889236028,0.0,0.7423807659781729,0.20503774060225188,0.16374541201918752
192394129,13075542,3.3776326714267912,0.017986734047358035,0.12442334986604764,1.0822905526610929,0.16732430668265635,0.3458137147656129
136680212,13075542,6.60186505915326,1.215108995236361,0.0,0.03847219735671672,0.0,0.0
43230452,13075542,2.274267392327713,0.010788292537799136,0.9958275811607674,0.9395030683887559,0.0,0.8849460201392799
7791703,13075542,2.27743776528637,0.0,0.4067619295604387,1.4479502725974291,0.31079606504141233,0.5138825373328381
