member,group_id,r1,r2,r3,r4,r5,r6
6834469,1312912,0.0,6.830946632706093,0.3206933594959217,0.0,1.9169226370625576,0.0
10835174,1312912,1.7972393631567858,0.011763623470755965,2.0545349862167024,2.41256361710365,2.5576175253112496,3.6243667728934583
24373132,1312912,0.0,2.158687141455825,5.339646879830044,0.0,0.0,0.16641911372998625
13616077,1312912,3.922388280294214,2.7820716031510053,0.0,0.9124483610582764,0.7615918989506067,1.894404536407406
12794260,1312912,1.170300721654373,1.4183342061081687,0.6489907287071559,4.465984009052507,1.062181583774638,0.40343596855751995
5363512,1312912,4.173596710178922,0.0,1.956627039298359,0.0,0.3421957681195955,0.0
