member,group_id,r1,r2,r3,r4,r5,r6
13079266,1312912,0.4237515801630832,0.0,2.6270573682723435,0.7769600356959396,0.3721432187500986,0.9833620306692038
8990155,1312912,0.0,0.04453015255468827,3.200504422501999,3.646327855519009,3.1850051795327907,0.030239559151114172
