member,group_id,r1,r2,r3,r4,r5,r6
4840880,1313384,0.0,0.0,25.044159949277386,0.1638733859546173,0.06090867808563924,11.86057318261705
11046915,1313384,3.9358339380452945,0.1293907838260283,0.03099875640799751,0.0,0.0,0.0
8816016,1313384,3.6756026898790832,0.0,0.03834477265243313,2.448726880452355,0.0,0.03383358127760492
4685733,1313384,3.7904164442487223,0.0015867156027518125,0.22511959910205984,1.4095867831561872,0.0,0.0
