member,group_id,r1,r2,r3,r4,r5,r6
36690432,1313503,0.6276732053891176,0.09115276271913045,6.133154864750671,0.8282480808167811,0.23414661406623394,0.08535754233535986
181243492,1313503,6.876219176234335,0.0,0.0,0.3150224991090828,0.1950695174078662,0.07711716969412073
8207239,1313503,0.7713152906423512,0.8674855094521319,0.2618721776409898,3.499877060058556,0.2490727573923962,0.06163453762179744
4147816,1313503,0.0,3.5843543241608287,0.15542438892756194,3.2584858743981453,0.24745139883374348,0.8402283075949271
14489067,1313503,8.55782437521757,0.08953148581338193,0.7926238115116547,0.0,0.0,1.0851788463391963
34036782,1313503,3.324498354491611,4.577867221856459,0.0037506973037517554,0.6163228407031838,0.4889083746463808,0.29725674743291874
7574831,1313503,2.5419309408279216,0.36042568194999247,1.734206694653604,1.782492447419673,0.02830017068755542,1.031378787748204
25230142,1313503,8.680964375598508,0.31814868005495384,0.5643534946036916,0.07194927168275934,0.0,0.80569147486765
123814132,1313503,2.76321347622045,0.03207067933322482,4.775162472241577,0.07562650565474954,0.05055941474673003,0.37654745523890976
87359422,1313503,0.5621791806145141,0.0735534553248952,2.2901978755693717,2.458621650280745,0.2512823530062093,0.6812143427468711
36113782,1313503,0.5767471275927434,0.023825793382868967,3.922036453954951,1.7557798938757536,0.2447144933212472,0.48460330140347035
11360183,1313503,3.1517287668133473,0.3858414558119669,0.049421924260676896,2.042431753280806,0.7141295099046623,0.0
907003,1313503,1.780787128743143,16.41388348765273,0.18367596589789656,0.0007794605016273742,0.4238987250440237,0.5427801492918307
3920604,1313503,6.369629720712137,0.024642391750924433,0.6986467732398407,0.0,0.1942578303497275,1.2543610042223534
8281981,1313503,1.9626127679164997,10.32033482703167,0.0,1.098483375420851,0.6828863859124555,0.0
92944062,1313503,3.1142599886934406,0.11148173117210151,0.018286338041829872,3.1619592808669155,0.0,0.0
