member,group_id,r1,r2,r3,r4,r5,r6
4840880,1313384,20.180002881975966,0.0,1.9301775782138093,0.0,0.0,5.3075452536666585
63037872,1313384,0.0,18.00167047556503,0.0,0.0,0.21400478105283724,0.5873592089351088
116371252,1313384,0.10282864737985437,17.796019639345385,0.018482719671660524,0.00013976548843385784,0.1882936292846188,1.7038407801614381
115707482,1313384,0.0,35.725158807074344,0.0,0.0,0.0,0.36159362924590405
5053983,1313384,0.4000638703789236,35.48773742725742,0.0,0.0,0.3439465942884001,0.0
