member,group_id,r1,r2,r3,r4,r5,r6
907003,1313503,23.469116110162403,0.003933091914350443,2.276976252212757,0.0,0.0,0.0
11580052,1313503,7.763128886416197,15.374158729855449,0.001233115124958565,0.0,0.0,0.7965652936979276
8281981,1313503,18.19112629107394,6.301414003885328,0.14695245320753136,0.0047011949129148155,0.10914743932996661,0.7211184053316495
