member,group_id,r1,r2,r3,r4,r5,r6
9015379,1313503,3.7628052254099886,0.5158360407818603,0.0,3.598234432053505,0.0,3.8155326040297632
907003,1313503,1.0389587126942779,13.920205331318254,0.2283746350589556,0.0,15.30506826465028,0.0
11580052,1313503,2.5732310850312783,0.18847863661704586,0.0,6.029325226061903,0.0,1.9818487131195264
8281981,1313503,2.611086945565671,5.169660048056076,0.16361985662692288,0.10016366139569045,7.8817500869506665,0.031488541865142154
