member,group_id,r1,r2,r3,r4,r5,r6
103443872,1313384,22.301673531081256,0.19225165623670254,0.034823521667129154,0.23594984525062548,0.7702390671151474,0.0
6015427,1313384,5.6431910840670465,1.3492335055841715,0.1844202995160089,1.5902797555722656,0.6606041955429227,0.0
83721402,1313384,5.853994663523601,0.2003468087824386,0.3229568262642128,1.7499481881223053,0.08953188562481738,0.03498875632016452
4840880,1313384,0.22298851292227667,29.983294826035827,0.004649012996247497,0.0,0.011145956677126034,0.0011056369736750444
106134552,1313384,5.891272924588696,0.001191716346002667,0.024406198335917617,2.0139428837561284,0.0,0.00726894681949785
8570970,1313384,5.896792303713249,0.010459321742604088,2.2182448077803647,0.7185239029053142,0.6119341881789169,0.0
14004796,1313384,22.301539882539068,0.012265023181201857,0.9270667642890424,0.0,0.5822711351349465,0.06193594969128109
3723614,1313384,22.301986479453497,0.08599162659373684,0.0,0.4456717936247764,0.0,0.0
