member,group_id,r1,r2,r3,r4,r5,r6
4840880,1313384,11.625306758200153,0.08026365537938276,0.0,4.2322177785003925,0.5107406510462086,0.0
136114022,1313384,0.0,19.138840360609727,0.26641393154499005,0.13335738762087576,2.490135955288928,0.0
109824502,1313384,0.15926595104926716,19.3256399543269,0.35349190927576535,0.0,1.6483860454638168,0.03663931477457925
