member,group_id,r1,r2,r3,r4,r5,r6
11892738,1313384,10.608332659049703,0.04276505935940777,0.02635001888006358,4.476274841544524,0.05754979838486148,0.0
4401283,1313384,21.19410455049053,0.0007254727449695158,0.9972850125210647,0.26950308422684977,0.014190293085154128,0.4218505729141496
10554120,1313384,10.625731797491937,0.004137729242820154,5.486762909671821,0.1312323381901183,0.6254312882556432,0.0
183060393,1313384,10.784622502638925,0.012339393822294953,0.0052224188944741505,0.20293686073639897,1.173669525136514,0.0
66100392,1313384,21.19218057039004,0.301314735539787,0.12576817812470198,0.29804289947661333,0.19628949872053078,0.290709227283355
33036012,1313384,21.194232053216542,0.3383078123211997,1.7085400304502754,0.1936571834646101,0.004171573370499214,0.3789559738991738
4840880,1313384,0.15097502838211507,29.99598025034363,0.02851242722502838,0.0075789359371543534,0.028387712345435044,0.0
5053983,1313384,10.615949823667712,0.510108596919941,0.15369561181130764,0.03414308698289061,0.4290280278775288,0.5485234736393897
