member,group_id,r1,r2,r3,r4,r5,r6
194946144,1313384,5.146308437941676,0.0,0.0,0.3908222430367106,0.8367361477127973,0.5960360191714075
194798146,1313384,6.019747948682851,0.012304240014961085,2.4466401677769194,0.6618549292959479,0.1406765226835409,1.4600412740586897
189098887,1313384,5.1837885907466585,0.14594096862108302,0.20977087270293698,1.7893931438455155,0.6490524560810599,0.5015171827323399
189677672,1313384,8.217729240801606,0.002127924284812927,3.2051888924260696,1.1449902552223234,0.0,0.4284986690354051
66100392,1313384,5.0113040051582995,0.29281639814747706,1.0359001874865768,1.9359236786647471,0.49417064857601456,0.6689164227473776
194098125,1313384,4.9673116915482325,0.015266222881448695,0.4993778643170107,0.014484934592702677,0.6807385611117395,1.0589819414279626
4840880,1313384,0.005259201901285405,32.88345077399815,0.357754251983537,1.4460170990364498,1.1835312989976583,0.17174042399273973
193702608,1313384,2.3727660211061723,0.2150265207598896,4.734155630474942,0.040299469056565895,1.307033375385915,0.0
192271058,1313384,2.614752612782145,0.3863025651914046,0.5212836868849792,1.2317714502389365,1.7229391116626516,0.0
194799665,1313384,5.054399326272663,0.04411054018429144,0.3615003058033853,0.15602980029075714,0.7934004403651274,0.753289406198703
79774612,1313384,5.058887482184631,0.08013075548733604,0.35599010606362874,0.16380419866725426,0.8049371416803585,0.7142338344974292
193560885,1313384,8.524977277057062,0.032136307113163814,1.5334798072368059,2.475109768084169,0.10531066149027168,0.0
98478672,1313384,12.969711398513828,0.0278683505515212,0.69973951023107,0.0,0.28721301465396654,0.0
188465558,1313384,6.0193750288307575,0.16153643277585258,2.214940129679299,0.5270639753411595,0.18419992529087142,1.4678975995234314
4231643,1313384,8.270909091234712,0.0038248362415039304,2.739222524605262,1.0706375188716515,0.017391219637132787,0.736194624332745
