member,group_id,r1,r2,r3,r4,r5,r6
63761092,1313384,0.09586042489970148,9.391937907077496,0.01340681443170296,0.0,0.619566349915978,0.8798665215020885
68511562,1313384,0.028805322089326346,12.277729219697685,0.027976156194433246,1.681328008412627,0.0,0.0
82195822,1313384,0.16248659271279045,6.252272027272203,0.0731094134455087,0.6531694346623043,0.8859403542894433,1.220879135954807
4840880,1313384,29.99006427567777,7.065080304956059e-05,0.07248110922078528,0.007474331535986552,0.0037425589330993517,0.09391676361033396
84198772,1313384,0.030586581042984694,9.41901063905906,0.0015078916301016604,0.00661222367051437,0.982649034743095,0.0
109824502,1313384,0.5971192371226601,9.242458251144553,0.0,0.0,0.9566819815771155,0.0
92023832,1313384,0.029799544758405534,12.281631379569879,3.510717542573969,0.017518006108228547,0.0,0.0
