member,group_id,r1,r2,r3,r4,r5,r6
4147816,1313503,3.057465461220601,8.961670624988868,0.2927662432571843,0.0,0.6666965596474966,0.8198091891252205
9015379,1313503,5.923843835003559,3.9032509254749956,0.09904631666919486,1.199200648957339,1.798712913117113,0.010612692543692653
11580052,1313503,3.9344813108372994,6.004476877187346,0.0,2.9920744935385617,0.16426103461930183,0.0
8467673,1313503,0.08321874748232837,11.23641212369369,4.510485861687221,0.025594327614200756,0.5343642458470592,0.0
907003,1313503,14.57616395840371,0.0,0.11834757983640459,0.0,0.0,0.7764722084871397
8281981,1313503,9.4141492230643,2.4586952344148636,0.0,0.4255832230014239,1.430333446019058,0.0
10362367,1313503,0.0,10.944987759783315,0.5286023825710672,0.0813717001430436,1.4947696880509205,0.5323930208063843
