member,group_id,r1,r2,r3,r4,r5,r6
4840880,1313384,0.0,27.44928477798495,0.0,0.5402638778799508,0.3159126245816518,0.37880676503086463
11100450,1313384,55.362207267484564,0.0,5.96814461069882,0.10228789758423379,0.0,0.0
15906171,1313384,31.59943677164138,0.0,0.7890602944981469,0.567036588794161,0.0,0.09115540795056183
9448422,1313384,27.91475691577515,0.0,3.524621992873115,0.36870390093526767,0.0,0.0
