member,group_id,r1,r2,r3,r4,r5,r6
33036012,1313384,12.672242629095942,0.004651992355355274,2.5271625828181254,3.14818681650493,0.0017353855894300574,0.04818681242299363
6242767,1313384,12.715514382304898,0.0,4.852132864558423,0.0,0.0,0.00073334811698595
4840880,1313384,0.2917256362378644,29.99334346260103,0.06378890142732233,0.0,0.028028689627726262,0.039241881860297444
43855412,1313384,12.588022442706128,0.503986277809189,0.15937110352320227,0.0,0.26397012649064044,0.06022929760584895
83721402,1313384,25.123990461462945,0.13088671243764172,0.13369050296274457,0.0,0.0,0.0
84872092,1313384,12.887615335053813,0.0,0.0,0.0,0.0,0.31808406988339877
