member,group_id,r1,r2,r3,r4,r5,r6
907003,1313503,5.464344610945534,0.6245643669253302,31.61305988933745,1.2546694568106762,0.4468633661547711,0.0
11580052,1313503,5.227846929741704,0.0,0.0,0.0,7.929328728741479,0.0
8281981,1313503,7.141695554007102,0.0,9.148320725002883,1.307117120389387,1.2129381252059745,0.01423334305121975
