member,group_id,r1,r2,r3,r4,r5,r6
4840880,1313384,6.341262277599514,0.0,15.768885999886237,0.10794245056185182,0.0239797248110485,0.2197381470739883
152239772,1313384,0.0,36.147001077479715,0.16091973787079544,2.848375791787525,0.023585485976281864,0.19305605549189375
143510212,1313384,0.0,36.47345826237434,0.15409329833910015,2.191213735550198,0.19262785542884725,0.3038264596063317
