member,group_id,r1,r2,r3,r4,r5,r6
4840880,1313384,21.23454927584114,0.5724060731677343,1.472844203751188e-05,0.0037314675391905082,0.20945845411913977,0.009212068196648935
4886098,1313384,0.6181526201349528,27.843408532386068,0.0,0.013537991013492881,0.2563253830870366,0.005846516305024183
8681751,1313384,0.0,27.840924380332307,0.0,0.03797051891744873,1.253637857856854,0.0
