member,group_id,r1,r2,r3,r4,r5,r6
10302403,1313384,14.235882347204193,9.976934774314625e-05,1.143548681024176,0.0,0.0020617415705399857,0.47512864750469347
4840880,1313384,0.3226872159819052,30.48726743616187,0.1471369569310951,0.688236181695613,0.15786584119127015,0.13338137309003112
30736632,1313384,14.650908360556269,0.015403280179410008,0.0,0.8498575700258226,0.0,0.0
15906171,1313384,9.54441780123155,0.7326370134349052,0.4878422172946802,0.6118475076691045,0.3611214375468451,0.3836540878883257
11284765,1313384,14.273036540090159,0.01200841596309352,0.0,1.7409844181715763,0.10628184037952225,0.16882422526413468
8501464,1313384,14.648879277338303,0.0,0.3902214763444963,0.8462241764906516,0.15925905360459003,0.41388197834885415
