member,group_id,r1,r2,r3,r4,r5,r6
10302403,1313384,5.2991824397242455,0.03624304768310788,1.1305875785209216,2.115084934918289,1.4656635644677845,0.0
9448422,1313384,26.12990144436591,0.5392645115599278,0.9075976140582678,0.0,0.2076357683255858,0.0
18046221,1313384,6.648736676478994,0.06671412085288972,0.0,3.3448354105219296,0.0,0.0
4840880,1313384,0.2840318285202267,29.843978863324278,0.02632231814921475,0.048452229803948366,0.07720454130098305,0.21941513182615355
8501464,1313384,5.473790553838727,0.022524586526210033,0.4382307193782388,2.0784633992025463,1.210251488758641,0.06107579091589256
5340218,1313384,6.646292659295272,0.16684952764715633,6.156669906843154,0.08910977465065298,0.0,0.0
15906171,1313384,13.165113849202791,0.7363753650192019,0.21727216083432227,0.23242622045983458,0.1364384784817127,0.3495686637871951
31139902,1313384,13.1598781672477,0.0,1.9930685994119577,1.00573302526077,0.0,0.048454446880568665
