member,group_id,r1,r2,r3,r4,r5,r6
52945922,1313384,7.65015138346452,0.2487589535020588,0.5475271018781214,0.8440670841624773,0.10344646427610978,14.537299923368439
2617283,1313384,7.6951616894924335,0.010351749085869527,3.5361145429634013,0.012520611837121257,0.0,4.396038271241642
4840880,1313384,0.3486822778804228,29.996324935778997,0.008708559287136456,0.009049158296595984,0.00020943531664380813,0.14384250581197577
63742642,1313384,22.154802383431562,0.006014229196604583,0.0,0.11961776961644272,0.0,0.7169850710977994
43855412,1313384,7.568479423077029,0.5774633936694529,0.3592005303082895,1.0524978695424723,0.09021992275388763,13.552081633801755
59924632,1313384,22.15484839810045,0.1728625572122941,0.0,0.11846300329832157,0.0,0.5949213655413477
15906171,1313384,22.154550368679345,0.6941126088309696,1.1803239010791011,0.0,0.4302516065111579,0.0
