member,group_id,r1,r2,r3,r4,r5,r6
11000577,1313849,0.5577930446613312,0.0005409060148749753,3.4771248016278795,0.3264791523313175,0.020193597692739398,1.5595220734567552
2884706,1313849,1.5917336782976548,8.605534077883643,2.113514652490211,0.24434036305328352,1.4350420686476857,0.0
8658243,1313849,0.8615636134097379,4.350695277163714,1.7194434838046722,6.702978522608044,0.035846150752230306,0.5821030000365903
16340871,1313849,0.08152657087017658,0.154855625359845,0.3377392039125272,0.5883757077046703,1.1273541830292992,1.0389487528928538
10197100,1313849,0.09438041803203506,0.06619110564348114,0.7185569023068491,0.3649732273702394,1.078828024561467,1.2887738519926308
6221646,1313849,1.922459062678676,0.09761464879064242,0.3275565387698474,0.6065302944147511,1.3040309460309079,1.0029258164880848
8469327,1313849,3.676408880032835,0.8556534680795448,5.7745320076474576,0.4200964202586307,0.0,0.0
4576146,1313849,2.5888559137908307,8.515783362525662,0.4956949162217355,1.277403046868126,0.9994778829165252,0.6764594618701126
6576756,1313849,5.040646723189193,0.0,0.0,1.3501002640579982,0.9515688490854789,0.8905306802317599
13455349,1313849,0.09278596441031496,0.06342217329631814,0.8416994493017329,0.29913398281029846,1.0914478386838906,1.212034853072539
8885112,1313849,0.028508469033741064,0.7197138189216806,0.933299875166736,3.8852107511243648,0.07114154729441094,1.9195165391189364
11129276,1313849,4.944380324321245,0.12849005723827925,2.4570209465235364,0.004720115253552281,0.8967592917816448,0.5068003096896752
8100831,1313849,7.45462066301823,0.1727572994204207,0.0,1.1453858911771309,0.4368146552912843,1.5420296320039826
