member,group_id,r1,r2,r3,r4,r5,r6
137877072,13162912,2.535037058993615,4.778457052490009,0.0,0.0,3.6179690530811413,3.184161474860709
23829852,13162912,9.705732544067128,1.9540809539276623e-06,0.7895456158952562,0.019259863710905503,0.0,0.00046863087450071104
