member,group_id,r1,r2,r3,r4,r5,r6
36690432,13162912,1.8641341949358545,8.639790174341154,4.91320453836238,0.04353212041438258,0.3786603685706411,0.07699035461725023
28886792,13162912,4.930142243258096,0.7577475551253844,0.05817669566712931,0.0,0.0,0.20108996550999927
77992622,13162912,4.692392916758796,0.08194199112590451,0.43243091025642416,0.20319436020566395,0.8773040456364212,0.0
137877072,13162912,2.9604396652859375,2.3076639133225245,0.0,1.7548133343539833,0.0,1.3225827416839435
69692212,13162912,2.776352205455506,1.5753179427899997,0.02463813467436179,1.1453846263252294,0.0,1.8660133739894325
23829852,13162912,1.3915388122874242,8.441828519756559,0.5991152698197831,0.03326406474775655,0.9703284218712201,2.4187110747729004
132141532,13162912,3.450568196887366,0.0,0.06848942201302612,3.0936417809181576,0.3534929469459769,0.3649578829358814
184546109,13162912,4.3601913892586355,0.16264357370136018,0.1639272599599908,4.1949030627251815,0.5709593558260636,0.0
74464702,13162912,3.4739061810637764,0.0,0.23636847163092264,2.9799413842003357,0.396470453435984,0.34881973609919675
