member,group_id,r1,r2,r3,r4,r5,r6
9082432,13309322,0.04568479190467868,0.33995305734713305,4.15046005378234,0.58171432391863,1.657959006748927,0.09698375436530426
94154112,13309322,1.9739661468411283,0.19403200297064108,2.816807776540562,1.3264038387564783,0.00291793518361158,0.3782588115321715
136647042,13309322,8.216736983145978,0.015050843379856451,0.05377313980844286,0.0,0.13315083373979192,0.0
174726562,13309322,1.3630252942706105,0.07959399334271139,2.7242031306395824,1.4437896580939122,0.27084375610644956,0.3283964268805993
179119712,13309322,0.1119781609010427,0.4243807364093082,6.294076345089221,0.009017490347910658,0.24644634793053918,0.0
88923202,13309322,0.2699984058341846,7.639945818582261,0.47179740969845063,0.6660421583198937,0.3723192719347179,0.5456496534847596
108619622,13309322,2.7512621789671985,0.2779426270903413,1.9799692012452967,0.38291932921480104,1.3323927351255223,0.30673612649624066
9116450,13309322,0.5152328411317088,0.22121727508343125,3.205170844097351,0.49765982043748125,0.10526605653180804,1.4755046959373064
7817416,13309322,1.979173449820965,0.979655670731897,1.7743341027736157,0.9670254962629913,0.48821917150531824,0.7073684339654395
94204522,13309322,0.26033461622003684,9.576392512116026,0.6260614822662637,0.5600784222573606,0.07013866819380742,0.12964126352303776
146420972,13309322,2.137981006161144,0.02717843127960061,2.086996525830661,0.9378745968385249,0.5933635771141555,0.5431177460270855
138053502,13309322,4.282827922137329,0.6346040834465851,1.1337618841164159,1.261912148383179,0.37174757699897726,0.2182017436502782
160795412,13309322,1.672084532848785,0.003359639586317411,2.878780969475947,1.2161205760509797,0.4575215609312829,0.1300926137195741
45346102,13309322,2.7453872746794517,0.19433880934449835,2.450506191172469,0.6398792512090451,0.763866214207716,0.2889155286433561
79694842,13309322,4.518393658899566,0.23270496314002978,1.0933239872568896,1.3915539661060015,0.19221060218643246,0.004321550981404049
115556572,13309322,1.2063070988699747,0.7118647161342295,2.199076115871211,1.06990091817872,0.5686647605440167,1.0278811348340438
115069342,13309322,0.4343510044765709,0.7521839884524868,2.8450225135100395,1.5494078696700642,1.0747537762188566,0.1456956004707795
