member,group_id,r1,r2,r3,r4,r5,r6
145910402,13309322,2.8210124476099567,0.029820982846214514,1.399080851214975,0.9214436715865351,0.5902199977384353,0.6790972106355779
174726562,13309322,2.1646499877884082,3.3690429513498783,0.29940898716037256,0.0,0.0,0.27204046964959383
7817416,13309322,2.9800503093262947,0.0,2.8652432579659948,0.0,0.0,0.0
133224752,13309322,1.3553953016418228,1.3942805149976156,0.32498014586427315,0.36040320537844334,1.8372958261687127,0.0
193058930,13309322,0.25202961965978715,1.2668127829441684,0.015468940572040926,0.9481161785399776,0.1131942018011485,0.0
160795412,13309322,2.782871597846759,3.2257060544700398,0.0,0.09632364722819285,0.19365693639089826,0.0
45346102,13309322,4.4152122179372295,0.5310359835730324,0.031539456127626715,1.0710802849776477,0.7703719975417664,0.464147207684393
131044822,13309322,0.49866709642501617,0.40170744460362184,0.5150205710753512,0.9442219532794955,0.0,0.27145952712358373
3271165,13309322,0.15094294725480623,2.0547363608720706,0.9973538339127463,0.6874535021592365,0.6309924589296708,0.4307776733282526
144636062,13309322,0.0,2.634810201024735,0.561603726344313,0.6884860558836302,0.6914047152902247,0.23396570581407852
