member,group_id,r1,r2,r3,r4,r5,r6
12239426,1331002,2.5100160468769537,0.40735370790685077,0.0,0.3864002340209778,0.6477773613862118,0.0
8614660,1331002,2.5984985186606773,1.1804654494066742,2.3610945209541154,0.47446476526682985,0.0,0.00734785119078454
11350150,1331002,4.282771367181003,0.20448088816020982,0.8647818633145674,1.0314182328269335,0.0031739459245298304,0.21476818595337968
11511853,1331002,4.280002524453168,0.0,0.1984700740350685,0.9674234963450508,0.11009449420351497,0.45128166140734266
13042255,1331002,3.8140847289846924,0.0,0.008639240504218937,0.0,0.615243098318569,0.012634678240243573
8412527,1331002,0.4020165316562135,9.113296601397915,0.12501344607940315,0.000986905116224199,0.2383856914883823,0.18628409100914198
11815954,1331002,3.810987981709549,0.013197369068311737,1.1179529411607083,0.0,0.1407637815373255,0.7029257795094287
883251,1331002,7.206571975498511,0.20579422533460315,0.013597432342715602,0.13561343934830453,0.0,0.5058454548718516
