member,group_id,r1,r2,r3,r4,r5,r6
12239426,1331002,2.480870029680227,0.39223041439646084,0.0,0.1566712730267595,0.8509298031544499,0.0
8614660,1331002,2.5932015954826646,1.1503700619518586,2.334245856088843,0.05236112862998992,0.026918529361331222,0.5671199268228522
11350150,1331002,4.27398592676841,0.22438344118468825,0.5709868776071769,1.0756366255592589,0.3915717206361416,0.0
11511853,1331002,4.267722444097281,0.0,0.0,1.129581249785521,0.5252495004762106,0.0
13042255,1331002,3.803447001691447,0.0,0.0,0.0,0.4971551070731206,0.0940748589830826
8412527,1331002,0.39345921770492115,9.1100881130154,0.0,0.0,0.3401540580378442,0.02472115230342636
11815954,1331002,3.804869204152785,0.0,0.8956675856416275,0.0,0.0,1.1200950028099712
883251,1331002,7.221560726450065,0.19225819183718446,0.027742484607906903,0.4508786110150731,0.0,0.1125585446263216
