member,group_id,r1,r2,r3,r4,r5,r6
8614660,1331002,3.5134097448859594,1.3049911837550936,0.005608900969604013,0.0,6.686070330241023,0.0
8412527,1331002,0.0,4.627088912331104,0.2916464995733151,1.474602818240366,2.4770866116564068,0.06224204870250816
