member,group_id,r1,r2,r3,r4,r5,r6
196164104,13381692,1.2816577410942906,1.8111803870814256,0.7913419209210916,0.5752877910846226,0.009526605715245448,0.0
194231241,13381692,1.9957789318238777,0.8868391267512317,0.0,3.086916088449448,0.00017658238352372528,0.028936748957881845
