member,group_id,r1,r2,r3,r4,r5,r6
195388768,13380662,1.5876437376641248,0.05639679401755918,1.2320775245456739,0.006078646461155574,1.5458267192161235,0.0
194061959,13380662,1.8313142497958586,0.11688493948863636,0.0,0.0,2.294478474152331,0.05553286764179203
14599079,13380662,1.805834119817161,0.0,0.4633883126171201,0.0,1.928428831659809,0.0069815339384404875
6881256,13380662,1.2364293536937259,0.8007765132268326,0.0,2.2307555252468467,0.6530690332933868,0.0
78607342,13380662,0.7826350325152345,7.833211111887427,0.0,0.0,0.85560620031039,0.0
81125232,13380662,2.2420663990858714,0.033193752702390604,0.0,0.07202027295903567,1.9962514576479993,0.0
121029362,13380662,0.8899420917971183,0.0018446988535940644,1.458752624456877,1.7248143007425496,0.033547823197744145,0.07045360546191479
189994451,13380662,1.5437886640743665,0.05484845134187832,1.1661595799333915,0.07918721542982587,1.5859063887292355,0.0
45183382,13380662,1.6712681884384009,0.6494398572734019,0.0,0.0786240285314718,2.2928312792513457,0.0
186801463,13380662,1.7602231995285862,0.6452505912874151,0.2723936305412144,0.0005775921420930073,1.818060913700953,0.003601170723963989
111582362,13380662,0.9677368775848129,2.020833048479924,0.7497593081661845,0.0,1.056760343614433,1.0446293055302118
5364540,13380662,4.573176267252445,0.8074443905249834,0.08286455399196119,1.0636391400412804,0.0,0.21710886006762284
