member,group_id,r1,r2,r3,r4,r5,r6
123978752,13380662,0.059812392119225545,3.352449711625947,0.47588991029718947,0.25716736624073605,0.3133864141177222,1.0558700902064093
146839142,13380662,0.04687688140675313,2.4350181256997594,0.0,2.235194988877246,0.20927826237661634,0.08779260963867062
75413192,13380662,2.483338851741342,0.7385613742109536,1.8835218759407628,0.12279767284180938,0.0,0.0
137510892,13380662,0.05056219059132741,3.2776238212367863,0.5133986394966564,0.32622347120503625,0.8102062013460332,0.0
78607342,13380662,6.351830754471398,0.0,0.019850662910962984,0.0,0.03504348668358223,0.0
78437102,13380662,1.1018194592795838,1.9403218577006454,1.623977805172501,0.0,0.08200085192336341,0.0
7338222,13380662,0.07323959604746744,3.212243311043635,0.7465831942778245,0.39905373901769925,0.34985326760048946,0.0
143576142,13380662,0.07609970218995413,3.4026975967074997,1.0330206044144308,0.0,0.4030522011419648,0.02767333718890657
100317562,13380662,2.846204466289343,1.912515300155649,0.5729711173552202,0.20395147833136776,0.0,0.0
5364540,13380662,1.8278998233870407,2.2546239050270693,0.5873800516745769,0.36084823964496476,0.1425185680889884,0.48825177335138964
