member,group_id,r1,r2,r3,r4,r5,r6
154474112,13399612,0.7927312860406098,0.3269796520220992,0.23967062061367828,1.6505871028459371,0.3507808360009518,0.16901307882259756
178618242,13399612,0.7354046375385249,0.0,0.2661455223841501,1.6021429026633565,0.37802757722519514,0.5561111083924949
105938692,13399612,2.7464595566283365,3.0896036942953855,0.0,0.32459654894099005,0.6140979144858288,0.27205975206209093
182942743,13399612,2.1155593760908205,1.1649904028093636,0.00041682581763567597,0.7210889049745872,0.5978333539450803,0.8984699702305263
183036569,13399612,4.3205709699362735,0.0,0.37667552803476706,0.0,0.2568994852451153,0.0
10702751,13399612,0.9433287091449931,0.13451367506622242,0.6263207912242359,1.5188409560700737,0.09700644714876763,1.1631266634025272
182998309,13399612,1.7995218411189942,0.7946758965174129,0.08774737194103903,2.2034935384672667,0.0,0.007423836791104171
113202472,13399612,0.24588675195237833,3.616703299490486,0.0,0.408109585848056,1.2349524199247537,0.8566944415344695
14196905,13399612,0.0,1.2673525763879738,0.0,2.9380426394257397,0.0628594442494487,0.8872139688494064
13167787,13399612,0.25295521581637737,2.707793299148664,0.032059372375567864,3.0741326247209084,0.021755355950957983,0.4275170391947116
11456811,13399612,0.28309962638373704,1.6237158861542842,0.0,1.7343141631471874,0.535379551995905,0.2239182670409428
11103170,13399612,0.04528270299610484,0.581886304984669,0.42887030749829214,2.7794569966768563,0.0,0.3364510412652936
145721812,13399612,0.0,0.5321184808294002,0.7850502962574832,1.7193265810541705,0.23686324589507798,0.9944770017436955
11541845,13399612,0.7354046375385249,0.0,0.2661455223841501,1.6021429026633565,0.37802757722519514,0.5561111083924949
16125531,13399612,1.0228290998789742,0.0,0.29308124480562164,1.5153617127520815,0.33405895230000376,0.41344102588926956
149419112,13399612,0.16796342692267535,0.0,0.9644842702787169,1.4157041723132495,0.29996843790306704,0.37826499125760826
28969322,13399612,0.33382574391654574,0.0,0.5801027380960623,1.9316236158914992,0.14062244114223307,0.4018590552216087
137720822,13399612,1.1730642101337265,0.15884035083889894,5.0181775851031984,0.0,0.0,0.18220956132265775
93975162,13399612,0.8434334484560913,6.070623357413334,0.050619701825669106,1.7630993016773093,0.29243266422904807,0.0
