member,group_id,r1,r2,r3,r4,r5,r6
2884706,1342511,8.440788459325486,0.1574655668984254,2.940296392446748,0.03182584146210274,0.17735776902178751,0.0
15074961,1342511,0.0638594805001811,9.978597849638728,2.6489865627245037,1.6156170587869008,0.3751998105524456,0.0
4576146,1342511,8.315115492204907,0.37190749065526685,0.05866278545417861,0.06685578960970688,0.08109599786892326,0.31860792698053125
4898260,1342511,8.657591234890731,0.00239280397662198,0.7067434563155871,0.10464550905917061,0.02178968904712179,0.2309800523356278
187517942,1342511,0.021551579133837477,10.275088598240599,0.21726104269949986,0.0,0.0,0.3776655754708311
4584030,1342511,7.485629373412139,1.4086096140760709,0.0,0.14305955712777926,0.0,0.31874336131116077
