member,group_id,r1,r2,r3,r4,r5,r6
6668884,1345524,5.824533125928457,0.4093114061959103,0.09088848742385522,9.551544835439666,0.15225270181786352,0.013869755115817783
13717158,1345524,21.224980252891434,0.0,15.189308155558928,0.0,0.0,0.0
37543182,1345524,0.0,0.12766151718129198,1.403106844608766,12.27713173790831,0.16879381190961357,0.914016503636116
