member,group_id,r1,r2,r3,r4,r5,r6
189087811,1345524,5.131898532679435,0.0,7.351186630947124,0.0,0.0,0.0
13717158,1345524,3.97289578045086,22.91578351480371,0.3706571407143609,0.07468422899752922,0.03521513597086633,0.0
8321702,1345524,19.296747455397746,10.01392754457571,0.12099475383514881,1.0469257657678848,0.0,0.02044510445827652
8299534,1345524,0.0,9.434846516109223,0.0,2.4388355833955466,0.11670306240353044,0.0
8682736,1345524,10.519391864912187,0.8495732272387738,0.820177707456111,1.408569281772927,0.11206121745459671,0.0
14417175,1345524,1.851394133774034,0.0,5.426434138181931,0.5079958112350182,0.040906144264492454,0.0
162951192,1345524,9.328410296759731,1.9711457901514742,2.143954578603341,0.030075803667632958,0.29323676815553074,0.0
188773596,1345524,2.234044821804654,0.0,4.500531334173618,1.1841996114934865,0.023830665152777944,0.0
