member,group_id,r1,r2,r3,r4,r5,r6
11211779,1345524,18.26356744165126,3.8973833349436053,0.8103936853222353,0.0,0.0,0.0
13717158,1345524,3.7267376044216847,22.169490500690227,0.009199054526099773,0.5092429784247704,0.0,0.5359722828566563
8321702,1345524,9.085058245718347,9.715625009696884,0.7592682180676265,0.11505746746341837,0.03710159710421316,0.13700463867943252
98053512,1345524,1.9727644403509452,2.6159129988512424,4.198604394795378,0.014880905115084555,0.004455216667478918,0.0
131518732,1345524,2.518055009452378,0.2527339712049243,0.0,2.0229047232225628,0.0036954600476829373,0.23326915181807886
63082652,1345524,1.6942686010673937,5.850425812852256,0.0,1.990725060439639,0.003325448998358044,0.0
41930002,1345524,2.518055009452378,0.2527339712049243,0.0,2.0229047232225628,0.0036954600476829373,0.23326915181807886
150946172,1345524,2.5535894651275024,0.017988294332578984,0.0,2.0238395825634,0.0,0.24881044811934247
43794012,1345524,1.7431225170198223,5.553767135782277,0.0,1.9970991048682034,0.0032838635795863526,0.0
127453182,1345524,12.675785522804278,0.0,0.0,0.23705003652693601,0.0,1.548214863100418
