member,group_id,r1,r2,r3,r4,r5,r6
11211779,1345524,17.90760691231786,3.013478426084148,0.6000426702578695,0.05007359911825669,1.0440660761415745,0.0
14348677,1345524,4.319810608637771,1.1051799613214164,0.3156994995651472,0.9318025775472403,0.6484780363117685,0.9895505315333197
98053512,1345524,3.4856684367233393,2.072098486255699,2.3233191701076015,1.2723107302299865,0.0,0.0
8299534,1345524,0.12097332398043933,8.375589177979082,1.1024146769988648,0.0,0.023981495007475224,0.8598476345848548
8502547,1345524,6.361818859825319,0.0,0.0,0.7736657019476639,0.2394389423874217,1.4637267373645846
63082652,1345524,5.1962140848204745,5.443740969033478,0.0,0.49944759340408756,0.5986006908511785,1.4402636843135472
81311012,1345524,3.467833519865119,3.5962482742154283,0.06604795133781298,1.5394035716879724,0.1485970498851342,1.3402817913427052
13717158,1345524,2.1634469019139337,21.7138004391398,0.06645922562283611,1.6442986600752911,0.0,0.6189062528679002
13483430,1345524,6.658639644801214,0.3153787466030921,0.13298047491827542,0.0,0.0,3.8157860566556727
8321702,1345524,4.220637047283787,9.133870507803154,0.5857725751129684,0.6799710072824953,0.6352942948097725,1.4089676459552702
1437737,1345524,5.439886637028163,0.5615415327810998,2.074233860803324,0.8709879600352247,0.3285649543651743,0.6438373564284673
104551732,1345524,2.3106912469053733,0.8898027172418584,0.06604738594688768,0.11856109584120887,1.366113466547675,0.47620099959385864
33848762,1345524,5.4338396480260345,0.5011878726401533,1.2117269493507958,0.9022823050511947,0.40113054782374125,1.0798274159484231
90711102,1345524,6.1349918760241895,0.9417962071727342,0.0,0.6257839957795555,0.49084134804731716,1.4457625176951803
97383872,1345524,3.3745915982306873,2.7372665949580592,0.2813605407915499,1.6771643059466492,0.0,1.0880185597167267
122769862,1345524,4.166795377720204,0.3337548986911551,0.0,1.3049798526517313,0.19865369635264019,0.7886843300902476
117117272,1345524,5.41666254266349,0.55754263349395,0.0,0.9531295675657475,0.5077471048732708,1.6464171840088515
13916890,1345524,4.524460685355171,0.0,0.38756740705248083,1.0786263493206047,0.43087457423612224,0.8269448576077578
43794012,1345524,1.0004771490111273,5.123161881782779,0.07252031346636845,0.17583991990451622,0.5588181442904698,0.5215671789766055
54080362,1345524,2.4561657281560136,1.6565840945204935,0.5083671183681161,0.24513736421586083,0.3959754106282796,0.0
