member,group_id,r1,r2,r3,r4,r5,r6
1312737,134654,1.66302532636179,2.4471566604774466,0.6210800241892402,0.027940114238758085,0.7103520258320668,0.0
2714273,134654,0.9754137285439939,0.5503952906876948,0.0,0.03141299511556285,3.704250661692902,0.014140377141664951
1714219,134654,1.9507357698592047,0.0,0.446725307443296,0.0,1.7635427005742144,0.024986131565961738
2436620,134654,1.1463200929564934,0.07621036580337946,0.969972115443667,1.334229210945604,0.029467535790081628,0.021367340766753153
2439371,134654,1.312052703443003,0.3958020997097238,0.8508003919597721,1.3186938874737397,0.638782941515465,0.0
2478127,134654,1.5536983608629056,0.0,0.0,2.5648224293427724,0.1958785473955606,0.7314893399605956
2483952,134654,2.642041812881765,0.2058541802019124,0.2343944098462144,0.0,0.922944530759176,0.0
1934385,134654,2.7027998526242025,0.6561607948880976,0.11017581660728376,0.04008561105830222,0.015452379989749855,0.0
2402608,134654,2.7027998526242025,0.6561607948880976,0.11017581660728376,0.04008561105830222,0.015452379989749855,0.0
2771505,134654,2.4084965667341773,0.36300126147164924,0.07446842080572019,1.2534457306545272,0.035132245075888226,0.025560013901195718
2507700,134654,1.5450900879574294,1.2635136249842014,1.3017636124424654,0.0,0.0020829609871149345,0.025746456469951596
2707764,134654,1.694965961156054,1.9967023803511175,0.728179431332743,0.0060768381223522015,0.1370479608563497,0.023306103216119377
981722,134654,0.9512914594918902,6.670081831468091,0.46393927846483185,0.0,0.46896967701193243,0.00978740244294491
2544123,134654,0.9247317225905771,1.539528984007845,1.1941072473243477,1.3326052026087718,0.0,0.0
2518142,134654,1.7104169641568032,0.5556440861850158,0.8979971838785152,0.010850723502154049,1.1864208854272076,0.0
