member,group_id,r1,r2,r3,r4,r5,r6
1312737,134654,1.004968284163005,0.0,4.38141392389819,0.31180319379897947,0.4498364947820023,1.1636641885618437
5597698,134654,0.5045438708992181,2.068552050404464,1.7769059937074165,1.496592311310442,0.01984230146022663,1.7033730509487957
4999363,134654,1.4143423567554603,0.008689038753203765,0.5927391766186709,0.32770668882247894,1.059556796241323,3.2839864100286955
4079081,134654,3.0498754506041355,0.3481393627550907,0.3730009401630715,0.8697841276343211,0.0,0.11335562906456076
5430378,134654,1.2531146714184231,0.2792202947257594,0.13583923468256554,0.48637952855051203,2.459520099773325,0.5113189806036073
6133449,134654,0.7757260270832709,0.0,0.2763378085896123,0.9689185036476878,0.9705693401846708,3.0832168383460994
4654092,134654,0.5980503532121729,2.9929735617855124,0.7451180121464027,1.9141409344246267,0.9850845047078577,0.0
6642028,134654,0.5471187523325538,0.0,1.0663856796637314,0.0,0.8219675551811573,4.7953600652679285
1934385,134654,1.0632600489987911,0.023903141702061537,0.9329793597032447,0.0,2.544132475436338,1.4982069844541097
4509492,134654,0.7875588541920132,1.3920990996512264,0.7298681709436365,1.4386193163495398,0.6050344209075311,1.2673223334437558
4158102,134654,0.8638575152050825,0.4352766635867607,0.0,0.944887855968239,0.8098090281297373,3.39687616742506
6238044,134654,0.8166662491168015,0.19431758627814189,0.018040310819900332,0.8265954988227145,0.8967131994703972,3.7470980175841615
5424446,134654,0.0,5.489268691233137,0.12290343435660478,0.0,0.7695866269583856,1.7490508384359302
