member,group_id,r1,r2,r3,r4,r5,r6
1818368,134654,1.90147768579323,1.6059423791293406,0.0,0.8838526809057838,0.0517337425228843,1.2678315759817609
1312737,134654,1.4907059561557752,0.01175827094016066,2.237041574838774,0.9280172076172563,1.4236575128963258,0.0
2539977,134654,0.8650594511189255,7.26276446609805,1.1836306346209506,0.0,0.002792499241534078,0.009066233854335306
2508203,134654,2.707058889659877,0.046953813696538595,0.007981702309917578,0.04703849873608687,0.05508220888821343,0.2382869489853279
2439371,134654,0.996130250357516,0.04912835438544609,0.667904987108931,2.87488156567218,0.0,0.24625704321976596
2478127,134654,1.6753132260032473,0.20530298741512046,0.012550895443747864,0.8773814741193144,1.123285988861968,0.9588031023969181
2402608,134654,1.627994116637849,0.0019319090128836524,0.1394227765237221,1.2251038114283956,1.859647375183559,0.028377650701135626
1934385,134654,2.4698559341443365,0.019024265485930003,0.3930665052067997,0.05586749261995781,0.40674624593790487,0.0
2771505,134654,2.6746796781452296,0.0,0.30855589730085536,0.0,0.0,0.38955524588496565
2507700,134654,1.6215486261130245,0.04142821928055513,1.2143579236764406,0.1392215166524416,1.6555180065021224,0.0
2707764,134654,1.143157434872779,0.0,1.5314139234045194,1.3329434200095711,2.8964710987373263,0.03981215110544425
3022744,134654,1.1484333234565534,0.0,0.06584423188428971,3.009305832820447,0.08140125947695571,0.0
981722,134654,0.929837532711888,0.0,6.501330130847432,0.48384741696093475,1.6611813117339125,0.0
2544123,134654,1.6633881156288823,0.10074488114757453,1.7159111738925776,0.0744288928209835,1.2551200176945794,0.20124245995843124
1445725,134654,1.8279777020533015,2.6026012094723523,0.2706960663639162,0.5006778056926051,0.0008440862998651414,1.3822273168372252
