member,group_id,r1,r2,r3,r4,r5,r6
6300032,135785,0.14135619705125854,25.20368578997538,0.0,0.018387673895414854,0.0,0.16406063854777667
2884706,135785,35.841847462724914,0.0,0.003357339094401644,0.0,0.000707452307042792,0.0
3064494,135785,0.09872901744168638,24.80585304792537,2.2641145095262165,0.00717190330916673,0.4497700938291966,0.0
2353999,135785,0.7346813990728229,16.211018764279096,6.249897769810137,0.13118361211850552,0.03802650371005852,0.6325874903749109
3191635,135785,4.281873051196276,7.651192132579032,0.79983051311221,2.5925820875338492,0.35508644063849376,0.4180743821433435
5569655,135785,0.2606830998490681,15.7422881431089,0.01594803662999138,3.5923495345708156,0.0,0.0
