member,group_id,r1,r2,r3,r4,r5,r6
2884706,135785,16.479853007950403,11.507882527332704,0.0,0.0,0.0,0.9719410467677578
4898260,135785,18.75443025910517,1.7867406481605124,8.64716867636774,0.29857802046269893,0.052784218522364285,0.060632036799448445
4584030,135785,16.065637606772178,1.1047854092381606,46.40469752731724,0.2541398728725289,1.0214992493405586,0.027576650115725618
4576146,135785,16.597734936780157,1.2671427844544636,38.76314304090809,0.262960659546709,0.863307223804086,0.035188723813722955
