member,group_id,r1,r2,r3,r4,r5,r6
2884706,135785,35.85548478225716,0.0,1.4484163369478835,1.9415108277533866,0.0,1.5739498017316895
2353999,135785,0.3320483706403074,17.328242827535163,5.321405324001115,0.003730996848065654,0.09874624883084712,0.32328798292922895
3191635,135785,4.075239521736398,15.565434237131637,0.4647709096791347,1.3931258107113274,0.8376141611197947,0.993732997090287
4898260,135785,27.114289425853464,20.687801210356,0.3246392839710846,0.17535265147013798,0.13325374406638094,0.09946330659458921
6611734,135785,0.0,23.76834702278493,0.0,1.8700955918783007,0.013698046105787632,0.0
5569655,135785,0.04200816521154216,17.50631618382478,0.0,1.1183446550396925,0.039075462859980384,1.4666737969497672
5929592,135785,0.0,17.359729808701445,3.789314520258453,0.0,0.4291266915869393,0.46918469733012963
