member,group_id,r1,r2,r3,r4,r5,r6
2884706,135785,19.62659913016462,0.0,133.30674525450328,0.17695162567158224,41.66927242349016,0.1999695778376698
2353999,135785,0.7242524912383164,35.77250200424621,0.0,1.3013393285553079,0.0610879371013787,0.48144104824875655
4576146,135785,22.683645521933965,15.808928802892579,9.669531874570541,0.0,0.0,0.08592198048525118
3191635,135785,4.210031137058744,33.39754729951636,0.0,1.1868329595289848,0.0,0.0
4898260,135785,25.835186905075595,11.796971490608236,14.564637232793979,0.0,0.0,0.16129706843486022
