member,group_id,r1,r2,r3,r4,r5,r6
11453512,135785,6.350576683615483e-05,0.8130083276038518,24.360667280354356,0.0,0.264059883203318,0.0
2884706,135785,24.264232459220306,0.0,0.0,15.25833156899276,0.5074114476400274,0.5814911036730261
4898260,135785,19.285449637036322,3.15030651745098,5.488401253028554,0.0,0.6507900027231805,0.11043150543605533
