member,group_id,r1,r2,r3,r4,r5,r6
2884706,135785,79.33770429589755,0.01635826464837839,13.394733347310021,0.02914121075358121,1.4618843800831414,0.0
6821417,135785,0.24977083759057528,46.430910103840674,0.0,0.0,0.03476069145371148,0.0
4576146,135785,59.48674022534578,13.125352915897905,0.0007297436531290134,0.0,0.0,2.2156880010054525e-05
4898260,135785,67.95234629671933,8.345082429120511,0.0,0.0,0.17475497783555852,0.0
4584030,135785,57.29592384025852,14.35680201050318,0.005357287710001511,0.0032565247407411275,0.0,0.0
