member,group_id,r1,r2,r3,r4,r5,r6
2884706,135785,8.812278276968762,38.80161303197952,0.0,0.09286925148978167,7.169564431189444,1.8053701701073335
3191635,135785,78.45825346882913,0.0,0.0,0.0,0.0,3.6501915214097407
