member,group_id,r1,r2,r3,r4,r5,r6
2884706,135785,31.516862184323134,0.0,8.181325410683614,0.0,0.0,0.188009739964175
4576146,135785,22.741418621952924,8.529565188061925,0.13898239460237943,3.408213674801778,0.0,2.746296926448734
4898260,135785,26.051751884089136,5.645127066247513,0.08910070211304139,2.199909900994068,0.0,12.67746361446615
107133462,135785,0.012780999647241695,36.276669516817634,0.22329280996164141,5.331755526791837,0.0,0.5437815038083113
120471452,135785,0.01557588197033818,36.25772250661317,0.21645924185617926,5.324873048286548,0.0,12.41470119228482
4584030,135785,21.899718948531426,9.268120219914518,0.14655875916837036,3.672149778412738,0.0,0.0
