member,group_id,r1,r2,r3,r4,r5,r6
2884706,135785,41.810169062576435,11.693296973303617,0.0,0.0,0.0043930998602748255,0.06281771023647463
4898260,135785,44.06285730036372,0.0,0.8271208516585599,0.276019481447846,0.025482544679349288,0.18994750302968536
4584030,135785,37.08713043233509,0.0,3.464420902861246,1.7281999758616224,0.007165939508170506,0.17462171015813946
4576146,135785,38.50363958776239,0.0,2.9324756906607434,1.387671369817474,0.00853876319347665,0.191602394261351
