member,group_id,r1,r2,r3,r4,r5,r6
2884706,135785,17.119166841223382,0.004402294032599329,0.0,0.2837336587747773,0.0,1.0928590305617474
4898260,135785,14.828755138210715,2.2480368497166934,0.445070005212508,0.08119532906076173,0.0,11.207455436638725
4584030,135785,12.455747717552356,5.023532281491749,0.6568919670497575,0.06939769166046646,0.0024097546897298423,11.26867604338236
4576146,135785,12.928893026991712,4.463589158171832,0.6091714760105037,0.0725531095726484,0.0003271949999500835,11.304951492786413
