member,group_id,r1,r2,r3,r4,r5,r6
2884706,135785,7.421424831744941,0.0,4.2018870563840665,0.0,0.0,0.19578292252369045
14539183,135785,0.0,3.744908091913247,0.012595725014970352,1.1061677443015776,0.011248740675116069,0.0
4576146,135785,8.242719085120177,0.10169083717857089,0.31639576954040294,0.632275486487957,0.00988630243008919,0.0
4898260,135785,8.11687491016978,0.05646824329764069,1.3661590242174246,0.46844389438801326,0.0,0.0
4584030,135785,7.955805595931037,0.2290485872964983,0.29234546454026306,0.6208099375095028,0.010899202767970875,0.0
