member,group_id,r1,r2,r3,r4,r5,r6
2884706,135785,33.4005761155052,0.0,7.55193155649076,0.049725387146410824,11.9665747252944,0.0
4898260,135785,25.706961214387526,16.284311402291856,3.112239586731353,0.0,0.0,0.8520022519114776
4584030,135785,20.735927454391344,25.86993917717116,1.4517580608787168,0.0,0.0,0.4682610316290098
4576146,135785,21.730232297059104,23.934310376586293,1.8514671650793872,0.0,0.0,0.5649994389302647
