member,group_id,r1,r2,r3,r4,r5,r6
2884706,135785,32.4142358540206,0.0,0.8931620597271877,0.8843163859301735,0.0,0.0
34535432,135785,0.0207008733003532,25.850789190667,0.5364023535673361,1.1138265157581613,0.8796519881196695,0.015046527935840624
4576146,135785,21.20409498026072,5.492218035940916,0.0,1.5034895473660586,0.3825185968444859,0.027313851272561692
62499282,135785,0.07337911942347367,25.612015294865618,0.0,1.68764930476949,0.3465250254530596,0.018655254491701398
4898260,135785,24.280556513309275,8.08458334283418,0.3143096315356192,0.0,0.166043425721885,0.0
3191635,135785,3.8333371234035516,17.199649867504647,0.25681900005199243,2.981415062070558,0.997732359240995,0.0
5048824,135785,0.0,20.38473355407939,8.046889104864285,1.1454587671173693,0.3349206595999932,0.04739726177901971
65736572,135785,0.03661547441159142,21.24313737874743,0.0,3.7186824119683632,0.0,0.01725607631557019
4584030,135785,20.422002966038306,5.850332704041319,0.0,1.628311620038135,0.26714831992218163,0.03156365721558309
