member,group_id,r1,r2,r3,r4,r5,r6
2884706,135785,2.0874909070051633,27.1831416333628,0.04489647479191406,0.21058223020940084,0.5689256859544701,0.16734386837738477
122510482,135785,0.04255243679928085,0.0,15.355331770812262,0.2821913689822298,0.0,0.0
4576146,135785,3.9099820859376426,15.830902910045895,0.041512033768020595,0.20275124490948096,0.27191480903703147,0.15720894111397404
4898260,135785,3.412765110025231,18.93538537678932,0.04179291251017737,0.20559755408576028,0.3462188047111766,0.1581633874816063
4584030,135785,4.037477056713789,15.040549931422849,0.04253833776625091,0.19580418765089516,0.2472060859073459,0.15129075215936777
