member,group_id,r1,r2,r3,r4,r5,r6
2884706,135785,9.818734864882243,0.3193053886428362,0.0,26.493107354476813,0.0,3.2310089838781084
4768627,135785,0.0,0.7187434733293723,31.50438245264215,0.07151302720683538,0.023290349779046364,8.102553337521227
4898260,135785,9.320670980677374,0.8772616015591468,4.452421732905934,1.3637105723300105,0.0,4.917076640142206
11076591,135785,0.0007664636073626865,0.0,29.01755178922566,0.49292173311647636,0.023594102840622355,17.21421194692128
