member,group_id,r1,r2,r3,r4,r5,r6
6300032,135785,0.0004489611515073709,17.24704892844072,0.02930646113703349,6.665033102286054,0.0,0.0
2884706,135785,34.662112388553425,0.0,0.8547655612027963,1.7331247580036373,0.0,0.11152506984776214
2765070,135785,0.09873837254543816,18.396527882742724,0.02998497205074788,0.6066500664344633,0.0,0.25747137208443166
2353999,135785,0.7100829766046409,18.07143465610595,1.1647061574750468,0.01171893558013775,1.5523457850997981,0.006892510654980975
5261263,135785,0.037607506343502704,18.41137181604742,0.0,0.5512759411867664,0.40626641828399174,0.19492624660368812
4576146,135785,22.71453653527806,8.301481753619832,0.052815275544655337,0.0628741908653199,0.31251863076968867,0.0
3191635,135785,4.089916132536359,11.75309443180118,0.0,2.4767487836730955,0.6338403017530088,0.42802359113324545
2358808,135785,0.0,17.242287267218074,12.289338496365762,0.0,0.0,0.0
4584030,135785,21.877873468904518,8.702578287690852,0.07215253152748538,0.10191614188491643,0.23092258972628835,0.0
