member,group_id,r1,r2,r3,r4,r5,r6
2884706,135785,7.397219616266528,32.47398220046664,0.1381127691825475,2.4166065122014095,0.0009379187145315085,0.269784774562651
3958408,135785,22.08528062112902,0.031555150005795334,0.2054136901570713,0.24457949004327517,0.0019855725789444294,0.5020815888253345
109637962,135785,22.085752598612885,0.012319714846549588,0.203476212347637,0.21151621542859797,0.001930236617167192,0.5024973786339713
117217072,135785,17.65106840476857,0.0,0.2421388542975979,2.8946077722618595,0.0,0.5003645345806433
4576146,135785,8.684981033064968,21.248974027287005,0.04970465021435469,3.0550703423159864,0.0003691995203129321,0.02508466020960828
1086899,135785,23.372577111426168,0.015585631780796704,0.07085753688305081,0.32225449455857635,0.0004004993985824664,0.1696390734193277
4898260,135785,8.333703264717256,24.319231091929822,0.07090494001099384,2.8921473756507687,0.0004981627897310266,0.08344312169891802
71367322,135785,17.518943082748468,0.013761217083478983,0.6559000999093512,1.0323097297742159,0.005808002932472503,1.6157235759154327
4584030,135785,10.028776730135128,20.465403368597595,0.038390844424352234,3.3255984395471225,0.0,0.0
