member,group_id,r1,r2,r3,r4,r5,r6
2884706,135785,13.613917106880079,9.708137936795302,17.54488820069376,39.523791364816915,0.0,0.0
4898260,135785,19.110867617210793,4.782429481669031,9.173854985030706,21.418459240788124,0.08567311813722109,0.0476997747622213
4584030,135785,21.334088006515252,2.709477569695612,4.501822161042591,14.891789563464343,0.3314098052819151,0.3505321695827118
4576146,135785,20.856934829320597,3.117350392204358,5.643127925416115,15.870530373813395,0.3365389614407015,0.27277643487467523
