member,group_id,r1,r2,r3,r4,r5,r6
2884706,135785,6.144187295541927,32.36836626509303,1.266125458129203,1.095713818902649,0.16909676385753328,0.0
96548552,135785,20.5412481114847,0.029288118750358038,0.0,0.0,0.0,0.0
173034832,135785,20.53917444443427,0.0,0.525210891538872,0.0,0.40758499863952335,0.0
139559952,135785,20.541103860946038,0.0013489566323048978,0.03956712977608503,0.02241109478440282,0.12023912947151386,0.4812802214599484
4576146,135785,7.1893546591272806,20.91849530805174,0.0,2.3784875524515527,0.41909600568175115,0.0
126037202,135785,20.54060797353178,0.0,0.1633176246219789,0.0,0.5039458021752333,0.07641541546092188
4898260,135785,6.904050633190235,24.055466035698444,0.21130818876124738,2.013711137081323,0.46452429440801385,0.0
107133462,135785,20.533412558944196,0.04043412058771019,1.9635096941339585,0.03317281581664927,0.3855005671449929,0.020539089714672186
120471452,135785,20.529703485870296,0.011580890470172987,2.899957409522558,0.00494142238630947,0.0,0.1897777069267453
4584030,135785,7.261855789103317,20.122871333712013,0.0,2.444588964068881,0.2906427339098812,0.0
