member,group_id,r1,r2,r3,r4,r5,r6
2884706,135785,0.0,17.73056030977326,1.8519728513443907,5.780621410295321,0.1108143648425797,0.3396344588901344
3191635,135785,10.35552415383002,7.583859597814328,0.015525925425337983,0.30934576316713625,1.0624194267521998,0.5337645775302635
3064494,135785,10.523563738240847,0.1317303048673959,0.00022339215045887454,0.3587682494314794,2.478819748602482,0.4656396403828843
