member,group_id,r1,r2,r3,r4,r5,r6
6300032,135785,11.987816151878633,0.11365635840452344,0.03305856055450253,3.1271857614829277,0.1544678296401295,0.03764475135011861
2884706,135785,7.204563714667189,36.864318957773165,0.0,0.08842443317442858,1.5310025211546188,0.12989446457025491
10038021,135785,12.245386880046835,0.0,0.03524670806346483,1.8486022747732822,0.8367121010480509,0.2667935974926777
6776486,135785,12.380606452041329,0.0,0.04501900992271946,0.9915759752587683,0.1974767532411613,0.9177161961901974
6724047,135785,31.723459237123123,0.0,0.068978443156901,0.4857352580483094,0.0,0.9877376048533587
8372081,135785,11.887551186955235,0.24737079551639243,0.03239527981432808,3.4563740453255476,0.0,0.015354592452800311
4576146,135785,36.789050068112836,23.961038645876908,0.0,0.0,0.0,0.021515611338327214
4898260,135785,5.636114749861583,27.613808062899363,0.011460299386417466,1.3838275269194915,1.5057835514954057,0.0006253248547643802
