member,group_id,r1,r2,r3,r4,r5,r6
2884706,135785,30.47674815847912,0.0,0.24405023549852836,0.0,0.0,4.775205932566563
5336107,135785,0.017447037404477148,20.842701447203744,0.0,0.03607039627780594,1.0351878805386048,0.0
2033453,135785,0.006251738794200768,21.00224571229779,0.1632392934369017,1.2023968525951894,0.0,0.06593155319959904
3064494,135785,0.09593117589603109,17.867381873052512,1.6031665631756473,1.2190548512836872,0.07791519203773939,0.0
2353999,135785,0.6029379851274204,10.575412096137157,4.179430965818433,1.0981228450137088,1.1316306279071078,0.2642171327542401
5261263,135785,0.022674025905987914,17.78996480894711,0.10808535659111115,1.6770924962580438,0.012451640117470126,0.09768453532202022
4522992,135785,0.07902490544866242,15.380085811036848,0.4895681447430675,1.7175680144620615,0.2579760847871297,0.001672667221911239
4576146,135785,20.500974220973053,3.265255544101885,0.5545296658869512,0.9553876138808476,0.061139286477840005,0.0008836867004349629
3191635,135785,3.7311106656488957,8.370967547469085,0.18768361939610348,2.575645706219646,0.5888866546770526,0.06242542503271312
4898260,135785,23.45898976891173,2.381789575677717,0.9821482241173941,0.5148451458750698,0.02497327085457888,0.010629783886586771
5147611,135785,0.020438168980596038,17.87108169701312,1.3758960643082463,1.1703655820546681,0.1505290880274524,0.0002690354521438856
3749404,135785,0.09278688140913478,21.24412173983988,4.656677391666403,0.01472874205759835,0.016051909888870897,0.0
4584030,135785,19.74365025342461,3.4883255627247878,0.40468414106186756,1.060433194029819,0.08540736295389328,0.019872858588549785
