member,group_id,r1,r2,r3,r4,r5,r6
2884706,135785,7.115457532795068,32.484939735159884,1.101396841315679,2.25327825770119,0.028417477400112353,0.0
136509282,135785,21.541693216561814,0.0,2.2861486662323727,0.021533688198843465,0.013507502593250776,0.0
8295806,135785,21.58669597040658,0.0,2.1617714530776277,0.027344817995227307,0.013707455239500035,0.0
143903722,135785,17.174709247366756,0.0006046316676677396,2.010646274423978,3.423347202508304,0.0,0.0
4576146,135785,8.718598498454485,21.23421728137425,0.1889236507900312,3.012491291879316,0.025296362148774818,0.004589225619886676
4898260,135785,8.29348367958899,24.313683299375896,0.40153409864630296,2.813882073431254,0.025643134649284024,0.0020380470761574097
77930072,135785,21.450339198544118,0.0037885554836163578,2.538703844215275,0.007673773886653114,0.010015630510104154,0.0006267485205671842
19843481,135785,13.963018412349419,0.0,10.888889488415593,0.27839949309091394,0.025092234282165327,0.0
4584030,135785,8.839076490012152,20.45222788034862,0.10115708953066574,3.0701517030792362,0.01989211260629177,0.009444983993633974
