member,group_id,r1,r2,r3,r4,r5,r6
2884706,135785,49.047446032189846,19.22527092026126,0.0,0.0,0.0,0.0
11076591,135785,0.0,0.5069370038814925,22.9290317550611,6.652166469713301,13.904220699989153,0.0
4898260,135785,41.76442075142257,2.9658427169962973,1.9382957839879724,0.888457630890665,16.83949941021971,0.0
11047383,135785,0.0,0.10060086226905127,23.649184690159164,0.571832266371543,18.436829068243185,0.0
