member,group_id,r1,r2,r3,r4,r5,r6
2884706,135785,7.5753966978133995,0.0,3.144410353256886,200.4981139032354,2.9456165121751954,0.331696168585239
4576146,135785,8.067174194003309,9.869826484581026,5.386878666914022,3.7270452074185316,1.1373615793172749,0.07726881824168817
3191635,135785,1.2918894951124513,18.998780906374055,6.356200846759749,4.409202200330359,0.8778541763680459,0.0
4898260,135785,9.284616168590103,7.703217412327822,4.5731074748320095,3.7131633261763195,1.0003287887309227,0.14725236436733635
5635675,135785,0.0,20.203437313448205,4.87220101850639,0.0,0.00827648191687659,0.13374570538428415
