member,group_id,r1,r2,r3,r4,r5,r6
6300032,135785,0.14841507465440157,17.662951851873352,0.0,0.39477875003695906,0.0,0.10844933917813088
2884706,135785,36.30796663100361,0.0,0.6406277979403653,0.43295774008909366,0.0,0.002159870342294354
10038021,135785,0.0011323216770689616,17.67233731787183,1.1582341013923223,0.7401076831650231,0.006983177447084034,0.0
6776486,135785,1.3401930007681283e-05,17.743996951041684,5.097677552856243,0.003072730773633554,0.00018319882418478767,0.0
8372081,135785,0.29502025641499363,17.44550810411296,0.10728247064225015,0.0,0.0,0.18887206935784384
4898260,135785,27.19069840139825,4.357472079583471,0.0,0.47047502653268214,0.003083106556489177,0.03944408678727407
