member,group_id,r1,r2,r3,r4,r5,r6
2884706,135785,8.723758105176335,31.91479075625544,0.0,0.5626807039675649,0.0,7.1330360383602205
6724047,135785,22.590567493663205,0.025781066834020573,1.252836138635804,0.0,0.0,13.317539694429428
4576146,135785,16.675169828817424,19.795368878721142,0.0,1.3962582043521798,0.0,2.205240744278823
3191635,135785,28.408973428731766,3.717486821358812,0.1904927766153565,0.027863180464980965,0.0017749343731955996,3.343610322591233
4898260,135785,15.77641255423248,22.987937854163192,0.0,1.282545303470331,0.0,3.3279964454379045
6218813,135785,28.469916762191232,0.027445953665773126,0.3161068959100962,0.0,0.0,0.30413476078706675
