member,group_id,r1,r2,r3,r4,r5,r6
159036992,13582422,1.4741193896121558,2.4005460813533652,0.0101784753249184,0.0,2.4559810386643393,0.11268542850585593
8924417,13582422,1.5838965284047568,2.072686422270238,0.5702050268819515,0.32513695956130034,0.0,0.0
134897922,13582422,1.8278985247670065,0.0,0.0,0.03817374919969506,2.2924819586980254,0.7182868196819595
163923652,13582422,1.9503058906943858,0.6723451487741983,0.0,0.13096052200400893,0.0,0.44805482249912115
13278630,13582422,1.7060422838491793,1.8525661087474379,1.3221332305432467,0.053795375446080276,1.3881084809769204,0.0
62723512,13582422,2.015266944127121,0.5674770807376724,0.0,0.06879514105694433,0.0,0.48017074023290995
156151182,13582422,1.2040196767498488,0.0,1.2777439353926239,0.02583625178306152,1.9770781500451355,1.6297435568362035
171399602,13582422,1.9503058906943858,0.6723451487741983,0.0,0.13096052200400893,0.0,0.44805482249912115
193539763,13582422,1.004031723701439,0.02048249292204607,0.010767053372932272,0.0,2.4102801810465633,2.005715798310858
8323636,13582422,1.7663966502921082,1.8895678081229692,0.025919038403111706,0.0,0.024626920392178436,0.2960511256233291
152017622,13582422,1.8843541392309884,0.23308320138838756,0.731417673014861,0.19767057837171392,2.5264357281964998,0.19706451511413575
37180472,13582422,1.9198338068446883,1.0368172549783037,1.2876052744041548,0.0,1.7918484592512243,0.06459616077506282
159142782,13582422,1.9548650192735266,0.19568997176077838,0.0,0.14245914863289935,0.0,0.7139270947739491
