member,group_id,r1,r2,r3,r4,r5,r6
14214736,1359697,0.9332003002976497,5.765777662037862,0.0,0.006204572199642768,0.7739114395411717,1.4426718762482684
11710909,1359697,0.7803164953632673,0.2455924424117632,0.04219540285646285,1.5490409283522593,2.3802500308033596,0.2280991222807027
