member,group_id,r1,r2,r3,r4,r5,r6
21803371,1370552,3.8777439209850963,3.433634837172758,3.9926768800800496,4.928978284695185,0.0,0.08200679698607342
10630385,1370552,7.96332819656085,2.079572807204124,1.9621994912420382,0.9442867968891684,0.0,0.12927829833795076
85602232,1370552,2.0697810874211977,6.168696827062714,4.55293533308537,10.594780697472904,0.0,0.0
6942201,1370552,11.869577264769925,12.651187645882558,0.0,0.22569033201375874,0.006500564362956775,0.0
8781851,1370552,11.241006151765237,5.898754742604723,0.013908799460140675,0.5867158301610963,0.08872067934331751,0.04444898053151044
