member,group_id,r1,r2,r3,r4,r5,r6
6942201,1370552,3.3216184395460084,0.7801813189577926,0.0,0.0,0.7813595959852452,0.5170350098390517
8781851,1370552,2.705335416539851,1.7972630949863564,0.0,0.0,1.0727849000609895,0.5175473551252154
10630385,1370552,0.7733493865381313,8.332154571709165,0.0,0.0004103105376265069,10.578664703915834,0.0
