member,group_id,r1,r2,r3,r4,r5,r6
68886592,1370552,4.226680857203638,5.519517973143467,0.0,0.6177383818649359,0.0,0.0
6163465,1370552,2.9529467714215314,6.29095465758033,1.013869805551666,0.0,0.57426936652819,0.0
21803371,1370552,3.9645137932784125,5.748919155184488,0.031146024894522596,0.219935176027389,0.19584455103289322,0.3791386551746969
142406672,1370552,1.352968110499593,7.41669885560004,1.4012154342708134,0.04944122877789872,0.170931037746253,0.0
10630385,1370552,7.269354641828917,2.040004458182584,0.0,0.9906303690487869,0.0,0.0
85602232,1370552,2.732979407946792,6.499924880057862,0.36708132826007667,0.11733316128124059,0.3784796593421583,0.3030290845499078
6942201,1370552,12.138578766987097,0.00381831091858246,0.21194408104538048,0.017835321872813444,0.016438729413699928,0.5640897094018131
24314362,1370552,3.0364070465862376,6.355057159215655,0.030802906161266526,0.23018327676086597,0.1760040025306002,0.42164309229113417
8781851,1370552,10.563018476948262,1.4483813484755126,0.043006369260616434,0.13209651407010614,0.32181931275024245,0.09682500713120862
