member,group_id,r1,r2,r3,r4,r5,r6
6942201,1370552,9.043914254271941,3.4840850781260233,0.0012549877917521215,0.0,0.1690804447839973,1.1914163726115428
8781851,1370552,10.07922438006647,2.082110387170254,0.0023124403901233566,0.0,0.15944435676963054,1.5996251855699837
10630385,1370552,10.270262470150234,0.05027206396554874,0.09500270857849717,22.66302351007993,0.08870639791997488,1.0170988170287367
