member,group_id,r1,r2,r3,r4,r5,r6
6942201,1370552,3.6994898454384693,15.120358100652565,0.6967393986286725,1.1870438543978523,0.0,0.030483477806628294
8781851,1370552,4.343732031131821,12.213325654400917,0.5117556565283332,1.4832874282759074,0.0,0.11371255288076834
10630385,1370552,6.152575231949728,5.696760513539951,0.028786577079722122,0.7893386069182395,0.0,1.741727343789706
6163465,1370552,4.515817658971475,0.008915196190167727,0.0010428705633055513,10.993700963761462,0.0,0.0
