member,group_id,r1,r2,r3,r4,r5,r6
6942201,1370552,8.974384221208986,9.019193896385488,0.08590967100724438,7.19474837632899,0.18380264733809068,1.8853020506087352
8781851,1370552,9.605065179672433,6.7705550076045675,0.22018349430424536,9.255584423334126,0.18504521946427566,1.792341616975533
10630385,1370552,11.408220916800579,1.8330994001708787,0.0,4.162046801098016,0.23639865430712917,1.2765851773351318
6163465,1370552,8.492628250931373,0.0,0.023873461483993184,96.03392938403341,0.0,0.0
