member,group_id,r1,r2,r3,r4,r5,r6
10630385,1370552,7.255826763812096,14.81358879942754,1.6776624365234325,3.1943118981029994,0.0,0.09448128636038641
8781851,1370552,8.903194110895095,0.0,5.516953592322573,0.11137982875719946,0.9586577407103067,0.17968696084117597
6942201,1370552,7.526260015664579,0.0,10.965758694048375,0.0,2.23124763540865,0.0
