member,group_id,r1,r2,r3,r4,r5,r6
85139272,1374721,0.4396511326624903,12.429342126512408,0.0,3.90718935437558,0.008998460432610794,0.6893302666971879
149839722,1374721,0.0,23.802109394975734,0.0,9.164695993726474,0.0,0.2634468815368159
9297104,1374721,1.3985175839088413,6.798202227500781,1.350552945402543,1.027103094074633,0.0,0.5769861592683128
6520725,1374721,0.17694971505254548,0.0,15.15585282625788,0.860111248875334,3.4026374509395514,26.07727932151338
69022842,1374721,1.0569256613413185,8.960983639780347,0.0,14.134277832244688,0.0,0.5054181615300364
