member,group_id,r1,r2,r3,r4,r5,r6
38068232,1374721,29.019526541757187,1.3697689398350652,0.0,0.0,0.0,0.03519732632484522
89967962,1374721,30.55016383256677,0.48424955713360346,0.15672438831340368,0.2734861162660321,0.0,0.026255775716739052
190650563,1374721,29.09253793780559,1.3349824973094473,0.0,0.0,0.0,0.0035038962371166066
6520725,1374721,1.5139379710721512,0.0,0.3084771000148454,12.023591720362441,3.9811567809758084,0.0
