member,group_id,r1,r2,r3,r4,r5,r6
2221049,138465,0.0,1.4844467941403119,11.602983397446339,3.169823625336409e-15,0.0,5.621701542274296e-15
1997421,138465,3.6581770335761763,6.196483420159552,0.0,0.005973692099966092,9.542142991423898,0.0001263144013219344
