member,group_id,r1,r2,r3,r4,r5,r6
11518904,13890382,3.7914626672923712,4.949416835347779,0.0,0.19337139523453573,0.0,0.0
142522022,13890382,2.4836958342562236,1.8504494269277436,0.6146585566161458,0.06665972363441454,0.445951537907365,0.660358141576949
