member,group_id,r1,r2,r3,r4,r5,r6
2825827,140195,0.2074280413857383,3.8687221851738096,0.01459191836200565,1.7211738367341052,0.2519030953402752,0.0
2177861,140195,9.569671208420646,0.9284897534448291,0.0,0.007498900805656548,0.18909739925804106,0.0
1543334,140195,4.220953814293897,1.4871279005836828,0.4975895217417246,1.4223671517452166,0.0,0.4421069082526608
2485382,140195,0.0,5.875242992443116,0.0,0.7373156342592969,0.019689568156260225,0.13005977447206582
1437737,140195,0.352606241946509,4.741910378282318,1.2383168030287013,0.5385502790824883,0.18459371528526097,0.45095223452325356
2986463,140195,1.0900158233216646,4.229230172566579,0.07272990310489409,1.0597242716475088,0.42232561979443345,0.3134924840968057
2862220,140195,0.09800970815604429,4.31712197328339,0.014700787751657824,1.5204901398905295,0.24923655687994725,0.0
2357230,140195,0.2118125800493802,5.669837335069509,0.3271934427792608,0.6281347272525643,0.0,0.31847424683642883
2566417,140195,0.29911242609751804,4.269344691143258,6.544818643863952,0.6347098755840637,0.1442463848264488,0.019803317051940435
967794,140195,2.577174009201214,2.1659230096517668,0.0,1.855633938399636,0.0,0.1305981934624185
268370,140195,1.8863474358569874,2.349861400868718,0.0,1.9994422947812354,0.0,0.13165234068448958
501364,140195,3.790947436501853,1.497591504080036,0.972941233760376,1.4280973273571669,0.004708471514453797,0.5945893299113588
2180405,140195,8.581531049172112,0.49463829661769143,0.09881471335236792,0.5856612062763736,0.0,0.21352072645265288
2533593,140195,0.5544581451358237,3.071976320669098,0.040649394792057716,2.0724576790015043,0.0,0.0
1238587,140195,0.02102683767268581,3.891716144726598,0.0,1.3794309034592642,0.5654360399669781,0.0
1919260,140195,9.321148266714642,0.004777734800384784,0.6441828240197975,0.32920678627875033,0.00870796508900058,0.5877690396018502
2191997,140195,0.8196112648063012,6.02173370246455,1.4795611158273567,0.0,1.3100181530670572,0.5039289391175977
2055775,140195,3.215160862703609,1.8244909306564294,0.08445854471646146,1.7012863942071852,0.001985515708665036,0.3357945530306361
