member,group_id,r1,r2,r3,r4,r5,r6
9582176,1402796,3.010779804543698,0.0,0.0631962544160323,5.444027015102081,0.8209156739024022,0.06309997494404959
10047776,1402796,2.7249301407351094,6.24403977809717,0.0,0.3540231392390838,0.0,0.0
8584517,1402796,3.3918327626740084,3.1298989065014253,0.0,0.22834742692521237,0.09206727216057929,1.234244479459763
7124389,1402796,1.1966130147196556,8.264946918193226,0.8614750681148255,0.3373269393270757,3.568691282723556,0.08447108915492167
3342254,1402796,5.201225468820804,0.0,0.0010506744025100241,0.0,1.946976005694168,0.2801398078306208
2650644,1402796,3.4726927147644244,0.0805613277613394,6.2421146457369625,0.5078514183407059,0.007145865737471993,0.15393220994732087
10375001,1402796,5.195248706452151,0.6100567539456425,0.1533275196148326,0.0003210003690915743,1.9113715764263024,0.0
