member,group_id,r1,r2,r3,r4,r5,r6
14077520,1407404,0.010221427256112754,1.7886004573033853,3.064460745130091,0.0,0.5454121365708833,0.0023288181473380774
11936754,1407404,0.39233921482455725,0.5400517781566968,3.9536301551570827,0.33437922574121876,0.0,0.25470421597603626
29078772,1407404,0.1859002272122938,0.7876028885148805,7.954477861022628,1.2324134320160798,0.0,0.0
10932888,1407404,0.21394560575020594,0.8268437698152584,7.939034710981164,0.0,0.26056953158709384,0.0
3919257,1407404,11.72354492246088,0.0,0.0,0.46836636003149124,7.598413466154533,0.04770415594701029
