member,group_id,r1,r2,r3,r4,r5,r6
56392192,14110192,2.1420801659881907,0.3358960266596402,1.0076390321330426,0.4286338202154054,0.28912604719850316,1.863612449718042
185614599,14110192,1.5766249338541602,2.7841466238238004,0.0,2.2866663424942137,0.0,0.0
88600072,14110192,2.5257601152300913,0.15967264973941908,0.0,0.8747020270962982,0.24659909191219181,0.8215722145620838
152181262,14110192,4.088427055985212,0.31782814414602767,0.8028890733913701,0.2570986208299292,0.005127364495469194,0.1312283540839781
14586138,14110192,2.184570886503496,0.11680993689258055,5.818760446402322,0.07974747866207345,0.7145270277133916,0.8773958899353911
177071392,14110192,3.184220321098809,0.32421482936237106,0.7050141695965987,0.4494740562989451,0.0,1.0741015459565815
187496868,14110192,3.360175761769436,0.4800171531788352,0.7042124568950346,0.5362683298585887,0.0,0.06019870565685213
143760552,14110192,0.7796386461294689,10.55025007540088,0.612996123397596,1.2858710099411579,0.5961601721569155,1.2568186543423012
134386602,14110192,2.1784363951393777,2.1257514175677925,0.8912855186352957,0.3928522566079558,0.14284578834747053,1.8140363341293873
89317442,14110192,1.992173151563808,0.2323191825926441,0.4483818961815303,1.095005183861238,0.1897532214044994,1.2877147104143514
143914822,14110192,1.3037914672413295,4.84470514797804,0.0013801187270881638,1.7280164506075344,0.6333201832084636,0.48117113339207995
143999562,14110192,4.196592196328624,3.75126103682494,0.0,0.0,0.11854561386462834,0.12617386734864525
186513739,14110192,3.1976190338332295,0.13464626125293475,3.8734121732388185,0.0,1.7070475030434944,0.5893599469832969
620880,14110192,2.796298474384815,0.8927408029437859,0.5660103530119912,0.5944976896936388,0.10208739900012337,1.1053906183738373
187208922,14110192,3.848597753666934,0.0,0.5488550954653243,0.2623927766531491,1.5485357432620215,0.8129370012913885
13350362,14110192,2.228105255178748,0.0,1.2524494069496432,0.5492646487069763,0.12418479734363584,1.5148428182035065
185589597,14110192,3.4480712555476463,0.4761906496654134,0.0,0.7755101457910059,0.0,0.21665720521200338
6355045,14110192,1.8307587092881759,1.5399751593953206,0.6005287535457365,0.9188811260133497,1.2259538150101867,1.3950624088522925
178762232,14110192,1.3896946461221211,5.062786639031465,0.0,2.231395362762141,0.2235424504017034,0.0
125246842,14110192,2.166656603976365,0.00760567250417353,1.1436467148883918,0.4516969136308522,0.24550472374490986,1.830348537604428
