member,group_id,r1,r2,r3,r4,r5,r6
164912672,14162632,0.9242601151661847,2.0536162872012738,0.10779403764841672,1.3422103039408937,0.3457370374378073,0.0
106661442,14162632,1.6144780832192185,0.036300043366891306,4.39311566060759,0.0,0.0,0.0
95166092,14162632,1.666945455074811,0.0,0.0,1.9826331544580789,0.0,0.0
131254672,14162632,1.6393097657770814,0.012155484000632417,0.09804806698346834,1.436774714407199,0.0017596938796337997,1.5758758707613072
156029682,14162632,4.78540107420838,0.27981252503360776,0.07062279634799179,0.006128944728770849,0.0,0.647385918270718
2318068,14162632,1.8643272866422027,0.34595631963334,2.2723958307456185,0.11032639179675209,0.29292807405599164,0.13121741182953026
12486966,14162632,1.9360685796084385,0.0,0.4040564435649731,0.7517707352186739,0.35517197413002705,0.8572994642519292
146609142,14162632,1.732236162666446,1.1649385050693495,0.0,0.9951565132843443,0.07153777496484945,0.549501364385084
9608446,14162632,0.4540799154516072,6.2360835510409816,0.24641385206915606,0.27805303510152846,0.001381279764071347,0.6999467140772146
