member,group_id,r1,r2,r3,r4,r5,r6
9989507,14185962,2.627508918753661,0.0,4.345444790279538,0.0,0.0,0.22720863517692266
153015672,14185962,2.3227184431811994,0.04448648102038698,2.6411718663179617,0.784691993898798,0.9394691096541536,0.12100686030653518
4248113,14185962,0.9789003400527432,5.059340642300584,0.03741825876902566,0.7645454628562621,0.44363543368996855,0.8681558134044339
144410872,14185962,2.4437127788118542,3.2227835728883227,0.5368113390902846,0.0,0.04096321689200869,0.6883289259852314
182730361,14185962,0.6246973577338877,2.7324185386758186,0.0,4.288134583799516,0.0,0.0
13924926,14185962,4.415518514372958,1.0067417574977129,0.6145315635596963,0.0,0.7443739668856116,0.0
