member,group_id,r1,r2,r3,r4,r5,r6
5345833,1426193,2.428324041266966,0.03690297891366832,5.4307343413796,0.47594515637421186,4.612453580416531,1.252915113646145
8990155,1426193,0.004739082975378012,1.237722407261132,0.661888017757499,1.7409932959022885,5.896754506996925,1.6602405327272476
