member,group_id,r1,r2,r3,r4,r5,r6
9218595,1426193,0.9094215892822212,2.381509998409277,0.33003277809385656,1.4724007742882854,0.043262867337250994,0.010299305257237863
3334201,1426193,0.7463150228811115,2.441377278568782,0.003865827360524167,1.3325666124082751,0.9568244804927313,0.04827639105323283
8596122,1426193,1.3938831460357566,0.0,1.2749659881780408e-06,4.034922790899054,0.24283947615007873,0.3230763805547966
6573827,1426193,3.0536456480162646,0.0,8.81183590657302e-05,4.26957996644292,0.0,0.0
