member,group_id,r1,r2,r3,r4,r5,r6
9176316,1427686,0.0,0.11593593287281306,10.728015468197157,1.670349032916403e-08,0.0,8.585903586655344e-09
12502965,1427686,3.683265346905996,0.004006185791226172,0.033603847565402,0.0,0.001124212703814424,0.009919796302659045
5178590,1427686,3.6833718019404547,0.0036135099846677995,0.016855002042581512,0.0,0.032853810207717216,0.007643221557930055
