member,group_id,r1,r2,r3,r4,r5,r6
9176316,1427686,0.007184489538258192,23.455232272394248,0.055053791453842336,0.050312390548492895,0.0,0.2399328949396679
29894302,1427686,4.783448401293083,0.020483501413078545,0.09675361777765193,0.0048227423193724665,0.00029035310118141484,0.20026927625996155
