member,group_id,r1,r2,r3,r4,r5,r6
4214218,1427686,0.0,24.162938760135734,0.19398773300799393,0.01720808128283014,0.15591444946064717,0.05649303161032706
8843600,1427686,0.0,10.415198830174411,2.188143852215528,0.0,0.22813297220362305,1.0455607667372755
10848816,1427686,0.0,11.627963267987155,0.20979277249021241,0.42058731400934185,0.0,0.31988613540761723
8872407,1427686,0.02279360486440859,23.883084163082938,0.0,0.7008108595225135,2.8734443198839323,0.046811481969350276
9176316,1427686,6.298748738307928,2.6869428847815454e-05,16.814934578136587,0.0,0.00017457176343313005,0.0831083897763126
