member,group_id,r1,r2,r3,r4,r5,r6
13423432,1427686,1.452010073411325,0.0,29.18875088210482,0.0,0.07056952235972061,0.0
13237323,1427686,1.2874612856209116,0.0,29.292266675550636,0.07055212770164193,0.0,0.0
9176316,1427686,0.5803992346677508,7.8931067634387455,0.0,0.07824205538659966,0.0,0.01394692575135359
