member,group_id,r1,r2,r3,r4,r5,r6
1991724,1427686,9.964726728990579,0.044705965749046166,0.0,0.002362228864912504,0.01827376353740676,0.11431665851307374
9176316,1427686,0.0041978377552831835,14.690636975191115,12.173062838561963,0.0828428743621004,6.488520735099688,0.00018663466643638847
