member,group_id,r1,r2,r3,r4,r5,r6
6498432,1428911,5.789478699604838,2.2594498631750097,0.3072853144992362,0.5802033760041403,0.05831173130313454,0.7112121286661972
13049101,1428911,4.348398299694696,2.107744534828406,0.5218458623685684,0.7302565692918763,0.3238428007060418,0.7940232596047869
9321243,1428911,5.557541229206765,2.1062545474816887,0.0,1.1273363506056122,0.0,0.03890411193709184
7930654,1428911,2.6951564568061492,3.888821569365018,0.01926585839957838,0.48371522092107516,0.10229912708269905,0.992427241097046
12496301,1428911,0.1389104900407169,6.475211866044168,1.4674210648432442,0.33971390156821935,0.7886741226845206,0.1664512835229488
546487,1428911,1.738697909585525,4.191920833851906,1.5784055077395156,0.23775117439393187,0.09709321410348598,1.1147148162065503
1190713,1428911,0.2294239047236648,4.838742631303356,0.0,0.9420460306780235,0.04143401198301817,0.4746441636921408
6485829,1428911,0.24224660504316478,3.984054435136025,1.9428007401765253,0.16711929024148386,1.8048944755831975,0.25043785270083807
482761,1428911,6.297896325659018,1.804934143681534,0.45793188700693405,0.545823053274487,0.12131283345198092,1.039509705471121
8283987,1428911,0.0,5.060898214820924,0.3841333720498788,0.6181448880088035,0.08698133707239376,0.851169356178501
10931414,1428911,1.9539778200503517,3.3759631103331698,0.05924706477026256,1.499676766600288,0.0,0.0
2388215,1428911,8.393074232323594,3.128856217059168,0.26455820676807723,0.0,1.7603050309958754,0.0653406126740016
19768541,1428911,6.0424404503774545,0.33219070416292623,8.498254589171394,0.36938381342393123,0.08000646634810604,0.04677842524215855
1324258,1428911,0.5195778315042113,4.84975663614981,0.2662984900034256,0.5828041896629252,0.09133689485333221,0.8997652433542268
33089892,1428911,0.09747447416609029,4.673833236947573,0.08047487100847743,1.293219106571555,0.0,0.0
5705960,1428911,2.8779579408353873,3.560312309067228,0.0,0.9081961091842707,0.02990451650186235,0.4262197252576162
8488308,1428911,11.355314278147654,0.0,0.7914784205137582,0.0032800020479546482,0.0,1.3439748012651798
1205239,1428911,3.3270544945914113,2.206781382512551,0.05839267790429645,0.5814585326977095,1.8676009690190707,0.0
299259,1428911,3.150188168159228,3.541785599107613,0.5025179568499925,0.5229964230483454,0.012080715720554082,0.9350296009679452
4171388,1428911,4.723406125877867,1.9486656874386943,0.004335119918203378,0.8853961552739051,0.30014972090266984,0.6548080914924282
