member,group_id,r1,r2,r3,r4,r5,r6
9479016,1428911,4.8398597465976785,4.0674067002297845,0.0,1.3642812781961853,0.3799962132770594,0.0
482761,1428911,6.87158323407606,2.1125740140054687,1.060834702598859,0.9275609674190508,0.7374578005437831,0.1346783366881721
13049101,1428911,4.249694186021974,3.978132230516862,2.0663907010543627,0.5467125858378966,0.4692722484628018,0.3890559612469561
11141435,1428911,0.04536548854632322,7.743217791216619,0.4389822273856188,1.5089260473104424,0.10412682226441926,0.12174920032763344
3805969,1428911,1.2135539281459198,8.466614265097212,1.766113653357209,0.18139788354185332,0.16351934942380283,0.3025198472341373
1205239,1428911,3.3550206081300713,4.2940671204018,1.0167063625019463,1.3855804005666026,0.5256604058495372,0.02169486636874054
8488308,1428911,10.50197561563818,0.0,6.36612540168066,0.0,0.03155742022681894,0.0
2783891,1428911,1.6856016661814361,8.816882660709231,0.0,0.6826305937415187,0.4733696817629775,0.0
2388215,1428911,8.81583796839347,0.6278202867673883,1.5148713249015955,0.780622820307336,0.6254236560623321,0.06708794600476913
9321243,1428911,6.172317528494464,4.01045708966546,0.06974657648503439,1.2189669169486856,0.0,0.0006427488642849271
4171388,1428911,5.438214373781255,6.452677265938628,0.0,0.0,0.4679465417785311,0.0
7930654,1428911,3.262390481134293,5.125992129436988,0.0,1.1333790562889035,0.5246678937740104,0.22284720191305196
