member,group_id,r1,r2,r3,r4,r5,r6
482761,1428911,7.765624540677259,6.511127061194836,1.7119173632152938,1.5199945085869184,0.13560574318800692,0.0
13049101,1428911,5.127148352237252,3.875222963179995,0.2876078694977871,1.1380953260649598,0.38901885811930775,0.8900565200727062
13549839,1428911,2.205034014114591,11.479348856316236,2.9661478080977774,1.4853609127103942,0.3139967939427381,0.0
8488308,1428911,14.0425128723829,0.7386271096320448,0.02504009342118333,2.315162072350328,0.07424725843513495,0.03477582157833987
7452858,1428911,0.09509067032015237,7.842523052230641,0.0,1.21694216586351,0.0,0.21835105149979475
9321243,1428911,0.5241721835220837,0.004727804865294089,0.03261362884724243,0.0,7.954069470426823,0.0
4171388,1428911,5.8532149754944065,3.887602935231748,1.803755396699587,0.0,0.07913215874915133,0.03427060257526171
