member,group_id,r1,r2,r3,r4,r5,r6
176543042,14291952,3.7444914642350406,0.2711792638710213,0.0,2.8771847146504546,0.0,0.0
183993699,14291952,4.0587647136056315,0.06991674711194361,0.5230476656634334,0.96830314512742,0.011229355717569103,0.5637446466308454
14572580,14291952,0.00554089914183532,0.8514650911474883,0.4348207993546328,5.580019498078709,0.7798133833076386,0.2658591666181126
46539402,14291952,3.8262859239153837,0.31830230999276404,1.2692301328017603,0.20193076938772347,0.9680979552445416,0.04006670239423792
178020882,14291952,1.0564994062183781,0.001089983542114061,3.9971401418257035,0.6096255999302795,0.7776010115129883,0.8789866077814595
184282551,14291952,1.0516608094262023,0.07744626859291816,4.864886496428257,0.594870046490259,0.0,1.0141638296937576
183907642,14291952,3.9070938946364957,0.0,4.3474588682017075,0.0,0.26675586048459243,0.0
145297182,14291952,0.25198944254560923,9.164550210826512,0.23882116952594198,0.0020491390507881807,0.0,0.3856936224291037
