member,group_id,r1,r2,r3,r4,r5,r6
163936192,14291952,1.5978323064329416,6.317061244795805,0.0,2.2956091393261766,4.668004347072582e-05,0.008218738855693459
155037482,14291952,0.5207666561929167,1.805591543458238,1.7371266667038048,0.0923078384829612,3.911799014292789,6.020909637245954
91478442,14291952,1.646346766659509,3.8475278718793975,1.4472875238608955,0.0,2.010748187491315,4.432387813618792
102739022,14291952,0.0,0.12985316990848014,2.7350256423053905,0.10745885278706219,0.13493635909223664,7.696761787018742
145297182,14291952,3.6211797360070976,6.452954579332541,0.7608679535581622,0.024550975423355277,0.0,0.0
