member,group_id,r1,r2,r3,r4,r5,r6
163936192,14291952,1.4926283300686896,8.377082687991509,5.990288274451773,0.0,0.0,0.0
8039886,14291952,0.25449594875906606,0.035682599783548104,10.489840731856164,0.031623132437886545,3.745955792452203,0.10393136613333698
160573172,14291952,0.5029110638468146,0.0,1.2272327667616219,0.0,4.6238697711456105,0.3810492495318378
81399162,14291952,0.2909433490676498,1.398598092046917,0.0,0.01393699057929965,2.9811608699249756,1.057900462799375
145297182,14291952,0.36819944306839114,10.582133258235483,0.0,0.36756907944355,0.7824992446874766,0.3309974947950236
