member,group_id,r1,r2,r3,r4,r5,r6
177741442,14414142,5.818779960869679,0.0,1.3366432074687051,0.0,0.42631834704330385,0.0
184500706,14414142,5.830483221714086,0.02063449488748547,0.005886604033432385,0.008563113345352563,0.2434059408729121,0.16203230262682736
180534822,14414142,3.3326562000540614,1.445194868538825,0.016677452578351997,0.6570368565992111,0.0,0.517724239589135
185051678,14414142,4.547270879408608,0.07421716171759045,2.098982709523888,0.5142735831788361,0.0,0.0992198018456665
185360711,14414142,2.1891630935695816,0.01501120841070664,1.4048431812618547,1.8544857843550435,0.0,0.7179342074701123
49883882,14414142,2.1427136466671746,0.13623011133305368,2.7058952935258174,1.3693649936035013,0.27253478267039993,0.6298073329319236
11921100,14414142,2.733202537193882,0.3015020260903332,0.0,2.314320281497646,0.0,0.3327090490796466
1869902,14414142,2.964901865566224,3.4122225329719895,0.14536316196442428,0.32101130026348773,0.37684660168517886,0.0
184753267,14414142,1.3088366594129195,0.0510224979090456,0.0012294167347781577,1.6946337452393716,0.13903753495043353,2.6982313587877633
14265979,14414142,2.7761242441139626,0.016189132893736854,6.254658440550681,0.34433119806561896,0.34588344445606606,0.0
185142747,14414142,2.1941112337826425,0.02902609404494233,3.0162446556946483,1.5053810327007462,0.0,0.5684828750239548
185404377,14414142,2.183140212261551,0.0,1.5042548045201611,1.7802034787018233,0.07588634226906313,0.7257042381211458
9703931,14414142,2.7161622815039657,0.12033910336448982,0.2158504385560618,1.9233638462706557,0.4281167313619673,0.477189069016337
146306302,14414142,0.28892038816049337,12.551324908031685,0.0,0.3499583572234343,0.0,0.6648814331333288
