member,group_id,r1,r2,r3,r4,r5,r6
146894232,14488842,0.015284179401635107,13.275026023323608,12.036132417838074,0.12652305139780656,0.05599566462942039,0.0
185046926,14488842,2.645364198426404,0.1416978407730947,0.0,2.371570782722275,5.8165184466782796,4.2674074714747166
