member,group_id,r1,r2,r3,r4,r5,r6
3984610,14525292,4.248911600793331,0.002151048391262486,2.8882944152259444,0.5876896014635971,0.0,1.768405657589501
147194602,14525292,0.41258310217393696,9.5339842519225,0.017001219187232727,0.7274785099977613,1.6008280076713537,0.21074140030379024
186513739,14525292,4.926780029245047,0.18331657533594678,3.5496290753952717,0.0,0.8765653481715023,0.0
185873066,14525292,3.4034253979328106,0.006667196291447446,0.043752338797845014,0.7063007768793367,1.6968505819188004,0.7637542498833948
181383632,14525292,2.0512016624590728,1.6070656752520676,0.0,1.9456837032017649,0.0,0.0
77155742,14525292,2.461389255834287,0.19673246749317286,3.3349538592926304,0.8235242697861878,1.8769122137917558,0.1734505805213873
