member,group_id,r1,r2,r3,r4,r5,r6
146349632,14536072,0.0,22.295712295144945,0.03297372064329713,4.8091255447885475,0.4051455505432964,0.0
28369482,14536072,2.068749773548199,0.0,7.579633991076456,12.339548505336177,0.0,0.5285786194579436
