member,group_id,r1,r2,r3,r4,r5,r6
146349632,14536072,0.399324427671358,0.0,10.475998372308338,1.8856545188840004,0.0,0.12251294056564349
28369482,14536072,11.93321852380531,0.678174316715642,0.05048306011899214,3.1309285244756597,0.17307893048025685,0.0
11804683,14536072,15.047524309312475,0.190619228140805,0.0608536621653464,8.544028017428257,0.02139054757081575,0.0
3243388,14536072,29.374437136892727,0.41069731918584373,0.0,0.0,0.08747971507800895,0.0616084289846594
