member,group_id,r1,r2,r3,r4,r5,r6
146349632,14536072,13.459616619527951,3.6834457859737835e-05,0.0,0.0,0.0038875861683608528,0.0005745384992919967
190477076,14536072,0.0531774278845923,7.649537772063276,10.893773650842848,0.08237265298681995,0.015172120736436628,0.03210158588626135
