member,group_id,r1,r2,r3,r4,r5,r6
152943172,14550662,0.11895225189178137,6.526935183142416,0.0,1.296781827612376,0.04488258854814001,0.6769071014096086
9506564,14550662,0.18196967285263818,6.904980224442193,1.6725207514797427,0.4855145006273822,0.0,0.5299734592760386
12412996,14550662,6.477943547690459,1.9215666313928697,1.147882264329992,0.0,0.026418152541890977,2.653997033373661
157893962,14550662,1.5845459123826056,5.323832167549577,0.0,1.2920179206259919,0.2682291676516827,1.3115392761335494
8626128,14550662,8.007094724140375,0.0,2.1293733823227705,0.957214249829818,0.0,0.0
151801462,14550662,2.2292950664095863,4.49227261812219,0.0,1.1892038357344341,0.0,1.8326177863649356
