member,group_id,r1,r2,r3,r4,r5,r6
8626128,14550662,4.242441836695605,0.32713522131134,0.2199509112341414,7.973443329928936,0.17619868608893263,0.08833844986118433
12412996,14550662,2.2070394579632326,0.06461370536954125,3.996580598211452,9.83131322972439,2.1413137948953582,0.0
