member,group_id,r1,r2,r3,r4,r5,r6
191528576,1458708,0.10633833372015002,5.729048796661798,0.02066888982502245,2.2623531899045215,0.0,0.39625535169869996
9679111,1458708,0.03519610473556283,3.4431938980595715,0.2342110756812747,2.3831702524766287,0.8071502218013424,0.0
8431160,1458708,10.842158837355024,0.0,0.2679000798269685,0.013202637731200092,0.015102757325606158,0.005393304371928932
9601935,1458708,0.12920663230829973,3.391958156929082,0.11880042707115189,1.9255467859967486,1.0002439771363654,0.45929660908143105
9586643,1458708,0.0,2.4104127174228123,7.568404225233372,0.0020453780460899765,0.16667983474261702,0.0
66800152,1458708,1.0140971800376322,2.5453988681920974,0.06109679316268826,0.568679045591328,1.4984014600581121,1.278426272577032
9588378,1458708,0.0291887117939062,0.4065235099373564,1.2557145132787713,5.334705200674445,0.0,0.0
