member,group_id,r1,r2,r3,r4,r5,r6
9927239,1458708,0.768860123024253,4.976956295521352,0.0,0.0,0.0,0.0
11417962,1458708,3.63041849878514,1.771450511118277,0.9532999229471703,0.0,0.303352904334229,0.0
9601935,1458708,0.8681506681502206,3.8963233521434444,0.822073514606703,1.1844684112206527,0.0,0.0
9586643,1458708,7.372846103010457,0.005927621707144424,0.004498825092718321,0.0,0.15124302117741112,0.0
9909238,1458708,0.7685609782854781,3.121559725644577,1.6788426558914724,0.0,0.41967340108555334,0.0
9588378,1458708,1.2090387328118963,3.695360687863688,0.7444185799899556,0.0005147712468625971,0.522672535016837,0.0
