member,group_id,r1,r2,r3,r4,r5,r6
12215077,1458708,0.02743161682629637,6.4227994013361025,0.39667321093196334,0.0,3.5229441231393244,0.0
11417962,1458708,0.005322183756263938,2.078782620533765,3.0194191539767963,3.2926995564849824,0.019130536010904257,0.038278951749960266
3546509,1458708,9.99199639483546,0.0007171813163663484,0.06735970491910263,0.02775783927977124,0.08494581946989853,1.6428096515025896
9601935,1458708,0.0873737988193772,4.7601565586650265,0.07957617097505389,0.0,2.388345886770405,2.706602599746736
9586643,1458708,0.0,1.1066226020331928,7.479037307392403,0.5433338424555911,0.0,0.0
9588378,1458708,0.0022772231321853496,3.2238588712957634,0.02607714643765473,5.5428702653369815,0.0,0.0
7614203,1458708,0.027854135839372456,6.426422518006882,0.01709742170502708,0.11057731122317022,0.0,0.14175441989141435
