member,group_id,r1,r2,r3,r4,r5,r6
98008162,1467930,8.292517052852007,0.0,0.938475152089401,6.626540343929879,0.015447030950206542,0.018542262080057135
196517874,1467930,0.0,3.592751610463434,1.1275757282725334,0.1933757726670266,0.10680220568326378,0.0
10009589,1467930,10.319374005838359,0.12064216747134576,0.0,15.683968485475068,0.5754936823668257,0.0
55599222,1467930,2.9901713266012977,12.08471736263827,0.17229818615740786,0.0037572550150830764,0.0,0.0058027442011303705
191023551,1467930,0.42840436214546496,3.6461026111456536,0.0,0.0037733158752457185,0.2466968086199887,0.33637322161406874
