member,group_id,r1,r2,r3,r4,r5,r6
94428352,1467930,2.5126652239257656,2.008898056301327,0.28680434635044394,0.045825635450665037,0.4700264340659169,0.19547250215415946
157408352,1467930,2.7265621208299318,0.04249858251139837,0.46275764499095645,0.10115130942676313,0.6571545341683345,0.20811728851163958
98008162,1467930,1.3073301246255187,5.845573355697587,0.0,0.0,0.6046323097515754,0.0
5995427,1467930,1.8465672888097195,0.0,2.543753861597354,2.3042359929995393,0.10399881891648124,0.3301294505295551
68852412,1467930,4.638736975180672,0.167238398164271,0.03350373152456219,0.21993626423865034,0.1862858699246453,0.24492171460555553
175948572,1467930,2.7016431895556394,0.4010686467743011,0.06747309565043935,0.2066604013843117,0.7272466259486992,0.0
183146857,1467930,4.848319936224053,0.10061265146745967,0.05980986166536007,0.0,0.14308235869715727,0.2173762367431893
37274762,1467930,2.8317842050189097,2.540368353974781,0.0,0.1464757992223793,0.4150647844380252,0.0
102735772,1467930,3.0090493089358397,1.0568571368292479,0.5379214199807401,0.0,0.23731469849474945,0.6179485291813912
97819372,1467930,2.3079703980090245,0.2097230405214424,0.05851627142840399,0.11254586231304547,0.21345079676203324,0.3986813345615339
2977389,1467930,1.852754720658377,0.00803219624284877,0.9280349410219544,2.699045814933786,0.06801570304805786,0.3071121290070212
158945482,1467930,4.621738419336867,0.2377001435736844,0.12422182563813886,1.5278744569538643,0.05368772456675042,0.0
10958641,1467930,1.837501431706037,0.03472096718538917,5.700058820093767,1.611435434721901,0.37740123925483005,0.0
10009589,1467930,0.7068081986542379,11.056609088189834,0.1528603673186693,0.3037709937545918,0.37621767451802435,0.0
11844853,1467930,1.851279414367253,0.0,1.2191741268878666,2.617303208209922,0.049557479521780946,0.358387408550915
123709912,1467930,1.8235846901958592,0.15016369714935435,1.4902600731479663,2.5241396788265344,0.0,0.4398676587338371
9323962,1467930,4.6316884096866735,0.060443271174695584,3.4793568240109436,0.011223881782713522,0.0,0.48864458359755064
110882812,1467930,4.633340639252962,0.9492128940372985,0.0,0.03770460321344358,0.19117676919310111,0.0
