member,group_id,r1,r2,r3,r4,r5,r6
39020512,1470486,0.10259186184392437,6.554434106837407,0.013309083005663568,0.00437480029630395,0.039625828379344905,0.0
9478209,1470486,0.7440549433097782,2.57881478021946,0.0,1.9723498829185655,0.18023646289491785,0.056014069396750736
11055554,1470486,1.2866026814399887,1.817029982678773,1.540289063757993,0.9779463979806641,0.02932782165478504,0.6390117992697103
65736292,1470486,0.3636562304974994,1.7733769275536004,2.2499986601823587,1.3447059594248942,0.0,0.22367367328205515
35312612,1470486,1.1218006818383206,4.485146958845357,0.1833641534327548,0.20811118766574194,0.6919992933969772,0.0
13507111,1470486,0.0481211707851523,2.618040341353802,0.32620145386280736,1.915249623216612,0.14490799575180632,0.21381691132373218
10029640,1470486,3.8458521723809427,1.5439040692466905,0.5896002543069004,1.298451195835174,0.08896272566599481,0.0
63281512,1470486,0.12592964087089759,2.7212648329354976,0.06497018219603082,2.309756082937205,0.06715064965767766,0.0
3192682,1470486,1.3642231033015895,1.663938763137921,2.191429082971391,0.5694577887218566,0.06197044714497515,0.6773662839603074
2918220,1470486,1.053949314492254,1.6940846382029306,2.961141109282102,0.0,0.18481425681631528,0.7109517074520134
10845070,1470486,2.0588016964814813,2.4422550175684283,0.11830681804364064,0.9385674756655691,0.05430501145674477,0.31779857962634284
62743822,1470486,1.1341594668780002,2.272228558291272,0.10529001626739688,2.210723231279962,0.0,0.0
25944912,1470486,1.138955998519182,1.3412285024814765,3.254976871357077,0.7187582531140544,0.014476797565094053,0.27344486500151133
11882578,1470486,0.278970896287533,3.4741215563873635,0.5026350497308592,0.4407639005267742,0.4956427950722263,0.0033940245587194325
3763033,1470486,0.12284224681318723,3.6237287327409393,0.0,0.7914636468338119,0.4666767746836806,0.0
5042714,1470486,9.80330554435905,0.0,0.4526485729879272,0.0,0.0002925040560647132,0.4170065559326396
