member,group_id,r1,r2,r3,r4,r5,r6
65783852,1474938,6.687577748576529,0.8838865950809144,0.22999213113132472,2.0011896982249575,0.007626167295592808,0.006088593462334918
80392622,1474938,6.300792632626739,0.003385543139283636,3.3929805567112754,1.9308961815443304,0.0,0.1060926163358981
19453361,1474938,4.157885289327576,3.0012998152904657,3.2911385991990705,0.0,0.38157338373800914,0.0
116573042,1474938,8.005916060367545,0.14492878612871368,0.0400764039001473,0.04471841075661586,0.0,0.024254891758434555
14340124,1474938,3.828197776105054,6.496636067001155,0.03607823641503799,0.21119738177732877,0.04260896835477426,0.0
97014782,1474938,2.1844788742855576,11.422819621695753,0.0,0.0,0.05462425593320898,0.0010783987451971563
