member,group_id,r1,r2,r3,r4,r5,r6
12391864,1474938,1.2009402494660435,0.4218915025706189,0.2711021954993217,3.03330163148802,14.258199089633127,0.0
97014782,1474938,12.338975226189154,0.0,14.719398471652964,0.0,0.0,0.002005988227023675
