member,group_id,r1,r2,r3,r4,r5,r6
9742565,1474938,0.4438764388842392,8.237630031215847,0.0,0.010401095812723958,0.23325175336901344,9.80600032556601
12045116,1474938,0.16638141103959375,8.661311159463196,0.12965864816724604,9.736695129314214,0.22927368533501993,5.376765490957536
14340124,1474938,3.9181941849313033,3.293405224856612,6.827822560967244,0.0,0.3367613656849313,1.1214580128293465
97014782,1474938,9.021981679669958,0.008951489655888607,7.088687343066047,0.07342416575184062,0.006718093231203467,0.0
