member,group_id,r1,r2,r3,r4,r5,r6
74526752,1481631,7.640555494796199,0.6377328810930785,0.25783265742551414,0.6817765623920666,0.3329606544266446,0.34191436390572777
30700482,1481631,0.7392736995896139,3.34879358343866,2.2564302950504294,0.0,1.4957352707882166,0.35875882917557417
62658242,1481631,6.727327096307594,0.6738590050209596,0.0,2.808723155802619,0.02084750517974901,0.0
101227332,1481631,2.672220116435544,2.8346843356085016,0.18126411423653974,0.7995455571961612,0.6975994719406846,0.06148946225304883
62355912,1481631,0.25461636369944596,0.3233863745619838,2.590515580510962,1.3808534116002935,0.04258766135808953,0.42155793581136064
11423502,1481631,0.5089539472877359,3.2456714284633725,0.0,2.4567146114923326,0.31860532549194664,0.17134815851248963
156282512,1481631,0.5798980959130599,3.738152541345498,0.0028198667622350865,0.8962338318203591,0.7712473981460994,0.0
163816912,1481631,0.05820873278563625,0.503452104680119,0.06427175356454481,3.3591797732193984,0.0,0.0
14615091,1481631,1.0825255479881,0.05871476886927754,5.318074866046465,0.020821293478777023,0.22171298468812084,0.1179261089700755
160112052,1481631,0.03106535049946183,3.916194112461861,0.10724675396139781,0.6720303033547652,0.7868966007077735,0.16329123036826143
164986452,1481631,0.05820873278563625,0.503452104680119,0.06427175356454481,3.3591797732193984,0.0,0.0
15233331,1481631,2.579944129177406,2.1573957111086517,1.6201062078577715,1.06369188086232,0.015771593067748144,0.8976529992339318
169156662,1481631,0.228531934033138,3.7544581552355205,0.1092043492755265,0.0481097653049357,0.0,0.0
16109721,1481631,2.7827166689722063,0.0,0.0,0.0,0.0,0.21483629001775353
37333692,1481631,1.151547229178019e-06,3.576478479202771,3.8617163170329016,0.501785878188714,0.5102037216622742,0.09472381207373469
