member,group_id,r1,r2,r3,r4,r5,r6
62658242,1481631,8.384932493251364,0.0,0.0,1.3579812927379453,0.0,0.0
151175202,1481631,0.31342826064481605,4.422282195477691,0.0,1.2716645875977701,0.796639739046537,0.31962950273919677
10708964,1481631,0.0,0.0,0.0,2.1222316463438493,1.3211328399828184,0.4864390583075333
6100804,1481631,0.17512793396113224,4.545438028644742,1.640513936703142,0.44027972607621824,0.706878531251221,0.19953028248932345
108182632,1481631,0.0,0.0741168903407798,4.233496373591462,0.0,0.8233485338323157,0.0
98609682,1481631,0.11888135540879194,0.042093387018569295,0.15565495455493772,4.083352766631864,0.13477708110546538,0.1245052811913889
15233331,1481631,3.1697614734087893,2.5972019389841154,0.6603656829786972,0.0,1.6555365642663704,0.0
160884372,1481631,0.3792429790913821,0.0707991807303425,2.000648567295476,2.0878987529276736,0.0,0.691202431461676
183713082,1481631,0.045497400153967846,0.196611012059178,3.2705474023034506,0.5002847925917432,0.4388980620250239,1.3616749479368375
144216892,1481631,0.715974509794246,4.388859640010804,0.5318363799173585,1.5735550335746475,0.0,0.4225154872306081
95683582,1481631,0.04678204352824118,0.2130213045725446,3.005221102417842,1.0389862874064826,0.4459467106463165,0.5542087959086623
