member,group_id,r1,r2,r3,r4,r5,r6
9504032,1481631,4.590663487662175,0.7515382776742137,0.362212285894393,0.0,0.5742058307519881,0.024341656850511498
74501992,1481631,4.738531618741334,0.09350328588873118,0.07111909903698792,0.31696970852040407,0.0,0.0
11694665,1481631,0.7207080369242617,5.830224528226968,0.021528973552859352,0.4890059861541682,0.0,3.1124703639348534
35450762,1481631,2.934990392960779,0.5415156282559648,0.12753071608963285,2.7934428257217534,0.19565442125631496,0.3955083980559015
6805101,1481631,1.7059315951478722,1.4860778800718337,5.372314076860906,0.0,0.0,0.7120585639201075
49011182,1481631,3.9084042900987677,0.0,0.6684081604005868,0.8543334200234404,0.13301016542000207,1.242411128647906
3233394,1481631,2.226407373573978,4.068106101006798,1.3991129911085611,0.21012538600346548,0.8737908031624578,0.0
8845620,1481631,1.3180139341750556,0.5895026963460608,0.0,3.19374544776235,0.0,0.0
60018132,1481631,1.2546373233588421,0.40399097948525947,0.0,2.1898647271921723,0.5597896368458752,0.5366703903710479
