member,group_id,r1,r2,r3,r4,r5,r6
62658242,1481631,8.391153313005464,0.0,0.0,1.351015083834168,0.0,0.0
151175202,1481631,0.31270893116775644,4.4415993537193375,0.011084047255043052,1.1913706900504168,0.8019562747089617,0.5471017246885599
10708964,1481631,0.0,0.0,0.0,2.2230307485824348,1.4994167051608485,0.031376518560445085
6100804,1481631,0.17492218375733537,4.568273749586621,1.5779641003950933,0.3358211463221965,0.6975858996537484,0.5789914656731358
108182632,1481631,0.0,0.09332081890878173,4.142557285202153,0.0,0.8881025786627581,0.0
98609682,1481631,0.11110102906099113,0.06098177165219249,0.5057517076250534,3.917785438495724,0.0,0.05261550783053392
15233331,1481631,3.1729223864507388,2.642507409655936,0.7810886001400905,0.0,1.764974955227009,0.0
160884372,1481631,0.376784933913863,0.05898630206342143,1.8989308330306474,2.051065246221699,0.0,0.5758364383881908
183713082,1481631,0.03981436813556861,0.214423426121217,3.259186439034411,0.4396827908192808,0.43463715529983954,1.1494971816360253
144216892,1481631,0.716838791203275,4.372738246732679,0.2906102487176876,1.4811644924181013,0.0,0.7928913046334263
95683582,1481631,0.043183306111765844,0.23102478389114525,3.027753855702671,0.9706481890477615,0.430905996566475,0.4935489112797419
