member,group_id,r1,r2,r3,r4,r5,r6
183123010,14847652,4.030180447963485,0.004720726985146074,2.87407418343788,0.2822736850571468,0.0,0.0
11968070,14847652,11.833551185473931,0.06709580023290351,0.014978387736765913,0.0,0.6010557243055049,0.5922111023761968
11134639,14847652,5.992739924349285,0.0011553107361707761,0.0,1.6087056577861862,0.0,0.0
149714772,14847652,0.08801108454233164,14.973417744481514,0.0,0.017077465012085895,0.0,0.0
169885012,14847652,11.834697327611588,0.002884300594387273,0.19910739231248736,0.060580993495249,0.0,0.8582476269139374
8554009,14847652,3.004702931416443,0.09152207976820213,0.6586719002940801,0.0,2.7194439825316667,0.5631227788321959
80670202,14847652,4.0118218244229915,0.03259322821333642,1.1684221514119189,1.029853146001763,0.0,1.2027385274149194
