member,group_id,r1,r2,r3,r4,r5,r6
149714772,14847652,0.2557195256454126,8.080076793710628,0.7295113488774022,0.03135186577131004,0.5260214125725298,4.038517306635928
137048542,14847652,4.461198048660443,0.31872241604241514,0.8903984078523152,0.3917142567028012,0.028890805133335473,4.5014711607515565
