member,group_id,r1,r2,r3,r4,r5,r6
2845068,1485406,3.0209754849763497,4.156023770778298,0.41176924188957426,0.9711348972078959,1.4890157318385346,0.0
12268174,1485406,1.5660726276626264,6.5146183327529785,0.0,0.8896602407507251,0.5706709714260264,0.0
24695932,1485406,0.1416345484552409,1.1775684752133644,0.0,3.2002768246085465,0.0,0.06621954936357191
19522961,1485406,2.6804087884321546,0.5538170649246584,0.009567157963917897,3.1541497159820486,0.0027777017852641515,0.04186596603044145
10506262,1485406,3.383766582756116,19.15171077024903,1.7050825360202404,0.0,0.1869928383157858,0.45821609535319996
13025307,1485406,1.5903160945497636,17.229248789075967,0.0,0.9173916524352366,0.0,0.0
17310881,1485406,4.019838440501355,0.13881310199750801,0.22528187041868164,2.5833738260159698,0.3211909805809162,0.7291401747252809
22597441,1485406,0.36794222043491615,1.3356515446400927,0.8899520890401993,0.41109577926233576,1.5307769664993491,0.6462547783572006
12121028,1485406,27.3235749402973,0.13120556532061425,0.13558034920633638,0.6892239312624846,0.0,0.46799976878771077
13160646,1485406,0.019739792561381114,1.5163334117334955,6.115810141598409,0.9447950633789373,0.037463714538447254,0.2721127849105467
5346890,1485406,0.2816271496791845,1.2833436972387207,0.9255667460810173,0.045389010968707,1.7852457349153381,1.146218642798424
10222026,1485406,1.1400266633914726,0.9328505673831551,0.0017865124803720187,3.181619103937104,0.0,0.05955322779046954
10488525,1485406,2.6775196017182057,6.000812728921225,0.3313121252441672,0.3249506299858967,0.9139560006851142,0.4925950111088796
14594899,1485406,0.3649108970492353,1.2910509171237017,1.5242329470235727,1.8670737425805133,0.0,2.0641313372231664
9138265,1485406,0.5094520521111672,0.935745182386013,1.1303264938130546,1.9787368566719887,0.6302413745346334,1.216876167691727
4303579,1485406,10.294676363683047,2.6184007183149656,0.6030479933928987,0.23314298877068712,1.044963625334493,0.06031355306600853
10592613,1485406,0.3958964908795443,6.906043420483357,0.15434482458753973,0.6328291962881392,0.7402964314894152,0.271580698623171
10143861,1485406,8.696734428253029,3.7406794910331707,0.4783848105166413,0.22666776693898416,0.9235375173689807,0.3255922832863183
12451323,1485406,5.331317576483802,5.052214350627575,0.09793117517760878,0.647243116351812,0.7231734500251021,0.12844037554520224
11418108,1485406,0.1337399673973361,1.5042843344878933,6.534863507026796,0.929039970266356,0.0,0.0
