member,group_id,r1,r2,r3,r4,r5,r6
8437729,1485406,3.80535374067503,3.2442877917515847,0.00035734092585057973,0.5327116427900151,1.0675352856402482,0.33990849074104057
4986977,1485406,0.26487677830284684,5.85369072539976,0.0,1.3651693410456733,0.25676773621666604,0.10374908028535094
7682820,1485406,6.272164174165551,2.436616719033643,0.1443985051551214,0.4181274720579349,1.018054067314628,0.24210648609765845
4239333,1485406,0.5391167525947387,3.5248190588950945,0.7417018781834073,0.3093281339901445,1.6317973400627062,0.2738442032688147
3579940,1485406,0.40405210126948293,5.540521049390312,7.751733044589055,0.0013288364768336142,0.15857929441395635,0.17944666129831602
6168711,1485406,0.11921126160980856,3.6734451819547664,0.0,0.0,0.0,1.7781213823800854
5335817,1485406,0.49260180805172266,4.268635284250581,0.013897969065356479,0.010258775690224353,0.0,1.3683544194010462
10222026,1485406,1.8416910646418407,7.545145897256552,0.07358116919124587,0.0,0.031502001281310435,0.1340087543648892
8471532,1485406,4.255173872194388,4.815630212079066,1.1757029239967776,0.7605064980594683,0.33001393491145453,0.0
2308463,1485406,0.06658666503363458,3.991387377112308,0.9120245851645911,1.6934888800925334,0.017158851175288,0.9266080151201246
3172146,1485406,1.2818827180716492,3.2814914997144817,0.952189054934744,0.2632575462491032,1.6148846281576235,0.24337609014970776
7711411,1485406,0.38878563310213127,3.8575061504578048,1.2209494582119935,1.614328516741386,0.0,0.9347995417116528
7878742,1485406,0.2575752215519229,4.3891455144984155,0.21409418817394799,0.0,0.0,1.314226399550329
5335579,1485406,7.484619920432396,1.2517489937915072,0.0850729212640511,0.006105980469281599,1.473152795169438,0.35576581880305813
4303579,1485406,16.785347160678416,0.04381710501828453,0.7097318468349083,0.14363860729113515,0.0008778500265456506,0.40426377595159185
