member,group_id,r1,r2,r3,r4,r5,r6
4986977,1485406,0.2509681939642106,4.100441095088985,0.15690850765924053,0.5989133729436663,1.359643441945942,0.06619403525247587
8437729,1485406,3.791429340865963,2.05139867950388,0.11702366382104247,0.022268381737076393,1.888251305980203,0.028476534662638872
9062497,1485406,0.007651541858133558,5.800171218504978,0.1998298894821076,2.1301551748856298,0.25133603075453304,0.00030739197530504805
3579940,1485406,0.47842917816632363,4.028027970717338,8.18227294526825,0.000271977723841895,0.45108961880870857,0.0
4239333,1485406,0.5226038880998396,4.646511218320257,1.153494575079625,1.317478187838543,0.621184749682856,0.2799289704074298
7682820,1485406,6.2519325839627,1.0693796494288375,0.1805509915209189,0.5255038802829344,0.8389157693243052,0.5473543693583224
10487297,1485406,0.046524984591201024,6.842291028884191,0.03272170301300669,0.0,0.44877539923468657,0.20925669521499643
4136770,1485406,0.06693190951687568,2.540302891842039,0.24744869290540067,2.1270297016703634,0.6210831958733972,0.8097522061884801
7033545,1485406,0.3329862781500521,5.687727133883696,0.29305935073405515,2.089486159941065,0.22818560747512703,0.01002145394379949
5335817,1485406,0.4751715262372092,3.9726433370884395,0.0,0.07635783593598226,0.5054132824108966,0.9763893142005006
8471532,1485406,4.24940542447639,1.11827442512968,0.9605211319042001,2.9016621239706124,0.0,1.0352030158790622
3172146,1485406,1.27671684083597,2.9756346534031772,1.3614821318579202,0.3592644399331116,1.3930774931986953,0.25102671744374355
7711411,1485406,0.39117682698263784,2.5184410164155344,1.3968469391656846,1.910873643955919,0.46750339868795565,0.8203291108377894
7878742,1485406,0.24144775079441613,4.532334454556678,0.0,1.7837731625219506,0.31978637866283,0.6387368061959631
9426395,1485406,1.16201435843324,5.869826786675484,0.7805666311043886,0.01874601551512195,0.002646626204654107,0.6922482889182173
5335579,1485406,7.459122071596134,1.8229967008969372,0.13452688640171787,0.08738636865023813,1.2912733884231933,0.00988879719568199
4303579,1485406,16.75171669125257,0.0,0.054799581418677516,0.08524384863183992,0.3713547426740252,0.0
