member,group_id,r1,r2,r3,r4,r5,r6
186346692,14900992,4.243620341168002,0.0,0.12190248098854736,0.17048132717807596,1.6272139973368593,0.0
146445862,14900992,4.969070073160147,0.22140070921885008,0.4231497816968815,0.08926673624912793,0.0,0.5011361212861062
3708681,14900992,2.116186410488746,0.9142780329952481,0.0,2.8604527208917747,0.0,0.0
35865162,14900992,4.601194558065963,0.0,3.6464093580908497,0.01928183952521702,0.0,0.2548667292355069
8877905,14900992,4.174750314271256,0.1309977603580514,0.5907187291891256,0.0,2.1279303127117632,0.7294522742487911
41994422,14900992,1.7045517598226028,6.392610315985433,0.0,0.34183041468374664,1.188962818872735,0.22763164357194093
188303799,14900992,3.525267714625771,0.04554588009480935,4.903493582522894,0.0,1.6662970013467278,0.010905130715159606
183788443,14900992,2.1092125305736893,2.0408734033989013,0.0,1.7853057932731586,1.0571650843017446,0.0
152832382,14900992,1.1746048027099842,8.465877564508009,0.7029541119740258,0.40063579450098374,0.4655837536339042,0.8985996558264016
