member,group_id,r1,r2,r3,r4,r5,r6
11287779,14900992,6.178904631783327,0.2280609693121528,2.0252913485978645,0.0,0.04357956915530004,1.3393321275894448
146445862,14900992,3.759446904744343,0.27329832513992713,0.7314573200299097,0.485197588951496,0.6703955631830795,0.03113666494275202
3708681,14900992,1.7506925182643203,2.3072758198870336,0.0,1.0979455645164575,0.21632294280756034,0.0592010586227012
106236652,14900992,1.9677574728285885,0.5062809582595342,1.5635537536050346,0.8703905855088163,0.6687248291117296,0.0
131183822,14900992,1.6584941390834473,1.2724619859757216,0.05171992458929541,1.5370054893473044,0.0,0.0
161211442,14900992,3.2714897265307212,0.03509938361387184,0.013382788496084262,0.3527582150433139,0.8627584090706539,0.6113491378501206
31189042,14900992,3.087073043158089,0.0,1.4883728591322505,0.0,1.0123256956252948,0.0
5403126,14900992,6.180757148021575,0.38022634290927054,2.7804381792029362,0.011164368043348015,0.0,1.0609825220124287
41994422,14900992,1.5185038492682639,6.491339117936219,0.2087922966202474,0.0,0.35617132084292713,1.7176730323153302
11502774,14900992,2.025648003910146,0.1517345863415567,1.4072410808640634,0.7542737893035093,0.7402634168578315,0.5393915486303863
163688502,14900992,2.0683433615478832,0.0,0.4822554674692617,0.842524834043659,0.6350199493913556,1.1817168035947314
152832382,14900992,0.8904623042901995,8.652841324444971,1.2399335721694746,0.15886492772420574,0.5262792432914216,0.0
