member,group_id,r1,r2,r3,r4,r5,r6
92155012,1493272,1.0836280208349665,1.7700639465941022,1.2662479274814946,0.0,2.466974011272124,0.0
88119302,1493272,0.6066910966682042,0.8771847342007053,2.135814945318589,0.0,0.011176868773405093,0.0
185876878,1493272,0.0993394496365292,5.8684802493584085,0.7910228775183051,0.0,0.0,0.0
50636942,1493272,0.22297664262664174,0.2374323913795124,1.6805866648048473,2.4626619289425857,0.016093526973230875,1.7445970220994356
7730195,1493272,0.0,1.0595727121836325,2.1810096705986437,0.0016326790547278184,0.0,0.0
182608023,1493272,0.36396157605767704,0.9502993199935479,2.154201199821174,0.0,0.006299714782005483,0.0
188908061,1493272,0.06042617583044881,1.0415127352512172,2.1768427602913327,0.0015041459706118215,0.00026764086768685035,0.0
74842142,1493272,0.3032662508309929,0.9685586689756877,2.158760888309587,0.0001580176509600225,0.0050890183270614715,0.0
12416158,1493272,0.0725204143030435,4.884273916602673,0.0,4.021474638430366,0.0,1.6946751328835
193957280,1493272,0.0993394496365292,5.8684802493584085,0.7910228775183051,0.0,0.0,0.0
187814698,1493272,0.4690206088444813,0.8554672916907299,2.1078392906749874,0.20074386184872872,0.007544329040236667,0.15000009936016045
187861163,1493272,0.07277956315591495,0.8820948582445908,2.0605173834223316,0.5948352179725483,0.0,0.31299466323801434
139750062,1493272,2.3580313701197375,1.4196345378557578,1.1639721492487267,0.0,2.4987969140368596,0.0
72282162,1493272,5.468820503337949,3.624944842160504,0.4080207733984963,0.3687452769140622,0.0,0.03707680809587942
84990642,1493272,0.13607668876033022,0.7682133677968718,2.062142716363002,0.5595425034683662,0.008416442335493305,0.7228776419227041
12256833,1493272,3.382542519758421,0.0,1.8938856891203215,0.1874775467754194,0.054113233810599466,0.08909098355697997
8614724,1493272,0.4853263044343708,0.9137423357290478,2.1450088587224236,0.0,0.008736895089112526,0.0
58949452,1493272,0.21205884180538745,0.4952888538967148,1.9480904580378404,1.1131193593689905,0.017029528583841325,1.445993564264522
186171616,1493272,0.06042617583044881,1.0415127352512172,2.1768427602913327,0.0015041459706118215,0.00026764086768685035,0.0
11214817,1493272,12.828042692641121,0.6773818375509311,0.02981420794092313,0.14613299168129512,0.0,0.0
11122165,1493272,6.39774753234408,3.139933185322193,0.40279652143524936,0.13532715699517686,0.005937997315159473,0.622474925832516
188999420,1493272,0.0,1.0595727121836325,2.1810096705986437,0.0016326790547278184,0.0,0.0
