member,group_id,r1,r2,r3,r4,r5,r6
107771392,149463,2.336955037948736,0.0,0.0,4.688291997306658,0.1424289821561406,0.08639293911542713
654546,149463,0.08235802860962094,7.448608368910719,0.154340157823759,0.1356099826127751,2.3658988068259292,2.5604040651459985
99803972,149463,2.742412476340375,0.0,16.717445282290303,4.11262719725844,0.0,0.004378240035347955
