member,group_id,r1,r2,r3,r4,r5,r6
654546,149463,1.3567429856910054,16.955597110155836,0.0,2.5548608421499766,0.25712464367534094,0.11216393004094588
99803972,149463,0.14211725517784132,0.0,5.601909869090311,0.0,0.0,0.0
