member,group_id,r1,r2,r3,r4,r5,r6
188035906,14963162,5.1597265426364745,0.5381990766585714,0.15940150325315847,0.005823968301649359,0.1560196739535898,0.4718984921761197
13867591,14963162,4.623037207320559,0.0,9.000534056384396,0.0,0.20097232820699865,0.45323908538409813
6901363,14963162,1.7599202781004903,10.46643134465325,2.8794775073178207,2.2726376146200717,0.7057806678426278,0.009513602264812057
24961012,14963162,2.933873570408228,4.628932771857552,0.0034755736870227868,3.67992744772084,1.117391647672286,0.00210084153144933
13351411,14963162,3.6701379063433244,0.26958302529663253,0.0001042679717281809,4.618492151509542,0.0,0.0029891931427934912
27500542,14963162,4.058775174073694,0.4555857728214526,0.1560134658018142,0.0,1.669058879209276,0.8523588701814088
