member,group_id,r1,r2,r3,r4,r5,r6
10285766,1501582,8.575058313238669,0.0,0.0,0.0,0.28900282625801443,0.43251017230326516
7658618,1501582,8.588371532626619,1.805722768286889,0.06781892128818753,0.14068120297092082,0.07845563134885522,0.6052614000000056
10207878,1501582,7.532731583467124,0.4601212644622599,0.15413889796409871,0.0,0.40247567632875,0.0
4021161,1501582,1.5348415128541195,11.686302990316424,0.02368418976677249,0.3639991306607705,1.2023334691482497,0.006511930621263061
11225226,1501582,3.191312788140461,0.4639108687922686,0.2914010644926695,0.4201451011093372,0.627790046822948,0.8607422769559605
6067532,1501582,3.161401268929361,0.5778956052931027,0.419277037865639,0.4071737149960824,0.5863367174781507,0.8685004013736042
2405881,1501582,8.451177943631347,0.057963053451831746,6.434335458142991,0.00404886399391774,0.19474380400898872,0.0
10571440,1501582,8.589580377894334,1.3488157330664077,0.22391404018422342,0.3960592651279157,0.0,0.6102483447522461
6668884,1501582,4.693472965063713,0.3735672335844422,0.0657020435227507,0.4607130072677772,0.458263664874675,0.0
9561685,1501582,4.160787808657841,0.0,0.2231636499126952,0.06859472281305735,0.9947167885086176,0.16586600603077886
3256345,1501582,2.885540007879376,0.0,0.6903398224507005,1.157139040973493,0.29832660011493295,0.3349958502155947
7452858,1501582,3.9633239678964385,3.6476911865421324,0.4751844311763122,0.5196379034825681,0.48103759544455105,0.1573941319640544
9254651,1501582,2.5065296137955335,8.399262606257082,0.10837290246539902,0.06418704032292787,0.3160235156102088,0.842036737836619
