member,group_id,r1,r2,r3,r4,r5,r6
2774948,1501582,2.03874866051055,0.0,1.384545842777592,1.1871461140999529,0.014559316117720577,0.06800075894914671
12050204,1501582,2.009288218302215,0.12447280280970875,0.9938896171632584,0.5621669869055158,0.8479753904688409,0.0
11916230,1501582,1.988054841864017,0.06544700225153971,0.7213121087510325,0.0,1.4193446599384287,0.0
11283238,1501582,5.099107045216279,0.3277275069204196,0.0,0.0,0.924344857781426,0.0
4021161,1501582,1.2104941679498071,12.300827023351767,2.047068465766988,0.011928708893104639,0.0,0.006639692216593957
12343274,1501582,5.083334503392488,0.39210902610351356,0.17390739006384973,0.5195995401743543,0.3445702249979072,0.0
6067532,1501582,1.8969948633904037,1.1758639498557855,1.1457414641194394,0.8977978026205949,0.4546112006422928,0.024047710245860124
6173676,1501582,2.0028140249321105,0.0,0.9284114424361722,0.2069448207326007,1.0628460708595735,0.030855844216141272
10161708,1501582,1.7445248741792418,2.003561011662401,0.9331350666896266,0.1366869502517192,0.9184116367894185,0.11356727030354188
10571440,1501582,9.936110659782132,0.877432466284332,0.13199978658107453,0.19955827728518957,0.07302815570272753,0.35363614888817685
9254651,1501582,4.968279735731287,9.165605737688436,0.004718635807568049,0.3717884357720803,0.3574261155239267,0.0455392092710532
9379483,1501582,1.8840327795003937,1.1291552674918792,0.8885242793950051,0.39706376915702235,1.0209132691059255,0.0
12492862,1501582,8.750859975603293,0.047578929711702786,0.3744219976858994,0.13991127844601234,0.08042532254498723,0.0
