member,group_id,r1,r2,r3,r4,r5,r6
7857633,1501582,0.4291204822087008,2.619626418817591,0.6350552718562762,1.1422063685424948,0.0,0.4609133061172101
10260355,1501582,4.418930365963844,0.0019727185396373336,0.0,1.9421422753764521,0.0,0.0
4021161,1501582,1.8449491370171467,11.909756131549653,0.17691347814944056,0.0,0.19040701515967917,2.805049557484162
8298447,1501582,3.006477210516323,1.0657516306352635,2.072106214992456,0.01436428469673751,0.4322909065653743,0.9946289470961917
6668884,1501582,9.940318312994634,0.3324004903420617,0.5596713825012488,0.35744289300269383,0.0,0.1426066615197811
10546356,1501582,2.976972071713466,1.6325966882840133,1.4401461534896012,0.5653216599738299,0.017108877146934758,0.923117002310157
501364,1501582,8.669596541463584,0.40992828934912795,0.23197280263814482,0.0,1.6769048882065845,0.0
4851988,1501582,1.1093158508415697,0.057695618681133515,0.7504212073838825,1.3580353947171997,0.0,0.0715098865513973
10549787,1501582,0.9957469819210577,0.0,1.4069265120440217,0.45334813021401776,0.5649978101404493,0.4817034573391818
9254651,1501582,5.472357480311297,9.022604480248175,0.07837590564632826,1.0148772401970554,0.1736330745350035,0.0
10308830,1501582,1.0440121093944468,0.3854974454719076,0.2966900075478905,1.4786684763489475,0.09948805260657434,0.23453711671500804
2627038,1501582,4.420457295302927,0.323716885477488,0.0,1.9132952890423727,0.0,0.0
