member,group_id,r1,r2,r3,r4,r5,r6
10026048,1506651,4.31463161874353,4.857512972229097,2.385016967085739,0.0,0.005249539809529316,1.164636692289775
94431582,1506651,0.34679852586175103,2.8113468156500083,0.6142220535865963,0.685891776025082,0.1952602535380629,0.9393471356199947
49477952,1506651,0.9375879102239952,3.3660938504540905,0.9441545095166141,0.5241064845483859,0.050972222884984465,0.2277005135321102
103273062,1506651,0.714248912293998,4.219798422747601,0.0,0.06435152407285419,0.7516919462030638,0.7750423028970685
10932713,1506651,1.1459599276298815,3.2220275777729226,1.101689353286687,0.899812412774386,0.0,0.5709614396916992
14473644,1506651,3.3220080929903073,3.3274473881909565,0.18968915923348428,0.41527933572356646,0.6813645136678593,0.43298833738123893
111078412,1506651,0.4591341014499455,4.22225052608906,0.028087025011717167,0.06814905382763035,0.9724452581129815,0.0
55560462,1506651,1.0850414625228828,3.9069735148606313,0.573356218191165,0.0,0.7354821854484278,0.8987386968609715
10249583,1506651,12.189274214813754,3.144470838386755e-05,0.04891364017586845,0.24246466519473564,0.24171626339020058,0.967930492016623
8177134,1506651,5.992066616689229,0.653032390892185,0.054812521042143056,1.2835964597456733,0.04309553762809439,0.0
84338892,1506651,1.0938308977841091,4.740603329427749,0.20443558929466868,1.1783744173776294,0.06404993572745879,0.01694877714779027
34717202,1506651,0.03347380711803633,4.27176489637326,0.302220623766523,0.8884180086549197,0.03336424997398794,0.11506848993015789
19873331,1506651,5.722388577444546,0.6265512315315227,0.14208344193309955,1.1479321266710925,0.17077238179577556,0.33909728746318735
12686549,1506651,1.1362821707110167,3.8906374591132487,0.5475640329187687,0.02119290439121552,0.7157751658396757,1.0427003294460824
821302,1506651,0.2977277030106507,4.786541952983773,2.153000013149671,0.34044115087121624,0.20649302983109064,0.016886229491280668
18548311,1506651,6.510311759739847,2.268502554590825,0.03322285476615272,0.4754913078026932,0.5439846286909639,0.3994338066104817
102220952,1506651,0.7646038630853305,4.094052483630398,0.32494895636408805,0.048675112523877115,0.7301925750773698,1.0038486196244263
56732222,1506651,0.9245598223177951,4.002287278206056,0.44285604482935004,0.025149386384512983,0.7309112340699788,0.9701232069928396
