member,group_id,r1,r2,r3,r4,r5,r6
6144097,1506651,1.6323318487418934,7.320308389272215,0.0,0.2711134093307112,3.3843404474861463,0.004021694013770344
4449794,1506651,0.965825973808455,0.07857380298801213,3.042740851198174,0.16966156729675652,1.9036516565901833,0.3369949480720493
9658722,1506651,8.528937222634214,1.066779737066691,0.6963138109359583,1.9710017419348111,0.0,0.0
10350629,1506651,0.6570763405035157,0.0,2.9619600642104142,0.15606582434826177,2.0712271969879157,0.43302641278970966
10417413,1506651,5.783332123692662,5.0145271681596375,1.3967037997687273,0.0,0.6827979436072305,0.0
10368395,1506651,2.9974109765422696,0.32409281200041234,1.1179373042975285,1.1378636697453028,1.4957451236813823,1.0174119989250894
10719854,1506651,1.819917910373542,3.5187345978323585,5.057567144882831,1.0359949189172197,0.09564208122946627,0.1357643377146263
10249583,1506651,0.7794679245623567,16.64432681082667,4.149882575763821,0.4977951765320732,0.0,0.3137577931994585
7366222,1506651,7.001843778964864,0.134884531612944,0.09540427958607696,1.5877624895229279,1.6575132606595542,0.8564503862658701
10189205,1506651,0.519165757009616,4.836764177225381,3.469742453252756,1.1922723202042094,1.310396187002595,0.03723057210323491
10903190,1506651,0.17687711065957798,0.0,2.7789124762780726,0.0,2.2944280100320484,0.6396260079843532
4338422,1506651,3.5438219902791572,0.23775835100246576,0.0,0.6691420191030684,2.6318475008861864,1.4243169324917695
10202104,1506651,2.655446973514727,0.4329847066614013,4.129286553611384,0.00251854335673243,0.7356430181309439,0.0026213357752908313
10724733,1506651,1.3107596778232353,0.0,3.1541609155636654,0.15714333571956607,1.792507663048692,0.2160259171547118
6257725,1506651,2.0166627408446574,1.0151378373788238,3.2923154057650836,0.0,1.4374648220082242,0.0
