member,group_id,r1,r2,r3,r4,r5,r6
1457665,1506744,0.0,4.159982958705857,1.2405466297119423,0.5378358678111861,0.21669445490876507,0.4074126775151876
8069188,1506744,0.5708261146812116,4.175967801298481,0.9944977324755182,0.5127405845306316,0.23225965446131153,0.0
383017,1506744,3.374280284771994,2.624437343319923,1.2637332198134428,0.055201432782042446,0.0,0.007463156223978034
20376841,1506744,1.1900353103984278,3.0061684874189014,1.5636717106201814,0.3121681474108504,0.10563878190455135,0.0
17423531,1506744,6.166534862292143,1.5799365930748868,1.0651364362825295,0.0,0.0,0.0
21395561,1506744,1.2217670042071131,3.2521926169008775,1.500186939344674,0.10865552905377096,0.0,0.014447212865735972
23407401,1506744,5.701314299356001,1.9458476788210797,1.007636310688954,0.0,0.0,0.0
1545518,1506744,2.2107532868634623,3.5147242410938695,0.831095799532944,1.6078477841064398,0.0,0.5249487316399497
8299534,1506744,11.689466122498713,0.0,0.006969594101700472,0.26568500111094057,1.964267646191428,0.584917425994741
8668240,1506744,1.6871752810860061,3.1164617469374276,1.4490618107973818,0.09709788661663983,0.0,0.0129371465648157
48055082,1506744,0.05809314669914096,6.95143313707869,0.0,0.3958152135841999,0.0,0.0
2826098,1506744,5.526647462013176,1.7625208116447482,1.1390076768988286,0.0,0.0,0.0
9668466,1506744,0.7967027577021694,3.3732146897581043,1.3206128115828364,0.4780348402593839,0.8449097647055602,0.415082562089271
687349,1506744,0.11638009603366453,4.142751235825125,1.1594260691120168,1.1761609000745559,0.0,0.0
14306616,1506744,1.2217670042071131,3.2521926169008775,1.500186939344674,0.10865552905377096,0.0,0.014447212865735972
10989499,1506744,0.46541914887486796,4.031766313835478,1.1393157052438436,0.9629548085634685,0.0,0.7609781643793836
37672732,1506744,0.17103723552074412,4.712884440019713,0.877272497893753,0.12141874535866966,0.7967095062033942,0.0
