member,group_id,r1,r2,r3,r4,r5,r6
46116672,15063582,0.4514636579432244,3.142451516109705,0.6505276726017347,0.16849143158099036,1.5434339510049222,0.3917425839914582
44558282,15063582,8.655414125842052,0.010137439188491318,0.03925989395052402,0.029847318029498034,0.0,0.17636819228410194
28369482,15063582,2.106449505640481,3.5351678046099027,0.30215945843094,0.12324420393314901,0.29560873803186055,1.3162693047536669
188863150,15063582,0.013233373970372414,1.581262923934082,0.0032980567765127766,4.370989256000526,0.26072047019166505,0.0
187544918,15063582,1.0618038112048658,6.085750674297514,0.043831767972787976,0.04593595498718062,1.138807508905957e-05,0.7167838705497179
143216792,15063582,0.13102378567679093,3.7055311337152417,0.0,0.21427508432309111,1.9376844050285276,0.0
137098302,15063582,0.3964884483417674,3.3801464140272444,0.15691962742886592,0.09428981689326246,2.258063277168567,0.0
9567743,15063582,1.1992226782173527,0.874850612656817,4.1826434521295,0.0010319043004030537,0.9316053218898017,0.5702261435726511
