member,group_id,r1,r2,r3,r4,r5,r6
12366564,1508612,6.088423646563978,0.027842521728155902,0.0,0.6825743646927787,0.0,0.16719578615903827
3163465,1508612,5.67591327603761,0.0,3.608608434298444,0.0,0.0,0.0
50066122,1508612,0.19062676726470154,4.313556882252966,0.004321392004513339,0.0,0.036792767890607814,0.22453051401920443
10831725,1508612,1.0395861149732006,2.921505878619952,0.026719298771171938,0.0,0.0,0.37178568022209235
33770862,1508612,0.49453643100526096,3.828181579734309,0.0,0.3854154259433584,0.0,0.2459865222515703
14091281,1508612,2.076211325042502,2.3825429294635962,0.21574282940856787,0.3841976645338956,1.1349714457540534,0.08953681612732746
7614230,1508612,0.0,3.1577561719742318,0.1444325635827739,2.3374990448335504,0.5285132165921188,0.0
40758362,1508612,0.16072982390008703,3.491977913629014,0.8399693566153685,0.13402146321750533,1.4834950186552522,0.05448015955901059
