member,group_id,r1,r2,r3,r4,r5,r6
12451361,1509173,4.949997178884313,2.989723228368385,0.3493599276357898,0.036890446390891035,0.0,0.0
12545666,1509173,4.983005458477624,0.03558188532776544,0.0,0.0,2.1284619045642863,1.7969153911748625
5593255,1509173,5.276647351047677,0.34739337040935275,1.4741972856499044,3.420646195127581,0.0,3.576098503393341
10242379,1509173,5.250157699442588,1.7786115404618776,0.32662637662890326,0.1015043264656963,0.04443641533239241,0.0
10220972,1509173,1.9238522584845161,12.736010727958202,0.0,0.0,0.44673857595530997,10.787555015144981
11825362,1509173,3.9348986712236584,0.004130079187558414,8.058195195906473,0.0,1.0245303512573976,1.40246630883057
