member,group_id,r1,r2,r3,r4,r5,r6
35738592,1512147,0.011681095782605311,11.46749591976477,2.0655006360911865,0.025874615482309012,0.018011677587090543,0.5983465245806302
13353495,1512147,5.435321969562309,3.2785846046538794,0.22585332433549163,1.3920639914700397,0.15515988931244704,0.23202231916417917
3944261,1512147,0.7338159664692896,11.003114576274383,0.0,0.6642727445697977,0.1316204433039704,0.004372253377698604
83612422,1512147,0.024268625049988314,5.64915769915562,0.004818418324590826,1.4327140466509252,0.4761101763389642,0.041054560786902956
2208745,1512147,10.12357080218316,2.277369137438011,1.8538455472820126,0.17673218170418636,0.12572712914229991,0.16345706224612044
44820202,1512147,3.0304581900574936,4.714992131823363,0.028703881332227083,0.919113023043932,0.5328023747132817,0.020271215684888138
4507500,1512147,0.7455157606034128,4.885335244943938,1.0708172752399356,1.7290040257828274,0.20055492351043905,0.1821613252546997
78691982,1512147,3.6314285181886667,3.52274799234567,0.9605976420948539,1.9478559605851862,0.0,0.0
2641586,1512147,5.10893750927662,6.894692074405759,0.10254943419334189,0.0,0.04339632940858094,0.890724639416021
473782,1512147,2.7874558594879932,5.2608652542839325,2.462336937788886,0.8047774977060175,0.1384431275233139,0.12410390333658362
4232726,1512147,16.495885593047507,0.19861777841463366,1.024197999929804,0.0,0.029069823524759248,0.0
35746742,1512147,3.3507386645881567,4.297815429223088,0.0,1.5727690680684516,0.1954447327489864,0.2862105548013758
84442422,1512147,0.3012600414143176,7.043473814816361,0.04793118591589069,1.4036159894612774,0.22336907898246253,0.5087841380922848
11351770,1512147,0.14354878487231282,5.5484615414525775,0.9577130059793836,1.6323525874646065,0.2526307144007862,0.0
11986301,1512147,9.163375943126383,1.6797780107871003,0.0,1.2847554534291754,0.000245838607947556,0.288325038191663
13628863,1512147,0.3401481715975174,8.099917143351904,0.0,0.6975583641438771,0.5570659918228617,0.0
