member,group_id,r1,r2,r3,r4,r5,r6
14425216,1512147,0.1405689383528495,13.979004392519805,0.4011433369342285,0.18360646701761155,0.7268112045851738,0.13410666200587762
2208745,1512147,10.586607494911174,3.860079262623307,1.9634739397520846,0.0,0.18110916842071062,0.0
12985134,1512147,1.1529760649236755,9.980827610262736,0.15719147834050992,0.992975408930553,0.31582902019971515,0.0
42610962,1512147,0.10555778574324626,10.268360785419635,1.0734673380313227,0.6292538820828095,1.0618445239675356,0.16957440108920277
2641586,1512147,5.348985653612867,5.447993446312422,0.4853989100373351,0.7057394865674557,0.0,0.1716394264867037
4232726,1512147,17.251612147257312,0.0,0.7010243311384986,0.0044384395704246135,0.3524442773941025,0.018195278290992163
13353495,1512147,5.684720878532338,5.155559190076921,0.23702472939011174,0.27797751656766095,0.9549599555771733,0.19241310799711162
14004796,1512147,0.4012385546045792,8.813118593646877,1.5192383041405995,0.3609700226116068,0.6936661420089152,0.4150503739354994
11986301,1512147,9.579872115478086,4.6718263163476195,0.0,0.31866770688953233,1.004199268734176,0.0
