member,group_id,r1,r2,r3,r4,r5,r6
13353495,1512147,5.480293164587562,3.178425474598694,0.04840453499733862,1.0126531726487058,0.6774463763826789,0.08397408857285346
2208745,1512147,10.198813652496733,2.8774228696355717,0.7270987866847147,0.046409209002555483,1.0523143799279717,0.4515648189987549
13383081,1512147,0.0,10.931904398373465,2.083204886483286,0.0,0.3137459562386694,0.6334715193355989
11351770,1512147,0.1379206082667279,8.908604234412007,0.19674757827131242,0.6181476908391309,0.045320495188559004,0.6019668245451071
4507500,1512147,0.7507054701044735,5.313965016722131,0.29030452609938184,1.1211480695009683,1.1277666939661068,0.41979609275319996
78691982,1512147,3.6633101038287665,3.1043487552841977,0.21835707583570368,1.7756236458105192,0.0,0.4848201683934652
2641586,1512147,5.151591878199346,5.253738857891683,0.14941258128140297,0.8166620030215647,0.7053938497565794,0.11674048105050795
35746742,1512147,3.375509889545868,5.717267095726419,0.0,1.3443518928478375,0.508770896733407,0.0
473782,1512147,2.808585676921743,4.211095605974539,0.9025036266523514,1.2250667009235876,0.16861740306285714,0.927463375213587
4232726,1512147,16.627294430933894,0.00022334306023854384,0.18718867360748234,0.010979633630277312,0.4554701078082089,0.4073865230155318
49000822,1512147,0.3161045381773402,5.858497827554843,5.1451810701671015,0.9099403909367452,0.0,0.000885878608639555
84442422,1512147,0.30576962922069173,6.554549604231405,0.06211150934892456,1.670068295729049,0.1716843730981292,0.16368729065159354
70934552,1512147,0.22381607915582932,5.525349449202103,0.557931762589294,1.1397898691874322,1.0881664719496111,0.3964306597880849
11986301,1512147,9.235015936565661,2.9826195247544436,0.009258666285320285,0.8967035070711089,0.18713667403305168,0.0
12515544,1512147,0.4265053874285838,5.628632893954805,0.38897386228273245,1.2501301038414627,1.1092169830148175,0.07900578322151224
