member,group_id,r1,r2,r3,r4,r5,r6
43015012,15186872,1.9247889093638575,2.6486866700745058,0.2830496304560296,0.6461851223632319,0.9589274369933938,0.03628621986172304
152332552,15186872,0.0,3.1953727696756395,0.0,2.8998965957787965,0.0,0.0
57051082,15186872,5.989004551658907,0.0,0.0,0.01292664132408771,0.8283224273906098,0.8002555861698784
185295469,15186872,0.9812977474751945,0.0,3.6472627681915877,0.0,0.04565173547416878,0.0
130519182,15186872,1.0930840125744983,1.4816461467695017,1.3417524539146513,0.0034212163363884925,0.36523422422330915,1.1925351404534053
152394802,15186872,1.197198181211439,3.475532441936317,0.8655136953247479,0.0,0.0,1.9571394813831888
123332382,15186872,2.551544482992639,0.07795663855617334,1.1031140028515032,0.0,0.7495156190314474,0.6265362781947257
