member,group_id,r1,r2,r3,r4,r5,r6
186187140,15295012,4.749095322988313,0.0,1.621877351947633,0.0,2.3947570587235267,0.0199418080537245
79120362,15295012,0.07594346215828293,1.7866658215243052,3.9685956220545626,2.467630689499242,0.030697706737883704,0.03376715654594336
139935522,15295012,4.6031479146315615,0.0,0.7886689479177865,3.285410597728421,3.1386910776509476,0.4702105548813042
10977581,15295012,4.566463140657935,0.0,1.506077215321684,0.0,3.3328149713238044,0.4823797023164687
