member,group_id,r1,r2,r3,r4,r5,r6
8109024,153288,2.6440433886717116,0.2640945692140906,1.3964643888421093,2.5011491848461986,0.15092961979237157,0.34814976936129577
13530818,153288,3.836389796774303,0.037991137367178796,7.507822602693846,0.00348739616739442,0.0019008033619882555,0.0209881571446039
1825635,153288,1.088054224469396,12.36603687375686,0.0,2.243313877693554,0.12764922306610524,0.0
9668740,153288,2.534433120363005,0.46614053697428987,0.00045699127923930937,2.3946089239052872,0.004065157091406697,0.32087198553814056
593189,153288,2.187777936980447,4.026113332100781,1.1088606377921486,1.8711023556393167,0.3544500936264795,0.3310196732448222
25864772,153288,3.1080072870053117,0.3913759479771822,0.33511572267083295,1.8481733362772197,0.27144238825043043,0.28987981087210746
10839722,153288,1.9748634494815334,0.49091067597351623,0.7026717557432689,2.252846245869783,1.2574406343142548,0.026333381881363794
5462795,153288,1.4716713530303613,6.559345620560198,0.17593411431541903,2.389882129133738,0.7236133048778084,0.12093394738265861
25063022,153288,2.5025548610185644,0.8630092721975704,6.089934813695066,0.5974769566477091,0.592702581196462,0.024756514692665318
3848368,153288,2.4283159807403276,0.0,4.276066642707024,1.2308552166541564,0.8364227953596722,0.03441396549205883
5048337,153288,2.6107190858349876,0.4861946166025567,3.007299243303574,1.5005076987743018,0.38426039634951115,0.25922887089827407
9297104,153288,5.915826486154797,1.4779518528558568,0.0,0.0,0.0,0.1601646527696832
3221558,153288,2.2104335919232194,1.4638119109439722,0.6908483023299006,3.3194998134547027,0.4259101996532748,0.31320929442008033
5195575,153288,3.7867229867078787,0.07055639342376012,0.04306639772861919,2.5642219050142305,0.0,0.0
9155546,153288,4.305791118592253,0.4054739799523997,1.053732213286087,0.46325122187488815,0.4430434835956777,0.20703100642118397
11850910,153288,2.1917000907484017,0.12027759497551789,3.473772537912981,1.8431776553658323,0.5798752732768322,0.15494351413909288
14456253,153288,2.328064721993081,0.13210652187812527,1.399016891343497,3.1841080420869496,0.5516723113545663,0.25423831391349794
14101374,153288,3.4653381017835865,0.0,0.75635911710087,1.0179750377989012,0.08416348759884375,0.36667264768632657
