member,group_id,r1,r2,r3,r4,r5,r6
35334152,1534862,38.42055717732697,0.0,0.0,2.799006812087242,4.495283983769307,0.0
87076962,1534862,0.6917216465022168,1.3683590540199515,1.9438749057239841,0.01014899574967341,0.1704543974690474,0.006895611574286406
184436831,1534862,0.8800643844604384,1.044608662984316,0.005474781677210911,0.0,0.0,0.36846024306087755
145955482,1534862,0.8438114735415774,1.3796822231953043,1.2264061344316093,0.030625665962768847,2.571685862034525,0.0013799934327824845
