member,group_id,r1,r2,r3,r4,r5,r6
10838951,1534629,4.159056669643286,9.801142018203835,0.002547180644940063,0.8520519155795255,0.8505065282890034,0.24607137822075428
9712106,1534629,0.6477645291473655,0.3742720328310304,2.964120706099709,0.321589359324845,2.1197519411008763,0.03381441771183638
14424330,1534629,0.4598023832871101,5.230274090707935,0.9189664517145426,7.2077324680766806,0.0,0.0
4325516,1534629,10.2866852107143,0.0,5.1260769924188265,0.0,0.8496255489094197,0.0
3918990,1534629,14.302599905833828,1.961025224531292,0.030574566936553683,1.4043114475539604,0.03834086348427686,0.7458521050590389
29135962,1534629,0.23752299031409177,6.9858686193888335,0.8111947255915366,0.0,0.0,2.7085841004696123
