member,group_id,r1,r2,r3,r4,r5,r6
10329248,1534862,0.47171258395619076,2.73294751541924,7.513314613328159,0.0,0.0,0.07710505099721837
184705985,1534862,0.011976909055631757,3.9005497257429638,0.07985233317521963,0.0,0.0,0.0
115000162,1534862,0.3779833059208324,3.6128912276329292,0.717611714240333,0.19961207584831475,0.2137638681885522,0.5405479020474999
184797891,1534862,0.011976909055631757,3.9005497257429638,0.07985233317521963,0.0,0.0,0.0
185094308,1534862,0.005909444409306179,3.362938091142852,2.9810733825323523,0.1827995149432843,0.1543143088941318,0.340878302699012
100697192,1534862,0.04725711720956731,3.794187788270019,0.1714189173098678,0.0038797436896724625,0.248648101204344,0.0
9215083,1534862,0.04894512725657141,3.7974859388729842,0.0,0.14833585350542317,0.1726277025841634,0.43099959850578184
12152459,1534862,0.5415788923259209,3.8083341348281436,0.0,0.0,0.0761287031519879,0.0
135640172,1534862,0.1605859821419511,3.7572892979912016,0.10915792516899894,0.14596824934705854,0.2002079055223754,0.37979030307370004
173731822,1534862,0.5032839658686566,3.8315025991899807,0.06060089529399159,0.0,0.0,0.0
185046926,1534862,0.3098027827822137,2.996751457122716,5.576943805036374,0.07451672241690957,0.0647296203206543,0.2410241045782828
102962932,1534862,0.994666684562041,3.723730495340337,0.0,0.0,0.108293746468466,0.2859496223643106
10229333,1534862,0.19746349039976926,3.7335781638622967,0.1591614741149445,0.17183942791012147,0.19125920201573318,0.6735862216282522
1828022,1534862,2.1765378967937368,3.233377045575409,1.794868235250657,0.11132791494128084,0.14983790291683882,0.6358164394884007
112177462,1534862,26.258988665804058,0.0,0.3866712855934279,0.021008762263428533,0.011851040156753331,0.1927960719929621
184121532,1534862,0.9151478210821316,3.63790564438909,0.18070724906917943,0.12181324251644324,0.20872744354654788,0.4482568869602871
183837695,1534862,0.6922482184890512,3.804946012054218,0.053196496108904014,0.0,0.0,0.0
