member,group_id,r1,r2,r3,r4,r5,r6
80420632,1534441,3.380442927745543,1.8042219383965117,0.0,1.6500373762344436,0.0,0.0
7235396,1534441,0.418158419728362,2.8056766123269954,3.781362242563144,0.0,1.3088083408922253,2.647398429585532
