member,group_id,r1,r2,r3,r4,r5,r6
10232610,1534862,0.6322767979359278,0.2687749911544497,1.6450681421283746,2.7302355303654933,0.07923832561844138,0.9345166342117038
9865546,1534862,0.0,2.545966823850114,5.291135639794325,0.0,0.44474069303843555,0.0
1991724,1534862,10.48357782380963,0.0,1.0405497803860198,0.021188852944756878,0.1761715439115511,0.0
2797596,1534862,6.27948807836008,0.7105043210050205,3.8505540934347935,0.0,0.0,0.7626428288348954
11076591,1534862,3.041807615573713,0.8795859909491006,0.0,1.047656800611774,0.2460135218967211,0.7085825401348738
8447728,1534862,1.7326859514343658,6.14865245585835,0.5078460860195265,1.826107682020777,0.017471738429811194,0.8306853558367927
11426358,1534862,0.5591897144652551,0.0001298966342333434,1.701366831541433,3.173601726404103,0.07986942537550189,0.8444130565764577
8789174,1534862,1.640148403707117,3.475669426437816,5.99815387872894,0.0,0.0,0.8444663422016275
10713276,1534862,0.052070949496203334,10.165504446513465,0.0,0.0,0.18016339704523426,0.32938872434663696
10536477,1534862,0.12722801379378482,2.9712529639139844,4.646811153986204,2.3554667319137153,0.30894882793061285,0.0
