member,group_id,r1,r2,r3,r4,r5,r6
80420632,1534441,0.28016075090949283,3.4897702810325533,0.0,1.9574348608494743,0.0,2.854176775235678
7235396,1534441,1.0259892329863995,0.0,3.4152964072642193,0.0,0.9231503443110841,1.187292657655828
