member,group_id,r1,r2,r3,r4,r5,r6
10663821,1542006,13.768752800110699,0.0011570964619202952,7.517618969438455,0.0,0.0,0.6402067362334756
10675566,1542006,2.3397894049826418,14.676364055617444,0.14760881851403584,0.4147779693341284,0.0,15.734120031693912
7927663,1542006,13.35563952767011,0.0016596876075006136,12.956791553196403,0.0,1.5889767698431216,0.0
6828208,1542006,4.0521159203836525,13.67954199528403,0.06837695330737847,0.19798426513697018,0.0,13.396918574574919
29995702,1542006,2.1815553931686447,14.78385580088605,0.1495259914157432,0.4114057683447479,1.1619670224022949,14.407605608669888
10710551,1542006,9.334700529478589,4.196887439092254,0.11651375040483337,0.3338204749188347,0.0,13.356900468623115
10748889,1542006,10.378751400445575,3.364055688273399,0.07584694088822248,0.21320019445066957,0.0,11.97702783402354
