member,group_id,r1,r2,r3,r4,r5,r6
63017282,1542006,0.3972398757522647,9.620467723708463,0.09548388985189085,0.7079682050213884,0.18341928790793993,0.44765980942420514
4588484,1542006,2.972766302579961,6.956958956539044,0.5794871964945439,0.014854955168058476,0.0,0.042906286624888955
9401286,1542006,4.927422587436124,5.439557405584623,0.638029215908824,0.01184838807468745,0.0,0.0
109990342,1542006,0.4072393390816017,7.162195512126924,1.0762907865535674,0.02628574830304502,0.0,0.0
10663821,1542006,13.982823443806549,0.28422572321620315,0.2694202103031405,0.0,0.03559023834048528,0.0
7927663,1542006,14.407708582639696,0.0,0.0,0.3965590705532642,1.0056636139927746,0.0
6828208,1542006,3.542965145532164,5.682532365937099,0.6312423794829355,0.0,0.0,0.1898637331830894
8681429,1542006,1.0180764773847661,7.553075683524659,0.5645689992489844,0.2568430293285823,0.0,0.392739757480787
90525302,1542006,1.4021129167117492,6.646193237098025,0.964259730954971,0.27651973195342,0.08866588917064314,0.13960208992958953
10710551,1542006,8.130917392131066,3.249401356820335,0.6183770630815354,0.0,0.01881921490996123,0.0
29995702,1542006,1.9546919009708514,7.684309362917763,0.328929287978971,0.25711214488558104,0.0,0.380151724149329
10748889,1542006,9.04044528759031,3.9539720216406535,0.09097691552730007,0.0,0.0,0.06742279976427848
11115899,1542006,1.9139467347842036,6.361040031985942,0.9008995382220829,1.6988977899722957,0.0,0.0
