member,group_id,r1,r2,r3,r4,r5,r6
4588484,1542006,2.995044971703278,6.7784444248380495,0.0,0.9865444794853023,0.007174876030645636,0.07838478842492766
9401286,1542006,4.967034722305846,5.666555579144859,0.0,0.8454576559248802,0.006993276016983933,0.05442912576742632
10663821,1542006,14.130376291603836,0.6371307378725963,0.0,0.17246504476342875,0.0010997615513783376,0.008014457765565152
7927663,1542006,14.138423523623887,0.0,0.7425905651005639,0.0,2.6403808850354253,0.0
6828208,1542006,3.5685761656222392,6.479397345347565,0.01919361058073663,0.9291104711099488,0.008714876673474866,0.0
93083792,1542006,0.8564339264437314,8.434029412693079,0.0,0.6185758302858207,0.014025773190988812,0.0
8681429,1542006,0.9640795988859374,7.937843063762419,0.3716070762062091,0.9794208011541503,0.09970165155077146,0.6680568112020285
90525302,1542006,1.4112065231018698,6.992037602394142,0.4022423261685705,1.1559738103353407,0.10781006346728512,0.5862937433028382
10710551,1542006,8.212623277223564,3.8365508566545996,0.0,0.6132503410375703,0.006641329743696154,0.01504256707852944
29995702,1542006,1.9234006522023717,8.66857926272255,0.32899155685105613,0.012202943637554104,0.07075217005662703,0.6829061558916283
10748889,1542006,9.116464378949873,3.32692303683964,0.0,0.548584365178932,0.006528148250634253,0.0040866344918981095
11115899,1542006,1.7656009256461709,8.85114650660441,2.8337743651278084,0.0,0.01600839553026574,0.2522189830075522
