member,group_id,r1,r2,r3,r4,r5,r6
4588484,1542006,2.976389652447793,9.49901263801028,0.0,0.39808098701934275,0.0436048336219853,0.47824695686209345
9380068,1542006,1.0386616026337754,8.448466672980656,3.846649870383864,0.5465958226818992,0.17347138147497715,0.0
9401286,1542006,4.968960834342353,8.144534930968351,0.0,0.0,0.0,0.5705887928956938
10663821,1542006,14.113528711279839,0.3766754536563409,0.0,0.23465767192310127,0.026744148482835992,0.170196865276121
7927663,1542006,14.829629306247565,0.019146222767249,0.5126771332025253,0.0011584878034746754,0.8892812052054601,0.009105013251395835
6828208,1542006,3.4899318547366147,6.48957430369509,0.0,1.1385155059061622,0.16988662064629206,0.4449163802489213
93083792,1542006,0.8189526263589713,9.723182266632083,0.0,0.6883692663031656,0.08885176853089104,0.6551219268373208
29995702,1542006,1.6577196492143955,9.219259748632922,0.30835027722743114,0.5167624475121251,0.6305845885409249,0.5417589540516938
10710551,1542006,8.160966480632045,3.8018092921357396,0.0,0.741112846325436,0.10703269813620682,0.32411889361372836
10748889,1542006,9.093156069791569,3.670163434135725,0.0,0.371740480947213,0.04802081424284513,0.3984175235850024
