member,group_id,r1,r2,r3,r4,r5,r6
9401286,1542006,5.073543328622975,6.854871742469948,0.022887294885668947,0.8503254813301242,0.0025936512190532636,0.2753911824654461
11251591,1542006,0.18832524631611286,11.454464463545916,0.004022025441931669,1.1522973100456648,0.09269716332551546,0.479782052799596
10663821,1542006,14.081992869672291,0.0,0.000555497927623608,0.0,0.026538903281764392,1.6344585634472923
10675566,1542006,2.024396906645294,10.638119062964336,0.0,0.9183212464800479,0.08499361406679085,0.39617602810605607
7927663,1542006,13.626135516681254,0.0,0.5806582266446241,0.014340781385407305,0.0,5.504103473791321
6828208,1542006,3.584360011907561,7.787752638397327,0.0268559629284642,1.0235890679172786,0.018240078664018933,0.3497342576929507
10710551,1542006,8.391872340107522,3.3690207002937163,0.010905119845314648,0.6352685916295319,0.222155915045542,0.44778911359733287
10748889,1542006,9.483219201242886,4.0351578529377035,0.007438495251914932,0.3256271841704377,0.0,0.08955765376655297
11115899,1542006,1.6139593050260834,15.556259081133813,2.0738058919463143,0.020031680875883588,0.3497194744993457,0.3842887629706966
