member,group_id,r1,r2,r3,r4,r5,r6
154746192,15494572,0.5449825981000995,0.08305466866350569,6.596727595439053,1.511577195489034,2.69519951153055,1.032821999420477
6901363,15494572,4.965571061778205,0.49298445200812957,11.101824290560895,0.02067727220371712,3.1179078250964087,0.9133835869355044
24961012,15494572,0.7481854505204283,0.11985516391228873,7.458775099989356,1.7062763243915948,10.2444006187869,0.0018775798594562064
