member,group_id,r1,r2,r3,r4,r5,r6
154746192,15494572,4.60252152586046,0.8495603092833784,0.0,0.018551216231505272,0.6104448384745748,0.0
170810842,15494572,0.5494272554791888,0.07745880249159794,4.468929629901139,0.0470319231407369,3.7139636272355703e-05,1.536561533080177
6901363,15494572,15.121405989290723,0.0004770283288458503,0.020876956474915657,0.0007142196982364577,5.799370188240557,1.9356672751898618
24961012,15494572,7.045199439875764,0.6221705109486941,0.4712562754331093,0.9837387345087147,0.0,0.0
