member,group_id,r1,r2,r3,r4,r5,r6
119162272,15565042,1.8215829797951686,0.07982203108625395,4.273667613975399,1.2681885133065285,0.9505632370091189,0.3063810152346114
72319842,15565042,0.5402898542623848,3.39354108750975,4.552644348221432,1.985440598942388,0.0,1.054865950996788
1372325,15565042,3.2689231112786903,0.04391050380524108,3.02652384285283,1.0838642111518655,1.4708731869878826,0.0
40182662,15565042,1.2820702634754533,0.0,4.793117418958807,1.3180954746224844,0.7763940300514524,0.14246673190282777
191633615,15565042,3.5337987920410274,0.12308517762066998,3.4540251806774056,0.7989029915051942,0.997677019180089,0.0
48935732,15565042,9.56930282907673,0.0,1.1364962270357026,0.9785284685621085,0.43484710769093476,0.38843649132232205
195196597,15565042,1.2790745290115797,0.01885178322458137,5.434836636651335,0.0,0.3582860603530359,0.0
5048824,15565042,4.849388400515069,10.181267307510101,0.0,1.5324529955371897,0.0,0.0
