member,group_id,r1,r2,r3,r4,r5,r6
13136130,1562305,1.5478773912329773,7.4202175725643115e-06,0.0,1.1682533603416607,0.27595834656512247,0.09741552391526485
26634372,1562305,1.5478773912329773,7.4202175725643115e-06,0.0,1.1682533603416607,0.27595834656512247,0.09741552391526485
10928548,1562305,0.8541278273484517,1.591238769763689,0.024505309132052528,1.33379217499526,0.036009824280702186,0.0
11093801,1562305,1.0320324145733462,0.7787206520267628,3.2340669219574454,0.0,0.0,1.0857056858423446
120855952,1562305,2.3044584213304833,0.5052357635423296,0.0,0.0,2.230459098692366,0.0
13193041,1562305,1.536594463705133,0.11095128628918541,0.2589100119262822,0.5510323612086863,1.0895834838223093,0.43218870495022815
29478292,1562305,1.940220001873174,0.023260436631555678,0.006415483024926357,0.7177524082865875,0.220509144731498,0.0
8345814,1562305,1.130729216656853,0.9158266181600478,1.384001565450544,0.0,0.0,1.9036431000586294
11488631,1562305,2.045590127071756,0.14399094121916453,0.023735964522799104,0.2584510518067899,0.0,0.0
27830072,1562305,0.5453151096146424,4.040065426171302,0.0,0.9407523968189333,0.07816533798016921,0.0
50304092,1562305,1.940220001873174,0.023260436631555678,0.006415483024926357,0.7177524082865875,0.220509144731498,0.0
