member,group_id,r1,r2,r3,r4,r5,r6
13510656,1562928,3.561629268162619,0.16570228374647275,2.9491200945752354,2.0360311023916644,0.0,0.0
12321377,1562928,0.9350155130494786,0.002569741847148287,0.19069503531034548,1.371991322824394,2.284690599022889,0.1279877476117253
8390916,1562928,0.8233149355635581,0.2864529194853345,0.0,1.457435834489899,2.491883313883124,0.0
12875172,1562928,1.72056973790613,0.15908378954375935,1.0150680199512432,1.7099759607844036,0.6653138650597834,0.2799594286244642
12645287,1562928,0.9776836348173386,0.24029070271018232,0.42562396561464844,1.2704519187632846,2.028861351474729,0.20983664444890474
6590248,1562928,0.0032260924823196775,8.385122446368015,2.596169757376721,1.3961959581717263,0.5221495415012642,0.318539753813417
13149935,1562928,7.166991263440559,0.0,3.0338066351642756,0.0,0.0,0.2333898677332604
5799632,1562928,1.3657253477748812,0.5346208658795216,3.1321636359356475,1.6028117273363063,0.36473771099144986,0.42370412313797867
3841653,1562928,1.002583643078138,0.37279344192146685,0.22840499818164536,1.3071844043633727,1.8322623910549896,0.2574470396063253
12030805,1562928,1.562278438171682,0.2236793687364316,0.0009600285214061941,2.1703467990905985,0.9244501224693735,0.07164510750783347
12762040,1562928,1.6769020054822426,0.5377016013971433,1.1737960863481274,1.652037908889207,0.5693635016418833,0.29051967200536855
7099421,1562928,1.062212182469025,0.4725963050632239,3.590894600229667,0.20495090586514753,2.2783535668010546,0.36231128945655344
