member,group_id,r1,r2,r3,r4,r5,r6
35597222,1568396,2.632173773424114,0.8039619087930185,0.2986260433260701,1.5311554198599102,0.4920371392385821,0.39189815684117335
11709481,1568396,5.566942760280435,0.172718869052978,1.3189672152013703,0.0,0.31743457873534103,0.24874066792870425
85983372,1568396,4.560303264642522,0.01490743694520452,0.0,1.0373755906944115,0.0,0.0
105388622,1568396,2.864564157755611,0.0,0.03796657877296447,1.7077477498161873,0.0,1.2752836491005939
683087,1568396,2.1489885262157338,4.4968070968918115,3.115125585560337,0.5978008831682505,0.12005330011993963,0.0
74152722,1568396,2.8555564162845144,0.015410527696076754,0.02160804223185888,1.7328916841547648,0.08858226988029416,0.9864977816934245
11593431,1568396,1.9170125190041163,4.120096891492447,1.49681372613044,0.8497994289762862,0.0,0.5088374009578778
9992764,1568396,1.6164920287849198,6.524963963760231,0.0,0.9000407901541609,0.15267343770147396,0.0
