member,group_id,r1,r2,r3,r4,r5,r6
8438144,1584191,1.292835917797709,3.594860390842274,0.017608637529424813,0.1544213126116713,0.041383785045227,1.1593075981590515
2035849,1584191,11.838173299662289,0.44949932017750444,0.18349068086379505,0.08062322327912134,0.3532550538069094,0.0
10558993,1584191,0.0,0.7505747491607513,0.24098203817999428,2.432317568611884,0.9111197267153823,0.0
3493266,1584191,2.1907998768951464,0.0,0.04162753661727318,2.126577632244478,0.7433029878039844,0.9892686028333486
12093207,1584191,0.12134238448998405,0.5570599929023643,0.1082154910873866,3.225576009416749,0.6105216353496027,0.3891627592619037
11501470,1584191,0.0025701925574802002,0.7418025909218309,0.2584482326797,1.7322617425410891,1.7449177316078748,0.0
6969376,1584191,0.6273322161373283,0.4777933309711031,0.49991729133855184,1.6085957064955325,1.3685023295145207,0.9738559852018651
5067308,1584191,0.31676703066821205,0.4912350653818923,0.20616495464799833,4.313075988099934,0.0,0.49800332594866564
9701815,1584191,0.0,0.6979019073635883,3.0487295788720186,1.5385946309804812,1.351797176944267,0.0
11468481,1584191,0.0,0.7174732943306812,0.6128292356928818,2.178757330709374,1.1315647851087938,0.0
9302850,1584191,0.0,0.7525327081939318,0.11949812874126504,2.4478361899971555,0.9267290062019025,0.0
3955920,1584191,0.33188354189235947,0.37252594608120165,1.4567603918510401,2.7327878228127114,0.5350610396511173,0.7396103278459359
10948945,1584191,0.07094890676994646,1.9286610917180924,6.599331126964506,0.0,1.2477111245946184,0.3264232622270288
9754963,1584191,1.1526516778125806,3.6545943907273357,0.015170982388716373,0.1905311516723834,0.06659086508169308,1.031091284717989
3417557,1584191,3.9238139514362707,2.757065126797423,0.4501104340573272,0.0,0.0,1.2235310208357002
8345569,1584191,0.41217241573472546,0.5158918384408878,0.0,2.22783931045766,0.7522085738082336,0.932735442496469
9447399,1584191,0.19739673486780465,0.46348359516458953,0.6109364440809488,2.546413399408295,0.8275610296458032,0.5837985986414015
9849959,1584191,1.1360229318854465,2.034226162409027,1.843145876335707,0.26577560363941094,0.9941156480854383,1.1771977845362434
11447147,1584191,0.028486979422561523,4.107406841284658,1.9402197379901926,0.18079673890470976,0.030602884727381038,0.0
11965175,1584191,0.015624729398507333,2.5760834198534983,0.0,0.881561423795292,1.3387223428297053,0.0
3386750,1584191,0.15459519938694152,2.366873133569715,0.500687348994,0.3618930251837753,1.5083263015162847,0.4838309223420904
