member,group_id,r1,r2,r3,r4,r5,r6
7254178,1585532,2.0347854805424346,2.2534235519743664,0.0,0.45063707570347517,0.21093824209434947,1.1236539651155695
45142852,1585532,1.994881115604187,0.0,0.00018654781016561657,1.0903446456233372,0.0,0.4936568971885961
3055855,1585532,6.632694348734571,0.9484956578420656,2.680451016721108,0.0,0.9677573127002773,0.0
5631888,1585532,1.1081624642146244,0.0,3.8860524104703074,0.0,0.0,1.9422485937639826
45141842,1585532,2.6695035215954155,0.17943875495969833,0.8535913570574889,0.49862498949892853,0.039882690075251734,1.2681833870503578
13451766,1585532,6.641341772708453,0.14851150363172835,2.1925563295070343,0.11954464349820179,1.0706651445318527,0.0793618724867935
3919257,1585532,0.6980331600957336,8.357113546575453,1.092028363210208,0.3538935038645857,0.29877156239208674,0.0
12899225,1585532,3.2440450467974835,0.0,0.0,0.25501280024614215,0.5657704385373886,1.5489278715252204
7550526,1585532,2.0909569724435837,1.5185933842742212,0.0,0.6012789989415339,2.4798619272333244,0.748352288009515
