member,group_id,r1,r2,r3,r4,r5,r6
9964225,1585532,3.3750318314336094,0.18653350685033454,0.7131177724453119,0.9069089610436696,0.0,0.0
7254178,1585532,1.016516057144809,2.1193998349289354,0.28395791339556686,0.0,3.4629593158457648,0.7674366801598694
10811619,1585532,0.9018341148057978,0.24187893848096315,1.3073653250493176,0.38067285111052196,0.5104393204327419,0.9530581233422933
11642270,1585532,4.8154202922664,0.0,0.0,0.33933424794386385,0.5359841449959379,0.5429546113731412
11025990,1585532,1.6846829010942364,0.00792214796918141,0.8670130530736248,1.2888463833127495,1.416914857124359,0.8491642213624466
11058617,1585532,3.402556692130907,0.20218739197725846,0.6667917992663517,0.08563823157703142,0.17575402159077783,0.015267514459595875
7398156,1585532,0.935203489891669,0.0,1.300197843337388,0.18671394388636328,0.5711875408556357,1.040585206649993
3055855,1585532,1.329198311835583,0.9449580888907189,0.845830677681887,3.4063205595347164,1.5374694170955483,0.061808601570805484
10982803,1585532,1.3794587991358773,0.21101100899146852,0.5315067684520386,0.0,2.6719480766138726,1.132482498716406
3523669,1585532,0.9075782647914991,0.25130663841129486,1.3035337018907784,0.21327081083118665,0.5189944298535787,1.0024046227305876
11718425,1585532,3.596651067728439,0.12047535534597083,0.22326067298113547,0.0,0.0012952665041186678,3.01238445577164
3919257,1585532,0.5103217040087745,9.538251091588869,0.29292690347942923,1.447969489459077,0.3778545419487333,0.3828953466314832
7550526,1585532,0.6727730396672614,2.503906941353132,1.2433729615623434,0.0,0.216093230459093,0.9298222109459855
