member,group_id,r1,r2,r3,r4,r5,r6
12269576,1586406,14.374930644170805,1.237967137619822,2.630198732256263,9.220974147645654,0.0859530104082407,0.0
11262409,1586406,3.1064032528326604,11.337791427989242,1.0619975037298937,13.276470000596502,0.05471086057730562,0.0
11708723,1586406,15.443706688176542,0.2523619104595214,2.7787559418266587,9.46944815699053,0.07199437846088383,0.0
12662684,1586406,39.65901478554339,0.7208501804479263,0.011788745440068828,0.0,0.0,0.00020941876310423668
9140798,1586406,16.315950788480464,0.0,6.609666823687778,0.0,0.0,0.0
