member,group_id,r1,r2,r3,r4,r5,r6
12269576,1586406,3.839486294779885,8.09598632390489,0.7872329585168636,0.5119181983814877,0.42144692997789956,0.0
11262409,1586406,24.444941587253503,0.1435870460040614,0.2981272939652366,0.0003790668186761166,0.0,0.0
9460492,1586406,0.337301024438123,10.501823420673254,3.1543275478951003,0.4770596468300883,0.014224820069458131,1.0254121571515808
12880493,1586406,6.145018718095629,5.143360305337297,0.0,1.0473183862075994,0.4062315890966009,0.0036857476197665728
11228592,1586406,5.700587996920769,6.175499073868794,1.2951579864380143,0.7867595429799166,0.30033813339767446,1.2244361081048827
14082545,1586406,4.529506467252187,9.744053725016668,0.4726576766552487,0.3404011106838615,0.2121700880448188,0.0
13999284,1586406,2.3265780359299693,7.359844296256782,0.0,2.084910021418026,0.0,0.0
3243388,1586406,1.2559951481521605,9.751720820528726,0.2927561453615317,0.0,0.39683488018390717,1.2169777322687518
4862202,1586406,0.7455221108423528,10.324154174512435,0.073630283767451,0.8755799916616435,0.0,0.0
12662684,1586406,1.7023013426271607,5.355808867151523,0.96068248890792,1.740311926614688,0.4853114708509085,0.0
