member,group_id,r1,r2,r3,r4,r5,r6
9186432,1586406,6.362960467106965,0.06922503289472377,0.11024101316924576,1.5064083031797737,0.07250241404592299,2.3274576619765535
13168769,1586406,4.15365387179087,3.150699852980563,0.9703701388763254,1.0146207289531197,0.8047631133639002,0.09799409826406007
14608262,1586406,4.234935945868035,4.260162807749632,0.6239505418338502,0.4551994903109488,1.0991768191461153,0.3322887609899999
24356362,1586406,5.2183635502396575,0.0,0.2740454412268123,2.7482915011111393,0.8110641191686399,0.0
7230346,1586406,5.559413432072093,0.512170665243407,0.06161605200468206,0.7689449233520852,1.274164434279472,0.40516159694459913
27423882,1586406,7.561882255581797,0.015373780254931831,0.0,3.254877143309564,0.09389160156943162,0.7583102090352574
15364631,1586406,3.92576442050684,4.111387919774153,0.9342884213224882,0.6846027326310636,0.8664053383048217,0.3933951937417807
12662684,1586406,4.447593390171899,0.8583896913495332,0.870583423226354,1.1526662890694994,0.9117944320602771,0.17892241690309715
11228592,1586406,4.227925526239577,5.700307301025942,0.2591064094673407,2.887646005808581,0.267899030231477,0.8615654841301216
14455731,1586406,21.02482203300602,0.51166978897332,0.0,0.0,0.011841332906560682,0.18980652323019434
13999284,1586406,5.096843880372768,2.2119587094650557,0.1037869126077976,0.03255197929407709,1.6587091155434825,0.020862933966293885
27245372,1586406,3.8632823540029,0.33418050943163524,1.723473139228145,0.9785435537609142,0.4811418662023148,0.0
11262409,1586406,2.4707829423061667,25.187094628180628,0.3916123047937875,0.08404802002619395,0.7624176162026006,0.018969772067308485
16233821,1586406,5.604968499340237,0.8265360252316458,0.0,1.556916842182809,1.136038205226892,0.10606779674025342
13062750,1586406,3.443504313378134,12.934847626856461,0.0,0.20596863072963867,1.296360594121384,0.21639306116475748
12880493,1586406,4.113934705612393,5.808092793851882,0.551181275890163,0.09723240822751646,1.1853850013250717,0.4682850067567556
28654062,1586406,5.489533310842773,0.0,0.02454598676190209,0.7893274888610773,1.1563941817251153,0.8796497595628755
14082545,1586406,3.536512758361351,3.063223025011617,1.669226091706566,0.1580394758975823,0.7322602777783125,0.0
21590011,1586406,6.343701160853465,1.931112036486555,0.014914342623326946,0.8755254841388672,0.38662011673152763,2.686724475600514
3243388,1586406,6.14426832508116,1.2725912002545747,0.014817444062841524,1.854727445868872,0.0,2.2796702785981466
