member,group_id,r1,r2,r3,r4,r5,r6
83648832,15872762,0.981412756175568,0.26725478737894315,1.019132664415221,0.0,1.3614564144980594,0.0
184058848,15872762,0.63730035163601,0.0,1.4399660248747461,1.336830296010232,0.8223415761227342,0.45777847859638465
80597602,15872762,0.6873614717466888,0.23322023898740382,1.2280184350581211,1.40111657531044,1.1561562321957108,0.0
183767776,15872762,1.0603382010019462,0.32622523614717297,0.22464687295626576,0.9134168851804045,3.8168158216250347,0.0
185696356,15872762,1.4600921848106645,0.25618169990305023,0.276442196261256,2.033291681656829,1.783736487631203,0.0
152879872,15872762,0.0,0.3684779447855065,2.4601336184508646,0.28231224451522346,0.0,0.8738029915274128
118044032,15872762,1.5045368496083518,0.233882160981425,1.39173620994486,0.13454073166983624,0.019993037265409963,0.0
72412582,15872762,0.3769516174501465,0.11827974056790479,0.0,0.843493507107874,3.494352621801679,0.04037962731140057
10344235,15872762,1.2820066560635521,0.0,1.121854373658007,1.511439264561094,0.45378518176171767,0.37830677084423886
189569899,15872762,0.10996597074995833,0.0,0.29450076051624,0.8074587931081264,3.2404033496927247,0.38118941700135134
92099022,15872762,0.37454564850340977,0.5873936449086037,1.854489303751668,0.18124953829632545,0.5414187961480724,0.0
184605199,15872762,0.0,0.8702952743083522,2.0905748810495424,1.0331411150592051,0.08002086805212207,1.3990677484639025
187589618,15872762,0.14065302910740624,0.0,1.4418929521375399,1.4617016620751404,1.2475517484889793,0.17796268926144113
187475284,15872762,0.8626527302387234,0.5711255246562619,0.5902864712032425,3.180205973800948,0.6162328244052652,0.0
86332822,15872762,4.1611009838491375,0.0,0.0,1.3904394142231606,0.5433614356338385,0.5518528599695586
9787926,15872762,1.885751026168078,6.949745803100946,1.0224141406304827,0.0,0.0,0.6711584734991723
36588662,15872762,0.6034695850096373,0.0,0.022828862914252613,0.8000033603009231,3.2478495799387335,0.19544418424937018
