member,group_id,r1,r2,r3,r4,r5,r6
1187712,1590333,0.7203057858818874,5.197267667599165,0.002828491213635099,1.1317813988723815,1.4459524425871302,0.09127710135874524
1697442,1590333,5.8139176547585585,0.5737061027461923,0.15268539606919082,0.32586609147742884,1.288424560174492,0.32978670515809555
781445,1590333,0.021877126706489277,8.150601493223803,0.12439801807918709,0.13373174222010556,0.42900809844431925,0.0
558790,1590333,3.094211590587021,1.338979057288828,1.742020473325615,0.5126382457422437,1.978690946058757,0.6321551475448949
3502053,1590333,0.15095063442248152,2.869559616098446,1.4774631849302957,2.473547882833884,0.3230330106824917,0.7637311857404764
11786506,1590333,1.2005474966192478,5.775189762698425,0.0,1.25769976377365,1.13638974000057,0.0
9273451,1590333,5.25572305083821,0.8453691548777066,0.30972376949688485,0.32770575652742706,1.3864651923358524,0.5208392000557691
12867179,1590333,7.74888404098495,0.4363252214051441,0.7085127507460302,0.5134627628018242,0.3124563188559526,0.6129152455473756
3430929,1590333,4.202080634716282,0.5806605158548431,5.053685427914787,0.0,0.9376191628167015,0.26785743179239013
2197236,1590333,6.929280109375379,0.016470526234496845,0.0,0.23265352339814854,1.0982071345002706,0.10222832263122757
473782,1590333,2.384846824500479,0.1108668327797487,1.7682812374844872,2.1272176567497754,0.0,1.2795470478355966
12415385,1590333,0.0291449862948709,4.822320905811897,0.4301575764355645,0.6693263881288266,0.7199190871411358,0.8162370365746069
13806140,1590333,0.03483151592567783,6.370739070145035,0.0036197042221939174,0.0,0.47051640952100365,0.028394234514948446
11429949,1590333,0.2287447612148182,6.864642305758649,0.0,0.8755506788939629,0.41615620572312223,0.17479330665408183
17382271,1590333,0.087563490635476,6.45540832533804,0.0,1.3179532393952733,1.3158440123696309,0.01730119364814336
