member,group_id,r1,r2,r3,r4,r5,r6
132967872,15972402,0.5041974868830208,8.070316000217918,0.13742827093582355,0.2443494215723064,0.04626604564458195,0.32841120963468645
159154342,15972402,1.3004282933140845,5.409585658758391,0.1031695684335743,0.0331013880234606,0.03220780519681765,0.0641153812180985
5795454,15972402,5.9680127192503285,0.0,1.9090586346996152,0.0,0.1464684913258035,1.2739979530446075
195058669,15972402,5.017332397879622,0.03748885958612013,0.32956194203283223,0.417919897406392,0.03692430127896182,0.0
112471502,15972402,3.018253302707847,0.028162862081917265,0.3722202456887711,0.39917284429805083,0.13170145681634848,0.11328905309297686
3559987,15972402,2.989897584737834,1.6121854327102596e-05,0.12667636853063138,0.21914781143295523,0.29259493249080654,0.12760240464391787
193680954,15972402,3.253479327591296,0.03378563422018222,0.0,0.0,0.6258306262876536,0.0
192807482,15972402,5.017801095900316,0.2449327939441625,0.0794535430606743,0.30931219654703923,0.05597330807862604,0.0
161452922,15972402,5.981061985987789,0.0,2.1580006808456087,0.056056152725377444,0.15653998458010207,0.0
36658782,15972402,3.36987451559036,0.039351061683753186,1.3308727441441106,0.5585989321759638,0.0,1.214335890856889
