member,group_id,r1,r2,r3,r4,r5,r6
11738884,1601931,1.8944234849393309,0.0,0.7027629023611455,1.1360306266967135,0.40241412565029144,0.06134311250492533
7051018,1601931,1.8589856211763403,0.02590230286489046,0.12859481358331482,1.0536128838612036,0.5589688278851864,0.8801670587059588
14134686,1601931,3.045863472314721,0.016357197512187293,0.0,0.3133273893109127,0.09811171727171625,1.4871942911720615
10520865,1601931,1.5856313867502978,0.386808913690555,1.1016098220044586,1.1752134979954896,0.6579363020005442,0.20166633434369455
11724197,1601931,2.9184259064802833,0.5068883145205547,1.2158636882432214,0.4324382252397734,0.0,1.0894183472327599
13313454,1601931,4.045493110087905,0.0,0.04067824728810022,0.035655762545501346,0.26698615979817975,0.9668961429678098
6923185,1601931,0.83314515733743,2.9860977494734775,1.3349877682647233,1.3661504228339238,2.071589137240829,0.0
13606323,1601931,3.0297610180469565,0.09119755980600122,1.9512494676165621,0.3908080330183404,0.0,0.0
13382466,1601931,1.9009027238706253,0.2537590133601257,0.1617604025566568,1.0760848026520204,0.0,0.5200813749452021
12481616,1601931,1.8910286863223507,0.4333446887681094,0.0,1.0375019374642351,0.0,0.5719143327497831
6285907,1601931,3.170006168846896,0.6326671028121211,0.35483124020102746,0.11965839358715075,0.7161598192867574,0.613750407505988
8571220,1601931,0.6224952938195518,10.253169959816047,0.0,0.707592946034909,1.6504926345623594,0.19162394326549717
14625884,1601931,3.575471352443305,0.052335554350099935,0.013315777230076233,0.3769021836308909,0.0,1.1087156943705614
11644127,1601931,1.4741466586901573,2.4481061881793873,0.9673526063161948,0.8607597061214979,1.1453183770820716,0.43492480882775925
9387367,1601931,2.0143519186149237,0.8910399206191447,0.29024513017745934,0.8654967885234566,0.7703689429206707,0.6344417285224778
8606312,1601931,2.305865157694783,0.1269739789531117,0.7906929404672854,0.4923159988718415,0.02248899835365307,1.3131177330024069
10449517,1601931,1.0752889246024624,5.06689740584797,2.8630593310965877,0.8486694093446643,0.004668298715949275,0.6770893097657252
13268847,1601931,2.114253671350296,0.436055033181459,0.47734372228663835,0.36345017617857905,1.0899419664836942,1.1082206018721523
8206579,1601931,4.008482520416527,0.3891576420219398,0.7184812737015537,0.0,1.0217031733736064,0.31998104837819175
