member,group_id,r1,r2,r3,r4,r5,r6
14479104,1601468,1.4753796398040517,0.7586308513062912,1.7539364659833807,0.0,0.4012438712234358,0.6655029908712545
83816832,1601468,0.014761573408775213,0.6655249210046302,1.7118099581375574,0.10195110359687223,0.6850328766616347,0.0
37047172,1601468,14.832698741265695,0.04476531410066761,0.0,0.21205295763313248,0.6696732143535077,0.04571563834619702
5279504,1601468,1.4951946329411698,2.584580295406435,0.4940290192885732,0.6771914349377772,0.352104298915531,0.6211283724191544
3281441,1601468,1.8528089454909067,5.9955414397440885,0.31033133269603624,0.09000264174078608,0.0,0.5532407299291514
49764002,1601468,0.2570062649263034,0.0,3.8396882067149396,0.21718052449817146,0.0,0.3985558458482002
32669102,1601468,0.2675281729928117,0.6428207251964959,0.9036962919954238,0.06675944860156989,1.2115217448077413,0.32030207165100383
14570033,1601468,0.3282262663579316,3.2262464042224255,0.6635899404874623,0.08534504647178066,0.7787879425444432,0.4058148660236164
11802801,1601468,0.070593663209021,0.47400368358330786,1.5656951228033855,0.6895860569629809,0.23072541397258234,0.1906332482043596
9428788,1601468,0.9724279752776085,0.24574170003791387,0.7701351036398774,0.06372875429370049,1.185311721404444,0.5104363275867132
24992182,1601468,0.621428525098547,3.095063543696721,0.6348891898360794,0.08115489933366811,0.7912363364778726,0.4284457746832789
122776132,1601468,0.4359688731293048,0.0,3.797171323204561,0.008687273342532826,0.16033422895196084,0.3972642671342163
3466187,1601468,4.707420236585884,1.1882942254922517,0.2828666608564056,1.3005379502901642,0.0,0.7162185412202283
4311884,1601468,4.075419534218482,1.6255965240755856,0.3925326736299862,0.10385563090287928,0.8570229456175423,0.5561372448554422
14353749,1601468,0.12085823894699388,2.6585722939665115,0.0,4.360727846455987,0.1944195345859836,0.10189274141704768
11078997,1601468,1.4445674703119384,5.32087456226912,0.09886146411494737,0.5116760252246031,0.045675425543888204,0.5347015624286222
6975067,1601468,0.9766061336677262,0.06131902779320802,0.45068762954838454,0.3859173513952317,1.227890160862185,0.534641562404432
55299942,1601468,0.09950520141498685,4.029992257397132,0.24858863695784353,0.40227448609658606,1.0918794165650347,0.10636790344515232
11599472,1601468,0.444609117398172,0.5134046502090485,0.8458401031349101,0.06432917780869461,1.1901324033927927,0.41767923823465203
