member,group_id,r1,r2,r3,r4,r5,r6
188429223,16041172,2.7336639092214163,0.15048955049735,0.0,1.365660756213793,0.405510614158286,0.9753503569801287
13133195,16041172,0.0559959588756226,8.918714235213555,0.2833414626801466,0.14848015720645505,0.05648484444245142,0.1283135638054997
186553549,16041172,6.248779475626498,0.0010973388236633192,6.866877798159828,0.0036144479461032893,0.3555009272938377,0.0
191286067,16041172,6.241819020834639,0.030141842463003474,0.753534476369572,0.15913959821246026,0.0,0.2153836571757689
14900181,16041172,6.139977358696599,0.00441723234821639,0.35723126603353345,0.2753518344813477,0.6866530234238264,0.009595161376636237
12605621,16041172,2.2352857711616223,0.005033510130399314,0.0,4.389292864737673,0.0,0.04578155925373473
