member,group_id,r1,r2,r3,r4,r5,r6
11549440,1606325,51.652717405691334,0.0,21.56411070632546,0.0,0.01865745324790195,0.02245134976340985
36613892,1606325,0.0,8.635613846649196,0.15146475164878578,5.144171489822628,0.14152446271292984,0.022066726620317768
2586601,1606325,2.577623016664324,9.145443973147835,0.2640604306920977,5.612313559123616,0.05837791343747779,0.021028498998852695
14421996,1606325,5.380214494866556,8.829201824414351,0.12859628403602638,5.180773130041574,0.0027962335920470923,0.052087972952690464
192146353,1606325,0.39842555753155107,8.677855409738626,0.13783695676720684,3.9612571033750013,0.0026042728704245115,0.09858923295742729
