member,group_id,r1,r2,r3,r4,r5,r6
11549440,1606325,0.3031935410152829,92.65712849484194,0.0,0.1707746763961418,0.057523444602626914,0.2926034160876032
192146353,1606325,46.44780530008815,0.0,3.3498937916905454,0.0,0.0,0.02422563011559896
