member,group_id,r1,r2,r3,r4,r5,r6
11248361,1621496,0.8348031457256511,17.0082610442026,0.1397791927785215,0.06281030164361062,0.17860034479733114,0.9870067001710778
89967962,1621496,14.892746317188264,0.8334194673193024,0.8050067594679732,0.5344154389902066,0.0,0.0
12774869,1621496,15.228743678668216,0.0,0.0,0.0,0.0,1.2120886904135835
