member,group_id,r1,r2,r3,r4,r5,r6
8692040,1626408,0.0,0.5401235199938127,0.7805689171867545,0.25353134336582656,18.478371510771673,0.2624937558124123
3869126,1626408,6.508928474903796,0.0,0.0,0.00941528503812763,0.0,18.512905874392256
