member,group_id,r1,r2,r3,r4,r5,r6
2609617,1626408,0.703735719866618,0.165886801014843,22.488010730575358,0.0,1.1469014529917456,0.0
11246422,1626408,2.8866210208771683,0.0,5.602216606715774,0.016143543759414795,0.13918590131071096,0.06235282966538618
11909757,1626408,3.257491451833049,0.1569828118285855,2.5825573454155792,0.0,0.002701757232945332,0.0
3869126,1626408,0.055472734864446614,27.94871009497621,0.0,6.9290654148675195,0.024280267561174268,11.534275861225154
