member,group_id,r1,r2,r3,r4,r5,r6
110902112,1635668,15.390621597888149,0.039059081339083694,0.8053785489116042,0.22526594297644223,0.041642653684297475,0.23156982506334048
11878113,1635668,7.966324208597013,1.211442829256074,2.0427697744791478,0.02108335107089825,0.0008791874852412531,0.02868190041431649
183144834,1635668,6.29068483105526,0.0,9.481012605068582,0.5828648756197621,0.0,0.0
11598854,1635668,0.3875330143566766,0.0,0.0,6.307073405449726,11.265221329776791,3.827926579989872
