member,group_id,r1,r2,r3,r4,r5,r6
11962781,1635668,0.0,2.4974648408316105,0.08094259475888568,0.8963539649633989,0.26952689006616354,0.22080483743973517
11598854,1635668,0.0,4.014793113727315,33.28702344989878,0.0,0.0,0.0
