member,group_id,r1,r2,r3,r4,r5,r6
127409112,1646128,3.8140856399417395,1.3953476482905824,7.493691140696105,5.8764041355696595,3.7907266325532634,0.000469607803800217
83080482,1646128,0.0301567006257007,6.4795767405576665,7.660102255770002,6.350084351243133,1.39514014340774,0.03232313714010784
174933982,1646128,1.1921857290894025,4.792001826776075,0.0,12.136729843772835,0.00010291734161935523,0.03639246061591057
