member,group_id,r1,r2,r3,r4,r5,r6
189061248,1647880,0.03862540027753087,7.917150182234626,0.0009606181174401532,0.0002600733318306514,0.0,0.10078261381680713
178199392,1647880,0.023295273174013427,7.863312777522675,0.7742546109786778,0.039004368346796714,0.5782937736957534,0.0
9823432,1647880,0.030318514484340208,7.852184397160513,0.06392980863385614,0.16631128773801884,0.6762830143871111,0.002124640119347328
87576812,1647880,0.0914968453498813,5.820469600391559,0.05399717699089536,3.4158487994276974,0.0,0.0
158265582,1647880,0.0,7.916991427487734,7.6107798430655205,0.0016807794216825778,0.0043710695967745395,0.11124294631315397
12124974,1647880,19.66915761542518,5.972677902985489e-07,0.033711470970505523,0.0,0.0,0.0
138063582,1647880,1.4001122901673175,3.580998952420597,0.005446593616215589,3.337343567759697,0.002701876466330278,1.6456483462726539
