member,group_id,r1,r2,r3,r4,r5,r6
66579892,1647880,0.19970263047411804,0.012451221680181418,2.0050339162844115,0.0,10.16871832669979,0.07862102527206058
84553892,1647880,8.001018968981883,0.007481854958090763,1.0506351587914964,0.0,6.111063875692262,0.0472412524162585
12124974,1647880,3.3172743115847543,1.6720697110466176,0.07358064406220098,0.25643898690388645,23.761041385620228,0.0
