member,group_id,r1,r2,r3,r4,r5,r6
10420393,1647880,1.9411532634578865,10.32392030665881,0.4521114359672027,0.0,0.0,0.0
12124974,1647880,20.768903273960497,0.0,0.0,0.012706762831928321,0.0010462190422941809,10.513018241807185
