member,group_id,r1,r2,r3,r4,r5,r6
87117472,1647880,16.688112966564233,1.863150290328726,0.07974902462274626,0.0,0.0,0.0005215511046166174
99062172,1647880,16.78357870740387,1.5908863806499596,0.031126186108023843,0.0,0.0,0.011765934804541623
12124974,1647880,0.0,0.0,0.006492886009770805,9.645594255561901,1.2059480796853301,0.0
