member,group_id,r1,r2,r3,r4,r5,r6
84553892,1647880,15.472614864086632,1.0244704409417191,0.0,0.0,0.5767970162689113,1.3048843876190237
12124974,1647880,1.8471320023083586,0.001737768755485731,0.0,0.027738298797872957,0.669367756864857,24.21430127597448
118651412,1647880,25.041522141765775,0.21800431175020543,4.383570816654351e-13,0.9146694654036917,0.0,0.0
76902902,1647880,1.5224243103869863,0.10904512177927174,4.111074381578859e-13,1.6592179209771285,0.0,0.0
137105592,1647880,46.17422981349537,0.08780045282501193,5.518915140769536e-15,0.6682643690976225,0.0,0.0
