member,group_id,r1,r2,r3,r4,r5,r6
173363832,1647880,13.91430278670801,3.168650345377289,0.0,0.0,0.055254293439693396,0.8149261593837975
14615091,1647880,14.018839562878458,0.5046754874169653,0.2780721681290359,1.9816482442316274,0.05660752513009621,0.2875787695847025
12124974,1647880,0.0,10.256667401689707,0.012000186802152799,0.0,13.034450252473318,0.0
