member,group_id,r1,r2,r3,r4,r5,r6
12124974,1647880,0.15696267972950362,2.89332819802013,0.0,0.0009514052732683252,0.0,0.0
34489102,1647880,20.48382862712629,7.96386481291172e-10,3.3400592415876254e-08,1.9858340769503335e-10,0.0,0.0
