member,group_id,r1,r2,r3,r4,r5,r6
10420393,1647880,0.3269921886368737,0.0,1.6585420489998919,10.430445890614065,18.325033910115422,1.8771922621076729
12557325,1647880,0.42348398524958974,0.0,0.5720637321070061,1.5012251740981937,19.955011271707477,2.3888679591372504
12124974,1647880,17.615291776291777,0.4416089114577832,0.0,0.0,0.0,0.0
