member,group_id,r1,r2,r3,r4,r5,r6
104867072,1657880,1.6498043294018323,1.2568942871611526,0.5767231129437567,1.9082242905180327,1.9569903269426585,0.0
14256019,1657880,1.3452230496692923,1.659646537472902,0.8054102288435395,0.1558909402797499,0.5581569583996987,0.5131944997001189
12160532,1657880,17.558279007910986,0.5132465423584887,0.0,1.6039316415229634,0.028213333625755843,0.0006723086940004559
8933801,1657880,0.18962515307712324,2.082344232020152,0.8732925803128869,0.5527255825565449,0.5319709944539638,0.45980414904528405
36878512,1657880,4.115740385966919,20.785383147688407,0.030287168136602465,1.208198647859423,0.0,0.19367585147157607
72855602,1657880,1.8142089922773232,1.554262519431017,0.848408378274233,0.0,0.5661742542389989,0.3269070995463063
1351476,1657880,3.655693020823346,0.7016390905015912,0.7282730911169694,0.8064079773718006,1.0042454480902387,0.06975655757174118
72909882,1657880,0.3592110578399941,2.1296588015118996,0.9457190483593726,0.2377819530813583,0.5472420243031106,0.2776675865082012
12025279,1657880,2.362674736491403,0.04482522397255194,1.2962342785668748,0.09634695900514686,0.0,0.0
6032452,1657880,4.898703183834991,0.0,0.5749789152729597,0.3733741426217548,1.056832563019196,0.19461163646186522
558790,1657880,1.0506953484618817,1.9257216454511985,0.5560382218071033,2.4605743268443883,0.007935258315695188,1.2736019791164495
24864862,1657880,2.7958594536150243,1.1186859573713681,0.917974523292742,0.2575763161021911,0.527698660875378,0.5602104398716476
99818592,1657880,0.27735544374642285,4.393599259062066,0.6390248831111653,0.01211115384333934,1.4554622815846359,0.1719405127021602
3502053,1657880,3.4493535260446544,0.22137151737101246,0.3661542784697525,1.854273353012565,0.05988767986598008,1.4946495623935168
95427562,1657880,0.22756257662352028,2.0111302186970015,1.0978756761147763,1.5343090219167588,0.4133706662743831,0.3787828154800862
58110962,1657880,0.1891404777530318,2.0198011076164777,0.9104304931433521,1.069764926492058,0.4722289909473992,0.3775970163253488
110055412,1657880,0.7019442117810093,2.0151790500511084,0.9043906446005485,0.0,0.570410055779602,0.3211838677594229
7952634,1657880,0.7462126402897051,1.8260329482499662,0.8649350661660697,0.4255452573398777,0.37050746739256196,0.20572455223923888
38566012,1657880,0.01771648526014785,2.138013784020251,0.9570813410962532,1.075842399567988,0.30363821848814043,0.0645184939811251
