member,group_id,r1,r2,r3,r4,r5,r6
8744738,1663085,2.5658641730994343,0.5363390688577935,2.927544925443421,0.3178609845971317,0.5161128358355451,0.545150461736357
111576622,1663085,10.137050070396523,0.13805299132154616,0.25876770981683106,1.3640522532046213,0.009827020326851945,0.0
57958062,1663085,3.4143717864253436,0.04586946464635301,0.0,1.6911713550779268,0.9296349301025278,0.0033071302745934623
37322452,1663085,0.23541487080058265,5.59437980307269,4.053649155648471,0.0,0.0,0.17740889726688547
187103894,1663085,0.9557658670393762,0.04825621983610668,6.674365317774896,0.0,0.18777307179015493,0.7981610625308379
190978299,1663085,0.0,0.0,7.06337531244037,0.09060970058016969,0.2566960991509895,0.0
37885182,1663085,0.2943763851565005,4.93669479722686,3.3888260873897154,0.038630684865797786,0.21377934626307574,0.2530751695285089
2167102,1663085,0.08984389848050298,8.99589324472635,1.1783040535884117,0.7611107171359993,0.08411050824236806,1.4170854166305717
2433119,1663085,0.6854384944540375,0.0,6.946556784753196,0.4180608014235252,0.0,1.9170022107623732
