member,group_id,r1,r2,r3,r4,r5,r6
185495305,16635442,0.48343299512734983,2.873172971919897,0.10758359573602337,0.0,0.0,0.7578602708483632
9854090,16635442,5.184061402481561,1.294882405184866,0.0,0.38296325343936044,0.01990412468179378,0.0
121488012,16635442,0.3994383347419212,0.7338820438801374,1.5802136589441174,0.7641245846929697,0.0,0.35754171347313357
12549135,16635442,0.0,2.741517649004205,0.06492974945148644,0.04304193127586536,1.7598605327751342,0.0
62806552,16635442,5.730714008634543,0.014621939525167929,0.33725302186213263,0.0,1.3800570918942243,0.01799683550614748
185150618,16635442,1.285793354210903,2.524371830054138,0.035290921639194964,0.04743396207338833,0.0220999900733957,0.7926268698588717
52566302,16635442,0.0,2.058986899535875,0.928223314667655,0.33725287167246903,0.684533347765429,0.0
185295263,16635442,0.0,2.314993835188423,0.8200260713843764,0.0,0.0,0.0
185695011,16635442,0.20378285694709194,2.0313588031021035,0.6968095737450384,0.033106480598439604,0.07755642860027458,0.3320858548920403
187824164,16635442,2.8281239063589636,0.6406138093220584,0.5220013187458759,0.08074789998845132,0.5359527579935606,0.45283316143880625
11435824,16635442,2.8856406741834313,2.050292971939817,0.022342803606523864,0.09448056235668512,0.02565872156037233,0.4557089881422867
171076402,16635442,0.2063186659211509,1.9096610609157074,0.8451437750063879,0.09038380669849153,0.9458135342785133,0.1701440618870454
129975862,16635442,1.9329087382401335,0.8656203735545659,0.4450504986421298,0.03815850130903377,0.6378165945428688,0.8108218008399241
163923772,16635442,0.3840111855296892,1.029398869401826,0.0,4.223725732063182,2.4328885714229043,0.20898871713052042
160172362,16635442,0.9355911068020253,1.0631237368170625,0.5217325231984508,0.06604026597385321,1.7451216004507284,0.6170803844028445
150666832,16635442,0.4012303031451736,1.6326364302785825,0.7279984626122765,0.3759353105223916,0.8745706615277453,0.47934992097388607
192361052,16635442,0.775549105176789,0.3016257553833647,4.307234977523144,0.02803764712532384,0.039481900957586705,0.9882430911333698
11878113,16635442,1.3466655048492941,0.0,1.4865874967100143,0.0,0.8429557833835616,0.7630960028096304
184266475,16635442,0.01136547151885516,1.3104847902950136,1.389175617082709,0.19935745117341805,0.43069579628051063,0.0
