member,group_id,r1,r2,r3,r4,r5,r6
9157315,1663085,4.41127554615353,0.19039721822185707,7.468125137060172,0.0018524171598261262,0.013514188894805521,0.00011861823939869792
8701671,1663085,3.2319622240664767,0.052244469821013544,0.0,4.653473276822199,0.0,0.0
11773481,1663085,4.312805258278912,0.0,3.38702444932671,0.0,1.3507091922013001,0.0
13677141,1663085,6.306816479642611,0.5354123962639867,0.0,0.0,0.0,0.0
4848889,1663085,2.376624311359456,5.687202423281144,0.04243035062495255,0.771177751725031,0.750179179058681,0.6408937747055294
2167102,1663085,1.4385895937135598,9.06640031613631,0.0,0.5668786497738576,1.1811247444242448,0.03398691614966741
