member,group_id,r1,r2,r3,r4,r5,r6
13160646,1665147,7.245606100763612,0.0,0.11210244035039854,0.25718942665497346,0.21731072419642433,0.06885444563586329
12815465,1665147,2.07223753555936,1.1224317038361806,2.8215113877311127,0.0,0.0,1.064717698996739
9667307,1665147,2.005966154881218,0.19555227273342,1.2916829913046182,0.18209514945432345,1.5056114035853512,0.6739183981238849
12009036,1665147,0.1668625437524239,1.260435010692576,2.380692646124821,1.8923826883799786,0.45422323178277446,0.0
5180463,1665147,0.9741578661141189,2.5665466819824183,0.0,3.7791379380214525,0.016842332644790865,1.7198447546763684
12725589,1665147,1.2811945498272952,0.7533317164063165,1.5549768572980536,0.6608775359151136,1.1566751392716699,0.5758804661623931
9714136,1665147,0.34509462921264306,2.4750843122281063,1.1858435256187,0.8653752493582252,0.6452273277694062,0.4802868747564175
3828124,1665147,0.14198643880948325,4.37533133067757,0.14437599341421747,0.45397201454043645,0.37252529770441767,0.19359015543218147
