member,group_id,r1,r2,r3,r4,r5,r6
2608440,1667976,22.046222078971443,0.0,0.12538590281380071,2.6552053152356083,0.0,0.0
183273228,1667976,0.0,9.207406878592785,3.600067023767166,0.364662925653245,2.0588148687915706,0.015508226779458748
186046166,1667976,0.0,5.760108724069055,0.16476175263563958,0.5379473371765653,15.407244934297735,0.0
185577174,1667976,0.0,18.583534679613784,2.3474252823837904,0.09682662697278392,4.536312035659078,0.0
