member,group_id,r1,r2,r3,r4,r5,r6
2608440,1667976,0.003545708555165314,5.943602864854398,2.6415452509708564e-15,3.740180881900944e-15,1.5120216170607192,0.1511591453748677
74955822,1667976,8.290688907431408,0.0,2.6693509904547597e-14,0.0,0.07372185647091299,13.57194545053507
