member,group_id,r1,r2,r3,r4,r5,r6
2608440,1667976,0.0,0.0065565136195554945,117.96108675663746,0.0,0.12186869340198404,0.2946022905725697
9481755,1667976,40.13473400913218,1.623222557343666,0.0,0.0,0.0,0.15262831296890805
