member,group_id,r1,r2,r3,r4,r5,r6
2608440,1667976,27.545992937166353,0.24721783168187939,0.0290957785621877,1.49474877043992,0.17596788558859017,0.0005427184370904932
7763602,1667976,0.0,4.192219034438826,17.475629281323602,0.0,0.0,0.0
14044650,1667976,0.030564421651750242,0.0,19.977044769288987,0.013993613388961771,0.0,0.3585473938342991
