member,group_id,r1,r2,r3,r4,r5,r6
2608440,1667976,0.4770518453049501,0.06427855697601964,5.645053030664377,0.6441081478638395,0.0,13.207432671050702
99503192,1667976,0.0,17.205484254431262,0.0,0.0,0.6502042255647946,0.0
