member,group_id,r1,r2,r3,r4,r5,r6
14633088,1667976,0.0037862003069252196,6.349020030670196,0.5091292689951317,1.2028604601965673,0.2059182101693339,0.3294558122324678
182862279,1667976,0.01379561128370876,6.373437920113533,0.0,1.175942272883335,0.3112047269798233,0.27194958836886646
147010282,1667976,0.01260073028221293,6.265924843579636,0.06918339814563218,0.0,0.6842285743829393,0.0
183273228,1667976,0.23283214906118627,6.208357029468725,1.9758298901569302,1.0790347741440718,0.11848304609700314,0.2709259325620229
36543952,1667976,0.0,6.0000622772857115,5.133444900790586,0.0,0.0,0.12096088597735144
19793651,1667976,0.11454316552926685,4.775326097609729,6.133832734672149,0.4264307341594008,0.0786243498193139,0.01847304543752483
183122485,1667976,0.014006727853867654,6.269357073352504,0.0,0.06854901996526196,0.6203562514916645,0.06550298641611722
2608440,1667976,23.121176054378864,5.396417999605194e-05,0.029161334464387283,0.012639546969906332,0.003617462774163736,0.004245749809736366
183241787,1667976,0.02680604061756146,12.559349887075664,0.07601396724474399,1.382988691499617,0.24576456071111305,0.0025677209211837425
144825502,1667976,0.009849465768647021,6.259170119127759,0.2168980232339286,0.3291041522407556,0.320517541625517,0.30808547840489797
