member,group_id,r1,r2,r3,r4,r5,r6
115076772,1667976,0.014772566330278084,5.190284824488025,0.0,2.4018504204326843,1.9810355896180918,0.0
191667623,1667976,0.004141540223418279,8.644669485091638,1.5657413743854833,4.763621046564356,0.7991739741149161,0.01443845482525615
69623212,1667976,0.0050435116727089386,8.682214508748613,1.4977622315554422,4.009815620139638,0.05584200125516564,0.7766170254805997
111576622,1667976,0.12962789499776362,5.216926129433856,6.592287614472841,0.3323003161598292,1.1195903557250537,0.3779554263750944
193926671,1667976,0.0,12.905697002916146,0.037498938662057064,1.4240520497451143,0.6024790264078641,0.12652875696597898
2607982,1667976,0.2322458434683355,8.578390908884659,7.969866124877559,1.918493179103834,0.3687826464221347,0.0
193457558,1667976,0.6486989613409394,4.165937486001904,0.0,2.409199826213094,2.062301799165395,0.0
2608440,1667976,20.015960284990573,0.0,0.20634376081663666,0.014573457464853697,0.0,0.044490272749722504
194082747,1667976,0.08549555918056898,8.804590170120662,1.8291693273393763,0.0,0.808771443188244,0.28825646920608616
161470942,1667976,0.015423961289841888,5.238330027159333,0.11402323165348982,1.6536206718312032,1.0478271893114965,0.9528518924448394
194519231,1667976,0.014895181071768515,5.194152312106448,0.050155537394536584,2.3459112352207665,1.918815817726057,0.05601334967532326
