member,group_id,r1,r2,r3,r4,r5,r6
163779592,16681882,0.21913290127245336,0.0,7.090217421884113,7.41771409438732,0.0,0.10991743163557016
187449874,16681882,9.012981069423832,0.011765335437230542,0.00859641857810871,0.0,0.47294898019602616,0.0
189117619,16681882,18.96484104540829,0.001901013187676871,0.09412157262901816,0.0,0.048877575489942024,0.0
190805220,16681882,8.96045966690471,0.011834176836216041,0.04873393552746569,0.0,0.47225940810108297,0.0
