member,group_id,r1,r2,r3,r4,r5,r6
182310022,16681882,11.241847643796428,0.0003715985578649381,0.003920342666213365,0.04870269692524505,0.13445350949570212,0.07203300571445369
163779592,16681882,0.11567271040610337,14.005168461862224,0.0,0.0,0.0,0.0
185259913,16681882,3.848307808945035,0.0334017872373732,3.3050948710272947,1.5121187030773768,0.0,0.0
176745042,16681882,11.237905624713642,0.09169049923366497,0.0,0.0,0.36123529934288284,3.0584214760529176
153724092,16681882,3.8315129509887806,0.0040576405659695485,1.4535991113540663,3.689444883860536,0.6492033861998671,0.27334624229436016
184491869,16681882,3.7818434440172153,0.2415301398515264,3.97722283660287,0.0184320874938816,1.2229920587734624,0.6936126398821103
