member,group_id,r1,r2,r3,r4,r5,r6
163779592,16681882,0.03303622914942512,8.932990182182381,13.584599972344002,0.07693451500501339,0.0,0.032333872900134765
184630707,16681882,7.455445617690465,0.002473435347164093,0.0033674448848542804,0.10128603621011052,1.5048450776922584,0.0
143849822,16681882,7.0744242255307865,0.0010951939588842805,0.00010045531721948711,0.0,1.8701759144589616,0.10161681300411605
