member,group_id,r1,r2,r3,r4,r5,r6
145354882,16756732,0.16352575062937494,8.386496554505232,0.7737658631584615,1.1716891051259561,0.8277003404356118,0.5217105279872291
191109799,16756732,3.878648264092886,0.0,4.9195067880656005,0.0,0.0,0.026165995878756638
3676585,16756732,2.572932902152336,0.030668715537333135,0.4361173122277196,0.5843437121947525,0.861495586373175,0.6046517960750171
192876559,16756732,2.508124915957913,0.15509888998845317,0.053767496844545605,3.1347714109458322,0.45329504154134775,0.00760242279544439
192780784,16756732,3.920312876255681,0.08311766338053059,0.0007181740578115927,0.0,0.7177096035553701,0.0
11621201,16756732,2.535649964885911,0.16952822606253753,0.6273857491919242,0.5069856177634047,0.7829679500356679,0.67474044687823
11520533,16756732,2.608131282873698,0.241459416515285,0.20131996578914163,0.14493598919194917,0.46582406885977673,0.8686885401118051
190941302,16756732,2.5821930512710183,0.33396264826532723,0.0,0.5092047486766432,0.0,1.145587587551388
191422297,16756732,2.579708061500879,0.0,0.3216368940930071,1.0480290693208782,0.0035268761615890524,1.412188675395203
191474778,16756732,2.6410006285267182,0.1335169903529513,0.3514531400833218,0.037855485652861155,0.47328070473008804,0.910981818743461
