member,group_id,r1,r2,r3,r4,r5,r6
1856384,1681205,2.6357788542650797,0.310708925503438,5.697003070673121,0.0,0.14836174034067479,0.34277664420118453
11560419,1681205,3.6996029725773614,0.25234801349794456,0.027342565977078626,0.0005440836688057005,0.0,1.0746024522545223
13208581,1681205,2.7145205463272837,0.019977377147193685,0.0,2.875993617199426,0.0,0.20222330915515432
257766,1681205,1.9037463928049716,0.11539343643114636,4.537113221038512,1.6702608653843887,0.25790389270301123,0.14381306849660458
10135941,1681205,1.8937602486622016,0.20923601617471735,0.014227786611478423,3.3438785146546537,0.07933929410916407,0.33695053668298763
12983431,1681205,7.255655333588041,0.08025347101307047,0.7445289724477672,0.0,0.5105468608952108,0.0004709709499371284
12622890,1681205,1.5515484877691972,0.7327542820199638,0.0,2.5433056943084282,0.0,0.657263975778066
8910923,1681205,3.9232118453354285,0.14443381044185805,0.000261092653143379,0.0009198800274345349,0.4340617536041062,1.1533183959900966
955822,1681205,1.9197043748735858,0.03155681833059177,3.802525938955623,1.9276519108591639,0.3302615524482585,0.1346549447883033
3697620,1681205,3.9217665896915905,0.0,2.2987293034868688,0.04174436067931911,0.5214277627225699,0.5552405493915921
14123862,1681205,3.7359875409874927,0.14854434363590208,0.02994874351381772,0.023302432612907032,0.0,1.0924063726366156
11726199,1681205,1.9299035701798355,0.0,0.08433174852081625,3.3560644366300547,0.11234204894889468,0.37022810343684853
12613913,1681205,0.1746205143973715,10.055225318421202,0.02975947471097515,0.018121243994017683,0.0019300910170644992,0.4648352606471568
