member,group_id,r1,r2,r3,r4,r5,r6
192927713,16833152,2.433902277125533,1.0752391137868043,0.9120404508441037,0.952369728575399,0.1853913800561635,1.4590588801363613
191662182,16833152,1.9559213083723341,0.2980233328996842,0.43597404596434125,1.172209872569255,0.7186069951723283,0.7425400272781231
184314284,16833152,2.9638465146090267,0.5836208040978932,0.004398761982034294,1.5219477289049541,0.06020503880693684,0.0
144002702,16833152,1.5936024758123577,2.0863039007158584,2.5707820745997974,0.5118813013001049,1.134071015551406,0.06259907540032612
53886222,16833152,4.677237780682563,0.16668720533479087,0.7378794372482593,0.8635239070738419,0.0,0.6982345501752906
194406286,16833152,5.378447046353577,0.0013975512739157,0.9344612998872543,0.0,0.03974411868232309,1.3987264339094974
193975988,16833152,2.552986444856476,0.2566605236047808,0.8245533120609528,1.0069871777847421,0.23003685172728217,1.315474864362926
193802005,16833152,2.6088520327304376,0.0,0.04673143472389135,1.1895710071171037,0.14864602040471078,1.2997046737453237
195766390,16833152,4.559322261753209,0.05347928264453657,0.0,1.3265508460546984,0.0,0.0
193775799,16833152,2.611825548902061,0.03458359375468372,0.33513634698689765,1.1514378126435338,0.1184972382057236,1.2367348815374544
158918072,16833152,0.556982937274376,13.460615780185933,0.0,1.0302857725490349,0.0,0.0
10189787,16833152,4.104002051688616,0.0,3.1051160327519534,0.2724467409168505,0.03853412909975052,0.2535036511305317
