member,group_id,r1,r2,r3,r4,r5,r6
83080482,1684506,5.263454338943575,2.7746594986689765,0.08677347855220852,1.9174844251786254,0.8193414163124543,0.8340475483940348
9158693,1684506,2.409133256706158,1.2050009904972345,3.2797107999742314,0.8037158240478545,0.13289609241577627,1.105113397118749
3187497,1684506,4.287029222689121,6.38931823704302,1.3385820640206267,0.0,0.02901457887229033,0.9184695621558254
6348970,1684506,13.19380768532655,0.04727544837757508,1.9174327283196284,0.17699098932887092,0.0,0.0010968542637672751
143754872,1684506,0.212177372391136,5.950244868694468,0.8205126165337855,0.0,0.908569104457446,0.0
7869101,1684506,1.3400304811712516,8.47107072295527,0.0003365919450469284,0.04786066621594417,0.6541131307987227,1.0771725182640945
114358222,1684506,4.992915551852187,2.894234260396489,0.08228444355836105,1.9170877553578383,0.8262428748142732,0.8360459794331809
53654032,1684506,0.187527295955888,3.84887916128781,3.4824829035522167,0.18396256290672106,0.21598025064579116,0.4482257550046895
82125592,1684506,9.860856226561456,0.9008453919733544,0.261737612924015,2.1036760726536006,0.7122563025120259,0.0325143377573544
142585682,1684506,0.373895441559865,9.262931748095143,1.1166324509930265,0.1566423799433615,0.05784120627550374,0.6856914094004369
52122162,1684506,7.606620676128464,4.908204799872012,0.17852816926056045,0.653120149313503,0.5215830072607828,0.526027021604812
33862292,1684506,6.7890165342295195,5.704986675769011,0.26417565815837735,0.0067397598767092596,0.5849036722711732,0.44530969753372823
26226832,1684506,0.0,4.86412532284602,6.587047228102388,0.012671481788875425,0.0,0.0
5048824,1684506,3.8339874272990606,0.020414385230645756,6.590282119115415e-05,7.174871919992292,0.0,0.023864038035833493
104183802,1684506,1.9871213984025629,3.9871751947505802,0.5174481911298382,1.3253893640680792,0.7377394499330496,1.0275202813552264
119453182,1684506,0.8958569415183711,5.127973657682222,0.6626509677386837,0.3976763876383135,0.8323600683223348,0.7800727072164721
