member,group_id,r1,r2,r3,r4,r5,r6
8142706,1686446,11.563004151630876,0.0,1.1750043970334074,1.9817910792073254,0.0,0.0
14567469,1686446,0.9829050894879382,0.019142822332605034,0.023347796725553305,0.01637665724938676,4.828981405515482,0.0029621215403259063
