member,group_id,r1,r2,r3,r4,r5,r6
9487936,16913732,1.607818080063316,0.021253245971255667,2.0467297341675175,0.34846396917812944,0.09160256161644628,0.7634418821117535
188629665,16913732,0.6052761262121066,0.8470106218980175,1.375646515934256,0.2111220935752558,0.4737513212548548,0.24895463025232703
157788512,16913732,0.17668628662610456,6.575334091816567,0.39186400395988386,0.19230103260563133,0.44394705854663397,0.19180277569299783
187438689,16913732,0.28030022761626583,6.555646359766445,0.523477566276592,0.0,0.5874709769962629,0.0
173123592,16913732,0.9216965401654708,6.25309641528162,0.2388726760426375,0.019532492122833492,0.546471095724925,0.37855635462576015
191611944,16913732,0.6559803762419629,0.43551532226999207,1.4109431726897543,0.0212939678991726,0.8315838663011856,0.23148085215008238
640298,16913732,1.4538138646579024,1.1405186815864714,1.0217517519392094,1.1939777343618307,0.0,0.7752682217922312
6348970,16913732,15.613094362272056,0.0,0.09604175295272732,0.5059144148357716,0.22195162534322943,0.23424693685954087
188356140,16913732,1.92512702162419,0.9102610930287236,1.6810551514814507,0.0,0.5796408943365178,0.13255354963000654
182666510,16913732,0.7636303947043879,1.6614869807065114,1.4188004684686004,0.05411576850605556,0.3399338325094137,0.5133646072449396
69616142,16913732,0.33333338684673824,4.498053294720425,0.022685772096378357,1.7765939259902923,0.5212767155423534,0.31061725062032625
114790862,16913732,1.290674221795922,0.44790283341836246,1.9064311658973851,0.0,0.3256541060434835,0.6417912300761737
129793552,16913732,0.546140234550896,0.5135833514460617,1.5795025947372003,0.0,0.8930319580992321,0.0
44895892,16913732,9.247862695129804,2.7255905700986305,0.18007457860280365,0.058967361752418304,0.571334800953521,0.23998656110623492
116452822,16913732,0.6803303887197932,2.7980411492715205,0.0,4.867373698322052,0.8174868154208481,0.0
188429687,16913732,0.2801410413372184,0.6498862475335652,2.150624897570436,0.0,0.33272555960061245,0.35804161360774445
1938042,16913732,0.16926769412903683,1.3699717637427038,2.2308019145415803,0.6457442014149976,0.0,0.3415246344798354
190213052,16913732,0.33499941737131994,0.628786369502395,1.5742432404379518,0.009149527506561988,0.857297641512245,0.010740254491815055
