member,group_id,r1,r2,r3,r4,r5,r6
173933312,16943462,1.531031608076859,0.28869314716999356,1.3240451332763867,1.13204942058988,0.7816690544676723,0.9798965716976146
68707682,16943462,6.007073080359305,0.007561124216608112,3.4115519163738703,0.0,0.8769668705797107,0.0
183370405,16943462,1.316782631824004,0.0,0.1802688217932321,2.372383026855903,0.0,0.8678405637284681
101001062,16943462,1.4323034443972378,0.14445448811426206,6.836744854665744,0.8153057870800325,0.16154810588855215,1.3477627705649855
7850087,16943462,1.3840187418121492,0.48157358512805776,0.0,3.320538903273668,0.28264678882525685,0.0
8842220,16943462,1.4012039957038682,0.3465979383937961,0.16666965910543863,3.1763684129416956,0.5721701902515633,0.07608012874568647
118226412,16943462,0.20310039048673828,9.539976448711975,0.23144494874285454,1.629077099505367e-05,0.2793515432806279,0.015197375543967929
183029260,16943462,1.316782631824004,0.0,0.1802688217932321,2.372383026855903,0.0,0.8678405637284681
72174512,16943462,1.3206281614510345,0.02071099163755174,3.4926031965470177,0.9441601874115391,0.4007944034761517,1.4495641785289757
158148562,16943462,1.4649368890547771,0.8217129737166498,0.0,1.8202507226899618,0.0,0.5391898248773297
72745682,16943462,1.4344112925703099,0.09427271363901932,2.163329077447503,2.3602007312319064,0.8696380766204785,0.48182477041468563
8715283,16943462,3.220960687125317,0.0,1.1161894103202505,1.2800350985058522,0.4299121825330817,0.23716818653046037
111577172,16943462,1.2495882599540185,0.5680783679396562,1.468590754184527,1.0715626967617597,0.6665550930337418,1.1416700848363337
183982078,16943462,1.4716752516253286,0.834829841912712,2.81865592963613,0.40747929705764374,0.8949147799845333,0.9475159925588565
184704980,16943462,1.5570487915279843,0.02109240096362754,0.311386818405377,1.8064021799730219,0.14235595114318794,1.0087674610133885
147473272,16943462,1.3216263928887544,0.00017710802568580018,1.503127746307661,1.6050619739948988,0.7061656501153925,1.0479430170400545
133574782,16943462,6.015387175380538,0.029475206273298707,0.34907013571481693,0.546932065249061,0.014391219888481004,0.07216461472364763
122449822,16943462,0.7850985365961722,0.41752344564313004,2.7935009418845005,1.700541905893567,0.6041371627755306,1.8138934557643607
