member,group_id,r1,r2,r3,r4,r5,r6
75704192,16956922,1.0594643590040385,8.030771749168153,0.0,0.0,0.1847600706909382,0.5291412092090056
190750373,16956922,5.39523200186705,0.0,0.6500237931219383,0.0,0.0,1.2268179602266476
139735372,16956922,3.6852321445599805,0.004696962183036723,7.532814844638446,0.0,0.07182144502497428,0.9113551634813282
158443962,16956922,1.6264907057966995,5.808802163972188,0.21747729237046012,1.0973850636221818,0.0,0.0
191962651,16956922,3.159566472243848,0.0,0.0,4.043486861755757,0.020179211862016478,0.8111615991741515
189729662,16956922,6.119315340845539,0.0,1.0840598048250516,0.0006523781087125302,0.41776721568395997,0.0
