member,group_id,r1,r2,r3,r4,r5,r6
25850372,1697457,0.1802013690023285,12.584482484249845,1.1851408405081916,0.12786593990232495,0.0,0.08091077126334655
149195782,1697457,0.0,5.828955651234732,0.20788217434189243,1.5097508317503685,0.8854913768077737,0.0
186288618,1697457,0.08556740743732079,4.918266909832151,2.8536350522100946,3.0871218785728196,0.23402041529103176,0.01903353753011832
185155915,1697457,0.657604581118896,3.747029451684464,0.6045453854357604,2.9825436139952823,0.020627044007272832,0.4571356499644558
53307052,1697457,2.0237249427173527,5.939911986934115,0.49917633707700876,0.0,0.8571892481304632,0.3301063381607609
111576622,1697457,0.2736917100331945,6.253051328794945,8.90011473220195,0.017260738022580865,0.3375369223613933,0.2904741317945407
104274802,1697457,0.2678374606326373,6.376995105601734,0.2218069756149855,0.4742137606190299,0.8964106187331873,0.20266892793963404
11890931,1697457,9.992560752007131,0.0,0.7465861413524848,0.48886761643677157,0.039511715663648146,0.0
2224020,1697457,14.302283141590525,1.5042410239529191,1.552231863499372,0.0,0.0,1.13652412633394
12962454,1697457,7.730337281825067,2.6067763090219027,1.678882038129315,1.1720088958466466,0.052084996709168774,0.7896368004105948
133074302,1697457,3.1849241682143856,3.2459930777547057,0.0,2.7656729768119934,0.2527223824565748,0.33502420342900757
