member,group_id,r1,r2,r3,r4,r5,r6
80612902,1697457,3.4884575474500856,0.21029168853382868,0.16795948869819047,0.0,1.2462639218719391,0.0
11685576,1697457,0.35767838926449846,3.323791329106857,0.18179107310712278,0.0,1.1895298622518147,0.0
48802312,1697457,0.288980323745452,9.025831661994637,0.12379520550293939,0.09465494809042856,0.9158472982547345,0.3886445292176806
53307052,1697457,14.631780084642536,0.8943860150383454,2.310139518952194,0.10473656444087903,0.0,0.0
63615442,1697457,5.143339060505806,0.6957534523135497,0.0,0.0358455056429659,0.9619955625463581,0.2118926698217982
2224020,1697457,1.994499433857653,17.341419824339162,0.7754436077741783,3.0349370449331396,0.0,0.0
79632342,1697457,1.385839141481789,0.14034209549143062,0.0,0.808685934900788,0.42398158944942066,1.9255191216727388
83376222,1697457,7.300466528699876,0.0,0.024090548867774158,0.46216696195684726,0.13063606265500907,1.8600986394758094
