member,group_id,r1,r2,r3,r4,r5,r6
10030114,1697457,5.751640003028623,0.11366616398369513,2.8877522274627334,1.3109282816502674,0.04579195381306832,0.1713207420337652
4903590,1697457,1.075835837112412,1.906146184582915,0.39508219488412877,0.22687017982308244,1.0377512129718423,0.06688723439358613
11685576,1697457,4.6928759415084835,3.194509087331631,0.0,1.9283658247403783,0.0,0.3370221466715121
48802312,1697457,1.335929368217322,8.106612190565292,0.0,0.8279691815644205,0.8125655832882234,0.0
12044877,1697457,14.205911252883476,0.3251293479384397,0.40305673524940994,2.502829287512278,0.5536552327930155,0.0
10051760,1697457,1.9591666274149127,0.9199295397208678,0.14767023626270442,0.49115890405583473,1.009098024128667,0.052272014098609994
2224020,1697457,2.2484224545883595,16.51341108555194,2.6427973421253355,0.9740486840736537,0.24321368070134997,0.01584976810238173
12962454,1697457,4.282822219031174,8.963776260745156,2.6079276382198837,1.3183713144838247,0.0012513853157126492,0.014388120161946669
13178647,1697457,7.228999739198721,1.0614102412463142,0.8121348492795886,0.0,0.7928006806341302,0.011580620097620715
26323032,1697457,5.112197286016919,0.0,0.3557730545919662,1.8182657431540665,0.07800793851532754,0.4343481836443301
