member,group_id,r1,r2,r3,r4,r5,r6
9854090,1697457,30.37179954848267,0.12573492663190858,0.01604541552212984,1.023453091104201,0.8454303796862074,0.0
2224020,1697457,0.7086861730032759,2.9317590294140548,11.678705033569068,0.017010175878705507,0.8161797080190636,0.022590054476941554
360326,1697457,30.163392038665062,0.0,0.0,1.4339186487490103,0.0,0.024796181915767736
