member,group_id,r1,r2,r3,r4,r5,r6
31485512,1697457,1.7114822011354232,4.89699021710192,5.672107522467468,0.0,0.0041226551677665275,0.012960922325252281
14615091,1697457,1.9670534820691323,4.203250761012546,6.800627941911809,0.03291889243413059,0.8195090027570626,0.0
11890931,1697457,5.738641515882369,0.0,0.0,4.789899830252654,0.0,0.0001886286260870091
12962454,1697457,1.5011656372468276,0.4193638022595743,1.1225138542802635,5.636773297793273,0.3790389797513061,0.013254758616507581
