member,group_id,r1,r2,r3,r4,r5,r6
80612902,1697457,7.298343125263102,0.2733553841591596,0.0,0.0,0.11754128796533518,1.0890558142532774
48802312,1697457,0.3260884718689085,8.922691111612954,0.14688777059560934,0.0,0.0,1.224890025875063
11685576,1697457,0.6190726225947947,3.404302876753951,0.03030196818077892,0.005638746971267473,0.0,0.9422417486131354
53307052,1697457,14.341516499198413,0.36488143224559527,2.6507900622152913,0.001344603176504804,0.0,0.0
63615442,1697457,5.049176596395871,0.6966000933913998,0.0,0.0322883166514934,0.0,1.1711779380756038
2224020,1697457,1.9599689592092004,17.057991366317918,0.8058314371786317,2.550843507320578,0.4364662804535166,0.0
83376222,1697457,7.112753176817571,0.0,0.0,0.1142800209504044,1.0895908511304775,0.6510490076355796
