member,group_id,r1,r2,r3,r4,r5,r6
149492962,1697457,0.029433223265442905,6.5646041236936465,5.105913094728019,0.0,0.8834189040334571,5.767477793730359
38708862,1697457,0.0,6.882797340217327,0.6946318908023743,1.882737717078814,0.1741677702386703,1.9608714217154277
188237131,1697457,0.0,10.879090106859735,2.077096320262174,0.6854721547549252,0.0,0.0
53307052,1697457,2.192403338656537,5.245494709412194,0.7659008592967763,0.9704209582748493,0.6733753322818902,0.0
32945422,1697457,0.5612003006977158,6.6158443799535505,0.765872311381147,0.6477891697629807,1.0972643253361234,0.7780372561234503
104274802,1697457,0.2819767320818743,6.732639469219265,0.13556091130806908,2.0738120071163815,0.6764032797319244,1.3497941858905305
2224020,1697457,15.53954241446694,0.0,2.2978880242051143,0.0,0.0,0.41824552399566134
12962454,1697457,8.381148181513222,1.4922888585825085,1.7829895454687243,0.7227286482560422,0.19692691780753124,5.041752231823604
133074302,1697457,3.488284523687522,5.395170626376032,0.0,1.9804843192187107,0.18192892387772622,0.14251951370672805
