member,group_id,r1,r2,r3,r4,r5,r6
59552612,1697457,0.2600486800110077,7.846709135869754,3.9258579532366156,1.7393154588042312,0.12515852268180014,0.0
40083812,1697457,0.18119507030148807,8.572425285925265,1.5677934650829586,0.005435729642992742,2.166427549281062,0.2748305100613535
185155915,1697457,0.742207991313163,8.650730331603114,0.8294657259978392,0.019611263565927132,1.1902282556703598,1.211775035405414
11351054,1697457,0.0005842232038586131,8.135038816496733,0.5665518239086615,1.2534433568774876,0.9020320686576133,0.0
104274802,1697457,0.29483970743985627,8.590385695496579,0.24426919063174202,0.6803737798794854,0.8375612536561238,0.8011859105552768
2224020,1697457,15.362583510508225,0.0522406495906632,2.303957592284493,0.0,0.0,0.0
12962454,1697457,8.304766992649663,1.803394941739359,2.235851000543298,0.6333417758587394,1.5583591333627935,0.0
24704312,1697457,1.2342457026324472,7.67590292969485,4.662593541744575,1.013295005369624,0.24151412492794339,0.630143589415377
133074302,1697457,3.359192714696366,2.298515224427942,0.0,3.004195727080595,0.0,0.028898719069168365
