member,group_id,r1,r2,r3,r4,r5,r6
48802312,1697457,0.0,0.4107944045418378,0.0,22.48958934303534,2.9309327409921497,1.1479703976189384
38025532,1697457,1.791461724456575,0.0009142052042324281,0.0,0.7460288954901236,0.8407429116964269,4.076363489683437
