member,group_id,r1,r2,r3,r4,r5,r6
53307052,1697457,4.217178773700186,0.0,5.090476678776584,0.055460809163158195,0.005804199108697306,0.09321142334766044
61110092,1697457,0.0,0.4015467394313724,7.04530646472532,5.22554732227779e-06,0.0,0.0
11674702,1697457,0.9559686130904806,0.24224450065181496,5.754900822707855,0.04578440788767525,0.0,0.0
11890931,1697457,2.9728731712009373,0.909557499180705,0.0,0.05390959597512182,0.9511391138760567,3.7556398887978553
2224020,1697457,23.0371008130282,1.7764197600603175,0.03811833515318584,0.03322381509899523,0.2318254898768223,4.084843682526406
