member,group_id,r1,r2,r3,r4,r5,r6
182800454,1703379,4.742947999189662,2.530709960475537,0.1573531490667181,0.0,0.3707110095630974,0.28091531942001985
183854439,1703379,9.001127685201736,0.4818730831021053,0.6147109016367772,0.024691173417081082,0.0,0.2881976504584914
125904362,1703379,8.159548397427516,0.0029528584002208565,8.098608946952483,0.0036924619334818753,0.04715493941411718,0.0004969415730007706
11206507,1703379,3.968847837616263,1.76351527404634,0.0,0.23642230549921117,0.896308397234175,0.09963073147175204
3077900,1703379,8.120676442443676,0.05398336344218021,0.038349435329093406,5.737139898119951,0.0012424697270338057,1.3242806579123458e-05
10593584,1703379,5.234638391209607,0.0,0.05790214751621363,0.08992681935588202,0.5256271200417029,0.23413941788526896
8470999,1703379,0.9909370472857857,19.592646640657698,0.7140011967790866,0.8061667574665115,0.5116905734432933,0.12255116110238826
8542329,1703379,5.176060290351048,0.17247317958474695,0.014265522342810148,0.10082320442313504,0.7188330226893977,0.14415618533679203
26990142,1703379,16.080189068646472,1.7213349714840354,0.0034409428873499867,0.0007727771782068077,0.13909019023100802,0.0
