member,group_id,r1,r2,r3,r4,r5,r6
74375682,1703379,0.018824042208216225,0.954504190964448,0.0,0.0,0.6830776197436417,0.3038934667180797
11206507,1703379,8.983061259194743,0.14253676378601793,0.0,4.302746099771162,0.0,0.17723801043087922
57958062,1703379,8.650778770462152,0.8479710099433307,6.374969644502526,0.0,0.0038256028402482594,0.14148009700767863
189117619,1703379,15.394921837833468,0.0,0.14598755064847338,0.09882477676472083,1.215222675513707,0.0
8052886,1703379,0.7261518318344808,0.0,0.0,0.0908613047843877,0.0,1.3719174665609588
8470999,1703379,1.5181829298071383,19.72294040178375,0.07994881803547926,0.640751063560937,0.08153844554650491,0.03001539721339421
26990142,1703379,15.416571385134382,2.0671042089098153,0.0,0.0,0.19576882604841228,0.3368232673644675
