member,group_id,r1,r2,r3,r4,r5,r6
9709153,1703379,0.23213544373274939,0.32140667133519807,6.983084278580213,1.0828462076750927,0.31727191404741045,0.7493547428054117
7704194,1703379,0.07576107172668912,0.28971462137679793,2.1627473965727915,2.217125662022734,1.6821176502337305,0.5702680549052594
10705764,1703379,0.042958430537512284,0.3411258833696065,2.4963283766192146,2.5511073040255754,1.3495510472071546,0.5243557344386831
8624679,1703379,0.005698984555151639,0.06963183774390946,7.15770888459525,0.11103450839451744,0.8276084014737124,0.0
8857577,1703379,0.0,0.05987312515100474,3.426737631550709,3.900125461105133,0.4433932400670073,0.040624775781926366
6348970,1703379,0.6657968846504568,15.827502519801813,0.017965603891330978,0.24696152614323627,0.012937836175053072,0.0
12909225,1703379,0.0,0.071577504554498,7.127933343834295,0.0,0.8932934474612131,0.0903863824835904
12976140,1703379,0.09853103016623714,0.000572191443838901,3.441615520956387,3.9566871118743734,0.3887867462160505,0.0
8908524,1703379,0.02561135614394039,0.0,7.309632531894039,2.0485340736185162,0.0,0.13315213213941263
11444462,1703379,0.00656692525444115,0.06330406164800707,5.944802277060851,1.9817130138251748,0.4291670969300195,0.16490689368396586
8940559,1703379,0.3089705868390593,1.5209977368471124,2.0607373201115737,1.7323580949465458,1.5479089514914806,0.9435581159348222
10593584,1703379,0.3206257526295615,0.17024000487918492,1.9955940995701709,2.3696730424830963,1.7575616650678714,0.2982063143615891
4225837,1703379,0.00044652177139123823,0.218545875562242,7.3111231247800506,1.8004434316001556,0.18920639501383427,0.6120124876034737
8470999,1703379,19.081446651572147,0.0,0.28052007540334556,0.22645262667893057,0.030070261272154786,0.009213181890578905
12381501,1703379,0.16935556823614917,5.516800758710529,0.8056302495244094,0.9050120292685265,1.788989611458384,0.7172135495439597
13130141,1703379,0.002551891924948886,0.004744540575449525,3.4543463636362195,3.966871007425438,0.3993771593977692,0.0
