member,group_id,r1,r2,r3,r4,r5,r6
13418830,1703379,0.013467362011673468,7.5673846965746945,0.0,0.35230550869879906,1.1360955446428305,10.03650925727675
8470999,1703379,1.9642594518327636,1.9048595501916885,30.794263983836814,0.0,0.0,0.0
