member,group_id,r1,r2,r3,r4,r5,r6
194580992,1703379,9.866488788398962,0.05087832320950267,0.0,0.20817465841942906,0.05010798892378214,0.0
74375682,1703379,0.019669113603615597,1.0043465480100828,0.0,3.8709117475507018,0.0,0.44070075803251
29064612,1703379,3.8331758155054576,0.06952902754125675,0.763944926246262,0.6315672287177233,0.7374224733462252,2.0806937120847717
7173158,1703379,3.45856265136565,0.0,4.1051343904374775,2.042367116440727,0.6413904447261072,1.2033318113027238
53876742,1703379,4.108319687962097,0.3512630327820526,0.3396555266439335,0.916275762907346,0.7513804436446709,0.09037207922804939
102515272,1703379,3.681727743570152,0.7678431096273508,0.0,2.946446155497463,0.8009311855962805,0.0
10384235,1703379,4.042638610845121,0.3064841354815885,2.877636006445528,0.29566995239088495,0.6882061372919602,0.0
3077900,1703379,3.5301255993141756,1.157735390996206,0.0393434704072798,2.8571911397971905,0.8131772794049803,0.640625522120992
11206507,1703379,3.7443615738207625,2.6997235630252847,0.0034750075537723557,0.9141155448737328,0.7199789532897852,0.09909791348294084
57958062,1703379,2.92247688880452,3.6353074782619648,3.6816647277891117,1.9816604413349856,0.5512785190523588,1.6496551136357633
2685007,1703379,3.4705237876236277,0.1884887837590221,7.970597482186216,1.37631272171144,0.42362602552657697,0.10452490591682882
192312112,1703379,0.4272668457187067,0.10422710642210914,2.7684810115534035,0.0,0.0,2.1156192566765406
193135477,1703379,3.7714507873618843,0.0402886281756702,0.19083952047629102,2.9151679716203613,0.8364722316432914,0.0
8470999,1703379,0.6780525358036408,22.315081009636707,0.39149096753154167,0.43647051723343483,1.043998941711624,0.48119350924157006
36085112,1703379,3.9809900558773337,0.2928686336869384,0.31340882222713706,0.829178948509318,0.7659258945401672,0.9850426573836195
26990142,1703379,8.900212687146807,2.34238722450126,0.0,0.031098054009639737,0.08430002212437812,0.3364654198219507
