member,group_id,r1,r2,r3,r4,r5,r6
83080482,17052382,6.6927847348042855,0.0,1.9201623626820807,0.1818915928083009,0.25347044502973476,0.07552284863129836
195296999,17052382,0.7116925670763962,3.733128232131999,0.0,0.5472129179612817,0.36080790900909593,0.14163167283880643
192680811,17052382,0.30732420851224457,3.8735273593493518,0.0005274882812844091,0.542345100578269,0.0,0.14700071908332057
195883513,17052382,0.12017581861569797,4.835692257331171,0.0,0.26533025068794797,0.0,0.19351247099446803
114358222,17052382,6.339166790215532,0.44400339119667775,1.5710861392845112,0.21475397759204598,0.5465043111697964,0.09420886687334246
37520272,17052382,1.4184992824060845,2.398622704958123,0.014064772603337767,0.5330133566828762,1.5968899181808474,0.15764052050942512
181167472,17052382,1.8342151009550196,3.1967423352834956,1.8638145515688342,0.20560286857694574,0.0,0.0
82125592,17052382,12.51057257091078,0.30013320628321155,0.0,0.33564041908801767,0.0,0.30299332439921556
86867412,17052382,1.5456459668073042,1.8935715909210669,0.3590418281217162,0.646208263786853,0.7538007443525899,0.09942335775051048
189223028,17052382,0.6033343662398627,3.3945822146155837,0.19340043344539679,0.45205150746037775,0.6529528118178058,0.14812443279241225
31517822,17052382,1.6370941085481818,2.9289726050867237,0.01166157886496784,0.26072721344010924,1.2257669370726718,0.22495026584240432
181353752,17052382,0.13250914600874683,4.2291887216505915,0.0,0.5423392758458798,0.19370565359716974,0.12761777791996598
185905433,17052382,0.13344579811682267,4.002641950780535,0.0,0.5390908081516165,0.0,0.14135135217509168
104183802,17052382,2.531537061100949,2.1560696217587774,0.8932556100208916,0.6549438656585878,1.3309666335274457,0.0
195017689,17052382,1.003469402782529,3.3651242841907445,0.0,0.5469881152643392,0.7323644964202899,0.14521709696607646
64302492,17052382,2.2214330710124903,2.3074207253132117,0.0,0.5470593222496279,1.1333368929002214,0.16610478250214694
174933982,17052382,5.633462846266191,5.528387467280865,0.738959711665961,0.0,1.4839508945471076,0.12753972362360685
