member,group_id,r1,r2,r3,r4,r5,r6
4729443,1709983,2.143155304062611,2.1920913227925247,0.0,0.11268490318916109,0.5848782412027859,0.5482580240755375
12749286,1709983,1.5876398697697978,0.7332556980391787,4.049455617735576,0.38057412642203076,0.0,0.032220664165620486
13507784,1709983,3.0944203597118562,0.48949230451194253,0.6096264761608889,0.3110131941983799,0.0,0.05866152504478451
6945353,1709983,0.291379987892741,3.070991040633903,0.025036278954185448,2.7947812648783725,0.6141025312599275,1.5254424891253726
31096392,1709983,0.013048248277200265,3.458525004814007,0.018423125227795385,3.1965428216796323,0.19207354656088105,1.2049452733307273
8197483,1709983,2.405380742288409,0.26810771031525876,0.7755982955246429,2.141986438233796,0.07890608524744146,0.4514547644599997
12022380,1709983,1.7232686343880335,0.9987897861833396,2.834923719180141,0.5481799941560638,0.20767169510602815,0.0
15157641,1709983,1.4644363868038015,3.0290255988602417,0.0,0.6802159125773953,0.2520961613863565,0.06247040236933046
23251901,1709983,2.2072669754579435,0.6823832518442616,0.7086504061821486,2.2554780717376386,0.0,0.02226623975543177
6927184,1709983,1.775022117151243,1.2962911578323761,0.7894899194070444,2.288426222310398,0.0,0.0
413876,1709983,1.728837517572637,0.6920958884252728,3.192811960232409,0.41358375589704766,0.7004607846370972,0.4479080102952563
4156341,1709983,1.5182700320585099,3.2347420415442114,0.293614942922318,0.2693710339168505,0.5839910759708042,0.2254023596949134
18881591,1709983,2.0722479269621186,2.59019916612382,0.005227829308917864,0.0,0.2544444977694192,0.00016243007400607552
126040,1709983,0.01975942360289872,3.5819349049632976,0.20568876613444975,1.2549708628054117,0.24247206798811177,7.164947295329496
13207290,1709983,2.395083606807111,0.0,2.08068797208032,1.3938294121342107,0.0,0.1581258978098226
13024733,1709983,1.9301118860127842,0.19173956620844573,4.478519408693697,0.0,0.0,0.061975518036526525
11600639,1709983,1.475443314763407,1.4645337976076005,1.4450118568799617,1.9863201970671027,0.2105582405749359,0.04954223687632564
