member,group_id,r1,r2,r3,r4,r5,r6
13040971,1712197,6.096154350907303,0.0,3.540057875133867,0.2520306294475504,0.26929788625268175,0.13167747416673375
13059604,1712197,4.237090747299499,5.311723454712905,0.6388910482443511,1.3026521431848412,0.2502841115765711,0.04971833619809606
13605515,1712197,0.04581618300389613,0.0,35.818459258614084,0.21139802902889146,0.25230279591325305,0.1557787292502485
