member,group_id,r1,r2,r3,r4,r5,r6
13041632,1712197,1.7560889454975162,1.8261599392858574,1.0773706931213605,0.0,0.6485116144357564,0.02800428618004916
13548004,1712197,0.08910624939100738,2.3089877221743396,1.4916365032936627,0.11961895303884693,0.0004994322751282311,0.29584563010671855
897926,1712197,0.12603434710418954,2.3805217897584448,1.0685161449951568,0.008336370479814637,0.5516544648573908,0.05485875682998573
13040971,1712197,5.922875401924459,6.728943679307452,0.02107330163880116,0.0,0.0,0.0
13157808,1712197,0.4964974207648055,2.254455454577253,1.0707812660908915,0.0008726905675988788,0.5746538127517067,0.04892578617124213
4941490,1712197,1.5317120379087246,3.291330883858244,0.1921165294472447,2.2526505468415743,0.5207733367382539,0.27953203482392747
13381875,1712197,0.20012696183631268,2.355308522722207,1.068969169214304,0.006843634497371334,0.5562543344362543,0.05367216269823565
13061690,1712197,2.5356410055154917,2.901796012314456,0.6375248669071037,0.06269939126387163,0.017472269645355,0.7116399015569519
13059604,1712197,10.001111849500486,0.0,1.7332411239945866,0.0047437781751172,0.1527463650778866,0.12309551653097925
13040884,1712197,1.7736054718622867,2.957661748347585,0.026890970648085447,0.0,0.4245551126117148,1.0735734153168293
1999834,1712197,0.08829400831565834,2.398726346844457,1.4581825333711582,1.7233372963446312,0.018531929484676055,0.0
13075454,1712197,0.47732627881349987,2.372055616078103,1.288963238861152,0.0407456599472313,0.39131876111144925,0.0
