member,group_id,r1,r2,r3,r4,r5,r6
13040971,1712197,9.173500574903699,0.0,4.148386267889201,4.145879069798908e-06,0.027682640082974108,0.25530449651138604
13059604,1712197,4.560570550555386,15.243277277980466,0.0,0.0,0.650067074413649,0.48766877810101933
897926,1712197,0.33155913616932137,0.030907391698357302,6.851610452438934,0.006294125250013002,0.0,0.0
