member,group_id,r1,r2,r3,r4,r5,r6
12563168,1714747,2.295710725317247,7.359208568767971,0.7394387574277478,0.29367434364547973,0.06009494127701003,0.4945727093900781
137788192,1714747,4.522306712983931,0.0,0.0,0.011653149290659052,0.7729318162778479,0.0
13587396,1714747,2.689289450824292,2.759372365794354,0.01480363056467936,0.694369578339434,0.989290355342305,0.0
12951428,1714747,4.847806862954701,1.0391138727608311,1.5094003963256284,0.0,0.03574114314242042,0.4594374197266781
170953672,1714747,5.066954667451588,0.07689027028315115,0.05498719370939612,0.16160046048366564,0.5719746770051537,0.03634690536214749
4457450,1714747,4.057085439688959,0.024300287448010327,0.06309272023464041,0.8473769712207946,0.4201502220018976,0.4625596319003493
6534668,1714747,4.328200562375403,0.0932063453768579,1.4773579480677779,2.918290019387758,0.04708940378290873,0.40961289870691364
3386222,1714747,1.4440709673076935,7.379637729825273,4.568095106794975,0.0707998673726562,0.6507543288714037,0.06633504564157587
183528494,1714747,3.8200914697742925,1.2637108646534259,0.0,0.0,0.7490034351517519,0.0
11639824,1714747,2.192097293053257,6.656496209554097,0.8939432162331683,1.192893072312351,0.148867954746893,0.46187717942477924
3809266,1714747,5.898937585806742,0.0035576544087406224,3.332634497719776,1.1856148765086512,0.0,0.0
184034452,1714747,3.5308430166740874,0.05124131117563454,0.0017901559582099709,3.6108623212434976,0.11129766599065206,0.11035715663213203
3915157,1714747,1.7256706154260757,7.267745691315606,0.0,1.6489265593968412,0.6090963132175369,0.26484445010233587
63417402,1714747,4.040785508387385,0.008021497955804577,1.1108257362518414,0.28956244147861787,0.40639336711250856,0.42044327421921945
13580413,1714747,2.6320151928341255,3.460661921491876,0.01720053325964937,0.68328254760504,0.8933048995962477,0.0
99312542,1714747,4.339588615528181,0.0063954138133337415,2.737133991814686,2.0510851724297177,0.08954392819281387,0.2724043476153358
