member,group_id,r1,r2,r3,r4,r5,r6
12563168,1714747,2.436310801476762,7.420754805741101,1.0207217387874792,0.706775682053079,1.316806025563284,0.14799288416736184
188392992,1714747,4.042690249235263,0.06375880264479512,0.0,3.4545736306687274,0.0,0.0
187913218,1714747,3.960717601733773,0.05545921889693901,1.7675225764433287,2.82749810069969,0.022160117944160763,0.023250195834743276
12449026,1714747,4.2940236396561,0.0,2.0341792056021357,1.0182602208436022,0.9416356677000239,0.24880052430652277
13587396,1714747,3.723151446908713,2.6379589661303737,0.000659737625307246,1.076949671950131,0.03649631196200183,0.7273261830232708
13254826,1714747,2.975667739646227,1.3460075140067018,0.0877023809929527,0.8421453528891004,0.13837705726721256,1.1727913264241072
138012972,1714747,2.82611701357088,0.11425928748187344,0.2725186927532985,4.05251738364393,0.7301489921318757,0.04115021396340732
110893932,1714747,4.927856676317571,0.03464671530820696,0.08487023347387078,1.44301902016791,0.28994409411537736,0.28988043040151296
3386222,1714747,1.3015967135139088,7.4532116514170195,4.471884155331657,0.07544727386134407,1.3332283997030532,0.4478856180779601
183528494,1714747,3.428264752302382,0.8891887160999512,0.0,0.5378463283546262,0.0,1.404035964681138
11639824,1714747,1.909611599429074,6.492344155432157,1.1889657871753214,0.521309395414034,1.0137497681124152,0.8555337163740447
182666510,1714747,0.4933101556764495,0.38063037969528796,0.6903132870994289,0.0,3.9545813769182634,0.0
186202578,1714747,4.20368074222259,0.6754457049900363,1.3413180259413202,0.0,0.9488160668679085,0.6834630254117048
3915157,1714747,2.0763271843616646,7.0869458764227975,0.13089995966239995,0.4793790993889559,0.5293038663296559,0.9881492828759985
188218616,1714747,4.880694933921911,0.061062185808895206,3.413581875588743,0.9014928998374386,0.0,0.0
185077497,1714747,3.8732157933830806,0.12900537029815934,1.6694405071959189,2.8249161515499996,0.4783915450028095,0.00037869492601890685
13580413,1714747,3.335165954452857,3.3079421330398833,0.015433745230252245,0.6969686192032206,0.0,0.8272891266320783
