member,group_id,r1,r2,r3,r4,r5,r6
78221632,1717536,2.392035033243034,1.5887675151088356,0.0,0.420756487309917,0.13825477840236375,0.1633956995775016
19037251,1717536,2.3343545274623145,0.08263126563325512,1.7907697199602364,0.6752374046083622,0.3124101234212592,0.21103080239932784
5843781,1717536,0.5834080761836653,10.166810230413535,0.6193074952234963,0.27192013342981464,0.27484466692843285,0.08159708553252983
96759462,1717536,7.996613216515815,0.1831226880178643,1.2850325265945197,0.010744798973313558,0.0,0.0
3504391,1717536,1.3538623101063887,1.0972490236140722,1.5468639980342098,0.37482255892248456,1.0999280048934468,0.0
180320072,1717536,2.30831001859866,0.45680089486061026,0.17930128996148692,1.5794216304472268,0.0,0.0
187441706,1717536,3.4982965130426256,0.06139956716249123,0.0,0.9050985436514613,0.10533534329603332,0.03286710551238688
57510252,1717536,2.7153361946955012,0.0,0.16929610858404867,0.36986047217124457,0.43728853310277743,0.10661042778643828
2436877,1717536,2.960737921366504,1.745179567198325,0.6388352881977817,0.31992621349117845,0.0,0.39272233052845734
13755630,1717536,3.1407860384673154,0.26615785124795,0.1494747574155154,0.6116387687651065,0.16024039934031775,0.3108514647405242
9652687,1717536,3.67842602886371,0.27532561661627075,0.0,1.0537718631540312,0.0,0.0
14384526,1717536,2.041713340298,1.0051718182797977,0.9831458745624096,0.0831517839120182,0.6273907905637169,0.20188395594064873
45707442,1717536,2.0042321765023137,2.425489167914205,1.7839611121497976,0.0,0.2561684533385571,0.3488661412895158
10685977,1717536,1.9397386714829756,0.6667376063188855,0.16651010133876376,0.5458973766988942,0.5574472989105307,0.07147853513744838
11977787,1717536,2.330424150696969,0.00234443876221172,2.626727389035733,0.22010225416931173,0.4511725091391118,0.2991495417128481
188213183,1717536,3.6603982557588215,0.17093895966765757,0.1306832977644122,1.2192927687344177,0.0,0.012621750949659382
