member,group_id,r1,r2,r3,r4,r5,r6
2108720,1719862,8.837213509667702,0.0,0.5304285999447218,0.5350417349163832,1.3682955913998858,0.0
13161506,1719862,0.37124888095614733,0.06367898566349345,4.905138126994624,0.08050870819052386,0.0,0.02338252024146888
8560426,1719862,8.658615807213069,0.0,0.0,0.864476345272593,11.494681423838317,0.0
156938732,1719862,5.821570582609006,0.0,3.4696318554010857,0.37702807177016817,1.5380598441347069,0.10172523249055827
