member,group_id,r1,r2,r3,r4,r5,r6
12539057,1723784,18.1946535552587,1.7996700399472407,0.7439040533617683,0.2016684144518541,0.4955096561064436,0.004682592531344198
13581506,1723784,17.154020528301135,0.0,1.6751830257251428,0.37207994905828173,0.0,0.02431733396131501
13199566,1723784,0.06382295102617366,0.0,0.74139108741562,21.723175336496986,0.0,0.0
