member,group_id,r1,r2,r3,r4,r5,r6
13581506,1723784,19.914187755250204,0.08743056500112541,0.0,0.0,0.37929529176966864,0.02353078976615677
13199566,1723784,0.046492558419050714,16.23791228600278,0.0,0.013415896611734026,7.967231488972917,4.248755329036741
771911,1723784,19.924214978547806,0.008840848032177261,0.02188596976861503,1.035132558494129,2.862004808753356e-06,2.300766560031816e-06
