member,group_id,r1,r2,r3,r4,r5,r6
8576353,1723784,11.734919002644876,0.003790008945020714,0.02737479924467658,0.08168291434458164,0.473843250861397,0.0044079499526590805
13581506,1723784,4.032627861861829,0.30077356356532287,0.06850360658084392,2.780947456480175,0.738463588083834,0.9945198596311482
13199566,1723784,0.24734889346646183,15.904910812144987,0.0011925003514913946,0.05143261191513894,0.0,0.0
12539057,1723784,4.050959034732448,0.18988936073776455,6.562447263169986,0.005864152518583875,0.0,0.020142588139812744
32198292,1723784,4.141543830233631,0.025179525307240675,0.01126317024570849,3.441691043913989,0.0,0.0
13364856,1723784,11.734920527387565,0.6970961773836903,0.015901210497889156,0.0,0.47067864634730167,0.0
41197022,1723784,11.735365845822473,0.1838862957036296,5.174384208113659e-05,0.14384027485744175,0.0,0.0379663253381816
