member,group_id,r1,r2,r3,r4,r5,r6
13255928,1724866,0.003474208313409475,1.9088993168004327,0.0,0.0,5.044313665038188e-05,0.8698007476303917
11114305,1724866,1.397028400707361,0.5432435004474924,1.4856733344111774,0.23164296997573364,0.0,0.0
13311935,1724866,1.3379282599864604,0.23282602347357895,1.4097074946430934,0.036571216728982975,0.7243217803556581,0.3666337403238008
