member,group_id,r1,r2,r3,r4,r5,r6
53158792,1724866,0.7004853736985739,0.559318158656385,4.9840846956881775,0.2579559275897424,0.0,0.3156844713841978
48180002,1724866,0.16805420119745712,0.0033415364298485604,5.855900262952002,0.0,0.2669232181423875,0.0
10035932,1724866,0.032298880891074744,2.057153390186851,3.91286677913931,3.4320617513529257,0.003899337299522426,0.0
8859588,1724866,0.05883193715870895,1.349688613315949,6.458930755513046,0.0,0.0,2.4123166761231034
