member,group_id,r1,r2,r3,r4,r5,r6
26487842,1728639,1.6453032009126929,3.354566663070895,1.3457406202134419,0.29162860952433123,0.0,2.2387514982066206
30286692,1728639,1.9537333236177807,0.3241341186973344,1.817816904034565,0.0,0.10637649367837779,0.8755698540339633
22971781,1728639,1.546928220151812,6.7206779406958574,0.8194313654674727,0.1044154804538715,0.28890737453121,1.723472613659522
29069542,1728639,1.966576650559864,0.16749974804700082,2.0176625049483445,0.03760796158304646,0.07483854001303736,0.0
29550342,1728639,15.04334783753008,0.08142637212248104,0.1507131427898998,0.04499466321431004,0.0,0.0
30001702,1728639,1.9728348670191471,0.06779911860508737,2.030931170707344,0.037821196208800686,0.07193237810304054,0.0
30174472,1728639,1.9537333236177807,0.3241341186973344,1.817816904034565,0.0,0.10637649367837779,0.8755698540339633
30229162,1728639,1.9380931912560715,0.5732285878967136,1.7848771524649576,0.0,0.11371513233893536,0.8740468045628143
6252075,1728639,1.9697057587930484,0.11764943522511612,2.0242968569771693,0.03771458054042017,0.07338544283009614,0.0
29308012,1728639,15.041254884926548,0.6550068591297878,0.0,1.9831390748388127,0.0,0.47138879440243286
30200752,1728639,1.966576650559864,0.16749974804700082,2.0176625049483445,0.03760796158304646,0.07483854001303736,0.0
9245875,1728639,8.92415294949279,0.07144189723700664,0.03820192497213313,0.2517099834006692,0.8810320523736528,0.0
10928500,1728639,1.9638755684235247,0.0,1.643128638829395,0.3523469949969369,0.01806356344939565,2.393643481846824
4883512,1728639,1.9540602176079087,0.3669009890351425,1.9911249929788901,0.037181476834812044,0.08065101675517788,0.0
30191642,1728639,1.9603184340838864,0.2672003685410716,2.0043937489636168,0.0373947192089292,0.07774477838410836,0.0
7756859,1728639,0.7561817983936754,18.472267854538956,0.07941030754020179,0.0,0.07325430955475107,0.0
30206462,1728639,1.9634465520858857,0.12478470310423063,1.7098715474351076,0.0,0.10178359768334805,1.6088668604209777
