member,group_id,r1,r2,r3,r4,r5,r6
2702119,172996,2.346944050463347,4.082256643657924e-05,0.0,1.69291061887843,0.6657591788974025,0.2793710852637013
2206217,172996,2.1878013231041615,0.004958768832480517,0.0,0.2586330018750454,1.1504709931552883,0.21529208854793638
873675,172996,4.179407297935921,0.1397511861972588,0.04228003255482051,0.10340709450963714,0.4400173806443045,0.0
2505580,172996,8.294889164428113,0.046726052253444034,0.0,0.0,0.1308892358030206,0.0
2090157,172996,1.6027915937667538,0.1098058343589858,0.0,1.4328708828066294,1.2120595628157833,0.0
1549232,172996,1.461439310209603,1.0129716475070212,5.096218934451543,0.0685884278594156,0.09078221414516989,0.06198371218941498
2638160,172996,4.214683058778061,0.0,0.005619227216035192,0.023910386547650233,0.6007342715357739,0.3752542685202314
1812018,172996,2.3307763072755656,0.08746180041351642,0.0,1.6835392678732695,0.6399454065453262,0.30018451305884025
2642642,172996,1.8749619525345858,0.11736378216897893,0.0,1.4442277041908462,0.9516422928077639,0.0
2373108,172996,2.15004746929746,0.13173863316670492,0.45054953900007433,0.0,0.9191983659681809,0.6759708558082448
2072116,172996,8.295122462006168,0.13637220928912136,0.0,0.0,0.10428104983272261,0.0
2793075,172996,4.211570694812766,0.05040260654622237,0.04106646270315805,0.10827525610577127,0.45739233507579063,0.0
2378135,172996,2.17163357991638,0.09237974667956034,0.0,0.24926165086988483,1.1246572208032115,0.23610551634307572
1858204,172996,3.0819540759849695,0.016631130815961806,0.449306134099001,2.0431605593403894,0.0,0.9672521842842433
1103159,172996,0.16170693944552528,11.277120581274753,0.0,0.10186188868514169,0.0007888633462817477,0.0035958866243695465
