member,group_id,r1,r2,r3,r4,r5,r6
6997094,1731425,1.522501380002955,0.6418513558996715,0.0,0.0,2.9196905225284615,4.367992265241646
2518918,1731425,1.9374994747301089,1.1774397667675505,0.14447637134840347,0.8423359450134712,0.8337027323478136,1.3979804445797601
8706247,1731425,0.0,0.21015530678189157,0.11569716527954382,0.27065780233290104,6.040445081926381,3.8903537365290664
13900428,1731425,0.0,1.2962578849968485,0.23039112010115376,1.5297334323647944,1.6955952905382772,0.23650110990837894
9553241,1731425,7.872910252642013,0.0,3.6802747142594727,0.02986822849180673,0.004833805686279952,0.01659226268458213
