member,group_id,r1,r2,r3,r4,r5,r6
5584321,1731425,1.1024829853986249,1.139164984869941,1.2864945692530685,2.1360168883532884,0.11130827950391285,0.928372936433108
14392356,1731425,0.3336440445588358,0.016298103365381632,2.4368120568581175,0.6862537413590447,2.152168469277944,0.0
16811301,1731425,0.0719686986727435,0.06378383759265535,4.068785458803958,2.1187037704125338,0.10593741764310827,0.0
2518918,1731425,2.5916066180989823,1.4779019073081585,4.246896352174251,0.0,0.0,1.0975058259737904
3637287,1731425,2.5892648051394245,0.6223506967351942,4.468968292384635,0.13600497384037893,0.03396558220737002,1.0482803515884995
6997094,1731425,0.8753361353032477,0.8286073211192204,3.5049850543952927,2.0349801220860604,0.0,0.15976358697457063
8706247,1731425,0.5683538627641243,0.16488282693217235,1.3530970733070076,0.24512101935670977,1.1892361195621064,1.5260221771189968
5003370,1731425,0.5684917144146904,0.26960640038620826,1.3253533622225215,0.23749495561072353,1.1853520573263931,1.5170445785989466
9430377,1731425,0.4242797895980837,1.6735744858026325,1.0204556605213875,0.11674382097273234,1.101563518879574,1.6674647028815994
13900428,1731425,3.392052169737303,0.3559583879383593,1.4530121048027036,0.7334206808211403,1.8522120226227392,0.08047168362640682
7716109,1731425,1.0785357008597483,0.606426668917078,1.0526970022579718,0.21847981755843326,1.1091689625192995,1.628851892251433
11836942,1731425,0.3281380190920563,0.2310669669548431,2.67455443579053,0.8458118941295057,1.749459684139337,0.13498083200748245
13402281,1731425,0.7137471829478543,0.05201112402906308,1.3261914404314885,0.2609277269769204,1.1897626492529323,1.4730302184745852
8248945,1731425,0.8417139273803158,1.9505148235149383,1.598092300265136,0.7413764570493021,1.6312377177328488,0.3927121471215561
13386036,1731425,1.6375965107753185,0.0,0.964014141032302,1.2497017608494962,1.2170535341283963,0.6114392675495259
9553241,1731425,0.6165582027027596,11.522552443302924,0.0,0.5556546584061692,0.21924303096021544,0.0
8479708,1731425,9.63269386380573,0.31000585335185044,0.0,1.6855260834585817,0.0,0.0
