member,group_id,r1,r2,r3,r4,r5,r6
4986977,1732947,6.284495229009418,1.9711991005609781,0.2685217504051501,0.6865206275063805,0.0,0.2471254569819928
13363618,1732947,5.620694194771631,3.2730646439728397,0.0,0.038735826498611556,0.12890229082481758,0.39069654917904373
13638565,1732947,3.4782200240067715,7.046723366202331,0.0,0.007882900979315332,0.2873066539166904,0.0
10346150,1732947,3.6888819600910407,0.15209402658164914,2.4609335557563012,0.0,2.083657244715463,0.11085159807073068
13429255,1732947,4.67499162194369,3.310833438211843,0.661728187538123,0.5122950745649774,0.0,1.0054799021377212
4563879,1732947,2.5992349809167705,0.09521085824248207,9.183189161820298,2.7799188431815933,0.5443901325017242,0.0
13371089,1732947,4.580074340882557,0.7858252054647389,0.0,0.3559672766398311,1.1194081569335932,0.675983790873603
7198259,1732947,2.7349360324059138,14.901666819774947,0.6211064276458265,1.1653391923451955,0.0,0.4666488058876895
13359380,1732947,4.175820882744477,4.780322622856526,0.0,0.0,0.056489289694750866,1.2821227203873091
13813365,1732947,6.073878904620087,0.04993355695412827,0.20089977575279705,0.0643545502968518,0.33212617542209993,0.5824988634544525
14040564,1732947,0.5612762099560357,0.18529742907035462,7.695810896289924,0.0,2.1000929860218713,0.44369235500629034
14255799,1732947,0.38716005023086325,0.18542610029987808,4.767018913600395,0.0,1.4179290498193626,0.8370876173392452
9696793,1732947,0.058397965198159076,0.17399412957093438,7.1141564148920216,0.0,1.9394800102487704,1.030665376012767
13347999,1732947,5.9790311302405215,5.092980932618199,0.0,0.02886241507129185,0.13590765551872588,0.03794004670175312
