member,group_id,r1,r2,r3,r4,r5,r6
186916512,1732947,0.5277579800999337,0.5597935045553064,0.0009255594594943039,0.0,0.3629440658221194,0.0
182058562,1732947,0.9182899078597181,0.0017912386367688004,0.002747969713763807,0.0,0.2626713033635577,0.6597844004764197
74616552,1732947,0.13006692610342904,2.436456701171713,0.0,4.312841855726765,0.0,0.0
194807947,1732947,0.33490220791490677,0.05135075065465442,0.012775604851399997,0.6178170136438489,0.0,0.02057612152854103
7198259,1732947,0.0026005623518298923,9.230613999944401,0.0003139065556973133,9.82970396595871,0.0,0.5401481930191596
