member,group_id,r1,r2,r3,r4,r5,r6
14598914,1732947,0.6590607193837372,3.0784395685114148,1.6636695062369398,0.0,0.47189512287879687,0.0
13429255,1732947,4.04970031829998,3.7366675556676623,0.7942639918779105,0.3300957368160971,0.0,0.3581915364135455
13359380,1732947,5.039660157506609,1.7964035214447718,2.018570491345063,0.01814414605775607,0.0,0.0
9696793,1732947,0.07814617215698859,6.594483600427045,0.838018385344354,0.3734006745711873,0.11881752289501672,0.14298442396231784
13347999,1732947,5.811448542181473,4.858127658709349,0.0,0.0,0.1585286352515236,0.0
13363618,1732947,4.254582762287838,2.3888285077020215,1.5516072356818096,0.010414191082819383,0.2160447208435265,0.0
13638565,1732947,6.645552639487601,1.619654674867428,1.329167849061241,0.05017354043151341,0.14657264629793987,0.0
10346150,1732947,1.1819379116398225,2.681016520425518,1.7314212269829607,0.0,0.3988164716296795,0.0
4563879,1732947,0.7674882855778229,9.07764640604402,0.000363409197424333,3.654285748313594,0.0,0.1293824204691462
7198259,1732947,12.734188883195122,0.0,0.44906809327423347,1.4505583940005036,0.0,0.20282753155690267
18137011,1732947,0.03417726519628715,3.224160884508091,1.759692571629938,0.0,0.4755766448875589,0.0
14255799,1732947,0.20035696767317046,4.786777845027894,0.6795585490197693,0.28479766541352153,0.14738681312655377,0.11328575633553421
13939266,1732947,1.9088276277586378,2.7869969365180607,1.4716233754509438,0.0,0.46453207886127335,0.0
18102851,1732947,1.0235760676597498,2.993435467513353,1.6076560514243587,0.0,0.4697475683736852,0.0
13345612,1732947,2.6363217418796077,2.6172631937459374,1.3591978760205885,0.010082820103975949,0.46007704219983064,0.0
13371089,1732947,2.011907344771568,2.2393562649830256,2.0194685451389502,0.048182312715914506,0.2121981529658015,0.2462742823069143
4986977,1732947,3.4834101315407437,2.4962220356897507,0.12142286503070666,0.2722721347428277,0.31177277355775446,0.6043595295349224
6957541,1732947,0.9715024464774623,3.0055789105130764,1.6156579735404408,0.0,0.47005436187441574,0.0
17820011,1732947,0.34661899229001203,3.151300226509752,1.7116810389334396,0.0,0.4737358838831781,0.0
14040564,1732947,0.22961240603812513,7.489444915533033,0.37603092169685415,0.3674486930662969,0.2862464655072708,0.13032826878382084
13813365,1732947,1.8062835195904023,4.374946914447333,0.45897591556777495,0.0,0.15777154543654578,0.0
