member,group_id,r1,r2,r3,r4,r5,r6
38735042,1735610,1.4294363750454804,0.9871930407866496,0.0,2.3878547191527346,1.0404633033605881,0.13627743958736396
9722726,1735610,8.468778770703123,0.24655690686545098,0.2596115799744887,0.0,0.15512104315281694,0.020458793055868073
10034217,1735610,1.5188851353983608,0.03519890364327428,4.447674803391029,0.42795457902326617,0.7302369256621223,0.299515161654895
9712106,1735610,0.6031717422925,7.484974570918941,1.3184447498168663,1.4292737367684605,1.0800842059941993,0.0
14424330,1735610,1.3397141383501363,0.991844402306118,6.0699451089175325,0.0,0.877067822134122,0.07677090283326114
36470732,1735610,5.41935259016033,0.17582856860160137,0.3043572037895594,0.013030446635183216,0.005185625186720759,0.9542205326582408
4325516,1735610,0.7555942709881164,0.34272754546018147,2.1096679831761933,6.714244422531097,0.0,0.0
13418830,1735610,1.2849038723551003,1.9987330333040816,1.2516705877037446,1.762810547946861,0.9260982847300885,0.1993119983945966
2501998,1735610,1.481423428932365,0.5379820125960572,0.13595092738139503,2.3437778176544253,1.0290349490331978,0.15102359641487134
3918990,1735610,0.153034729669645,11.002163896193057,0.8203045915955178,0.26607481661193527,0.0,0.0984524099068907
31550972,1735610,1.5428508169810793,0.0,0.2747010332592207,2.302090906594212,1.0123708252446006,0.17035119843098687
