member,group_id,r1,r2,r3,r4,r5,r6
3918990,1735610,0.005900352287574583,1.4429568077909383,11.103485920303482,0.3869443344057446,0.7103172855758432,0.0
7917968,1735610,0.5072252045495357,1.4033431643607084,0.5522473911912996,0.12175614957930068,1.123187724992564,0.2818332923793801
22227221,1735610,1.3208552365237558,4.913002268079198,0.7963347535587162,0.009917066201042603,0.13386084958053976,0.3698461489401746
8381989,1735610,0.45238351144399785,1.409301131223374,1.654409443680138,0.0,1.216639135035123,0.2533248799643498
6348970,1735610,16.099742430535553,0.0,0.5403567837927393,0.17778562304794132,0.0,0.3264598237631495
183664685,1735610,1.4080274730891345,1.1332174308433738,0.09400264095368341,0.18442520126918424,1.1951011238572207,0.29060210478788134
69819182,1735610,0.2545738082038554,1.479609075985758,0.18364077338583573,0.1593757751892663,1.1283444993148828,0.29892891325989185
162602162,1735610,0.25316943728460284,5.94629524295696,0.16841125357986614,0.2463864925426853,0.007510677758701649,0.33543193217946754
183735614,1735610,1.4098631170018143,1.1301767183759277,0.09272420478805524,0.17699536848693756,1.2215123409017794,0.2976381151572718
182800454,1735610,0.24457788164694244,4.381607387007585,0.3999680834979265,1.6201055064822976,0.0,0.4693027560087424
89708492,1735610,0.922889827567329,1.2767688093896243,9.367661237449763e-05,0.18476869523350573,1.2076719485658733,0.3034612661504158
8629197,1735610,1.5794779906948857,1.0803473687923575,0.00044482770505516265,0.18816549224373175,1.2182997359720134,0.30101647073078375
183284188,1735610,2.229122692012301,3.4899654177150756,0.5509329044084624,1.0588913736614578,0.2408289939515302,0.5836885953164438
5889501,1735610,0.9854848210253574,1.2702926313328258,0.1302619614662512,4.234590114008186,0.41351141624175247,0.13915438973375055
149492962,1735610,2.6131431069669393,5.055899018973143,0.07810209906159368,0.27591500236362315,0.14712475617569745,0.3307984737794345
33646452,1735610,2.1802360154826137,1.0039320859196101,0.31343861801999173,1.2700298735900477,1.0551138508776685,0.4680135081693214
21390711,1735610,0.103116487206244,1.1264593604529705,0.03484571175192003,6.08091141929946,6.714746368536063e-05,0.14223919107631997
141786232,1735610,0.25434267615592004,0.5545082689020833,0.05224104279467709,6.360719663647924,0.3466834303009225,0.07780248499878144
49169662,1735610,1.5446960250657238,2.209262325366274,0.17822368899732174,0.9119880920703093,1.0322119246777621,0.0
