member,group_id,r1,r2,r3,r4,r5,r6
4094440,17360482,4.115371571371489,0.007794258078378664,0.4544027033450927,0.7414840064763757,0.5953917578838867,0.25886915462039994
4859723,17360482,4.157267180605618,6.391991014648933e-05,0.08319416973652868,2.369633450047827,0.043242816273367485,0.09987990519553905
144568492,17360482,0.7166159396196304,10.588086926257262,0.9693048522303935,0.6637341207898277,0.27876221255944145,0.07992087948764896
186553549,17360482,8.179764880052227,0.0,6.786724487004925,0.0,0.0,0.0
7889489,17360482,5.432801241123877,0.29573182177472374,0.017606882323998187,0.1311142467137488,0.45139689787126047,0.24972718297039928
186438066,17360482,3.252245047982769,3.265246266788083,0.0,0.0,0.0,0.7803224893282767
187875445,17360482,5.417031449810969,1.6312637154564427,0.055279661132219333,0.0,0.08840258936902859,0.4301124457180438
