member,group_id,r1,r2,r3,r4,r5,r6
64498912,1736095,10.448703594552006,0.5675035686218903,0.015141005122646656,2.296953285211142,0.0,0.795779125970347
57069312,1736095,1.532787251931694,5.945448085174881,0.26195855047076944,2.374937013192717,0.5745379966089734,2.005286320222441
96771882,1736095,3.1716078514398713,7.281508701188133,0.019793275398724126,3.1881833629348644,0.18859804851073037,0.0
37837452,1736095,0.8384356930536877,0.0,0.009448422841161175,0.030840286884584338,0.0,1.3396924962353574
9383789,1736095,6.248071828440959,0.0,0.0,0.5528136296026206,0.31317069603393755,0.07068036098597552
145254732,1736095,0.2039249953283949,1.107264038269402,0.0,0.0,0.0,1.2336520008334717
56967472,1736095,5.221957506023634,0.0013853593863325047,9.471966605965413,0.0,0.17684032324107185,1.3388852680066679
143700852,1736095,2.749767289504598,3.2330248688573304,0.439097529479838,0.19165647129773788,0.5806190221236394,0.058661202287921516
159579222,1736095,0.36572155951521496,7.96418993717606,0.03268745603223925,3.3665687535623547,0.3901431979149493,0.7239693206764994
145315932,1736095,0.06876182802292938,5.856565365377036,0.668384698997495,0.046456670621323595,0.5365807269109473,0.384221012999429
