member,group_id,r1,r2,r3,r4,r5,r6
196620907,17360482,0.11759722913419773,4.847503132250204,0.21116897888569613,0.0,2.0199768550274415,0.0
144568492,17360482,9.837446413005644,0.0,1.740176231681808,2.851242959517358,0.0,0.0
186438066,17360482,3.105776142653352,3.858776229015879,0.0,0.0,1.309754447236683,0.3620674218097887
189228594,17360482,0.5133271943795711,4.208499371302466,0.01543136602873832,2.5989951899097035,0.4860306924914907,0.13303977609601306
187875445,17360482,1.6256141121083048,6.098542427290975,0.0,1.0009191573398817,0.1752229994033233,0.03247687468118231
498430,17360482,0.25886690545533203,6.349156497429631,4.298235867436974,0.0011027068777904902,0.0,0.23082223931611776
