member,group_id,r1,r2,r3,r4,r5,r6
57069312,1736095,1.4413634339683037,4.703000842077144,0.4911795345163354,0.0,0.256411059629045,0.3366325066426047
64498912,1736095,9.665534220949786,1.141120174308333,0.0653864349732538,1.1341625728002356,0.0,0.0
80055522,1736095,3.104396928822879,2.1153893510234254,0.1894581230585218,0.3623316900089087,1.5362938852245343,0.2354858930115222
92602052,1736095,0.18007195075191115,7.094569419754076,0.09528072783483701,1.7153305622138189,0.4570820582385303,0.44377408643203947
96771882,1736095,2.9052007658578023,4.183433717826428,0.0,1.60332131550898,0.3794925141037778,0.2664348261607159
91645802,1736095,4.879782097964784,1.7405243941579107,0.13535323924567744,0.9397073050982986,0.8471451705905455,0.0
105627242,1736095,0.21827003999611125,4.428704847823116,0.4823108398144929,0.3518182960874808,0.4679291705377365,0.3317358765584014
56967472,1736095,4.8949087972776555,0.0882016469788253,9.202336582390968,0.0,0.38026489428726507,0.1349065952816142
13404306,1736095,8.742461489009395,0.0024208037576801946,0.05589503509231196,0.9257266989554809,0.5461258557972896,0.0
93983932,1736095,0.08509744008913518,4.067112611391263,0.07053043401678478,0.24541589968306946,0.383467931102154,0.0
111452692,1736095,0.08744124052395891,3.6307516592911724,0.07325517097463063,0.5007976167220651,0.06800843283507171,0.0
9791030,1736095,0.0,4.967127051936365,0.0,4.3235023205636125,0.15131596689772844,0.0
57548602,1736095,0.3243596978511206,6.961934302237552,0.3226066021814023,1.7236408108798371,0.4324962825207939,0.1841707007554504
57305852,1736095,0.467845060558333,5.444946754637992,1.3913098326885551,0.3221948000005792,0.10788496680815175,0.6109801406094105
11710109,1736095,4.597023210305563,0.43263844520424544,0.041087374393840574,1.490555109430098,0.6528079422763461,0.0
8780702,1736095,1.3315587366790433,3.352153614318846,1.783991781059634,3.4090162224780918,0.0,0.6984835034177299
