member,group_id,r1,r2,r3,r4,r5,r6
64498912,1736095,1.7567501567086177,11.208636542721136,0.0,3.878611143720681,0.0,0.0
189449601,1736095,4.801179836179724,0.17039227020201422,2.139220570884982,4.0099631847266375,0.25598210319523906,0.773356023507336
189905954,1736095,1.3915758741178776,0.24730093045608678,0.12955445228524362,2.1251062346725558,1.5466508974480566,0.055182730897427666
9157315,1736095,0.6159795522035351,1.6175395873021632,5.526465089334486,1.977214059180567,1.1152114378027767,1.4446361479196896
187573608,1736095,6.7656429825588145,0.01800915015705237,1.1910213605964564,3.9878482342407255,0.23795575513297662,0.03325969899994881
184092841,1736095,0.9062951724832063,0.032162960099593026,1.630310534148624,2.4849114678901185,1.2790031064635259,0.9543264280094771
11580713,1736095,4.4781961173152425,0.0,0.15168757297478586,0.1258846535396776,0.2744002869344918,0.0
75456972,1736095,0.8587917266304507,0.0,4.6209158922938345,2.121805375723541,1.219359597243539,1.1861866110822399
9383789,1736095,1.065239061233623,6.6795953830231865,0.09050300664868251,1.9898972870210716,0.502937170685902,1.4994580766301313
4400622,1736095,0.9196086252951079,0.03741509356087901,1.1357906616034168,2.5453566848981373,1.2955603035797936,0.8918170812439224
56967472,1736095,1.4845459266963414,5.635197585032386,8.729765022410916,1.1892437150661608,1.4403854283377027,0.0
13404306,1736095,0.0708392033971151,10.149250919654595,0.019753183737239666,0.0,0.0,1.0550551136471142
143700852,1736095,1.123139277253114,2.95043739018442,0.7026019854904479,2.2497042633875144,1.3220902669025227,0.7064903123358314
55537592,1736095,4.056343960993214,1.0204676532273371,0.16303847489660278,0.10400315985132107,0.257118472342653,0.007217410619177064
190336250,1736095,0.924177065034311,0.043875173842824335,0.5545178515557264,2.615695368884578,1.296563964442999,0.8680380971757885
183284188,1736095,8.901191786780798,1.2511026804859802,3.30321068380521,0.0,0.0,0.17943408303570288
81206012,1736095,0.9172252808462937,0.17352996221715938,1.061293977207371,2.552255272708405,1.3079317700827853,0.833211893864959
190321693,1736095,2.1005757888453873,0.028684816011259745,0.0,0.08616579966942432,0.2755376294789793,3.2345374772975974
