member,group_id,r1,r2,r3,r4,r5,r6
64498912,1736095,9.98034663010502,0.0,0.08676288256614899,0.0,0.4354662071970048,0.0
191131554,1736095,0.2637462878285746,4.588164835329913,0.0,0.0,0.7273107506998364,0.29510114241826696
190704902,1736095,0.02326887519236477,1.3417394039518904,0.8803396898819507,0.17195874431946517,0.24530099156656174,0.7845225300556437
191357222,1736095,0.0005105064137817429,2.288696002417392,0.5379536975865741,3.766536638579132,0.0,0.23914219840492948
184846953,1736095,0.9823542043904001,4.554302199236169,0.7802457478152,0.48949769538109106,1.3368860900009494,0.008094491357695733
192228425,1736095,0.0,7.920704656529753,0.859853416596703,0.5514658488466472,0.0,0.4468013017396952
70901292,1736095,0.022359809242562513,1.37305529078803,0.0692627416343756,0.5963966098870165,0.2408301526210177,0.5936940968799229
56967472,1736095,5.089578776363636,0.0,9.678368326480218,0.0,0.23345639915708233,0.0
11156528,1736095,5.83878921638739,0.5716371360369042,0.06261451125333095,0.16866139376252293,0.13310500609998294,0.7677643909704974
13404306,1736095,9.044931131659052,0.9426794623614619,0.0,0.6626205844061608,0.0,0.5790848204009997
143700852,1736095,2.6098389584927104,0.25675399387495684,0.7080660313444148,0.09776061159312233,0.4400384507406001,0.793496502015202
192812951,1736095,0.12175712836172767,2.235717455016426,0.6305223943940436,3.726948197026424,0.0,0.24039359367582389
192816027,1736095,0.0006412730350928753,2.311278688775312,0.0,3.98771901485176,0.0,0.09357394865739226
