member,group_id,r1,r2,r3,r4,r5,r6
9383789,1736095,4.5210009918682115,0.03927910966560079,7.399864753741162,0.0,0.2694676579664241,0.49196650763213085
11156528,1736095,12.40124935907897,0.10461018920408675,5.351660375795094,0.0653866291630023,0.0,0.1687145285218153
13404306,1736095,4.070755472370932,0.22933494761667933,10.225410767098014,0.0,2.3641210725460926,0.1548223150803854
14321206,1736095,4.4029030398058575,1.858525238595113,0.0,0.0,0.016429059536452826,0.2338451740042387
9320925,1736095,1.2377853190911143,4.25309850376596,0.0,0.0003313115486577248,0.0,0.0019364460139419447
