member,group_id,r1,r2,r3,r4,r5,r6
64498912,1736095,10.369527116352891,0.0,0.0,10.36298024004559,4.728717682364695,0.0
189449601,1736095,0.12511037813936632,3.7085673212004675,0.3368082391629398,1.7154574158435458,1.1589244751801573,0.4913931444444187
185066311,1736095,0.0,4.174165753666434,0.25597702534344535,0.06481830681913156,1.388748401947112,0.5290150581976988
91645802,1736095,5.231986676338556,0.0,0.19904380395920607,0.0,0.8740118875970205,0.30752078711116715
44556492,1736095,0.0,3.6873517575746653,0.17051393455923405,1.677466225471466,0.5422729151760467,0.28679611081972595
9383789,1736095,6.147913033088424,0.0,0.1996079075932214,2.861735773918185,0.02444070400425854,0.17859767315554786
56967472,1736095,1.8056877891633032,4.526712813076101,10.785475600072324,0.5890207122782982,0.01228667681100596,0.005822410728702169
87416692,1736095,0.24236683756672123,0.0,0.13014674944781998,3.5384661828222046,2.0908020864294787,0.5656000587448997
143700852,1736095,2.747078920331268,1.3274488482789217,0.0,2.4648578590500922,1.1417600152995864,0.5139766245520082
147473272,1736095,0.23194749990289998,2.7436533415597806,0.0,2.339815471988655,0.7539630335299619,0.28601996041211497
81206012,1736095,0.1721418245166486,1.9914494248525596,0.0,1.8924019730565447,1.7704331330001997,0.5484146289402685
11710109,1736095,4.947322032261956,0.0,0.07297920995105386,0.8666336076685012,0.7370215073644688,0.2603362603615355
8780702,1736095,1.574842155123378,4.203281162365027,0.0,0.023057312397752782,0.2486704437019111,0.248812961974056
139310302,1736095,0.20270546110288823,2.8632208629888924,0.13841297964966395,7.398999158678986,0.0,0.1667557136907451
