member,group_id,r1,r2,r3,r4,r5,r6
2956298,1739366,10.673325357779566,0.0,0.20082059469574362,1.9614527164722264,0.9211145121651894,0.11182478728055947
38801292,1739366,0.25250354931815594,0.9615337415687355,0.0,2.4656704396599634,0.38866006349094057,0.3722807904167536
10131981,1739366,0.8664554774992304,1.89522170499482,1.4523512628466229,0.5829199359652313,0.9481917223735896,0.5532129520874616
20042511,1739366,0.13731284427768964,2.2308724771851955,0.022819742272731827,1.1009833161540705,1.109676150714163,0.11097909650321887
35136022,1739366,0.6851493510822683,1.7434860857711312,0.27712450149754136,0.649272190743813,1.314875215776667,0.9510563443410353
43418522,1739366,0.0,1.058646837729716,0.08004448265115562,2.507938189907244,0.3544538563512248,0.0
7099421,1739366,1.5824868208941782,1.7547767827610306,2.3245072451476174,0.006037836961219048,1.1497817020108931,1.0224823216104064
13194286,1739366,3.6095615779937633,3.678912776215605,0.7524935735062541,0.6505678091645056,0.015512088364612884,0.90516077885852
13361199,1739366,0.08781287811829787,1.405340251449082,0.04665751812948432,2.909454814215859,0.0,0.1108763945776032
12815919,1739366,0.010042131242299268,2.2637509897930124,0.04671639812202703,1.1120382260286712,1.0988827737910436,0.0
1542577,1739366,0.5106453798356926,1.953325703952818,2.172353433736432,0.0,1.2000430016983756,0.7535861696053708
13442744,1739366,0.0,1.882964944253766,5.399659516775157,0.10349737167695701,0.0,0.0
3526206,1739366,1.6033143133731953,0.7902210137127412,0.03536145565252168,2.890865921859157,0.005714530466971698,1.1329826062464579
34196312,1739366,0.05352672406434331,1.9235495187304008,0.25320960741296256,0.7725174944028712,1.31375967724533,0.09815115381295522
2810981,1739366,0.5146762259629524,2.1214637869598625,0.2435930182088205,1.015611962541482,1.0459950491442702,0.5765914447028017
2607982,1739366,7.296330559910819,3.344519170728059,0.11601598473736913,0.0,0.0,0.722234089010403
13149935,1739366,2.34429594686549,4.210586974678142,0.9559452091398181,0.3534492703945398,0.0022447841346309207,0.956805424323464
4231536,1739366,1.4858263513758188,1.6337100281757118,3.0400392222763384,0.502410086597361,0.474724023210162,0.7613860552850704
18940531,1739366,0.9580382753770527,2.00646145265682,0.07441903686625094,1.0177254103713251,1.0990953775045311,0.8358143634638201
