member,group_id,r1,r2,r3,r4,r5,r6
134038172,1747184,0.16370032447894087,1.5327204535261758,0.037670174415416834,0.0,0.6325626042501884,0.0
4317282,1747184,1.009892632529073,0.030003385328331675,1.6494349111452737,0.03223699405782499,0.0,0.09683044170838077
70528162,1747184,0.1453382605850531,2.5539773396944727,0.5791136050748626,0.06851738091394265,0.4277079298993752,0.0022892255278159695
11670412,1747184,2.8359077508209873,0.0,0.339014341711368,0.2536347901679273,0.25321040786815696,0.0
139892272,1747184,0.0,2.283053254613351,0.0,1.97208695481603,0.0,0.0
143609362,1747184,0.0,1.6635673890843927,0.0,0.06521847246211557,0.6154493155352804,0.0
93893942,1747184,3.621613723063552,0.0,0.0,0.04593143768879147,0.18400920761816997,0.2791559616931592
92815132,1747184,1.9774232204578717,0.0,1.4918512933883492,0.0,0.0,0.10854753605132117
