member,group_id,r1,r2,r3,r4,r5,r6
190084481,17524542,0.15600047866780792,1.3796069596812095,1.8427477349062547,0.19835713029294083,0.3585697321144435,0.0
196203271,17524542,0.7340081610767473,1.4744387779699184,1.888234345414349,0.022396857086519003,0.0,0.15905078835985698
6348970,17524542,17.042117359700498,0.0015201552692676679,0.039699861583513754,0.4525035498906039,0.2409361385202796,0.0
183199855,17524542,1.6420155252159527,3.0923370974505846,0.3352858827629457,0.5417731885899966,2.1763345659706643,0.031057883527406828
115727,17524542,1.0816094786604984,0.897725154386794,0.9923511492872867,1.0647030486758062,0.7456775515732949,1.1887795988649772
192597455,17524542,0.057623620605106805,5.861458028599217,0.34274348355613793,0.0,0.0,0.0
97456082,17524542,0.2911286113761107,3.168892768353143,0.002709073992423311,4.499480225041998,1.0268697061230605,0.0
192723763,17524542,0.6199474538821664,1.2120459696400003,1.5167902074640032,0.285405191581441,0.7978973105298565,0.19450264457138094
191545685,17524542,0.057623620605106805,5.861458028599217,0.34274348355613793,0.0,0.0,0.0
183221661,17524542,0.34704865267846907,5.651493617329508,5.447310994836864e-05,0.43706701912167933,0.0,0.7456748552078486
192958655,17524542,1.0262014299241553,1.2253499702899013,1.3764523881993882,0.0,0.9189381211580937,0.4761357555586811
