member,group_id,r1,r2,r3,r4,r5,r6
4848889,1754930,7.438989647759505,1.5316495560952508,0.0,3.106114973623918,0.1172444787668452,0.70368577937177
4545386,1754930,9.791336742208058,0.0005072398053235205,0.0,0.0,0.07744470126686821,9.136158953246614
12563492,1754930,2.7371614637141732,2.987527726975147,1.013701742836198,7.450867320156167,0.0,0.0
102083892,1754930,8.941197783569427,0.0,0.0,1.9747862556288354,0.10709754424093501,3.770340623041357
