member,group_id,r1,r2,r3,r4,r5,r6
41500472,1754930,15.01165740751658,0.027302316811851676,0.0,3.170053669103975,0.0,0.11468512043782385
4848889,1754930,16.39417166560053,1.9427027511039021,0.0,1.0434362338534622,0.0,0.1318570443151329
12563492,1754930,3.101001608366812,3.3494494252989226,3.49424578742776,0.0,0.020213818253621958,2.1255300502542087
2167102,1754930,13.181964878020478,0.0,0.0,5.973141100651205,0.0,0.0
