member,group_id,r1,r2,r3,r4,r5,r6
12563492,1754930,1.016292469890515,16.395863715899843,0.0,0.2691516043974644,0.8939784458292913,0.0
75952682,1754930,12.653611925927903,0.06856059902454516,0.0,0.0,0.30556250010975267,0.0
76894762,1754930,4.505258446651329,0.04479907476682276,0.5694783267085554,1.656948265281201,0.0033940856734479513,0.0
79543982,1754930,6.3607396613153195,0.0,0.0,0.3115767769177669,0.5229751723329961,0.0
56382872,1754930,4.346722216632399,0.8567974315403377,0.0,1.8686410911779578,0.05519702966649444,0.015563285010389812
4848889,1754930,12.57303463183275,6.216059953007708,0.8929040733015843,0.0,0.0,0.2678306155853867
2167102,1754930,4.227076998534587,0.0,2.632754074394433,0.3607949766013081,0.00013543677859291563,0.006496122074702
4388383,1754930,6.2582872376416026,0.06421482911921926,0.5616602169233889,0.0,0.4588943388021305,0.0
