member,group_id,r1,r2,r3,r4,r5,r6
12693858,1754930,6.87731745346997,0.0,1.2615340823057148,1.417000494802619,0.34403361956263384,0.0
13648866,1754930,7.104306235078784,0.3429400250348132,0.0,1.355484913473828,0.0,0.8571923346699643
12563492,1754930,1.4031586733039385,16.569191181178248,0.0,1.118524076531861,0.0,0.8391915198051968
102083892,1754930,6.980877329827958,0.4778445006437871,1.3959414225381892,0.0021308683666001384,0.4704337131537936,0.8976797398948537
75846872,1754930,6.902622158539229,0.0,2.2442823252695034,0.9664696285198464,0.0,0.5610073061131701
4848889,1754930,2.577792062318045,7.488857007967738,0.973418318525887,0.7490747047583618,0.5394338480663257,1.5058644691527538
106231482,1754930,10.273360353836873,0.08122061729153322,0.7844606280805695,0.3173339012376339,0.3846963143906694,0.015540997489636292
