member,group_id,r1,r2,r3,r4,r5,r6
113509312,17558802,1.602653044097055,1.2530284550219342,0.0,0.01854544884719925,0.3115540536129289,0.0
136810532,17558802,0.9849773876298896,2.3796445690544195,0.2849695171897353,0.2881377182330748,2.6486385134511767,0.0
8395909,17558802,1.9525507459887308,0.0,2.304566469049902,0.0,0.8602341733308841,0.327515528757311
96668872,17558802,0.7941215162333383,1.928649666736846,0.9976584196824716,1.0479898061183759,0.0,0.5945498392028212
180332272,17558802,0.9878166807215614,2.1080549648237366,0.05979451742228965,1.5071199209831276,0.0004712038908016122,0.0
101791472,17558802,1.4377077645926142,0.4485848709283114,1.6726310543442962,0.5715577898477556,0.010204978485760822,0.41475174467072207
6908154,17558802,1.4726312109368453,0.9364108902994591,0.0,0.6588611559936417,1.1082207751834268,0.23436488011516643
187217051,17558802,1.7294886350413454,0.09303172094063235,0.0,1.3552677789364869,0.1884030124674487,0.0
183682430,17558802,1.8541788524851195,0.3521931310974985,0.06203773931041817,0.3837925442296864,0.0,0.0
