member,group_id,r1,r2,r3,r4,r5,r6
10719362,1758783,3.538531311494613,1.9961201500164651,0.40306188513885266,2.586906548837693,0.6060744514969149,0.0
14636804,1758783,0.0197170306516718,7.017907896186244,0.04391014873520464,0.16591312231282757,0.25028668564900053,0.11595714314219958
12718989,1758783,1.0878453827973746,3.5910055094989515,0.15944905940823084,2.3508367317486396,0.7049773759847614,0.22627048126125257
13479188,1758783,2.615610069431899,3.6983453947378244,0.0,1.2575635426446437,1.0609909089524971,0.20258356251961504
7534249,1758783,0.5276175116195974,4.934288011145317,1.9363821150758609,1.2156186804745182,0.38330235781033867,0.44654387857808264
20694701,1758783,2.0120627298317717,4.919313761001262,0.13252189255767144,0.7863465669906713,0.24597346216349011,0.0
10033714,1758783,0.2593183286243437,6.684257211165933,5.315685938050344,0.0,0.4043981620084446,0.18536243249161774
13779890,1758783,4.838004526611527,1.9789327561248027,0.13356806053563872,1.879903869106821,0.9619344865245345,0.0
5318839,1758783,0.28778211495760986,5.117922905360695,2.289501695466201,1.1319494424728358,0.9987668068679201,0.4347892503943059
12984262,1758783,0.20707260916854764,6.749499419160205,0.06555208460570289,0.0,3.397785320683792,0.0
9620039,1758783,0.48788063865426967,4.94975370019889,1.6748441027788064,1.2277042956499316,0.49940879471858185,0.4416795043970889
20152391,1758783,0.037916297580340715,5.0808029972048345,1.2313374941101691,1.3680807309898197,0.7410798098305831,0.37412559349225705
8419545,1758783,2.016052264713369,3.3696977531505694,0.048766872256875586,2.110459980129192,0.06271321922259092,0.1599421926966619
10063450,1758783,10.937004928114437,0.28235702584811184,0.11602220210971596,0.3572223006940298,0.20019126353340466,0.06191688195101765
14115169,1758783,7.96682802577281,0.9812830590397662,0.4417340810757962,1.1916634877374992,0.26332039416032166,0.3145109805811022
27186412,1758783,2.742021104273597,4.32207082422268,0.3230453960987317,0.6245707488108448,0.9630833754333689,0.3011169685377659
7507697,1758783,11.998084087672742,0.043072404428998845,0.07987497952070849,0.012517855833226602,0.12557526415661585,0.1861660493525621
1715577,1758783,1.7640386903686667,5.016176228406012,0.4568425198897601,0.7535651514736271,0.0,0.4492357132019579
21711231,1758783,0.2567941489458869,5.0279018225684275,0.0,1.3412749640179973,1.3106127129164575,0.19681752977860223
