member,group_id,r1,r2,r3,r4,r5,r6
13470400,1758783,0.0672387335829337,6.264331143587044,0.26449361290167256,0.6997685874349111,0.9137739598308995,0.10365888321291575
14115169,1758783,7.97302219054543,1.2115428704572806,0.3946544720206847,0.9186420184664982,0.40426608562570887,0.5004121887317572
10719362,1758783,3.5389737267658985,1.8551597281251464,0.33933788825827665,2.541058795253582,0.6320066687367357,0.07664214297402062
12984262,1758783,0.21013889638283081,3.4510331115562733,0.03798343034596128,3.5192682058423395,0.0,0.0
9620039,1758783,0.5016143892702158,7.911645145090106,1.8321303733700254,0.3369485243510482,0.004156572057437104,0.5482011000513048
7534249,1758783,0.5537986215496429,5.134339542627783,2.264525071551773,0.1552672284718627,1.032074753998563,0.45347455350952787
1715577,1758783,1.766910218267502,5.8180781192955475,0.5017049701415461,1.0136895428276032,0.12476883965573916,0.5614280900149106
12718989,1758783,1.0856352219963774,3.816588670763148,0.17603564293575258,1.8231539967101442,0.7726907488971482,0.27299966773866485
20694701,1758783,2.01450778450276,4.379566243245656,0.10184231873243281,1.40303083388209,0.5574866982653213,0.0
13406287,1758783,0.5829561470118609,4.344228680612445,0.027068473120007663,1.635664599492726,0.42495703455954437,0.0
7507697,1758783,12.005544000110785,0.0,0.05343240711486921,0.0,0.4451377510735891,0.28404956542980514
13779890,1758783,4.837716753648881,1.5241329312800775,0.13016799875563995,2.297188782665077,0.5425229582684579,0.0006558619708952247
10033714,1758783,0.3277407981086778,6.48342109492247,5.885360553605001,1.1220856195054176,0.20890010295175893,0.1843901983088261
13479188,1758783,2.6143600768475963,2.0765688464554657,0.0,2.789169735286716,0.5742492246004268,0.25818902263864557
5318839,1758783,0.3131687848976988,4.8407822034562935,2.4961652994302885,2.0700686301757507,0.1720488300715082,0.5787352575879858
7989624,1758783,0.0076764406352768065,8.823768851695663,0.4025391561470652,0.2752531500876684,0.010403890474155825,0.42202686027520203
8419545,1758783,2.010312871997966,6.355123525459419,0.0,0.12162231395630718,0.29164766791699615,0.21150678513730517
10063450,1758783,10.94293274752159,0.9621463778584274,0.08686080341858166,0.08552414182922569,0.012188150502342265,0.11482877015804914
