member,group_id,r1,r2,r3,r4,r5,r6
9366484,1759977,16.220527727872334,13.858720818726963,0.0,4.625596376755402,0.07899187029998216,0.040640227409381814
8038852,1759977,0.0,0.0,15.93277084804903,0.0,0.0,0.0
