member,group_id,r1,r2,r3,r4,r5,r6
180824672,17606712,1.286526774536822,3.2778377640576357,0.0,0.0,0.0,0.0
57555412,17606712,3.0143624294713085,0.0,2.229660648533634,3.0971980044846115,0.00037600196041300644,0.0023030262241627983
