member,group_id,r1,r2,r3,r4,r5,r6
65669412,1760116,0.12053263665815209,0.03093160395078008,6.497437061373946,8.752137686319235,0.09088821719758336,0.09098565547788524
4205340,1760116,13.85492884841765,0.0,2.754528513568874,0.0,0.0,0.0
13701896,1760116,0.0,9.555098893624185,1.6167165683112987,1.8748003504201451,0.0,0.0
12607786,1760116,2.9283224454902155,9.370782516142272,0.0,0.02235421272258189,0.10133738327223916,0.0
85740542,1760116,0.11994206839584252,0.0,9.872776234578831,1.7256787846441903,0.0,0.15280876960801182
53846652,1760116,5.866168355440432,0.002381535101506771,2.084942513630541,0.05465695775047435,0.5310737209553088,1.3302303346145752
8074077,1760116,4.480593726318905,0.3042696956927947,5.822866110658628,0.1733642103155654,1.2662402546609859,0.04630360598741755
79741982,1760116,0.11994206839584252,0.0,9.872776234578831,1.7256787846441903,0.0,0.15280876960801182
