member,group_id,r1,r2,r3,r4,r5,r6
74111872,17606542,1.2520946499241368,0.242595714006951,3.0338050126799505,1.57428037981469,0.0,0.4651335887917278
195649826,17606542,3.309651954874251,0.01258945707577668,0.0,0.0,4.1640836128032355,0.0
193276355,17606542,1.6887625518115021,5.294599884737283,3.4056127413495623,0.0,0.0,0.6585860916831068
194498850,17606542,1.1883986387737686,0.0,1.5417735742352168,1.771733482170945,1.1723438204846297,0.0
196693980,17606542,6.2675759857399695,0.12040996998879831,0.7067771066402575,0.7269785771056128,0.0,0.0
190134223,17606542,1.3309256209727556,0.14658863863698898,0.23844517329001755,1.8096428101953757,1.0872953294915118,0.31223062862110723
195699376,17606542,1.0944039233415226,0.1566338860078163,0.0,1.6147302123262328,2.1559990621006677,0.0
181867412,17606542,1.1937198701797773,0.023893176616496627,0.3431019708322066,1.7816281639654312,1.6949887626983797,0.0
191465748,17606542,1.2068659042173977,0.9003466525357631,0.9444874328390436,1.7312359175828453,0.7977649949868558,0.27439833253357193
101447292,17606542,0.5270964199603847,9.013159996636881,0.3771067036002425,1.7719802823587685,0.4709846077320625,0.0
13435871,17606542,4.070246629115968,0.0,1.6210332898788455,0.5233297256986564,0.119077201086314,0.6326326835819208
