member,group_id,r1,r2,r3,r4,r5,r6
9999808,1760803,10.042367515488575,0.2600007648110643,1.0459653515624716,0.6337831511654085,0.879658849440763,0.0
4361960,1760803,4.89883757865393,6.382737206519659,0.5714386566425667,0.39584704745921123,0.7800629050146013,0.3848764766466599
28205582,1760803,1.2990702553325,7.049127979671961,0.1893544441812807,1.669193652879403,0.13958982912944845,1.1656602738336501
12457135,1760803,1.8082514045202869,6.629473875714567,0.0,1.5762938412188354,0.21572290230666874,1.1654348750878885
37201422,1760803,0.2277459680255556,8.20717483164242,0.10915013388583414,0.9463037668314073,0.0,1.464380214344892
39000622,1760803,1.6005202102356852,7.662772755255778,0.057573329000874786,2.0997736029003415,0.0,0.41841714958375
38185332,1760803,2.433729443526325,13.253716182999677,0.09504911141961432,0.43978244459487564,0.003589145189874511,0.0
20371641,1760803,7.442994540927573,2.7570374532133695,0.10971763332422871,1.6345902250618638,0.0,0.0
11751418,1760803,4.852520374178696,6.9907262576490865,0.179002491119739,0.4763976176037692,0.49696229864203173,0.37520363960772113
2113499,1760803,9.773632187215537,0.0,8.923219587743002,0.11736187172465021,0.0,0.20098887056786632
11449083,1760803,8.620590619893674,3.1618743640793916,0.027058779461896026,0.0,0.3193413939150734,0.9764699304287674
