member,group_id,r1,r2,r3,r4,r5,r6
140886752,1760116,1.0760996964893583,3.9730500601355154,0.09786508292094064,1.3071819778474962,2.871207276287051,0.0
833440,1760116,7.149538026117763,5.37121459926952,0.0,3.6556374772396865,0.06220659883911723,0.010268037347665324
115618562,1760116,0.8690926151723594,1.5485614283144764,0.5456826497400203,1.4004595892199974,4.453273187783123,0.17311246941482175
9849959,1760116,0.8796845468340163,1.3399980714194257,0.712202423856576,4.597341136023704,3.799961603146924,0.0776066992911619
13701896,1760116,0.0,1.7611739770213337,8.900619220051327,4.356379444268886,0.0,0.0
2358808,1760116,11.377121036470685,0.4267225068759196,0.4010013706057991,0.0,1.1427473818888119,0.034372846609038075
12607786,1760116,2.661622817609976,0.0,8.776912480530019,3.411830995781674,0.32254226577090744,0.0
52122162,1760116,9.50735327666899,3.820737043043197,0.2639007134741952,2.361868610522942,0.0,0.1712166060953581
123450102,1760116,0.79253635758304,4.047101687345483,0.09571521521152589,1.598800656267215,2.9528445810959845,0.0
140447742,1760116,0.3649751855580117,1.956456005136001,0.37929919621971475,1.5333405096912471,4.308435675584152,0.17204371172580168
152684472,1760116,0.05313071922576393,6.014469504028337,0.0,0.025748641139516037,1.371674312043369,3.071621129561027
170173372,1760116,1.9148679239769402,0.7598473104978897,0.1524402263877453,4.436562667315238,4.154435439194063,0.05002509077547177
119453182,1760116,0.9043743678510083,5.159324132913098,0.15985587294540535,0.2287122736646888,2.414894471669699,2.89329116592961
