member,group_id,r1,r2,r3,r4,r5,r6
6009761,1760116,1.8068720838433108,0.0424582517199854,7.450251396862162,1.9381670657987555,0.1150522850565936,0.7086313837382996
9849959,1760116,1.9439570883783388,0.7063599026887905,0.4716155622745808,3.9032702530954904,0.5539126656353985,0.3717933197157179
13701896,1760116,0.606879741116301,9.440293247645553,0.020472957205383065,2.5039010210155115,0.06582319620933623,0.45973785224878594
12607786,1760116,0.5913842436846043,9.292078026573456,3.447024572693099,1.700363586005476,0.41968440031534965,0.32118052375069206
8548109,1760116,7.158692893336506,0.2304977220796943,1.2770550017086473,0.0,0.5317043467232367,0.0
13564366,1760116,1.7465773639615099,0.5658523521511494,8.234860891780428,1.5489648034825416,0.0344240232288341,0.6872692800229313
3233394,1760116,2.014011893306988,0.0,1.0312621906167323,3.7575472321964636,0.5847687575231113,0.4484801887237727
13148050,1760116,3.765597229963254,0.05158431948221208,0.11416469286999649,3.1524193098259006,0.17869164621527162,0.11020199431418587
33800372,1760116,1.7947101763895026,0.13167289478868233,0.1809004391222238,3.712458965072878,0.25478561884098994,0.6939606918514081
16300531,1760116,4.7974788635051,0.12290818746353789,0.0,0.8402244521653676,0.3346143149371687,0.17721825190277365
9528151,1760116,4.836870671734009,0.0,1.492473435348545,0.2036808659563101,0.016151761534629546,0.3753030120539154
39180732,1760116,4.884704287437305,0.0292827225314667,0.14066458732736686,1.6492141369238469,0.0,0.21456808869434874
30842362,1760116,1.7905470744483996,0.23323362511108528,0.3050137425531091,3.796695379162884,0.45056522029770246,0.6083176090689004
13256379,1760116,3.664355074494358,0.24300324631803988,0.7503265582098667,3.0048776767244427,0.5411452461642571,0.0
3749404,1760116,1.7649163390998792,0.2382246803031963,2.352051644296172,2.982527017508362,0.6055205321976651,0.5772578134967329
