member,group_id,r1,r2,r3,r4,r5,r6
11406383,1769861,0.313608087978157,6.501031236588111,1.359113821497166,0.0,0.01841727938711327,0.0
14025425,1769861,0.10031592451278824,13.925749856881296,0.0,0.0031312110401255063,1.736391794018344,6.7094260345687236
7632724,1769861,5.575016969993309,2.787998081411872,1.0386125398500092,0.5064970163634318,0.5723874082794853,0.8021181579264962
13837087,1769861,17.22626490565739,0.0013675274808202023,1.3478009423808976e-05,0.0,0.033994019670550116,0.0
14281691,1769861,0.01602251693976116,6.607892642698238,1.3873097616891052,0.0,0.0,0.0041267787860659886
12675967,1769861,0.11693041993978742,6.144644418629408,1.2068667943592877,0.346310384860899,2.0289112601091945,0.5494468894451152
