member,group_id,r1,r2,r3,r4,r5,r6
68512642,1769861,0.2878361466562357,11.827339731721679,0.238829640345417,0.0,0.5135749123753213,0.2619761322758962
74358632,1769861,0.003892562499676572,6.741910480066295,1.1944696265676868,0.4274893069163056,0.3386587531557044,0.0
44661802,1769861,4.461465825075614,4.237930843130312,0.5974994339230374,0.3788140085119841,0.24320627383417207,0.5100204974757379
65971022,1769861,0.7718122039471916,2.038651251250701,0.6420745170120541,0.8157849514319556,0.0,0.0
22762161,1769861,0.4372269747103729,2.220343438354738,0.6720804420742346,0.7967291430593894,0.0,0.0
7632724,1769861,5.395323398215543,1.5452940842046277,1.6007791554554962,0.0,0.42849655734094094,0.0
56760052,1769861,2.2231520950045556,4.093458857696089,1.146478122278616,0.18762369168940016,0.1750752844441206,0.30238421617803446
16259221,1769861,0.19825751110004225,2.350331097557903,0.6932929872933739,0.7824794744687349,0.0018349022353014173,0.0
11540120,1769861,0.013408847133384668,6.340002079123176,0.0,1.3821200442522148,0.5961161562774199,0.3903571901264327
37666652,1769861,0.09704795872057172,6.922507472171217,0.9213539886177833,0.3880253560229351,1.5122735795486961,0.0
13837087,1769861,16.602663302973518,0.0,0.0,0.8641937292723931,0.0,0.0
