member,group_id,r1,r2,r3,r4,r5,r6
102030112,1769861,2.9703077402172546,3.8993442814639976,0.02337100857161978,0.8433643486330152,0.9275619023386277,0.021070777138375227
65389762,1769861,6.191946691131532,0.0,1.6313391071813717,0.8533640172299428,0.08854683019634317,0.0
49451842,1769861,7.406328694810665,0.0,0.7776979343228705,0.0,0.0,0.03966212202563911
183487172,1769861,7.308843400359014,0.19617287302351663,0.0,0.5458989920414308,0.0959007753637972,0.0
179137192,1769861,7.289439956844684,0.04045331922148668,2.0800766750547592,0.9009753846724519,0.0,0.00420030566781887
44661802,1769861,6.929502891049886,4.3265834454010506,0.15097209299816539,0.2873621611119464,0.0,0.23411614131146405
185295469,1769861,9.309733985804105,0.052769817121315676,0.9838897804821508,0.09206741690735248,0.0,0.0
71847182,1769861,5.652389317118831,2.0484025226438582,1.348205578053374,0.2860335629727116,0.25708898530995256,0.15667826016482267
185194168,1769861,9.309754783100042,0.0,0.4678220624378708,0.1612381209577693,0.03985590939447867,0.001118162579536995
12138940,1769861,6.926945273053629,0.0,1.543465951844626,0.5774241953075808,0.1285049215233105,0.0
13837087,1769861,1.0622993001811816,18.067104259267563,0.0,0.11514392417746223,0.2615473018512707,0.0
