member,group_id,r1,r2,r3,r4,r5,r6
104867072,1769861,4.579267858871231,0.24680799639901502,1.3272428796809042,0.7164012781560681,0.268189152484799,1.977280413785315
102030112,1769861,2.4316295944514077,4.658949889661091,0.0,1.1945980221566,0.9422138114054313,0.3702051933565916
115772772,1769861,6.844151182978906,0.010341680746475183,0.31128161337486543,0.9453615393129846,0.0,0.25873791783060807
13372872,1769861,4.7076772418000346,0.0,0.026762644495122813,1.9964173605840931,0.08614864396922599,1.634299632052677
71847182,1769861,4.232421205032943,2.2203790090150415,1.9491057307641253,0.203352084586182,0.0,1.410795097532011
9284367,1769861,7.977636028875003,0.0,0.0,0.0,0.2009610397718305,2.2066136974148822
139499892,1769861,6.812810725945119,0.0825962766095293,0.29571872565616986,0.288095164286325,0.07007209602901229,3.2222669964467445
69192372,1769861,10.176065460394698,0.04619502784497453,0.19535650415813816,0.4430077047893127,0.0,0.0
147198362,1769861,8.001202373905462,0.05308211036869005,0.0,0.6948014086249958,0.0,0.0
51058942,1769861,4.698126256909223,0.0,0.243504721673979,1.481540047923404,0.05909430420040458,3.706858334680121
13837087,1769861,0.8052848494118802,18.517555246679585,0.0,0.0,0.0,0.0
