member,group_id,r1,r2,r3,r4,r5,r6
15330561,1773457,1.1898448777352528,3.0799057185889667,0.005918251797391339,1.4897912205251507,0.23667327138824099,0.2083835177857076
18992611,1773457,1.530884192656453,4.9162277970106185,0.003543694857418052,0.20940415190259734,0.006301780035299592,0.037083873545061215
15364631,1773457,0.21106563588610358,3.4435882238178612,0.8422672953120974,0.8984075680989887,0.4013699076667558,0.7542004351855371
4563907,1773457,6.416587907147598,1.253277048126844,0.912799644745252,0.0,0.07228935340390517,1.101249994106331
18078151,1773457,0.784193892958366,5.279020190164627,0.0,0.27556773172584365,0.0,0.0
12708584,1773457,1.4809797415669814,2.750643063887247,0.2112181726110756,1.6819050910935287,0.005292120739085211,0.09428667380968346
7534249,1773457,0.5625033716427359,3.1279126714246672,5.802803267919445,0.00022704704684549533,0.00014927078274863784,0.0
18169421,1773457,0.8444029467365564,5.4622954452836545,0.0,0.0,3.564972264231042,0.0
16919511,1773457,1.3663154014673924,2.7825779173379566,0.015160075553432469,1.7637298166193967,0.005135334309604326,0.0
12945332,1773457,0.38290901246826886,3.401193210517765,0.15992298728778076,1.0811526007978187,0.4395579995601586,0.6100778616542468
18795221,1773457,0.04469310971116785,3.3120410271044993,0.0,0.8836923361555956,0.08068931768922472,0.7382433604171693
13928278,1773457,7.848545769516248,1.244589049608275,0.4318995831912834,0.8632942585380339,0.17228986858044343,0.20446269766181488
13908855,1773457,0.5550164661497407,3.3531756725668234,0.0,1.1106368566336386,0.45110678304119645,0.5782510393738395
13878519,1773457,0.7881501962657944,3.181820122002725,0.1709623043667082,1.4816741129979787,0.2279327228820767,0.23977366891282337
17646871,1773457,0.4438455498619816,3.2723993548027424,0.0,1.5638219833143625,0.2296897578045999,0.20468763009217875
14237758,1773457,11.865267902902621,0.0,0.11727755522993757,0.2895036552098742,0.29010225909166715,0.3772449156285009
13875455,1773457,0.5623075589139106,3.1379949966477048,0.9981423102483327,0.5629033181791732,0.0,0.8868323621243669
