member,group_id,r1,r2,r3,r4,r5,r6
13900578,1775358,34.85947958688508,0.0505832430063166,0.0,0.0,0.016468401754006604,0.0029853401446284277
4789060,1775358,0.10398645702415228,0.00020810756805846,1.322470078493488,0.004432571168076636,0.10294586062484572,0.0023312976581885405
14590093,1775358,0.20944827100993924,3.41990988711146e-05,1.3225277211273951,0.0029278290612054863,0.01650823137568074,0.0023315918357387686
