member,group_id,r1,r2,r3,r4,r5,r6
13901583,1775445,0.2740569304074981,13.185882700082528,0.06930571275456969,0.28048471219307464,0.04309281176051169,1.178599421889736
155281042,1775445,4.299355369371478,0.0,0.19854897452114906,0.0,1.636258748598534,0.0
8352851,1775445,3.171398352630409,0.24846075229386996,0.37217939947456957,0.0,1.0814065475605796,2.644053704437994
151666132,1775445,6.016508286189773,0.00046125392252291115,0.05118957566831522,0.6982430608694773,1.0000937210509773,0.026822635317889504
138413142,1775445,11.69961221502846,0.00011689085123043727,0.0,0.49859939442582885,0.004226627678731324,1.3977460702514366
6137207,1775445,4.031174919815692,0.8236866767800866,0.4857406607622444,0.0,1.1302671447213437,0.0
