member,group_id,r1,r2,r3,r4,r5,r6
123978752,1775358,2.241553028462107,0.9982907261110682,1.296611796619707,0.26615831754639446,0.40502379709952285,0.8995023783022769
12049153,1775358,2.36490125870829,0.00472378412793103,1.3788818569882857,0.2704580627936884,0.15296865801510498,1.2098343463535886
13900578,1775358,0.21122114723555707,18.16119776092887,0.2357131334839021,0.0,0.0,0.0
2107492,1775358,6.5162375617075945,0.15602925084292435,0.533624447729479,0.02170882526390626,0.0,0.28784603333830466
68021322,1775358,2.6756616646721567,0.030916668052937614,1.5468261163894412,0.0,0.0,0.7130796429020593
103853102,1775358,12.996034193074138,0.4913943844590055,0.12948861437717618,0.1342606202890807,0.28542064481985374,0.09022971009215379
123018832,1775358,2.3504419811888764,0.10084960144050034,1.1672468740912618,1.0563116198408065,0.24161490428248733,1.0927752029663804
34930812,1775358,6.516184295915149,0.09576292464070597,0.22400804392662285,0.3548261773154043,0.05312446619445242,0.5110359095627132
124943922,1775358,1.5739006779043678,0.20382803633165023,0.9766275043557364,1.5572212327328614,0.0,2.257923862760904
11280337,1775358,6.5360302769207115,0.04788953850181067,0.4442106788967852,0.011416484206545521,0.0,0.4123935320238989
48025172,1775358,1.5793919957657978,0.07887603385183599,1.0682012599392765,0.535077354101634,0.3680183283232461,2.536873362316039
7929520,1775358,2.665301970506541,0.07183565181990244,1.1213362589816853,1.4455723615603884,0.10827731526152913,0.6116319383052315
68292022,1775358,2.365425903491826,0.027949361678408943,1.4525397644355769,0.12121648766064808,0.022712839349970607,1.1907559360779092
146942742,1775358,2.675291935492885,0.02821965006779285,1.4848975401026938,0.17736486523581363,0.018616465223469675,0.7369249939170472
67575412,1775358,12.992764871379368,0.021496416227901244,0.0067870718920800205,1.2293312919039643,0.4675193323281715,0.0
119569332,1775358,7.004336281683777,0.5916398007192263,0.6784536692010561,0.030413562914894707,0.0,0.0
48567642,1775358,6.710301802670575,1.3174364182833271,0.0,0.9596914364007376,0.5594866021301063,0.006067586582844776
131802972,1775358,6.554474022870107,0.0,0.15766811784935705,0.47510282047351093,0.27874424076824184,0.5439997064023536
