member,group_id,r1,r2,r3,r4,r5,r6
43101152,1775445,3.3579337467110912,0.0,1.2865176270027643,0.0,0.12980986513281714,1.0476471298970875
160078722,1775445,1.4636607785255318,3.3801875160853614,0.0,1.447659159907546,1.3047263682924133,0.0
41539,1775445,2.2356010045927923,0.08626037353428857,0.09158888156041138,1.2822074051936458,0.3156399836497319,0.6434162699605915
183474472,1775445,1.5306858535414076,0.9096446787188913,1.1348448163622649,0.5180228394131376,0.7500844972200792,1.1294505692262808
13901583,1775445,0.3961422405387711,14.057146313222328,0.6386680326637169,1.0858096703949216,0.5755303228556299,0.8936385544775365
185519730,1775445,1.9954224334440394,0.39089944962818995,0.08923496344383586,1.201594153984792,0.6710012846606517,0.6531807798904
11539924,1775445,2.200311027731585,0.08261091193283432,5.96230802553719,0.42941514401292846,0.0,0.0
185021525,1775445,3.363914813426812,0.8952331044727343,0.22655195350515037,0.2662895344100514,0.2339424558875717,0.8837138450939973
4598782,1775445,2.352539355686564,1.809497958088576,0.012726665282905732,0.9708664466639044,0.765763813841358,0.047031208597542645
6137207,1775445,3.3379603720266697,1.077088458341012,0.0,1.3350298210348501,0.0,0.0
11643160,1775445,6.4566162407463645,0.0,0.11521201788424623,0.1427011815631048,0.11062735822416368,0.0
185519194,1775445,2.6485916070242874,0.0,0.11046898622379821,1.5574161864007032,0.120594226602008,0.3397181082710989
7408923,1775445,3.507522969369835,0.6461154861589832,0.3750745861524474,0.8572139861818986,0.12842294329600773,0.47624059525983214
5734812,1775445,2.6143506129885075,0.10718639570726622,3.5226254186714123,0.005247692300432634,0.07470903629055785,0.9783522738675753
8452638,1775445,3.6525510786197484,1.2419117235921113,0.33626622523029803,0.2198329775643944,0.0,1.129124440948421
11545663,1775445,1.9938522497149875,0.3516804728174305,1.9400734757978861,1.01755394026757,0.08050723902544422,0.8301924944040082
