member,group_id,r1,r2,r3,r4,r5,r6
3502053,1778811,4.108482229366289,0.0,0.9017461956128902,1.920716072148475,0.1227927495293495,0.03159547752356748
14240838,1778811,4.426979025568039,3.4893193141452206,0.0,0.093245677347035,0.46065326861842215,0.0
13955374,1778811,4.890640302227729,2.9383117310336253,0.0,0.04164780655821003,0.5130916515467805,0.0
2027566,1778811,0.35275894080061954,7.1911217838933466,2.5569360364420404,0.0006775693963440424,0.25790637704392017,0.004594655172666106
5010994,1778811,4.746107106732063,0.5913538038794883,0.4009016723508893,2.2908687355003883,0.0,0.0
12398611,1778811,9.172702633988319,0.09518593427342653,0.10273573844749685,0.0,0.08765693035866333,0.11261344270757871
13950292,1778811,6.476793256496803,1.8737679274908803,0.0,0.0,0.41813677438954927,0.018463158608423597
14070582,1778811,1.1380833731060436,6.44634048030062,0.3425275660149216,0.7271603932748509,0.0,0.08787922181141122
3943163,1778811,6.4496617548798945,2.24567316018729,0.20648450339790902,0.19440504452207755,0.09311522522928911,0.09574838038161383
