member,group_id,r1,r2,r3,r4,r5,r6
8948096,1778811,1.4285073559287662,0.0,5.13982766996677,1.9971412466823362,0.0,0.051537452195748665
3502053,1778811,2.415231214960268,2.7772432408735805,1.6312318708680384,0.6374606551993343,0.46570761953657164,0.9003613850008805
14240838,1778811,4.9224405364360315,4.03417059616242,0.04110901704526857,1.0297643698070449,0.0,0.0
8030151,1778811,5.522064960669828,0.7055100691490744,0.8849365851467236,0.6725955182555533,0.1967351336001499,0.0
9434568,1778811,5.074776362531821,0.0,2.2753040903581225,0.1449790954770622,0.7514280935819697,0.0
2027566,1778811,2.5436823907955657,0.26530173552915076,6.681986446221007,0.0,1.7379057816603216,0.08496497587118526
13955374,1778811,4.059323339864521,4.457658901754951,0.0,1.1739682751715352,0.003242490381219816,0.0
5010994,1778811,6.529034215515555,2.8983164059603017,0.14986202198253637,0.0,0.0,1.3067490736449403
12398611,1778811,2.9928100486477223,8.052575080675405,0.09614728328484022,0.9038967022223301,0.0,0.28150112850208076
13950292,1778811,3.9576433592947557,5.903381507786856,0.0,0.9695166865207128,0.020421055584303804,0.0
14070582,1778811,5.995111709211721,0.19397960523624097,0.0,0.9781341764151785,0.14141961970474554,0.7652085523115388
3943163,1778811,3.6986869871894448,5.4834511817529625,0.422030028545675,0.9893367411244381,0.0,0.3671168708166
