member,group_id,r1,r2,r3,r4,r5,r6
158372352,17816622,2.7690986044562993,0.016120328572685833,0.0007007223883808704,1.742227006345241,0.6152271436566018,0.5409015962997009
179317382,17816622,2.6169767262428343e-06,0.09743286094645615,11.84495166973197,0.004716397267713005,0.041760523692808076,0.0
7664102,17816622,2.0442696597256864,0.18837136226219284,0.4886689548570965,0.053804656136612325,0.9057156454684234,0.20012967919118846
46898022,17816622,2.7262933597115384,0.2191071475367012,0.12979921910049674,4.719973309364367,0.021546004151804597,0.22090958096615815
38777322,17816622,2.119816691327193,0.0,0.051591262100782666,0.1705288196325595,0.9637938632561062,0.2401777216232627
186382218,17816622,3.9726901888543615,0.05206346263525924,0.16950150429328004,0.7168107444245505,0.3160136803414217,0.014754614928868731
75573132,17816622,2.7102196127819593,2.657094598721088,0.16743334948978641,0.3818675724795437,0.5408156837855134,0.7718536540701876
39084522,17816622,2.031367885521513,3.1811512510308613,0.0567366465422671,1.9139467875290426,0.5324735439648106,0.2461989249909515
186749613,17816622,2.7454781723003583,0.26308307182503987,0.06971666015149353,4.778688542670011,0.07216393686207828,0.01822659610409166
184978479,17816622,3.974285314811044,0.6686094605501585,0.0793823506009382,0.0,0.23991573156089552,0.5593346215821448
101504812,17816622,7.836322773205552,0.07624541529897384,0.030611156606776834,0.061885853072088506,0.0,0.37963287406269525
188803535,17816622,7.836729998022713,0.0,0.08834787392402002,0.05232788688241868,0.0,0.0
14310258,17816622,2.046171077568203,0.04156476412191673,0.0800126999890992,3.12465786667509,0.6036286495724293,0.0
151297682,17816622,1.6695630507486767,5.977499194194094,0.01710176104813802,0.8303903501359912,0.7526618146681979,0.06740964337251755
187972472,17816622,2.119355966561773,0.07940204748754456,0.08367590465114032,0.20015318491036246,0.995085433954664,0.0
48935732,17816622,2.666890396541763,10.275394352599736,0.18083188570565142,0.0078087224517734396,0.0,0.02527854119109565
12464440,17816622,1.2314809058006078,0.3291348150925786,0.27546968509093966,1.6424758978348484,1.082972817308577,0.5206789684203551
186916699,17816622,2.031067906014776,0.2518761791518455,0.14831562496436212,3.012006481270871,0.5853443341046709,0.09504785947005671
