member,group_id,r1,r2,r3,r4,r5,r6
105795492,17816622,4.015095199718514,0.043942431231444076,0.0,0.1209793841091558,0.7249179815229199,0.003402132602467023
179317382,17816622,0.1461901557004204,11.700458113702009,0.0,0.01056823055119191,0.0,0.0
58004042,17816622,4.027922645983716,0.0,1.5811970052437763,0.0,0.7866423779792557,0.0
185368911,17816622,4.122216597453559,0.10116452073797268,0.022100906405572687,0.2688633762949561,0.39675981120038795,0.0
11824402,17816622,8.372146885451585,0.016450389090949306,2.584118885580445,0.07959311712928308,0.0,0.0
128790132,17816622,3.9953311419023176,0.0903184350130592,0.0,1.162408880625312,0.7753083342867557,0.002533324402217717
3719477,17816622,4.022391068699829,0.22228602235484707,5.942859847876652,0.3861722531462319,0.6841021169559431,0.016414535498446174
170173372,17816622,8.339849317133641,0.006617348152023915,0.7027050284340322,0.0,0.049802461573431246,0.14331583124937533
183378526,17816622,4.359192394061035,0.0036968415312404104,1.0905765926122832,4.696021301430365,0.0,0.0
