member,group_id,r1,r2,r3,r4,r5,r6
85180082,1785358,0.012753807626216461,9.803756843633007,0.0,0.0,0.0,0.0
73760622,1785358,0.012743161962270622,9.211258819938113,0.0,0.04323085676820427,0.3175474839250675,0.7846679668854886
14048431,1785358,2.272415590418335,0.0,1.2366685292075512,0.0,0.2612067147437813,0.19382695569317174
