member,group_id,r1,r2,r3,r4,r5,r6
14003769,1785257,0.054577543134711685,0.0,3.4929901903799188,1.026656059876508,11.383395450891301,0.5417284595064519
6370031,1785257,2.0476955836225765,11.685609059969767,0.0,0.0,0.0,0.0
