member,group_id,r1,r2,r3,r4,r5,r6
13801279,1785358,0.009388111318631499,10.82034197664985,1.5065147960839798,0.04619646358618947,0.26538394050886893,0.05936815053708502
73760622,1785358,0.017045977659164296,10.793257128826562,1.6307694840206068,0.0,0.26184662901002825,0.031474805445166024
14048431,1785358,14.62928563022686,0.037622860964758524,0.004557059798352956,0.04737606641298931,0.19371563713899864,0.0
