member,group_id,r1,r2,r3,r4,r5,r6
3511490,1789749,1.356395873794132,4.448075318724775,1.546177067839919,0.8554787475250308,0.25046194914380876,0.6939500457162981
14442341,1789749,0.4183086954188179,7.100476175057399,0.8036511805245894,0.17800631615699536,0.20645077077334467,1.0886481940102775
14022086,1789749,33.500547553736844,0.06427851935243692,0.0,0.0,0.0,0.3995186761149144
12588807,1789749,1.8959649489192347,4.721856525434519,1.369413112984284,0.0,0.3618185730939318,0.8515125086151663
11426214,1789749,1.6613825266042024,3.4948384910917296,1.9447250181748212,0.5648176210798856,0.13075066172456848,0.44953227879498237
17405001,1789749,0.9113461350530154,3.319135486860988,2.1191234077690835,0.21184078091695321,0.2220115899801374,0.38600746180429857
8996493,1789749,0.2711601511085046,23.16288133007232,0.0,0.4077112339031692,1.8016936238181787,0.0
13563119,1789749,0.6765621406893586,6.161395495082267,0.9490176490033249,0.020531625194950158,0.3583155001617045,0.9421082816349754
14587664,1789749,3.7948600305066322,2.233381756438227,2.3591477903208777,1.048552062073466,0.27175643870539856,0.0
17147441,1789749,0.03656190496385887,23.510847232230475,0.10258975552702533,0.2515490076428383,0.0,0.8684671908484481
12913810,1789749,1.708360193506306,3.1505711981256748,2.118122548515732,0.4088563701668336,0.1913788607850859,0.3408823685498265
2933871,1789749,0.3016481945238759,4.906199706989779,1.5016133410380306,0.0,0.37716551790973757,0.8259449949225247
12591091,1789749,2.200582923241908,4.544560261350667,1.428398489535435,0.31164139881414904,0.31279500007800126,0.7790226725916818
12867734,1789749,3.1384165796137613,4.435444246575424,1.349989141064356,0.31499293062905825,0.30389295902054597,0.7940983233900967
10506262,1789749,0.46519212840456264,3.964778260762392,1.6734773242610428,2.657659209793764,0.02818877248455511,0.5113782135113567
8122872,1789749,0.6989845458696562,7.7019685285008554,0.7028246343292436,1.4428220415255708,0.15689299130347284,0.9637708630976523
10308218,1789749,3.1338607366713283,14.33246008024376,0.17848318532409754,4.194069844970097,0.0,0.19966773946315297
13843355,1789749,0.48913528209151735,3.138286109876564,2.228707573298693,0.7893635147855841,0.1624012294876225,0.2882062408260075
