member,group_id,r1,r2,r3,r4,r5,r6
35334152,1789749,0.0,37.11239066848815,0.0,20.326292691622022,0.9573651942400879,7.071595607402479
14022086,1789749,0.5151204397640072,13.912451972189988,28.66982902169515,0.36691890868116755,0.0,0.19774493439359944
