member,group_id,r1,r2,r3,r4,r5,r6
11828997,1789749,1.565570863744149,3.431652066235911,0.2573456746024722,2.377257179035625,0.6222837065093508,0.24911160221776182
11995430,1789749,4.28646319418735,1.2783195314812703,0.3197675623379422,0.6129501728402781,0.7092765260692825,2.190822948025997
14022086,1789749,35.8583748127877,0.05675765611286407,0.0,0.29523881367418064,0.0,0.0
35334152,1789749,6.540349569008322,6.5174340819693395,1.6344792596331592,0.6878792521897369,1.557105344686072,0.0
6558633,1789749,5.407210713869042,28.121001476294087,1.4907511888795697,0.0,0.0,0.08909214770488402
6046031,1789749,6.3174270415016345,0.019725714358379602,5.0881415968363495,0.11202156299041524,0.07649587724212399,0.14001608482894423
196641138,1789749,0.06691062269078704,4.166918604449151,0.4274934387750146,1.101623072609887,0.0,2.4464457211550017
11788700,1789749,1.2102062019889672,4.503031618350615,0.7588722147923886,2.9804619602096967,0.026323234064715637,0.0
126422142,1789749,0.15722030588663402,4.591225963764988,0.0,2.9488977835020154,0.0,0.0
