member,group_id,r1,r2,r3,r4,r5,r6
193324613,17920522,1.940193700386345,1.9969925130288226,0.0,2.429227331719726,0.0,0.8413900503825129
145104742,17920522,2.6200643974015128,0.006680976111596665,0.0,2.7327163524317637,0.7968149834169018,0.06642491381840909
187436102,17920522,2.6046689867869333,0.12953387274612455,0.3153181392763633,2.6346652670237685,0.541373856890489,0.1228453725180254
190229189,17920522,2.611734927692024,0.20351356349778266,0.3181165301443144,2.5993829403970534,0.7460291368747122,0.026800225058008165
194318793,17920522,4.4909005884364115,0.08272656476459073,0.409001968352912,1.0438212001782408,0.1148293817461329,0.6079920412217581
4187146,17920522,4.525263028720995,0.17893953119321546,0.031571693009209215,0.927720378637064,1.2431358318319436,0.27239890876128675
68553802,17920522,2.634167006588126,0.016180241400702493,0.5113986339960985,2.5353077735002376,0.9360444329766885,0.0004278998242943759
133506252,17920522,1.3860096325700513,6.568366999078879,0.01430283649724319,1.5537626999827139,0.0,0.7083967493983159
10091311,17920522,0.8980580241655601,12.459998319625324,0.16097586345470943,0.5592912777216618,0.11029319369615735,0.13619604988803313
192312112,17920522,3.8568186271865468,0.0,1.9816194476095634,0.3124904733713864,0.9528064872952441,0.7505411343370858
2685007,17920522,2.6923071740278366,0.03904251859597266,7.2408201688878195,0.2307186071448691,0.37779520706808806,0.08099710054640322
9117584,17920522,2.6786529123713674,0.23464253073256663,6.726846328855621,0.3761134622270063,0.44458258306539067,0.01582422074315282
5709076,17920522,6.1245652722824016,0.032728397706100504,0.6653045948535927,0.10511573422147658,0.8808392438919032,0.04494783920432208
58046392,17920522,5.42896262187395,0.0700339541740543,0.6020300082074581,0.8110200362262204,0.542575726173803,0.20494133753618898
49000822,17920522,2.6546988577083797,0.025307929310524908,2.5076929720470953,1.840008546048034,0.8562577642872116,0.0
176981272,17920522,1.0514812647652265,7.498526078719764,0.05578283847095141,1.3277012512205209,0.05103379008413084,1.303607360163693
87167162,17920522,6.132873591715885,0.039643154468867355,1.1490166474573258,0.0,0.8343445091583271,0.0
132388762,17920522,1.4009152125402404,6.176943185806945,0.013633180543172344,1.6115615111860089,0.0,0.7982877053426672
