member,group_id,r1,r2,r3,r4,r5,r6
141786112,1796350,0.6748911608595389,4.233487649959864,2.8128248156327134e-05,1.6177337636097004,0.5562219699357854,0.04579687116782427
55414892,1796350,2.9186191078825283,1.9623792247664467,0.00022518272146141273,1.8424352970841849,0.6078987154528597,0.0
183845662,1796350,0.06442546167448536,6.319335485601158,0.005952453455140255,0.20963868185745752,1.1564207130570017,0.0
40952912,1796350,7.333526668783902,0.1457790302591603,0.0009116463337462243,0.1410653398600024,0.043376721805132384,0.0
40950622,1796350,7.469369874038316,0.0898858602314684,0.0009328745341609388,0.08871155433889132,0.02600741130560979,0.0
144689232,1796350,0.40363246607880643,5.209069351992716,0.0,1.1002355293265609,0.7357555338011532,0.024207765517049812
88686132,1796350,2.3073240361825733,2.2139122773069277,0.0001303154923096551,2.078002864765608,0.6860643194532792,0.0
183879192,1796350,0.03680397049412497,6.328880580669118,2.3120790541228815,0.2058057604594635,0.09730232734774143,0.008327501241734807
157064762,1796350,0.0008071016171363013,5.397524263030545,2.250278454885489,1.1970773578824672,0.0,0.9269328452847636
145840572,1796350,0.20015070472798846,6.352108840408085,0.0007126158790369583,0.4830730746608712,0.0152726575425067,0.0
41198942,1796350,5.0208696672492845,2.3023605859827265,0.0004658719849078019,0.0,0.0014076487946065343,0.07601548679181373
11489791,1796350,7.673134549873507,0.006047801864980195,0.0009646204534311531,0.010176024987603035,0.0,0.0
