member,group_id,r1,r2,r3,r4,r5,r6
13079521,1799771,3.4830946335072963,0.5703586914821356,0.0,2.652074323051881,0.8993892096140114,0.08480042072122093
12872131,1799771,5.910489926363211,0.0026059381703167827,0.6768442832191843,0.6879068563369041,0.6548513932911845,0.0
14014989,1799771,4.541855019018077,0.29949451580896747,0.005048101146178091,0.9656675906518514,0.8002357219911891,0.0
3918990,1799771,7.876049633632654,0.8212884485976051,0.5153294443002977,0.003720661988469931,0.15058003841669973,0.251066479998041
10431282,1799771,5.919459541371338,0.3609045238813946,0.12380146687123417,0.8045514206347152,0.4241495877008828,0.32209883683326224
14615091,1799771,4.36977718317119,1.9802768791399816,3.4238130737030406,2.2895962530579443,0.038560794550295124,0.8349320615799437
17876761,1799771,5.7622858214551025,0.0,0.5560733436004976,0.7184309525381583,0.5890405363075273,0.07072070899187954
12381501,1799771,4.8883513043528,0.25717297292385216,9.256847735729245,0.0006841607658523815,0.8441028964506819,0.03481688162703845
8780702,1799771,2.4965667922832133,0.15604821318464124,1.933763883966577,1.4998039931060492,0.972840678700739,0.9198544625870297
3852031,1799771,0.7821880324228039,19.552361195761527,0.0065978077203099035,1.6892045488476601,1.2528656131918379,0.16738946506595312
