member,group_id,r1,r2,r3,r4,r5,r6
185935138,1808448,1.061511523786886,5.714355395822163,0.19660775657335178,1.3691645487288868,0.16452382434798754,0.8901910186996104
58658082,1808448,2.0090466492778627,6.126838263944652,0.09736064032452355,1.1238466963674678,0.3326005544772114,0.0
11971172,1808448,2.837092895108207,4.511810204451127,0.10796955183236794,1.4159283003869467,0.0,0.8770178177833327
14348677,1808448,7.417427130456919,2.8995455531637733,0.04304785206339091,0.9080998315478455,0.27812288674806934,0.4738832850677336
6773576,1808448,4.115042988692629,4.739943196779404,0.0,1.1547107327287198,0.0,0.5048788188587083
48564012,1808448,4.112809508834153,5.938781163395368,0.0925417144706528,0.0,0.0,0.7269636114436456
23292301,1808448,16.660350378443514,0.0004552111087210993,0.10144962427718887,0.18341608989878738,0.17512264488492033,0.0
8299534,1808448,10.305806703307223,1.9610939415421809,0.6469239871014285,0.4203612009570667,0.39245439188385955,0.06812889031638641
57730092,1808448,3.4111494117833128,6.258792253031139,0.050698596614308956,0.01956934810953603,0.34973258311096395,0.33698337378754567
120379102,1808448,6.179525820527053,3.3761109998759555,0.0,1.0958523596162435,0.0,0.7743572874780191
70069842,1808448,0.026000082801986117,8.172199341733041,2.3881576664312525,0.32087325217102675,0.06323767344851387,0.3792288785061513
3018451,1808448,1.2644025278024233,7.498487879468431,0.5116712906232623,0.08376783586489878,0.4205227606970196,0.0
187888851,1808448,0.06968997745172865,6.774881143464892,0.0477580827517693,0.9284968103198629,0.06036872443014275,0.4591819613004201
3345653,1808448,0.6873722285775171,7.285719595500855,1.1343593213566843,0.7162198583380462,0.4303035089249412,0.34218776895513636
113469182,1808448,0.3592255160209584,6.409472313826516,0.3719951180618415,1.49441568531295,0.17567959002107725,0.09302676721691766
