member,group_id,r1,r2,r3,r4,r5,r6
45351392,1808448,3.3807173594551383,2.7078431713767483,0.012202312865629407,0.07399442670167145,1.21766527546322,0.05314322584181272
55441472,1808448,0.21451370221824026,12.12245017577753,0.17875827876181152,0.08401182320674754,0.0,0.007029139799429691
58658082,1808448,1.9898361076278057,4.040769844310077,0.06651080684659552,1.8891875327264562,0.018354071590221885,0.4593687992406228
11971172,1808448,2.7979372451139017,7.294630395363658,0.0904179578353797,0.09768948124525619,0.36520963922091876,0.07155807896430244
14348677,1808448,7.34107675702867,2.290724505831335,0.004220550387943763,1.0841748676907783,0.0044499106771514075,0.3881612922961699
4099398,1808448,1.417986465452604,4.187112410079302,0.18075102700590628,1.9496574421111863,0.019551591375914733,0.46133664040935984
3329319,1808448,0.76480370964003,4.221860256265074,0.22953112035836856,2.1772408054063868,0.0,0.39435107959445526
1437737,1808448,1.7830193588771823,4.839515102622245,1.4121672279798396,1.0877828241390728,0.016573066033209488,0.7171179221482155
48564012,1808448,4.076525339606905,1.9110523667155757,0.03227094486333922,0.21435170409177434,1.2097993605451973,0.010782256482184133
23292301,1808448,16.48930016223271,0.024810035544243936,0.1494565913765715,0.032063656543153345,0.0,0.0
8299534,1808448,10.199447573552796,1.6369410195393266,0.5366225368148279,0.3808617514949492,0.012491128132766397,0.4929528255424393
76464432,1808448,0.1919641585408454,4.5913473392028665,0.6694775462551772,0.14799675690439681,1.082555211474222,0.16751430834503678
2566417,1808448,0.22656417592066866,5.746394135494122,7.054574796984716,0.06087717280093339,0.0,0.044285718845613296
73546162,1808448,2.767785281038374,3.0579084031316115,0.0,2.4025905556256077,0.0,0.0
3161748,1808448,0.10106389724164058,8.359118506148306,0.7328093326421552,0.22111807526090424,0.3527730889597648,0.1828903565881243
79054132,1808448,0.06839640574279539,5.176860523415418,0.5304881132365261,1.7450094561412726,0.004119150476192752,0.6428996660614542
8271452,1808448,1.7040197146986438,4.095215222732658,0.0,2.006003099235959,0.025991427622764504,0.36984784503962487
