member,group_id,r1,r2,r3,r4,r5,r6
45351392,1808448,3.4383459315324303,3.7092336764176963,0.1256168923674657,0.5498609595134731,0.0,0.4052729773834774
58658082,1808448,2.020918406250435,5.324545873578782,0.4525284068913528,1.4591920526110382,0.0012980614918044636,0.077812761184798
14348677,1808448,7.456027447686174,8.2755503140586,0.3586732670074274,0.03850438525996346,0.0,0.0
8321702,1808448,1.8554251561228505,4.39251639558349,0.5317165861290074,2.115662484222494,0.8258947290715942,0.0
15084681,1808448,1.3158957010738959,7.314847711154614,0.002644797085940962,0.008492503320387052,3.5012542191147484,0.08136804248176929
48564012,1808448,4.1449293419050335,3.295370572652492,0.10593795417715554,0.385104723068734,0.0,0.4664456167901354
23292301,1808448,16.771595254863744,0.0,0.1880262720337645,0.71328064009325,0.0,0.0757866370545392
8299534,1808448,10.366496055411726,2.4250045906044346,0.8948663155457216,0.5415126976625433,0.9864350741042084,0.0
90596782,1808448,0.031022735159561467,6.107481563176386,0.0,0.40219431911087494,0.33280412368658346,0.4074013040617228
71259472,1808448,3.3952249358852975,4.6923219257017905,0.12337827493048095,0.3537526539068326,0.10384546356181465,0.4014907401514801
24922262,1808448,0.8578203823925913,8.020595312311348,0.06052901124901744,0.8796276750321707,0.5726169649408949,0.006868071569770208
95703032,1808448,0.0658829686221217,7.780892535711881,0.3977509982899799,0.67151513751311,0.5456432395445381,0.14380998785083016
9100602,1808448,0.4162803528048183,7.9303450839267065,6.6404928819921585,0.05985374800028379,0.24490551212397407,0.10431607786525193
8271452,1808448,1.7328797357342993,4.866251551319548,0.25241041825240024,1.4020043432058371,1.4411751757227806,0.041341805491054526
