member,group_id,r1,r2,r3,r4,r5,r6
14348677,1808448,7.354702261327077,4.415737939112707,0.09806009822868925,0.39446110553077457,0.5292063513153447,0.6929521912026206
79480582,1808448,0.10642273271443653,4.307911639767317,1.1100400184014008,0.33400527896601,0.8038850888872763,0.5337807450458002
23292301,1808448,16.546619946202163,0.016529661875418614,0.30567701932540037,0.2734565489277401,0.04304450004785061,0.014206755135508961
8299534,1808448,10.236239787710117,2.5944124423312154,0.0,1.1672398606808754,0.43274469668895504,0.0
2526483,1808448,0.33023605456476635,5.396543679308816,0.50130707765474,1.6591164006761818,0.16892285123898648,1.7798202742862064
58658082,1808448,1.9946300121099627,3.6189139664799432,0.840728809744918,0.5345306865999384,0.8839129665681901,0.3741177991546256
1437737,1808448,1.7836355757989657,5.575258677565848,0.9050336951877545,2.347059159973312,0.010858311122010088,0.5754353193668935
102678572,1808448,0.054536255520786996,6.872843839284849,1.126496051560263,0.2797945292092252,0.32863916468298454,0.970835076262566
57730092,1808448,3.3930289611008773,4.303996204130947,0.5012758909048923,0.5296891446529614,0.947272446221335,0.006229308294259694
73546162,1808448,2.7699366862276174,3.3638343496353107,1.0473670302709226,0.0,0.575333738604031,0.5353446863648392
3301813,1808448,0.34806402512334617,3.8755735165482403,2.4090651549852287,0.0,0.0,0.7167597337261891
33848762,1808448,0.2868439971648373,5.463241839415064,0.49636540953839753,1.4112905409494085,0.1824206800396936,1.9265981383539756
121059662,1808448,0.31944037276422405,4.231112021700553,1.9781529882146462,1.0574684858586434,0.26428109004385814,0.0
71259472,1808448,3.3469120434763076,3.9889628048245545,1.4033061026194795,0.1980025894690699,0.3277175182830834,0.2671227654173073
60735062,1808448,0.09937632318969015,8.004129146255044,0.6753492941291672,0.0,0.6452405166398045,0.6881077704664749
34140892,1808448,0.1961341021443415,4.030087721847351,1.103267267899043,1.3576713348457803,0.8461227322964578,0.09811293157945963
8271452,1808448,1.7100247389089418,4.9563673432129915,0.7396490021645162,0.3420662192598723,0.8787049605728668,0.14948499572430576
120379102,1808448,6.1329872233743785,2.893902499101977,1.4662985837909972,0.005479869814989879,0.090568765294051,0.2892987778336308
11971172,1808448,2.805033491575193,13.326985114126973,0.01830709229828232,0.09407269987059509,0.0,0.19459352912747346
