member,group_id,r1,r2,r3,r4,r5,r6
25232162,1817860,1.311974936267504,0.037447301902067846,0.14527535188003296,0.6656465121088955,0.9477220434541498,1.8434285664593972
14561413,1817860,0.21663568044223763,0.4549174946506255,1.6143232917765857,1.6796497791721157,1.5673424042709296,0.28275637507903917
11092710,1817860,0.30998256600169705,5.795394751970982,1.8783095285195965,1.1685461370327426,0.8732008590430697,0.23941529419815166
65302342,1817860,1.3063905489872676,0.0068205654524990545,0.44359924006481966,0.5564282230427037,0.9581186089452838,1.9166979886922577
12392037,1817860,2.3258538355594265,1.337664388369395,0.7104416394552241,0.3500292037885357,0.26660856153378704,0.014612104037459401
62269562,1817860,2.4680253631267237,0.23275085596528491,1.433970171165981,0.0,0.5756365204936923,0.0
23836332,1817860,3.099261505835843,0.0,0.8049754403018389,0.25350265413225975,0.23047866153665209,2.0631045139561497
35244142,1817860,2.01260021774299,0.002321077542229924,0.8054140424578242,0.1985257247723853,0.43847256663455747,1.7679066337589568
11834192,1817860,2.4801662999577894,0.2658275859976737,1.1586649761365986,0.07489894276404095,0.5768672985155573,0.0
11464883,1817860,1.0095759782194356,0.8724130464177641,0.48808184569041513,0.7370048930077081,0.8777289844576313,1.5653077497343144
3776437,1817860,1.698789861041972,0.0,0.0,2.83772077616924,0.0,0.1607363568478376
19086741,1817860,1.5898604670349792,0.17956976354942056,2.9426390501024056,1.3312848016674954,0.07273906808936413,1.0457534519791283
3148598,1817860,1.6028161585269536,3.514082262266153,0.753851424650191,0.6258561287653228,0.0,0.4733278391328995
15318201,1817860,1.00440765254194,0.4886321299258803,2.0360522620886568,0.8688289245850829,1.1693279933176026,0.8676363539573829
35396282,1817860,2.01028732905143,0.046481239654300684,0.0,0.8635427336732938,0.3167883867507867,1.2971793381812378
28470332,1817860,0.7388619548706769,0.08326271420055407,0.7346500371905175,1.0207600342559395,0.03448502419863622,2.506451525810213
67968222,1817860,1.4140713424497953,1.6976858135480144,0.0,0.5020750641597093,0.7460880667960854,1.4983605971482643
