member,group_id,r1,r2,r3,r4,r5,r6
195028704,18189115,1.3002261688370138,0.7221818879089241,0.011903070793500666,1.4355120200208216,1.0490247469435423,0.15835136893102705
22347491,18189115,0.7425816069291395,1.1951518057416466,0.11146340012819957,1.6751426422425257,0.0,0.9591981660339414
191072294,18189115,0.9884157049728607,0.8875461748574317,0.1346507941727417,1.546732458663775,0.3711635924724385,0.6433484705925274
9940615,18189115,1.061217625263396,0.9955029791599614,0.28806950466449854,1.3793748904982437,1.2415524129581703,0.0
6348970,18189115,17.08100706043025,0.0,0.23319205077429922,0.0,0.6142830380524694,0.0
182666510,18189115,0.8315225250859896,1.121736485967824,0.0,1.5395362460868187,1.024036221886234,0.15522282540128016
761487,18189115,0.12338156631416172,1.3141715485922416,0.04495469522020598,1.790137502427725,0.06045813792302636,0.3507635806485857
195831921,18189115,0.06417327672967052,7.067495296123277,0.04990918433266582,1.1647318594076963,0.0039580073305831845,0.4159088147432337
31907642,18189115,0.2299963653189118,4.337309220135594,5.09099133689358,0.0,0.18003247067024633,0.12959550668694733
195437212,18189115,0.28671062069324255,1.4159229143048804,0.0,1.797155142823585,0.0,0.6912286188692246
