member,group_id,r1,r2,r3,r4,r5,r6
115871462,18191629,0.7319159354575718,0.3121121707882362,3.1957279247817936,4.049253105577353,1.6669752438900034,0.04243750347002599
20152391,18191629,1.7051084769890303,1.82231391864664,5.655931942762413,0.10453637081518838,2.114675659928799,0.491787107931761
185053574,18191629,0.06873187830084522,1.525170846601802,1.0496748366614366,4.383456180358816,0.0,0.529855248359992
106232362,18191629,0.0,4.152263710088945,3.5654649211185108,0.9169488812540236,0.0,0.5716103550817824
193615437,18191629,2.3190942170271875,0.31189095039248754,0.08327943574563727,2.0226592701546364,1.7318274378800416,0.47204489499055824
171996622,18191629,1.4213673879156177,5.311749417792552,0.12411072052452807,1.4521162888498176,1.782228973804456,0.4724412052225231
160259792,18191629,0.6290826244723361,5.773588044554812,3.204970040745584,0.2462086812083304,1.9297345899572722,0.0
196116689,18191629,0.18048111702514164,2.5874807215429585,0.0,1.6201456611521696,0.49447353475475775,0.6563672431460325
44895892,18191629,12.091122579401814,0.042767579623951106,0.4991532256737795,0.11790281077982188,0.02767138360399059,0.3063239919821474
191785848,18191629,0.4907737190570979,0.8752358434667997,0.1755749446481409,4.829985017436398,0.7332074336402139,0.6106526998328092
196585303,18191629,0.7950898903322049,1.29036563534319,0.15177531940042163,1.9911025034021432,1.997248020971972,0.4750727182903498
112792632,18191629,1.154365332213341,0.26555500730981213,2.695865756018927,4.0779703590129355,1.3494577969414085,0.14200982162294665
