member,group_id,r1,r2,r3,r4,r5,r6
37322912,18223630,0.6790699937280834,10.754399372041082,0.0,0.5163382553509442,0.7869580980605358,0.0
64158752,18223630,2.9433690719170724,0.1542451370843792,4.219797495816679,0.38325551289131016,0.10138186565410126,0.037388334768550864
185755841,18223630,3.8858487585494577,0.03267140051938965,1.095450553430248,0.3646665222900866,0.27933500621253,0.0
86930592,18223630,2.441274204746471,1.9874149398880891,5.09180769891119,0.0,0.0,0.28663112281416975
78691982,18223630,2.881594477217936,0.40467246876856156,0.24599995328813218,1.3529036985126364,0.0,0.36803725469833093
183852112,18223630,3.2932407545389975,1.1576230729634105,0.0,1.6025075888416456,0.0,0.0
186898226,18223630,4.231119386438605,0.01866213094915718,0.09370384405029188,0.15105500955780757,0.4278280029586584,0.0
11383640,18223630,2.44432053945588,0.22388475007144798,0.558447590930179,1.0213780427106194,0.6063981100077176,0.575083893793281
186061557,18223630,2.958797863474799,0.0,1.1243345489833125,1.2146826147657868,0.21461241395401826,0.16970734715257169
179381272,18223630,3.8484620806086207,0.9068257085554838,0.22703727735972673,0.10611454413340296,0.22557855080357797,0.0
141532572,18223630,2.7291822831533006,1.634542226006333,0.0975720988957563,1.0207849011905277,0.11364648364237714,0.37187931686443876
147915482,18223630,2.9152562602728476,0.7385885006033502,0.0,1.2964469946806831,0.3007714751886768,0.3390429773318804
184608507,18223630,4.026172464912354,0.2651139467221308,0.07645129968155452,0.0,0.0804038155899851,0.38339275286830876
46160572,18223630,1.180645317711655,2.617181800199222,0.0,1.0198217546355477,2.8726385549563576,0.0
