member,group_id,r1,r2,r3,r4,r5,r6
4746956,18222633,7.967804935429657,0.03298242400257594,0.40446135563875707,7.886522274752599e-05,0.23747557936351085,0.000420912737440747
196400775,18222633,0.0,4.025347985504357,0.0,0.1820072316626322,6.880947679596988,0.0
