member,group_id,r1,r2,r3,r4,r5,r6
5048824,18240526,14.469920162238525,4.948838662686838,0.0540020042102678,1.1034031819571872,0.03636114867514146,4.870078388882129
161111562,18240526,0.17386107470687104,0.12807506338132146,4.0862180966943855,6.850085014668791,0.001006425473739644,0.0
195356795,18240526,0.0,0.0,4.588964424454109,1.3859260353998688,0.44945389926202445,1.9819954601513339
196707717,18240526,0.08108719847713784,0.32124264740329905,4.811503834419452,0.06874919364886856,0.7687760914973452,0.0
