member,group_id,r1,r2,r3,r4,r5,r6
11329923,18275080,1.377935346427419,0.11355014038741616,0.06972638130815692,1.3031466114392112,0.8895596517078247,0.0
161909132,18275080,1.5926615355391578,0.41210793244481786,0.37317735566136623,1.0460306999273892,0.3219872238743683,0.21928843362323433
189098387,18275080,3.7079504231871163,0.0,2.3604105153297756,0.29202104268857626,0.0,0.4066053621233522
14531099,18275080,1.2073280933136075,1.493553462167688,0.5138363896274988,1.0270390459530296,0.08235872760650632,0.0
185642536,18275080,1.9840518342632107,0.005655814488742358,1.0476410554098776,0.29899571192736796,2.0376386854332273,0.8103021038343905
6988328,18275080,1.0134102530045463,1.6115174976367515,0.6110102511105928,1.0074932402576566,0.2561645042685522,0.6736429349752205
182696620,18275080,1.6050193785841362,0.4339926844498291,0.13725382016196108,1.16310449974205,0.34005532815227674,0.0
183159085,18275080,1.6169736059385174,0.21408856238173726,0.517553840376506,1.1352460985835322,0.23883029233246514,0.15437443561798278
188089658,18275080,7.329279580218355,0.05146516993727377,2.304114867544514,0.0,0.02623256232220267,0.0
183270467,18275080,1.3332368399109167,0.309166232569699,0.0,1.3124739064092739,1.4284564691022357,0.0
74573252,18275080,1.860540597407989,0.39698016966212435,2.8728689609992544,0.0,1.2282789817753705,1.2243042177246295
127507912,18275080,1.97756116242313,0.31490347295829696,1.7550295128673385,0.39022132818217536,0.29030341410439015,1.1421674583132326
155243082,18275080,1.592135609395341,0.07765582249715516,1.4751074308673144,0.967495086658025,0.014183624499138523,0.5215917885697786
182916299,18275080,2.9377862864615705,0.042878200197385925,0.4183917653226146,0.5574828297883363,0.012487310811761874,0.09078184812384688
144539342,18275080,4.30758492696589,0.0377053893303689,0.12438399097720737,0.44233537653148813,0.21513351096149078,0.009401131203926879
189066589,18275080,2.8922041022181726,0.25030166362006573,0.013401654922414998,0.556383297170015,0.2735884670822384,0.0
184637790,18275080,2.106280639039327,0.0,0.09772252518796262,1.0353479304111979,0.6707553154465995,0.11031918597772726
183829366,18275080,1.9563247735677272,0.18961180673104844,0.41676658659533,0.17431872658310857,2.395193285252183,0.9404597602775268
183133177,18275080,0.29575924738889375,9.675795146396117,0.18629368605714344,0.07108773441950954,0.5185113665609205,0.04668102055865021
