member,group_id,r1,r2,r3,r4,r5,r6
187350444,18285335,0.4318953929602516,0.0,5.938366300066097,0.008700705787827811,3.4337570701540012,0.0
183208437,18285335,1.021078561640602,5.9402303576734745,0.041317501805450484,0.01662032480177621,2.043368809413408,1.4228203358554545
