member,group_id,r1,r2,r3,r4,r5,r6
152179642,18297833,2.1397470021850395,0.0,0.04045881092192904,2.041921997835017,1.5363874573089313,0.62301358434167
194981246,18297833,2.4411540166584107,0.0,0.13473208042035792,5.104103948139153,0.8170992715037247,0.2930209807575156
185094308,18297833,3.1032552226128853,2.2923864394707274,0.042999703809470866,0.21343649228596148,2.7374267841268094,1.1040213883621173
153685932,18297833,1.880916691701385,0.25835476502612137,0.45270638844020494,0.9248657828940686,3.3639356566930543,1.1620278524658416
195371885,18297833,3.1930202076358585,6.109680260811263,0.03148457864312993,0.12067588252010417,2.034727493984138,0.9365974332755617
185046926,18297833,3.010428094099758,5.064531934772084,1.229989826272804,0.0,1.8704188933520813,0.8797570024499336
196437551,18297833,0.31533905899304693,0.0894884067360135,0.0,2.0133551695468332,4.0725600016413095,1.2030089943853768
25607922,18297833,0.0,0.09538819356839061,0.025340864802436587,3.4062526866632075,2.4785841328573626,0.6104119194519737
185737491,18297833,0.7637287674463669,0.0,0.004568767747294826,1.7286051444871502,3.9368040544177116,1.2099689007962848
7092500,18297833,0.0,4.456469382957051,8.08431863451313,0.19152400931081182,0.0,0.9381419713185419
186896915,18297833,2.2125318514808043,0.6275860292058669,0.02111067735925349,1.9950362899389829,1.2736773864034483,0.6140252155546616
157637592,18297833,0.6276121177940812,0.0,0.24331987506467026,6.318680261384078,6.054419800970498,0.0
195078329,18297833,1.2190467347761917,0.0,0.18534563614283658,1.4028204678614875,3.720827167447637,1.1972032304909497
13639002,18297833,1.8303728687385599,0.0,0.04302328020919425,5.565747905536215,1.249929913864657,0.29618382953526384
147112252,18297833,3.8346777997784613,5.2197411827572955,0.007990144937626679,4.328971783414207,0.0,0.0
196296894,18297833,1.721468866270543,0.35810713852776205,0.0,1.1203620790559419,3.549272021345376,1.2017891925648703
15468671,18297833,3.13222024984701,0.8206114345950628,0.022469635420432666,1.4067080685144995,0.7918426062292269,0.5993541214516036
