member,group_id,r1,r2,r3,r4,r5,r6
9200552,18306183,0.23923483176210195,1.4493005510835064,2.9892454592601165,0.13100092266401714,0.0028558256342658154,0.10230246951942665
174010002,18306183,5.936901739777405,0.0,0.0,0.00014035723085470178,0.5062167160796677,0.0
12858189,18306183,0.4982343518722516,1.424039135284855,3.0516743575040426,0.0,0.0027023174592014586,2.406192091116059
