member,group_id,r1,r2,r3,r4,r5,r6
74313252,18332757,3.363926396219331,0.2754530303480164,0.0,0.0,0.9542366699276451,1.4634676566230194
137383912,18332757,3.7949265969721617,0.06814866373771791,0.004439356478798381,3.9698960149799656,0.7728556215037973,0.0
13470345,18332757,2.1301191124295293,1.9309654720163045,2.32014669749887,0.633280040636074,0.5859828874726409,1.2255319422488216
35189192,18332757,7.119181815864137,0.0332962644130324,0.10443812368489301,0.219739265492072,0.0,1.4162935508417878
186818377,18332757,3.816491625538435,0.0,0.15439972325629941,0.0,1.3944192066796608,0.0
64546162,18332757,2.834600152415844,0.966245570128758,5.3276111394124035,0.33334860322686377,0.26829245547001174,0.24142160793765866
5048824,18332757,1.2579547530668485,9.209974656872994,0.4292370461837967,0.5864997524799972,0.6442985195955251,0.0017436990472157992
50737342,18332757,4.329333844077026,0.0,0.0,4.343822181983421,0.0,1.2252435721058093
