member,group_id,r1,r2,r3,r4,r5,r6
163912642,18357916,1.5368663784741354,5.0728554988463,0.04056539461036751,0.0,1.2882152813303265,0.06303465311150694
3205512,18357916,2.500235520068667,1.7911990510181692,0.24751113515679396,0.002168290747905314,1.917400067121838,0.04265952716467415
184486571,18357916,0.6127945460963404,7.916970471344243,2.834129666529495e-05,0.0010162306211217006,0.5598105622941273,0.047822081586652375
91353942,18357916,2.679948424154067,0.07344896070919346,0.1969988698142389,0.18751382273804784,2.2404461375787115,0.05332304196740161
195016446,18357916,2.3010640857217775,2.2381983827154635,0.3393916960892597,0.0,1.9177034219258802,0.0
