member,group_id,r1,r2,r3,r4,r5,r6
95396992,18354391,0.03635861616943376,2.0085965752887267,1.0059119597504707,0.7025459994491087,1.2030769747499002,0.6741386480475571
4262434,18354391,5.215958299576416,0.04905173111851896,2.2449618385616934,0.4013100288703447,0.5798844839178777,0.0
56366532,18354391,0.6603128388401425,2.0192284717190443,0.09793113312804247,0.32946920646572836,1.9524954513446888,0.5268225748484938
12099973,18354391,0.2497596227570813,2.839241562228828,2.9683015327511906,1.1406666802548031,0.0,0.0
189483895,18354391,0.0,1.7828815919893841,0.0,1.8917702072522804,0.17742747759566663,1.6356336940392582
10624339,18354391,4.419421018276749,0.5691245938509912,0.052174373407013676,0.09535852389403626,0.0,3.667346788317963
188510231,18354391,0.049371174111222,0.0,0.1479639017133376,0.9899965818009093,0.3351691230217959,2.9571798944526684
25660502,18354391,0.2977766616858097,2.211153039797515,0.36999613702753964,0.0002284541329148329,2.3291132321038424,0.11696075112622809
152403292,18354391,0.0,0.7768052769846143,0.016408270172698823,0.0,0.2626874465016619,6.752208319073894
3610940,18354391,0.0,2.088186455383983,3.999047317977352,0.0,0.857135810036959,0.08558823800816026
98241052,18354391,0.28869211293529706,1.7973703016557647,0.0,1.7423972632908702,0.44558988220941176,0.8119022990248148
