member,group_id,r1,r2,r3,r4,r5,r6
107467522,18367211,1.6469879241699386,2.5239486194353016,1.1281411843890108,0.0,0.18257172256418533,0.0
6705798,18367211,0.3510343622053898,1.6050727276844072,1.0512008320967903,0.08003614476523478,1.1911112016870014,0.6830100255766314
192581608,18367211,0.02202933424826771,2.537315510101195,0.4997897569473989,0.7203447596987079,0.49226017063830424,0.0
160267882,18367211,0.6888720313722088,2.2025871562945447,0.24728404045124602,0.88296904128928,0.4551624129819654,0.726375844870876
194813965,18367211,0.46942493913366423,1.5258549541969342,1.034282139661644,0.5096232174457267,0.0,0.16627463566708056
183935631,18367211,4.23676179859944,0.34902871343501835,0.16606336478349892,0.6533783517299447,0.0,0.4055421302139101
188449072,18367211,2.2855206679635467,1.0077105939717164,0.699930054919844,0.3231227878164451,0.10301719916698678,0.24094077285099613
11567283,18367211,0.44635154514125663,1.7320023419796415,1.0740015712007989,0.2731187667643454,0.10263102939693544,0.0
183814453,18367211,0.0,2.011873397719913,0.0,1.2466404724843376,2.6627781702512294,0.0
195015286,18367211,1.2166392703287225,1.2905025024632433,0.8942249878194273,0.4544826323556674,0.02750633958268855,0.47867437143627484
189479351,18367211,6.214698432305952,0.41403894918663303,0.007724424747298386,0.403874389704833,0.11636476329309207,0.0038502136955121304
158098552,18367211,0.25282485697837703,1.5526752213512383,1.055403929834656,0.4702152319661816,0.27158127943184396,0.28691422747743184
9206588,18367211,2.0668494168491467,1.0860790303906784,0.80938236418198,0.1254072448847779,0.16516020641115647,0.8254848182849088
195067358,18367211,0.2522564509183858,1.5930914676000947,1.0499214399318573,0.5202594791725859,0.0,0.11793027618663877
193545535,18367211,1.7439668962241826,0.0,1.775907111220704,0.0009300493375876463,0.18602783949090682,0.6518137059091791
