member,group_id,r1,r2,r3,r4,r5,r6
10351107,18363234,1.9509605767680338,0.11650481542840174,0.44525352616251096,1.3136823466454537,0.8909570994489884,0.6177757484959533
186249927,18363234,1.9998882471914687,0.034348073254421234,0.0,1.7998606943997073,1.0012739481047328,0.0
185642536,18363234,3.910449220911593,0.12199568580516701,0.9579615092913942,2.9448225084464963,0.010761529196008939,0.4584988047443311
185495305,18363234,7.437169601535981,0.0,0.3313039931007871,0.0,0.0,0.8988578845948599
124426412,18363234,0.33665073800257317,9.870902298807332,1.194660231148138,0.8810227555770975,0.7108866210314213,0.6912969703263679
11093869,18363234,1.9328193674050869,0.23338726791813164,1.953059325233678,0.41299843637728845,0.9746592150916408,0.16250646628525048
160695062,18363234,7.483260898170673,2.2874726663925613,0.0,0.0,0.0,0.0
184491869,18363234,3.854375370328246,0.18090250546317296,3.9016719062110456,0.13387413210697174,0.16838935013379075,0.0
30890782,18363234,1.9477336404736068,0.0026612642221480825,0.6941382508085908,1.0134655464324047,0.824515484451217,1.073826383542089
