member,group_id,r1,r2,r3,r4,r5,r6
188855812,18363234,0.0,4.4573251239189915,1.7038177870199618,1.4273764356039988,0.0,1.0846621065289679
124426412,18363234,8.883467939887515,0.0,3.6725875524401443,0.0,0.5153832595402134,0.0
141452822,18363234,0.12194777878009945,4.426187098925952,2.711599921286181,1.177404083501521,0.1954239823174672,0.0
160695062,18363234,1.9539913437995509,2.472735826849601,0.0,2.0469033555577307,0.0,2.6802009010636563
148305562,18363234,0.010598544274304565,5.794686333530321,1.92586591619559,0.0,0.18278132063665647,3.6784212077826735
65342782,18363234,0.20743330064261103,4.459546105808608,1.6536674858325728,0.8625617663982679,0.4386241659298359,0.7212944529739377
