member,group_id,r1,r2,r3,r4,r5,r6
183934208,18375049,1.9939478583925354,3.2003507541627547,0.019346574373788106,0.0,0.0,0.039045741152082605
195840005,18375049,0.13501038901685236,4.506997429886657,0.0,0.004983807573928462,0.0017244081065249967,0.0641920345060572
183874022,18375049,4.116987543162166,0.0,0.0006439293179864072,0.42790708555356527,0.0,0.004601935928911094
195183824,18375049,0.815248485337695,2.7821977305577565,0.1979715095921388,0.00042340214146513087,0.4085863958771729,0.0
184202205,18375049,2.5855721793280715,2.8264622956669117,0.0,0.016883623974153654,0.012988513400049943,0.037909857554225566
