member,group_id,r1,r2,r3,r4,r5,r6
195183824,18375049,0.0,0.006317371479139659,0.0,1.2322296917696218,0.04814730768503022,1.447383591540384
183934208,18375049,3.287900820173123,0.015185418005176567,0.06743957815447707,0.8424886244775425,3.220737399587867e-06,0.0005542085654381451
184202205,18375049,5.373902131049211,0.012988370287433952,0.06895656763335718,0.0,7.082787453967396e-05,0.0
183874022,18375049,4.9865166943988815,0.00034813556377963204,0.051336927922133346,1.2239645893292241,0.596009357158724,0.00030765953801881635
