member,group_id,r1,r2,r3,r4,r5,r6
134307522,18382424,1.2385637395471758,2.6625458390369543,0.14883343855516787,1.8047185470041989,0.9025753038983143,0.45646867457984236
101234372,18382424,1.1536902895758951,0.35293529767221204,0.12912101676552018,0.3653170090038557,0.8119704822848307,1.8226460927014225
126261862,18382424,1.470895325166562,2.0186642874830145,0.1675158691009845,0.5737807425581032,2.2809020642081763,1.4631188755447724
152545222,18382424,2.68688771154643,0.2560085845116213,0.541639105439135,0.3124298758765791,0.15843304705104602,2.107175923046194
184165670,18382424,2.656699604966999,0.06131930017298876,0.03458454456081611,0.45420301044248795,0.4329632007980977,2.037798698575871
131228262,18382424,1.2502619817064187,0.33630088284050336,0.5381492282388238,0.26915907863030886,0.48779161876512706,1.8632807399509546
161184202,18382424,1.1856207430295191,0.9521623536119651,1.2307186324083144,0.045926120743717,0.058468491982529944,2.0630872798371636
128666092,18382424,1.7396453967113423,0.0,0.3321677163244295,0.14905240532770003,2.2068138571899607,1.2408013782391083
178151372,18382424,2.396198667961539,0.5947494750986876,0.30847049195646825,0.38295368921432926,1.6651885757922869,1.6731851223614724
184241518,18382424,1.552642091126627,0.22927991829826744,0.0,0.22457244060540682,2.5791200964802403,1.2072114602650668
188260428,18382424,3.237583522710574,0.030165000618703575,0.0,0.4448695379606173,1.3111465626710883,0.0
103949552,18382424,1.5285395187436575,1.637964587897478,2.3238758526441625,0.6003852019353307,0.862347294658667,0.6955890097175532
123018832,18382424,3.225221184059561,0.7382148857682526,1.05669013056152,0.12788942712929627,0.6063126422760846,0.25142052650085517
117754322,18382424,1.3259458874390182,6.0097488160419354,0.7627616460932837,1.8131964359534267,0.1554811198382627,0.0
4694195,18382424,1.3611240788036392,2.9763330586351677,0.0,0.9739205385665469,0.7059835942759014,1.268456745154866
186354329,18382424,2.075385898245091,3.6599965567024073,0.5311255247872472,0.0,1.4215303165611228,0.9680986750385894
84824922,18382424,1.89787208800726,3.6297204346686884,1.8916249467886048,1.1258654604461058,0.0,0.23233099597655368
183187198,18382424,2.3904300661109286,0.0383497146649994,1.3855878813607305,0.0,1.2607953680731763,1.749995176851392
