member,group_id,r1,r2,r3,r4,r5,r6
147846882,18396344,2.057499180088588,0.004141623867283793,0.575772098409761,0.0,1.9076002632726885,0.008978839405020304
183791619,18396344,1.1232986298715868,2.1445979716994956,1.4229976470853607,0.016035028644892698,0.4059279093899369,0.0
178410052,18396344,1.1413527428751638,4.668972014565879,0.6258786711482528,0.23469690434205606,0.0,0.37047651896180966
6881256,18396344,1.882336731978779,2.2239238122747267,0.0,0.7791404668741179,0.776302969867267,0.3931050126662306
105848042,18396344,2.047538142562288,0.03920799220458748,0.5362745883711345,0.3677065286561649,1.347296386398087,0.3991903854810418
172986862,18396344,0.9572457879613039,0.01588680798603859,0.7851801401466092,0.013079254411016143,2.0443926461625135,0.0
153537362,18396344,4.062901990360877,0.5204968941195603,0.11155964156672944,0.6752792675875272,0.0,0.00012086036110676022
84644662,18396344,2.156653961991346,0.15821127613288427,0.9598126802886069,0.6948390229181091,0.5963098035999911,0.0
168355802,18396344,1.0410525178076568,1.2780395827078848,0.971848084741245,0.9704194554923807,0.0,0.6386083747589353
186492411,18396344,1.0254958298249888,0.0,0.7689086075277182,0.6789457903884457,1.4524662842167024,0.011267406798608142
5364540,18396344,0.9689943381375354,2.3671188672884718,0.7657037387584708,0.3108060863092307,0.783502291460519,0.3928504268353452
