member,group_id,r1,r2,r3,r4,r5,r6
184167266,18411326,0.19729917072616668,0.220014896339158,6.21322179005551,0.19142777302771563,0.44264397670705297,0.4689568312958719
184123587,18411326,0.31819709087155246,0.023519994934604854,0.19932278656196045,1.2897949600881307,0.5782736330301408,3.484549642438932
182916099,18411326,1.1307321586592118,0.3525195440053788,0.0,5.228987081478769,0.06380028617386002,2.1838060815297435
164213222,18411326,4.048704332155275,0.0012787163457970822,0.0,0.0,0.24716142663447258,2.801460665247422
186345222,18411326,0.58631409991535,0.40316024808775336,0.17562296599312643,1.0010462927201476,0.6325231799216321,3.0253327321381698
182572142,18411326,1.1398782599521462,1.1484252662150434,0.6999266708796703,0.18578535428973714,0.8088054785171214,1.7711437042317746
186100503,18411326,1.4146646794973652,1.871350729135095,0.6521291685936459,2.10955235425091,0.8660704135402575,0.0
188357848,18411326,0.33604213618323425,0.0,0.1296376216436785,2.0926155695872306,0.0,5.172769480347181
75639482,18411326,1.8362792970565434,7.489290261304878,0.25426067435849936,0.43984656979777087,0.2903444926664128,0.7153338706072402
185526236,18411326,0.9631513338700513,0.21193808882989132,0.5027974266606148,1.860968693750889,0.03409394738193385,4.107047510234341
