member,group_id,r1,r2,r3,r4,r5,r6
174238882,18441565,1.7633799481009567,0.009699569742789118,2.4467289732334563,0.9726583491536629,0.45138222505399067,0.14150409846395046
2914284,18441565,0.5076057405939447,0.8057370763456667,0.08307972114040223,4.77087211120159,1.9357412339456876,0.26779569129998176
8447728,18441565,1.419156767675189,3.5707907820448135,0.31760507540521316,0.8965883017322293,0.30770317064593206,0.5201190918724161
27861202,18441565,1.772754834464464,1.077503505456872,0.054035797813520664,2.5176590760754003,0.8727925527114682,0.49057094203306284
1987732,18441565,1.249286501061114,0.8495628734030162,3.9553979318461603,0.01337322892095361,1.3335024547538894,0.5365188893740478
137086612,18441565,1.7242121273516833,0.054493616601418764,2.8650955571005516,0.0013350944401076263,2.2294112171300933,0.0
185677975,18441565,3.3009655656833123,0.03895472990183714,0.0,0.0,0.0,0.0
5766969,18441565,0.930470341346611,0.18303887426328466,1.3720996904149096,3.9398072666493804,0.5605612394733206,0.0
72775132,18441565,2.3443789846181895,0.05378227807786558,0.019896878685751424,2.1888052244327407,0.06359154948480812,0.24653512006553133
184491869,18441565,1.5742976618330995,4.35260643572121,0.016604182292410168,1.263810889068809,1.1069017970358492,0.02379677144761049
