member,group_id,r1,r2,r3,r4,r5,r6
11669775,18458558,0.5676408825803496,1.6080581989799945,10.159944810256851,0.020978269229902632,0.0,3.4681096203218673
196824563,18458558,0.2071637335461688,2.8906700738864393,0.0,0.019163464747812543,0.6858573830666449,0.002339757797530264
66736982,18458558,0.0,2.921515789770286,8.538108930297142,0.00011695249032703249,0.40999017368615964,1.099414671227755
173278262,18458558,3.5896661880881844,0.11752182754576528,0.0,4.268234921052349,0.0,0.023092394168421914
183223899,18458558,3.6074032212553515,3.1011253057168293,0.007739153695553848,0.0,0.04478816989882127,0.003563761665151999
