member,group_id,r1,r2,r3,r4,r5,r6
13943290,18508776,0.5745528628428067,0.18301505844242708,0.009801334957342249,0.004251129296505876,0.0,0.08726075349740856
185330742,18508776,0.0,3.300046892617998,0.6531447470113984,0.0,7.3998462316376585,0.0
187831111,18508776,2.4066061546506723,0.030249203273393914,0.05373125595336589,5.244721801734981,0.03164387866560339,0.0
