member,group_id,r1,r2,r3,r4,r5,r6
185330742,18508776,5.132664795781711,0.6791104261363831,0.0014402310411305561,1.0398297025022285,0.0,0.0
187831111,18508776,0.0,1.198954203329559e-08,10.679814445060217,0.0,0.4426474362690191,1.1829483540175796
