member,group_id,r1,r2,r3,r4,r5,r6
10080483,18515538,5.676617036089772,0.0,0.0,0.0,4.630171713146689,0.0
191639676,18515538,5.6279248679027125,0.0,0.0,0.0001912740468637687,0.0,0.5514385277695839
183426534,18515538,0.002720644606449331,3.9497413821970153,0.9372749689474655,4.1634605440520325,2.3688748104128976,0.3439556753562957
