member,group_id,r1,r2,r3,r4,r5,r6
3287537,18515538,9.354253966669022,0.003749413547036355,9.818376314878334,0.0544418458087426,5.741321301773532,0.0
194142181,18515538,8.939642388577987,0.03958982455664405,0.0,0.0,6.80584368808937,0.49014676056047496
183426534,18515538,0.010018292653636475,1.6722131267294735,3.7407099116950073,0.8004553925968735,0.5395204933688043,1.3029713313362672
