member,group_id,r1,r2,r3,r4,r5,r6
189277067,18518045,0.270442509876864,1.7990134690471689,0.20349836016833991,0.8858020218502503,0.9318891088116006,0.12309950100538408
100829202,18518045,0.05918531732391804,1.0935342559440375,0.680875074195748,1.8918664653142765,0.4233240867075782,0.1169983232075263
189781142,18518045,4.237037087499916,0.16328878895612778,0.03211219606064578,0.9696818404724423,0.5377273183747483,0.30147042517010647
119879192,18518045,0.3080342845460158,0.8298106269767683,0.10366940736461498,1.9371953453034858,0.5673751830806039,0.3169188262150534
36137372,18518045,1.4576946761851615,0.34245742895487136,0.09114724084816375,1.7954840745048974,0.5634199066002266,0.33162751281915853
7488037,18518045,1.8807561945384534,3.245075705655242,0.11421339757092037,1.661729413801956,0.11220650541320908,0.42751544340125097
6590248,18518045,0.8754454781913925,1.1034684256151097,6.819508807486505,0.0,1.3036021177707595,0.3624439540622186
182544426,18518045,5.556293273758372,0.5243580185969623,0.5616598554089623,0.13648575740893035,0.3619742587639984,0.6721730722065041
111576622,18518045,7.363785069415388,0.0,0.49766576466947493,0.8485464236230562,0.0,0.6731863713807221
189648326,18518045,1.583040966318453,1.7869639593433166,0.14797643348296172,1.2637604015110646,0.5217875078817646,0.11233157047913854
179230032,18518045,0.0,0.4328800240605005,2.048905808289388,2.702791369003149,0.0,0.14437296968973962
191944145,18518045,2.307591473321295,3.261838707517859,0.011347725105963182,1.2481798422298835,0.24069332008986866,0.06155474964716642
185885787,18518045,0.38871903055930873,2.2229201412322106,0.038898428077900594,2.4775027563093195,0.3066361843994976,0.0879218609283001
8984157,18518045,6.658150144178166,0.5993423713032342,0.1784912920372717,1.1568962460525873,0.17357657547028446,0.2565408497857265
182544234,18518045,2.369324811439522,3.279776895342459,0.9941738461900955,0.12538809362745848,0.46244048258151466,0.2715748932081788
8052081,18518045,0.45062790936000124,5.237205939916239,0.0,1.542654811529675,0.0,0.244004542943449
182931314,18518045,0.8799772470868636,3.9433763922373113,0.821947420303898,0.4330976910440941,0.4468977442223575,0.3310434295297658
123941242,18518045,0.14226731709222448,2.1079614780826694,0.2928888595356466,1.532077259980286,0.5140367124383917,0.10658338976685706
177141502,18518045,0.9477102231652593,4.262419136527287,0.004440787633848141,1.3733058348009295,0.19575343962923414,0.0
