member,group_id,r1,r2,r3,r4,r5,r6
194245504,18521184,4.9543771055181045,0.08587805351520135,0.3782415297729717,0.012137482402673328,0.3089885834794931,0.34934382834991123
123048972,18521184,0.42973614056819026,3.2823752878481227,0.07804561841543492,0.3089408187567445,0.6113097298338432,0.19149034712323118
182881169,18521184,0.5361828396326188,3.236171993997362,0.16202043060334362,0.23451941185988434,0.47157755194212064,0.30854406305271426
195821201,18521184,0.0,1.1820247397086039,0.750940947931186,0.0,0.07919225241904446,0.0
189265173,18521184,1.1119777610498405,0.9919142420783766,0.0,0.6655493947348513,0.6119815828765408,0.3338331174522641
192138530,18521184,0.6213755287764572,3.345548717628106,0.4500605020158175,0.0,0.0,0.3526843928552143
196146595,18521184,0.0,1.1820247397086039,0.750940947931186,0.0,0.07919225241904446,0.0
183015332,18521184,1.677176192907363,2.4127096749773194,0.2197496994165102,0.43652835009725083,0.04383133703948931,0.4383340743568111
161922042,18521184,1.4290213275406771,2.6582591890811424,0.4343020629549873,0.17149655943935335,0.0,0.4276721694316898
191769667,18521184,1.8007346652355172,2.25945964443562,0.1673872818999871,0.4637253055149038,0.2146091464175902,0.45863764741045876
28369482,18521184,2.7367215710640083,1.4631408184407864,0.0,0.8171949266718266,0.2590803542510376,0.38158260634577074
115749962,18521184,0.1809762942011315,3.7220716944119405,0.27008265687597094,0.03515619462964286,0.1610281110561838,0.07405959846996713
191937869,18521184,4.678839753397808,0.19136713659849486,0.45398805514103824,0.38316329231406826,0.10977712793047548,0.08341496347375386
162015842,18521184,0.5765611050205595,0.0,3.1590389151005676,0.27683156638930445,0.0,0.0
97362282,18521184,0.8072370794920766,3.155160599923563,0.0,0.14288441835555288,0.3303742804191023,0.47870913735496096
182745578,18521184,0.6877628051848752,0.3427000432034469,0.7330532809283592,0.0,0.2607030498399014,0.706485103507256
71396342,18521184,1.0598914700279864,0.0,0.4470595543098636,0.32035957740492055,0.15154941015513257,0.7965654476010186
8622327,18521184,4.357144597811859,0.3045225418991775,0.13561046600332383,0.7067775960209595,0.3036071067210342,0.16146700913747206
179488762,18521184,0.9948733263053403,2.8583690588393917,0.12968990499087896,0.41828197247563315,0.325206948542873,0.40053912007856907
