member,group_id,r1,r2,r3,r4,r5,r6
185908352,18535912,0.0,3.204244116995057,1.6571965182812536,0.0,0.025265030680134998,0.0
186172519,18535912,3.9411203926948164,0.0,0.0,0.0,0.0,0.0
191357647,18535912,0.0009928215209751587,0.033130659128096714,5.401431220928031,0.0005778295161918591,0.0,0.0
187007799,18535912,1.7953655554360466,0.033000338710123915,1.7062603943458867,1.8091157814116168,0.0,0.0
154086042,18535912,0.0,3.204244116995057,1.6571965182812536,0.0,0.025265030680134998,0.0
79963132,18535912,0.00014523385592702442,0.8604733223730753,3.842138382469505,3.482378476031377e-06,0.9648474522265852,0.0
