member,group_id,r1,r2,r3,r4,r5,r6
185678240,18548540,0.0,5.3455869589428096,2.9117009631699973,0.0,0.0,0.0
120718852,18548540,0.2502557945993511,0.0,8.446275021125963,0.38187137912150576,0.0,0.7950598398879346
185678279,18548540,0.0,5.3455869589428096,2.9117009631699973,0.0,0.0,0.0
105764872,18548540,5.454488433722897,0.08589516684669334,0.0,0.0,0.0,1.726783646818719
175608462,18548540,0.0,5.3455869589428096,2.9117009631699973,0.0,0.0,0.0
3208015,18548540,4.008326085861004,0.0,0.16468326889189622,0.3380762869664604,0.55829670312029,1.7930221558606763
177787632,18548540,3.948409085884818,0.0,0.24768732227083576,0.007846983787484049,1.1561852595241726,0.8775903930232711
25134932,18548540,2.5391434289040213,0.0,3.3563200145711183,0.5717222937917498,0.5667355458112442,0.016057380319364788
