member,group_id,r1,r2,r3,r4,r5,r6
187053218,18583936,0.0,2.2667581966763537,0.6519198240540616,5.739422419440808,2.6228470027471698,0.6863750450331402
183426534,18583936,0.29314433358519426,0.15381001462282573,3.600128355481791,1.1534050135208755,5.698815579608632,0.0
