member,group_id,r1,r2,r3,r4,r5,r6
187053218,18583936,1.513661105217469,5.039933911611281,0.03942301011064258,0.00326495420485216,0.4583721222446748,8.754439879672852
183426534,18583936,2.5804355923552,0.013437943812611873,2.861777008525919,0.20224099576199797,0.28631034322970744,1.9638086628069762
