member,group_id,r1,r2,r3,r4,r5,r6
187053218,18583737,5.352309333284917,0.013171746992118984,0.7338414478734351,5.240037360690261,0.00703101723020439,4.449888722718434
183426534,18583737,5.2262257918400445,4.838443775252255,0.0,0.0,0.5482592271311968,0.0
