member,group_id,r1,r2,r3,r4,r5,r6
187053218,18583737,0.026795975052796128,6.591705293162012,0.0,3.582194038042462,6.570162300432239,0.01269138596803615
183426534,18583737,1.7818982138937336,9.390145297305699,0.8918579709301597,4.456088409911115,1.7730475722962316,0.032409114090007775
188351536,18583737,2.228929115791512,0.0,7.364704655149368,4.25743506144153,0.007912155631377621,0.34368974326830976
192870196,18583737,0.17551183984327998,0.0,0.6422479482319674,16.701420215671128,0.0,0.7769124332226833
127863962,18583737,5.057330704248217,0.0,0.005992130353811774,1.0030918146154917,0.2915664134793024,0.2737172434658217
