member,group_id,r1,r2,r3,r4,r5,r6
187842992,18585140,0.008239998518211503,4.913486634865871,0.9908666498753731,0.7585783153275508,1.932188877080524,0.005912075210418938
57697602,18585140,2.3920757898241822,2.7817572826940924,4.556298664229669e-05,0.0016837736651553659,1.08427776832915,0.08106418596985632
190490310,18585140,0.0,0.05953447118396906,1.3145138180033897,0.007072633285421353,0.0,1.1711474117626435
