member,group_id,r1,r2,r3,r4,r5,r6
187053218,18583936,0.421788230169901,1.8488778474867467,7.4740750921767685,5.323393612237603,0.07286600620329269,0.2558339145077731
183426534,18583936,0.0,3.8715947668203348,1.268794150009889,5.012916290023032,2.419495824893828,0.02642048957399711
