member,group_id,r1,r2,r3,r4,r5,r6
9999808,18591432,1.541713448301591,0.1667562262143879,3.814661817430321,0.23276442690784468,0.983453926898041,0.002458162932412879
191105495,18591432,1.3846490226695294,0.6393329757322875,0.11036387384652799,0.6041920179760826,1.734151067475314,0.22616271894717904
188301859,18591432,2.101903086384979,1.5217145244840073,0.13617617797143078,1.4858676635155283,0.20984741479427388,0.6040079973881881
191285989,18591432,2.7856509678000694,0.0,0.0,0.17500872175560853,0.46802009980800685,0.24560042479242597
191589994,18591432,2.2730971532235076,1.0494449203673837,0.020924339377660868,1.9843163117762113,0.00045017405508497376,0.0
190658992,18591432,2.532348505930881,0.6292659138491237,0.0,0.18688700475738498,0.6381079862582807,0.0
191987025,18591432,1.9600038471140653,0.8975946012444156,0.0,1.6115548596511877,0.5854925607069892,0.27502115717154263
45796562,18591432,1.6852904169506642,3.893698461075132,0.8422114980079426,1.3909473134071453,0.0,0.30941147649646644
186467990,18591432,1.5982514458340067,3.4308960682933765,1.0306678341063857,1.260854188382948,0.2280784952290434,0.5497780534680875
190893782,18591432,2.034065800403438,0.3272987986762644,0.10153419605761914,0.0,0.7761506210120264,0.9746570725416616
188781462,18591432,1.044825579559358,0.03444662623894176,0.01958339752964004,0.03697995979911671,2.2320656753003916,0.03984809054448623
188396444,18591432,1.6793709433436852,3.110823192490362,0.038231425986357585,1.6868050606589522,0.29303943584633113,0.0
189840189,18591432,1.5412788881103794,3.314608155129183,0.0854880781607719,1.3095463476700118,0.5742905514958835,0.45343374574263995
182508223,18591432,1.6729344880372745,0.019054868598231252,1.0058347656001874,1.124908806574777,1.240719831017072,0.5690981597936702
