member,group_id,r1,r2,r3,r4,r5,r6
186601546,18610691,1.6550680241748903,2.2416582669712236e-05,3.103961518335617,0.22159147098037074,0.0,0.00043946379133589256
188033131,18610691,2.167640223479602,0.12671211515043052,0.0,0.0,0.6375494590617089,0.4512677136739779
188034925,18610691,1.2703569280715779,0.41339397220125534,0.15406095037552403,1.6255872459049792,0.08528555211069172,0.7234057373522901
140083502,18610691,0.43708008554696515,2.9387665121728896,0.0032666598597686407,1.296241802211379,0.0,0.7235929216778964
167706382,18610691,0.4251613526233185,4.533304596840263,0.0,0.0,2.2953590174865925,0.0
187590263,18610691,2.150473047105752,0.0,0.12240227834648297,1.7820618265046817,0.0,0.0
188015195,18610691,2.0202319803691458,0.0,0.9069554465067825,1.371454836471185,0.0,0.0
15771991,18610691,2.6323053012854105,0.0,0.3291205883563554,0.17064911421740275,0.03395199610642709,0.00013166776679017045
188073247,18610691,2.6967005655296474,0.0,0.008643100545723053,0.3348318354720722,0.028105419501457733,0.0016657036176732417
