member,group_id,r1,r2,r3,r4,r5,r6
100908152,18627141,3.089164017099772,0.024943633651671328,0.0002748586250269383,0.0,3.5603568696972796,2.629345082342099
187634657,18627141,3.331349934704565,0.12895834373043957,0.0,0.7004531587116571,3.696845888909713,0.11507601870436102
8971325,18627141,0.07540323211428795,3.9246825316083456,0.4184950033144132,0.0,0.0,0.39560756017085597
