member,group_id,r1,r2,r3,r4,r5,r6
187736224,18621768,0.6309019332495379,0.001051577844326614,12.790804233289386,8.171480945688475e-06,0.0,0.0
111886602,18621768,0.33099710452955217,8.570755578386137,0.4997140327365904,0.1321230201488177,2.3739924899695297,0.05524194905953174
187774067,18621768,0.7252015974133031,6.618389795100607,0.8147531245785246,0.13884321648189654,2.862186424674749,0.03248519841925944
