member,group_id,r1,r2,r3,r4,r5,r6
73847802,18649808,1.7926040217375458,0.318082369366099,1.8902947185716712,0.0,0.0,0.8962937024944749
31493412,18649808,1.4243913808240887,0.34685891592057705,0.9773606666912295,0.760496396340756,1.1056270858044612,1.035766918238853
188355620,18649808,0.0,3.332317955620688,2.2334494737870974,0.18651540313315332,0.0,0.0
182659046,18649808,2.8893631703001184,0.012546670913158071,1.207262523057964,2.3080045868379604,0.06494042708307485,0.5226643998576853
188396617,18649808,0.04571656307732496,3.6767021851114157,1.3220602946196476,1.2739630237224833,1.1195035677198,0.01802607070309926
10904077,18649808,1.7682879093557107,0.0009696298046421185,1.3011348619050427,0.4389359801671917,0.8426349030550659,1.0958812646572125
192142639,18649808,0.05907367725576237,0.9036259539391691,1.8114302770191157,2.1335466404209735,2.6770320802029315,0.0
191024211,18649808,0.13637838012287137,0.5305836608773516,3.4126553126406978,0.7298194853656347,0.7331965354354367,0.008460538343892184
181292372,18649808,1.4144081419559518,0.0,2.2077522192743335,0.6294806395256642,0.07892644393606749,0.7745377642078036
193984789,18649808,0.1341342621796245,0.18668260807628936,3.9393796170782442,0.743866130358052,0.08088576584783164,0.019908199327659675
187431446,18649808,0.4821297370403535,6.612088370729442,0.2301953248086315,0.3084830580004218,0.2146497784523986,0.10219995616720502
9385464,18649808,6.424582400656813,0.172540110930933,0.0952934935190981,0.705379210502522,0.1450554459892872,0.051454327315639814
190940058,18649808,0.11873050310258133,0.20655686535278164,3.186156331036853,3.3427208162894173,0.0,0.0
