member,group_id,r1,r2,r3,r4,r5,r6
195419046,18651122,0.41678884692786905,0.002162363397526057,3.7968249112352046,0.0,2.0869608046555435,0.36297719442081694
9507141,18651122,2.993912401534634,1.0073258001473953,0.7056736125029176,0.0,0.0,1.826785684353006
182990278,18651122,1.0530477039289619,2.3592292498903573,0.0,2.608463314717426,0.24602815267270325,0.0
