member,group_id,r1,r2,r3,r4,r5,r6
56712512,18689454,3.5353939537900008,0.0,0.31933027237595085,2.2393209527156843,2.7107622714358315,0.0
190347810,18689454,1.013698722336087,0.0,0.4032845230192221,2.349403192022611,4.825144547418324,0.03280647280882346
122503522,18689454,4.885678935368631,1.4464061266072874,0.0748339017771094,5.544586736316545,0.5098864758790448,0.0
194100075,18689454,1.8810445194509982,0.3905897494055303,0.008942825761701929,0.8010495980779315,2.9666646418162674,0.6897088167646978
13194286,18689454,2.5070725619719623,3.9287526884996127,0.6809396709605966,0.0,0.10204897501390829,0.6089202614138484
13149935,18689454,2.5550401096697843,2.3256872935141435,0.5777854719184595,0.0,0.5460644513073039,0.7036053186717204
190450351,18689454,1.6559076642086967,4.760185762814258,0.0,2.095353867690751,0.43471815494463034,0.07710100435580622
191237999,18689454,1.8484493266198787,0.02173212428358735,0.00136527886858654,1.9545191147098426,3.4232678500260425,0.17755972251428548
10247538,18689454,0.1977846006503378,4.548788349929837,6.919966991867807,0.34837954324254694,1.3383326113313514,0.36286730202812134
186290259,18689454,3.7928419288393243,0.8374247099848543,0.0362735125748656,0.40594393518212907,1.684143630374819,0.4888509920608606
56772662,18689454,4.1790552792064535,1.2450356961809015,0.7048451750821337,0.35560557198872333,0.0,0.17157813115163575
9459447,18689454,2.8799297538426147,0.8713200502338142,0.35452641976196286,0.07369847014077935,0.9436515532788913,0.7364507785261312
183750358,18689454,3.5925521467605135,1.6731819484788693,0.09042232058847799,2.457214379194361,0.0,0.1595968266337209
12554297,18689454,2.061677836669201,3.9587838141324467,0.21120220011832921,2.0320490287048045,0.7018625389002104,0.0636407807939473
194193050,18689454,1.8227371249240423,0.0005833082747241567,0.007338874943233132,0.8385720384081057,3.207917379009682,0.7016269480609477
60796222,18689454,2.230231275174864,3.6478726214583705,0.8803558518745742,0.1502396904402108,0.599020972506016,0.5791810516975597
