member,group_id,r1,r2,r3,r4,r5,r6
12147185,18688785,0.0,3.1822111588626445,1.0432954507912797,0.0,0.0,0.5118661662771244
183881809,18688785,1.742957817573407,0.0,3.0706559379000726,1.9614406085143283,0.0,1.0161944746279186
11891992,18688785,6.991243441368591,0.0,0.9358929080549695,1.0662761679089994,0.6112191501511537,0.48689985838688365
193604890,18688785,2.7945724703962016,0.0828102312825651,6.9684236502301085,0.0014464828591537486,2.30023464894215,0.06937667624956262
13212924,18688785,5.9209740535493935,0.01171065161543963,0.8984628167441708,1.8249282197784609,1.5696490910051586,0.17927884033575212
