member,group_id,r1,r2,r3,r4,r5,r6
108850402,1871891,1.6481492675614067,5.224776783166188,0.5908930241406534,0.7307057838466257,0.772051827934588,0.6893052970803194
108747972,1871891,1.3146497789714717,6.358491923192916,0.0,1.7549007119983349,0.7969080337973967,0.0
88446052,1871891,2.473294036936614,1.211409407689195,0.09979801361031353,0.49548016385983257,0.8472827390407158,0.32505595098041057
103710022,1871891,2.6037777206260797,0.2105654969811854,0.01713527281252135,0.33679476679856746,1.01368298275737,0.5875281624988795
142643782,1871891,2.573652703065165,1.9887450901504178,0.4248621965816614,2.181225207876368,0.0,0.9590755678236875
5918377,1871891,2.3797093731327728,0.0007327333523888253,7.304065150698643,0.21325250749943525,0.30530636922623966,0.3896368426028616
139595182,1871891,2.5196006210134883,0.0,0.025211009711797735,3.0790183410586347,0.09564477462359712,0.0
14378192,1871891,3.32703784366354,2.6403961093008252,1.2106800190929925,0.0,0.0416925667740698,0.2831019009423996
115722162,1871891,1.8791206187652514,3.806019668461614,0.7789543478615626,0.45907647465429,0.571086237358271,1.0892376249177183
152208882,1871891,1.5791359403906249,2.7459205462490712,0.011804276352957667,1.4722046128558561,1.4107651040263263,0.234160045071752
4192594,1871891,2.6253614849562465,0.0,0.2607417090600672,0.20846868442569255,1.0490632945441203,0.7532573022288359
28413652,1871891,2.549048496416563,0.6009502491967506,0.2883784135976613,0.3747862572666011,0.9517518505683379,0.4169390463890828
80838162,1871891,3.8263348097502305,0.472374741444033,0.0,0.2605750567593337,0.3272484989622858,0.22957708125496268
45531032,1871891,4.058061018009424,0.2396056153545005,0.5801264531111192,0.146423798018941,0.34869973937023924,0.9913813688458162
