member,group_id,r1,r2,r3,r4,r5,r6
65111392,1871891,2.128244463423147,1.9387799561519252,0.0,1.5034623829874045,0.7040988094466172,0.39467987337216487
77302372,1871891,3.223561498807497,0.034402781533746866,0.0020151229396383518,2.16995196389239,0.0,0.5934972077518915
10437540,1871891,3.858686662657694,1.296306617437573,0.17529230609272065,1.2631805004339802,0.877629168839866,0.0
66067912,1871891,2.660643492884311,4.915749317006522,0.05631897116651361,0.7585301635505435,0.37812289671762683,0.012499867267084408
72839432,1871891,3.535210037598331,0.015472553081276671,0.0,0.0,0.11729347265490081,0.9920483925865619
13194286,1871891,0.8710610403587505,5.967370310266131,2.9957050136094345,0.0,0.01416738620131234,0.48858111540309374
71557552,1871891,3.7993072497091798,0.39588307704569065,0.34705184177112935,1.367119459625575,0.9203711247042684,0.028562578552464555
80838162,1871891,3.791003509536929,0.0,0.8890040135390332,1.4918205206795663,0.4580295183428961,0.00044032251594282226
8011927,1871891,2.536336656111939,0.0,0.17618029261376184,1.1656120188765355,0.0,0.9227118130880044
38372252,1871891,0.8046117741787885,1.5136865936657882,2.922277937680036,0.09998969232800677,0.8441313698512678,0.9267832782039322
