member,group_id,r1,r2,r3,r4,r5,r6
65111392,1871891,2.120255018507354,2.0286539344130405,0.0,1.5391113630180728,0.6101663607214892,0.27385566777753684
77302372,1871891,3.2014488122534206,0.0,0.0,2.200134773225286,0.0,0.4499465422684596
10437540,1871891,3.873571084646201,1.4481470731395842,0.14373858144310908,1.265014317982675,0.7162743365196582,0.0
66067912,1871891,2.680264311405119,4.917918356583957,0.04012877352247491,0.7611822895528616,0.36410518358467425,0.0014099597325835614
72839432,1871891,3.5097250545143837,0.0009255332210461173,0.0,0.0,0.1980036489878959,0.7125128861303728
13194286,1871891,0.8446021237934511,5.965404767121805,2.945490772567467,0.0,0.10820063121916942,0.38583180370996645
71557552,1871891,3.802740072968886,0.5594995569600039,0.30924166885317833,1.3733005379125527,0.7545801567487813,0.02926235317810458
80838162,1871891,3.8313952731087397,0.0,0.830905348156744,1.4184243982075317,0.4882822102337499,0.0
8011927,1871891,2.4709592013810147,0.0,0.18454365824929378,1.233579417940069,0.0,0.698624050926452
38372252,1871891,0.7016321547707886,1.7660337922744471,2.8813321300246395,0.18653122306848804,0.7075328709905742,0.7243607738266542
