member,group_id,r1,r2,r3,r4,r5,r6
6952812,18739128,0.0,2.94455730984836,0.0,5.367583753397851,0.0,0.0
7698252,18739128,15.728392774107398,0.0042784348634151,0.0,0.12228709261524948,0.0,0.684666493598435
182564205,18739128,0.632028187686263,6.433843950543019,0.250262751157031,0.1934712431904374,0.598452733239379,1.1661652684347759
174957692,18739128,0.3862284251778387,6.5654727945846245,0.06548346888245288,0.043199324361015756,1.1922551882912045,0.030375110352790963
60814612,18739128,0.35932669375266957,0.0,4.162867970864898,0.02086336992136476,0.0,0.0
194130839,18739128,0.2761431397637461,9.434065970025722,1.4626928330520101,0.0013432081268791164,0.0,0.0
1475676,18739128,0.4258350473829154,0.0,3.9881055570966937,0.0,0.00928930023190816,0.7359307699086871
