member,group_id,r1,r2,r3,r4,r5,r6
111693792,18732324,2.4217737557578056,0.08748339051640144,0.43981057503675464,1.9088750269261108,0.6944249696925688,0.5600152822985861
120378882,18732324,8.376115609269005,0.000873742008245162,4.60542154048293,0.5501175938475753,0.11723203398324623,0.0
8038852,18732324,0.1376806638891248,0.36934438593286584,0.484479526197523,0.0,0.661735326667806,0.4596393175680887
38607112,18732324,2.5032055284471566,0.0,1.726309872434621,0.9692436722010019,0.26334653684559334,0.8589558162893061
68553802,18732324,2.754621007849035,0.9253731100562452,1.2507063697842338,0.028389245266257208,0.627668753215873,0.8338667653823605
103087502,18732324,0.0056637199881507914,10.460496695543403,0.25272343040035,1.1534579950980433,0.4607593323583581,0.6193758299625636
6376431,18732324,4.34965246771494,1.2876683141723928,0.0,1.7845607439992952,0.0,0.20179451482347943
189960912,18732324,0.23952103477966813,3.028348566575792,0.127948486375561,3.2103552402808484,0.029202738709230135,0.1541392449451319
13644690,18732324,2.433458113862911,0.008348829512933519,0.3121691218998985,2.0336854308592343,0.6525978203718484,0.5458074616294181
190560890,18732324,2.2384254155257532,0.06114836792722677,2.251004871894501,0.14128461852103835,0.0,0.47281953486939154
5795454,18732324,2.426151115047719,1.3737754815590468,0.9862192698191727,0.0,1.0187929994187206,0.0
189818431,18732324,2.8377282458284463,0.3686941081317119,0.013716013837552617,1.7253048468944971,0.0,0.5085196182644922
