member,group_id,r1,r2,r3,r4,r5,r6
159698632,18756865,0.5403247955024296,0.0005885369755926287,2.2361057825529396,1.255805142227299,0.09513518009943066,0.8481019472216986
76841642,18756865,3.9799029823343344,3.3761431331766842,0.0,0.007109486799384034,0.0,0.3269438089999115
189664854,18756865,0.0,0.32644929004540585,2.3000009088578377,3.166139531420637,0.0,0.0007195577700364441
