member,group_id,r1,r2,r3,r4,r5,r6
81707682,18787801,0.008473874907206485,0.6635740008160104,1.433704664546249,0.0,2.336577714493132,0.10652413296565134
190674215,18787801,0.0176586538132577,0.0,0.0,6.267527959165549,0.0,1.7939417708720007
195741356,18787801,1.763384043347175,1.2129617325480828,0.0,0.0,0.0,0.008124190340616178
54380182,18787801,0.42673394044083857,0.5472181615141222,0.0,0.6677413771705081,5.513294591016138,0.003450027680263274
113045912,18787801,0.516166053834242,0.28835839002174646,1.053951881304696,0.6118912651531923,3.2349154081502762,0.014606518750731903
