member,group_id,r1,r2,r3,r4,r5,r6
193373737,18830891,26.872190872844254,0.0,0.056257048140482935,0.0,1.023597480903183,0.0
189735531,18830891,0.05553107481866059,7.857747819825631,4.0869816618595185e-06,5.452878727631269e-11,0.0014270467641233466,0.018172314025547403
