member,group_id,r1,r2,r3,r4,r5,r6
5048824,18830891,14.694199284287913,1.2507004194453324,0.5645214247536295,0.05693152969057304,0.0,0.004616207673597695
191248338,18830891,6.426923226855612,0.0,2.7070245896655174,0.7299097431837346,0.0008267085434426168,2.6494086925859723
189735531,18830891,0.0,0.03620404919208715,39.2741562092182,0.0030893122062330227,0.00014035374581741278,0.6873226023504841
53558612,18830891,7.18713211630958,0.18374817596511506,0.8683924066650569,1.1328515901819864,0.0001884257761627443,1.310767296302327
