member,group_id,r1,r2,r3,r4,r5,r6
168891882,18830891,1.198098613328543,9.34052779803064,0.278262870359937,0.1032806821773867,0.7506810105678644,0.24926298505760405
12464922,18830891,0.0,15.198342375523607,0.061823075907275836,0.04148545966827479,1.2467173188412228,0.5555536949933574
189735531,18830891,28.248119053858943,0.0,0.0,2.673738502888435,0.0,1.5365416036572592
61120532,18830891,0.2273401749850468,15.285256566640106,0.0898820404288388,0.14494295084209066,1.1343461047565835,0.5644134134088314
