member,group_id,r1,r2,r3,r4,r5,r6
186624440,18830891,47.31881995507147,0.0,0.07006757273116188,1.4570426425977896,0.08307493279996433,0.18553619194085075
7921723,18830891,47.448321625485136,0.0,0.0,0.0,1.1027427918884507,0.0
191248338,18830891,47.396354555515884,0.29041425067373516,0.13565877977679486,2.417137952016405,0.006176035166093783,0.0680009744129466
189735531,18830891,0.08733921470199357,3.88202471383209,0.37088432176223535,14.500995196095932,0.055252517004984285,0.0
