member,group_id,r1,r2,r3,r4,r5,r6
89162472,18867206,6.384011113456212,2.685094962450198e-09,6.882804166470598e-08,0.0,1.1834874258080845,1.643454682895697e-05
99966852,18867206,6.310078380407192,0.0002564226958393444,0.010069077039054705,0.0,0.0,0.04735888187682559
13317055,18867206,1.2095798586009036e-06,0.5412209952936042,1.6527966000967757e-06,1.3360166358770433,0.0,2.6938545302596095
