member,group_id,r1,r2,r3,r4,r5,r6
53725732,18869360,0.3139411904006497,2.4208781968979167,0.0,0.04977486515726606,0.1466751437436483,0.4550474262175762
119678852,18869360,2.773171938999765,0.9457969667538426,0.2713526901700302,0.10558179549109792,0.29739048263121604,0.7729121983808867
4568805,18869360,0.3793403181803935,2.3753013933276765,0.26182579094733993,0.34909583568379793,0.6107658147515128,0.20580891216593078
62806552,18869360,6.254405263053191,0.10254630072353843,0.048385931467266684,0.16436581909405462,0.011016798603792535,1.9456216728529788e-05
6423147,18869360,0.2688267986381127,1.7124446282935868,2.451318327227547,0.33177178445120975,0.42661046531376456,0.3491091332755771
8002062,18869360,0.7207887991046301,2.0664255105682674,0.38487668192503155,0.008342292770191481,0.6888444414148546,0.5038221222845719
13503282,18869360,0.9029512658980064,1.9379253946406685,0.5073286064127921,0.3318838496464296,0.16490125859820465,0.7757197190063844
188277556,18869360,0.05231292229631979,1.9000100124129236,2.4372075408933296,1.6838431050908351,0.0,0.0
8280533,18869360,0.9535406426534322,1.8806201608149136,0.0,0.10221887854348816,1.464709702775396,0.0
9530806,18869360,4.515971948802563,0.3431641289602235,0.1009447166937118,0.1652219549324673,0.25375763999968326,0.43500422011034545
23248471,18869360,0.0,2.2766644005851497,2.1290900359264566,0.0,0.0,0.0
186581240,18869360,0.3115043396833101,2.42307404125852,0.0215297984542538,0.041319272207379014,0.0,0.5401853800121438
27521942,18869360,1.5828657467609952,1.6128075472287164,0.4134750160453746,0.03072911738346456,0.8540539695792182,0.49693182890372245
193068950,18869360,1.0380969870480776,1.8573026556079615,0.5013602264314511,0.0,0.30869661418402133,0.8326336437175798
