member,group_id,r1,r2,r3,r4,r5,r6
75395552,18885841,1.212266333034809,0.0,3.003986153136327,2.1806519080227806,0.0,0.47531114259735563
194435552,18885841,1.768937244624748,0.0,0.3494618701945498,1.4902406345987882,0.0,0.3827569034292248
192465282,18885841,1.3366722435235288,0.3081007437390967,1.452972024855426,2.1075902823555177,0.5851171221377829,0.06928116024700672
33120962,18885841,1.6080934519304932,1.00978913794226,0.7567642154696732,0.4443675334377354,0.9203791333472461,0.04867757275171222
9424964,18885841,1.9320221895209968,0.2702248446339297,0.03793503197112797,0.800250717961663,0.0,0.8743468718849096
196730948,18885841,1.440628723793874,4.59699883631888,0.0,0.0,0.16439552374308936,0.3220123804032168
123325382,18885841,2.085478033974802,0.132125490378055,1.0798927445281683,0.0,0.18575301899996702,0.35325924681857235
70752902,18885841,1.5660041875229676,0.0,0.9812158675679675,1.645245976117741,0.0,0.6621707125494126
72486922,18885841,1.6763676375766574,0.934957340114352,0.2174057559969526,1.0955628614373767,0.5354556624521102,0.0
135432522,18885841,1.5304037028770863,0.040377531050828475,1.4379820096739069,0.4861494765041312,0.7156202971008099,0.9043569036727017
190099516,18885841,1.4080740790683568,4.4402880835550675,0.8927596288081473,0.20364990747099193,0.3252389879770251,0.0
183328925,18885841,1.5290288381700026,0.13127592278649958,0.8212275879681576,1.9088389138131987,0.0,0.5161398437469563
100724982,18885841,1.8782492352620337,0.13619115577441115,0.0,0.8050426149689023,0.17862596813546625,0.41674721394379416
193594936,18885841,1.4116927345180545,0.06611421271186227,2.0485337504439243,1.632609252650407,0.097381838232423,0.395832956462024
192909307,18885841,1.3154490690531981,0.47510633314278183,1.6954172512439964,1.8981834796676622,0.24842784669355214,0.6527264645189712
9341468,18885841,1.371002789219144,0.11562010173736612,0.9724256797514281,2.60581530838964,0.0,0.6019538893498663
7702044,18885841,1.7267481585642601,0.06915103776159552,0.4969486272383419,0.7860076811791983,0.07885679983293573,1.084196114708117
