member,group_id,r1,r2,r3,r4,r5,r6
183286813,18894157,1.656467307851932,0.7325190692250094,0.8949635100924457,0.0,1.186746802434975,0.16502638027572067
23829852,18894157,2.7128749289425027,2.0802698641786646,0.19654070002683094,1.0696545915859588,0.001943820850464974,0.796340192677217
1997421,18894157,2.5726862799760717,1.7314464306510953,0.3038919638627455,0.00016994691811936615,0.16144166936308543,1.8698908064088584
5229071,18894157,1.386311290807339,1.0286264934542233,1.5523594623173376,0.040230727521884634,0.21426426953711922,1.0484525663818312
