member,group_id,r1,r2,r3,r4,r5,r6
189282401,18977351,1.1529430841174875,2.081708977276923,0.8085361693960901,1.3014961755418568,0.8095881525405425,1.7801006218914968
194537059,18977351,1.3695741092207288,3.558914510171766,0.08600897496904039,0.6713736901255764,0.5895602205354142,1.1319805897326083
189283337,18977351,0.9211039664103743,1.467538005230503,4.764169492892556,0.8492772213627248,0.02488558584872275,2.8390894766882595
12607786,18977351,5.4136570880777635,0.06812764158532894,3.348591957766062,0.3097638193914802,0.07047643164189434,0.0
189028587,18977351,2.7504350968229057,1.4333733485437807,0.507644163322739,1.3916500136958,0.5710175349643151,0.4987214759247126
12850477,18977351,3.5175510254862847,1.332298991769487,0.5870880883577712,1.4763741275126567,0.15911778132124899,0.07575416543044865
77697422,18977351,4.41922120339174,0.36747111252282894,2.0581138286085143,0.4564435749743133,0.791373452255409,0.8837089905129789
6958351,18977351,0.3279547155696619,2.2252310203394434,0.009486936400812768,1.1432136506251611,1.1343564596055298,0.962061382215291
115362062,18977351,3.960584373915649,2.4409854396093214,0.00022793926469369535,0.0002958420367767141,0.8158122079516087,1.680132722848846
107628752,18977351,0.04347639368912467,5.295160999374309,0.41988872949686573,0.5057283430094447,0.0,0.0
189282770,18977351,1.0276857026082786,2.6377771083862593,0.6824661158813158,1.1182659703946674,0.8238138494657221,1.858960212833355
193045522,18977351,0.7980859216083382,3.982926120804936,0.01669919295660867,0.6045757480641096,0.7035821337368972,0.0
85142462,18977351,2.5877550808806347,3.26644951557588,0.07342591028097047,0.7981224220984612,0.0,2.0076460695887284
