member,group_id,r1,r2,r3,r4,r5,r6
164011962,18976760,3.0148493461177073,0.40311615543070894,0.4774986315995826,2.1657772367831165,0.5128564916653054,7.434604325653431e-06
187111156,18976760,0.542214961463577,1.7650538219049197,0.0016525598804278685,1.1737069584390993,1.6885700439034095,1.2199895560518992
