member,group_id,r1,r2,r3,r4,r5,r6
29470952,18989609,2.0028301446931733,3.0145763899226363,0.06349322710795205,0.1463386648736102,1.0562664987887842,0.0
12607786,18989609,5.600816016454731,0.0,1.239391239419168,0.0,0.0,0.0
58221292,18989609,0.2247667455770324,4.879795118748569,0.3564603223946757,0.2590453733850209,0.03309601683012099,0.2778937216817993
77697422,18989609,4.6715159834568345,0.6304791105004601,0.3402407312839272,1.5502890903868483,0.10961737630994743,0.02996851321257673
183175121,18989609,1.3552754221625698,3.483877140319367,0.403487733315763,1.8787411447594133,0.07144009770903326,0.046179647493303576
184705245,18989609,1.098017013774416,4.072222870842834,0.5155097032172898,0.04815280938877669,0.14791304926704352,0.6258703577638679
13486911,18989609,4.861938766217424,0.642698114850774,0.0,0.0,0.7714090326991445,0.35660210080340704
