member,group_id,r1,r2,r3,r4,r5,r6
196705634,19024686,1.742521915926772,3.6539986544170033,0.0405423359239706,0.0019597621400557754,0.3559863759885528,0.953798457932583
194839619,19024686,3.270650890733319,1.4869248371283752,0.5236333569535743,0.014341826139946652,0.04039644892000314,0.0
8247972,19024686,3.8563713458515605,0.0,1.2548505536319894,0.038206722039610626,0.0557849375010739,2.071414053093812
6134007,19024686,1.4009442858513652,3.591583569537643,0.549116678236697,0.8948686907094906,0.0,3.8242176732843043
188576410,19024686,3.025181796980605,0.8057207414685776,0.5666186752128709,0.05660656389825538,0.5723300613890747,2.066237024850592
196915997,19024686,3.9338103299468634,0.8719127770865714,0.0,0.0,0.0,0.0
