member,group_id,r1,r2,r3,r4,r5,r6
194731478,19067574,8.27582593307512,0.20354346522836658,2.318940312436893,0.0,3.8993752278859537,1.255065249951457
188451223,19067574,0.7212127386353879,6.403425156129654,0.0,0.2714120540353229,0.17622455721948452,0.0
