member,group_id,r1,r2,r3,r4,r5,r6
196788922,19188775,1.558072942145186,0.0,0.0,0.0,1.9716723033212469,0.0
196519343,19188775,0.02902372249858831,0.17311985177098324,0.42827220523899767,1.5473861920342316,0.6246357414576581,0.0
