member,group_id,r1,r2,r3,r4,r5,r6
157604352,1945681,1.7696797056804134,0.2309573922667023,2.6527833950479294,1.8827677561423333,0.04176801368854611,0.4833741740657892
183709440,1945681,1.7954017517984295,0.009849419461159475,1.1480477546480488,2.5946652360974096,0.0,0.0
62417922,1945681,1.7962358291621547,0.002092327109319626,0.536053028756459,2.7044892725909073,0.05224027850034449,0.08092372552494095
104467362,1945681,1.598018286371914,2.118625336025598,5.497193280702574,0.8132816919316793,0.0,0.6323017908741839
101743652,1945681,5.1167611958367445,0.00040168256993082735,2.050284044270225,0.13621543554380341,1.3111410191373725,0.1800551860996845
184610274,1945681,1.7867060829166301,0.05756847642215315,2.167822456409845,2.1061508421090687,0.033598505918306515,0.3641022671701209
83299752,1945681,1.7866703007997757,0.03428960599295353,1.0241557662444405,2.1823446269675078,0.19111703130118102,0.6895162103068561
36472362,1945681,0.20091002069055486,17.426426065910057,0.00018520755265257665,0.8600522508335571,0.4796719762374658,0.0
9598667,1945681,1.797948690150695,0.0037444586763390295,0.11625272615790923,2.871810351090182,0.03054334141074948,0.0
97124012,1945681,15.22932035037196,0.017442319314576547,0.0,0.09216932322273434,0.3342825899419162,0.31280507832566773
183591917,1945681,1.7906429207085575,0.0,2.692117818056844,1.9456732106369892,0.019201987269630495,0.4173767364319457
127713392,1945681,5.053910436286029,0.15392563709789667,0.0002973633421358779,0.7408384136931534,1.9344440707822195,0.0
108664592,1945681,1.7814838500268997,0.09913435978010954,1.3293164551418992,2.153915997454646,0.1525483715171015,0.602351364000705
183248660,1945681,1.7740237082701402,0.17215997991367915,2.9722794940554462,1.7818816574026073,0.03660577348755219,0.5267305938098346
112083992,1945681,5.1211758853811356,0.010766657432144085,2.699996173185693,0.0,1.0835071433894299,0.16666546021407702
