member,group_id,r1,r2,r3,r4,r5,r6
20822021,1945681,0.0,2.879542670473835,0.10591424707104075,0.719451585206756,0.5248467616911046,0.0
14006546,1945681,0.48830826522742277,2.876394549119097,0.47156556940974603,0.7421701224395665,0.40601451322638754,0.7717155453085295
12075027,1945681,0.729847175947376,5.228146996749617,0.25630674468044146,0.735429262236099,0.052950903782046144,0.6645095628655618
22032531,1945681,0.23913594500486227,3.0213012253648186,0.3208303765459883,0.7653893499324639,0.5042587782598184,0.5423461712963155
16687001,1945681,0.0225165332806809,0.3846674959313892,0.7188267963652755,1.5452184160286513,0.4122076043893586,0.0
8453665,1945681,0.09709039447406084,0.40561210786491325,0.05955855172554518,1.8657764838943949,0.34125636140826726,0.0875796930818045
22890661,1945681,1.9267567834328825,1.3989239970295106,0.5586908931458738,4.742065608805028,0.0,0.12519045100994539
4225208,1945681,2.791700741231132,1.9063545038355005,1.4701913941349551,0.2128339641140009,0.5541741573186612,0.8036619196226178
17723581,1945681,1.1556828786096658,3.526831031360868,0.39332819818509374,0.45364273412603684,0.32170309496820265,0.8800261210611541
13400638,1945681,1.223435621402361,2.884406073802215,0.01717502427708628,0.7454131384364059,0.41854243827989346,0.8228252818026233
14223038,1945681,1.0332274832552124,2.4774812999369535,0.8068318779121215,0.5269385256720981,0.46058215521864415,0.6739003863688396
3261121,1945681,4.727134546267956,1.6464837061826838,0.0,1.8609732287741494,0.0,0.7478340575111183
5659724,1945681,3.596912613921888,2.961120730967817,0.36710814505381945,0.4380005544123819,0.30277910731918845,0.8511194109861556
9553241,1945681,6.625245572635858,1.3884777196851452,1.6279756284558389,0.04740738784032159,0.5947094227421111,0.5386487183183101
4583137,1945681,10.496409147148473,0.0,2.2977091004901755,1.0252597686363263,0.0,0.0
19324011,1945681,1.3920212662154996,3.94548371948767,0.18093706336883608,0.0296146093783141,0.4184762682298763,0.8591962982231601
13671024,1945681,0.1733089717144771,1.9669742972633302,0.38485091460059867,0.6542868037547757,0.8099684682305732,0.2793832743278903
13875319,1945681,1.2229200959349562,1.3391521182195292,4.448859395601761,0.0,0.9111898982763034,0.19763313999369964
11418108,1945681,4.0227258983025855,1.6623964580858432,1.8145992943494105,0.6121268037517337,0.24784573916410552,0.7635974828040482
