member,group_id,r1,r2,r3,r4,r5,r6
14559298,1945911,2.7669937880068414,3.6341387729912418,1.5435488093975211,0.035855980508425735,0.6442278283558958,0.0
18415651,1945911,10.983401515585301,0.9666679178164801,0.3552727516245359,0.014112029768780808,0.12444914777309697,0.0
17089381,1945911,3.246920473047745,0.0,0.1709063185054236,0.006856161113214675,3.0878270595112363,0.09866185122203554
4653414,1945911,3.130879454557205,0.7283667920368092,1.937469838973624,0.025429849256017156,0.2226871548589056,0.08965361315194115
7990405,1945911,4.450486232947116,2.131577319783678,0.19121884557705107,0.48336159683000496,1.8350520338199972,0.39505139497740954
7445416,1945911,4.92395331811698,0.05596514514978037,0.25230430056935493,0.6992091733505658,1.374566014074477,1.6218475626343567
12926764,1945911,2.8929672587005855,0.0,0.3541051049943587,0.010537674054697443,2.9129144715580555,0.0
13046297,1945911,2.4100237139473006,6.279597598812898,2.0072025027765545,0.0,0.0,0.0
10408462,1945911,4.900956992639211,0.28662261985212456,0.47777375789963317,0.40347320440254936,1.5854614037591466,0.0
14292432,1945911,2.257091762676506,0.2886890770671196,1.4923895518744859,2.2756557306460574,0.25739094283707936,0.00014566573925580567
13941009,1945911,2.845587202555896,0.17510605335147272,1.769456809697532,1.0954440100250948,0.15175729082857795,0.050584102545013825
14585210,1945911,4.778630706626093,0.14539428200124138,0.0,0.05135801695178995,2.5414360609592297,0.0
12953496,1945911,5.110573943834487,0.23210668646661206,0.34748698849701265,3.137242047990033,0.6155501568717042,0.0014020472513094299
10934041,1945911,1.6009469981625613,14.600734617857999,1.3012645768171232,0.39823238634261876,0.02134601788056213,0.6167957826066757
7524154,1945911,4.707776059837819,0.0,0.11297380883133165,0.9906057286309033,1.6238197188898211,1.4544558173863247
4293531,1945911,2.9383804389087462,1.3907192425855806,0.8604813757425986,0.40648455587422516,1.4346613924161697,0.9735052890365211
11906719,1945911,1.727710400600487,15.984537017657045,1.1146234474231935,0.0,0.430210646575615,0.0
