member,group_id,r1,r2,r3,r4,r5,r6
13168769,1979541,0.16600634545952572,0.05420046737426797,1.362935479638327,1.4841253956613742,0.5682317712838209,0.35908731613345757
3504391,1979541,0.021973725970855604,0.04292109462233301,1.2308937707436405,2.414657680416646,0.7739228716769958,0.0
26844302,1979541,0.04559112525682441,0.2083290568206688,1.9948776947790183,0.0,0.0,0.0
14987311,1979541,0.04215701774320056,0.17929495769852585,1.677720435094374,0.5787102057338387,0.0,0.40990401576585245
13901841,1979541,0.9005923129793214,0.0,1.37105108418845,1.7394700714928797,0.0,0.24945367099168003
29816532,1979541,0.03462619375972562,14.123916238751569,0.0,0.854224859733941,0.35629262684993096,0.019294051227769286
18254741,1979541,0.04642551576386935,0.1903872388535654,1.8364544039626023,0.07264074104204517,0.015408854501222598,0.35036070643055367
16926101,1979541,11.103028369524846,0.0,0.0,0.0,0.5158861380060089,0.0
27637592,1979541,0.04559112525682441,0.2083290568206688,1.9948776947790183,0.0,0.0,0.0
14007038,1979541,0.04642551576386935,0.1903872388535654,1.8364544039626023,0.07264074104204517,0.015408854501222598,0.35036070643055367
