member,group_id,r1,r2,r3,r4,r5,r6
7399427,2052981,2.315530904610725,0.298909488703936,0.0342637150081692,3.290193988977342,1.6177671217322813,2.2260942741119676
33139782,2052981,5.793032434828112,3.069024637191888,0.0,2.294864621391771,0.06308441145697317,0.9231446395352269
102314152,2052981,0.3486939057568704,0.008116343880658438,0.0,14.61009253514783,0.014601208500919255,2.16694384565959
90674412,2052981,0.9697771219430674,0.05230668708617948,0.0,5.316309567763743,2.3653922329698154,1.332725783446145
13194286,2052981,0.0,5.645314257863286,2.263000635660419,1.0949213819491557,2.5452260282793397,0.11032776078226808
95511502,2052981,6.546885760667374,3.825385308350999,0.0,0.49253621596585284,0.0,0.7948738792415442
73872882,2052981,3.665207300984016,0.9835997835523093,0.09397497884671731,0.0,0.8371583390264304,0.0
38372252,2052981,3.764878890734928,1.996013207706356,0.774122838268655,0.0,0.5291573394703768,0.0
