member,group_id,r1,r2,r3,r4,r5,r6
20152391,2087461,5.578653672386588,0.00018824584573024842,3.852657352646844,1.0241043426615766,0.0,0.0
1601351,2087461,5.514430237950416,0.0,2.0096155579209882,0.0,0.3370781565503925,0.954639282950461
5730632,2087461,5.570686956601212,0.0,0.0,2.034007834342173,0.0,0.0
1743246,2087461,11.116839335337572,0.0012302246458731213,1.0398111595249628,0.16969092957322537,0.48533071319384796,0.01637731846716621
957998,2087461,0.06484597195181291,14.700373129098582,0.00839151745457223,0.10572806312212217,0.004721795072875736,0.026998668906996214
35935452,2087461,11.119707141560909,0.0011503248312080788,0.18864746923810022,0.43725498130258245,0.0,0.0
11336286,2087461,5.559620325369967,0.0,0.07703687475005033,2.1318537478626154,1.226952349837028,0.0
