member,group_id,r1,r2,r3,r4,r5,r6
2884706,209983,26.763944695694118,0.04875903189156637,3.2021703607316474,2.068582946713454,0.0,0.0
82993222,209983,0.0,35.50307945974531,0.041858968968971066,2.700748100327508,0.0,5.4969702420385165
4576146,209983,23.652402874885492,3.595354531725663,0.28517502910467546,0.9988530791442153,0.08070639634585712,4.129474054573324
4898260,209983,27.161175085826773,0.0,2.208385722939571,0.0,0.0,3.6198748803928193
4584030,209983,22.625278306967097,4.696836182839762,0.200008964830156,0.8188922685801354,0.4817979500017525,4.133426131830591
2507711,209983,0.0,35.75524979774721,0.01599364694510549,0.12963351066485984,4.026749555335898,2.622120778298333
