member,group_id,r1,r2,r3,r4,r5,r6
4866436,209983,8.033592168716925,45.37137756315467,2.443674802023581,0.6173620814046378,0.025251958562279474,0.0
4576146,209983,19.579392373104472,26.090258009071675,4.4007850227871605,0.8655603915276507,0.030558968446162852,0.0
4898260,209983,22.73288507183845,14.42095314233531,5.453382925045366,0.96082363099921,0.03044773120809564,0.0
8685275,209983,0.0,32.43527023977621,0.0,0.9449002277787987,7.97285671807908e-05,0.0
4584030,209983,18.735637231874126,29.350295662439912,4.029424976161791,0.830122771367504,0.030165954622257882,0.0
