member,group_id,r1,r2,r3,r4,r5,r6
2884706,209983,25.721590504514033,0.23188153988831897,1.3804764811255588,0.016729635038537232,0.0,0.0
181292002,209983,0.281137588254795,21.41255725275784,0.0,2.718664542491047,6.80746915258633,0.0
4576146,209983,22.50054279364564,2.462624570056225,0.07418910030769515,0.484362053171691,3.498629743328144,0.11289021253224471
4898260,209983,26.01498324256604,0.0,0.3287449438371221,0.0,1.3146517786492147,0.0939188895511402
193560885,209983,0.02417114721515426,21.641432959324124,0.9096745725900671,2.8551016625714776,4.618637605639607,0.33866822958321896
108178772,209983,0.005216563317489017,32.56782410247173,3.9479974766872186,0.13043062706981076,3.7707678862306175,0.3790907701478972
4584030,209983,21.5181878983918,3.1527017210060126,0.01387883589474156,0.5979327461017572,4.123247562972597,0.019622984588493896
184862079,209983,0.06576163267271463,21.60114259301768,0.6558638063966485,2.7955724067488745,5.175506856180492,0.43689949316000687
