member,group_id,r1,r2,r3,r4,r5,r6
2884706,209983,12.064982801886067,0.0049727627281528205,44.526353762783984,0.0,0.0,0.25306209268480007
4898260,209983,12.104011181584708,0.009113667209856758,45.517721827504424,0.0,0.6048243889704645,0.0897987503299544
4584030,209983,7.524324819456959,7.8947477395132335,0.0,0.0,1.2179116445346663,0.36204587328546384
4576146,209983,9.8170257323111,4.043644980459874,0.0,0.0,1.6013091788339084,0.28941945366541766
