member,group_id,r1,r2,r3,r4,r5,r6
2884706,209983,0.0,20.748486756977275,11.459520169571519,0.6095350620252591,17.020446589698224,3.464427390829977
3191635,209983,6.604473664073989,1.4228573521069976,3.9381204989936123,0.3563971508911309,17.364072953466376,1.6316652996432452
3417557,209983,6.99684992366702,0.01866134555529895,0.48350823035116236,1.8995293362058927,0.0,12.946471258184802
