member,group_id,r1,r2,r3,r4,r5,r6
2884706,209983,25.07492138296278,0.13890814205961513,2.1874516903178463,0.048625197543506284,0.0,0.038267950747187356
182598661,209983,0.05259272511513811,24.606181672817524,1.7544469625822035,3.77615663949399,0.12781053867952288,0.02815741793588873
4584030,209983,20.984943943681838,2.609270972597442,0.0,1.129265953809967,0.1781013247090966,0.014332138444404265
184150622,209983,0.014085510035304232,24.620004458011472,0.9595396560470493,3.743304525212619,0.20103361640071016,0.05795706057705664
144611852,209983,0.012643431104985949,30.592043338049102,0.9505088728785885,1.5014709243852744,0.08882334656046395,0.1329417650298614
4576146,209983,21.94248846249581,2.02434536974445,0.1099742536072551,0.9773520896590171,0.19138871442820066,0.032335172004958015
4898260,209983,25.317709404669362,0.0,0.3295206264751817,0.09713803209662131,0.0,1.3203464258467554
107678842,209983,0.24336908020197695,30.49755365090022,0.32877183176024116,1.5390977793424399,0.0,0.0
183040414,209983,0.8493034628876797,19.91480552815052,5.646689948144608,1.7890194116057005,0.924296331270549,0.06378884088413761
