member,group_id,r1,r2,r3,r4,r5,r6
6649481,209983,51.675242202766306,0.053726620505442496,0.056917473169031396,0.0,0.38597516839648544,0.10586944739307963
4898260,209983,9.65710516996121,0.0,59.39608174475484,0.0,0.2219542655134297,0.12444606488354243
4866436,209983,24.875775309688123,0.0008721323609445036,22.49676272575978,1.092122415108926,0.08907606274194477,0.0
632678,209983,51.62045779233604,0.11660338244964208,0.015178086315749207,0.0,0.8420544202684204,0.0
