member,group_id,r1,r2,r3,r4,r5,r6
2884706,209983,6.200530313986444,1.2556982559410257,0.8487154490155376,2.0928066489780077,0.0,0.0
4898260,209983,6.2606805583260146,1.540830930376651,0.0,1.8273299302133226,0.8507190238549825,0.620168522472769
4584030,209983,6.837557166726382,0.0,0.8252871890768155,0.1717102138763459,0.0,0.0
4576146,209983,6.726434583706237,0.2605847758464342,0.6630232094259164,0.6182412760620843,0.0,0.0
