member,group_id,r1,r2,r3,r4,r5,r6
8310931,209983,10.982303049990822,0.0,0.0,0.0,0.0,3.33758100731226
4898260,209983,0.0,48.679142867176154,0.0,0.007936400963688289,6.579273946173786,0.0
4866436,209983,5.001989945891983,23.496245443746506,0.18794750285429196,0.09641504890255832,0.0,0.0
9584180,209983,10.275711509870312,0.0,0.0,0.0,0.0,4.2428090040927895
