member,group_id,r1,r2,r3,r4,r5,r6
2884706,209983,6.676043322945801,25.409204332944064,1.7588903668283915,2.104056779022203,0.0003238870185672544,0.08667291925299916
183040414,209983,13.46014309546212,0.8055130800296136,3.25242467669034,1.0054100732974702,0.001168470051779502,0.2794168611857728
182598661,209983,16.28970799652522,0.033240193956611465,0.864047824296631,2.0766723229912185,0.0,0.0
88299592,209983,20.172680394213014,0.002184299441228219,1.6641130523318688,0.0,2.3043022896383966e-05,0.0
184150622,209983,16.289734376344214,0.0,0.39366043016197255,2.0984415430061167,0.0,0.0
144611852,209983,20.17274275983948,0.011354135278970176,0.3634165414349692,0.04925158193356288,0.00040851912074278175,0.03226295013655145
4576146,209983,6.977651444277708,22.20933359460785,0.457574163696861,2.628426746036744,0.0013909328389481806,0.23707859666976416
4898260,209983,6.648631511661605,25.701087587838714,0.6919299725700085,2.496278927480313,0.0006705243553894759,0.12832176991552127
107678842,209983,20.172698192753487,0.23218686926480475,0.0,0.07513376286729417,2.590831349470296e-05,0.11274926537126136
4584030,209983,7.069725201211842,21.23751811966252,0.3669161509373189,2.650473700069254,0.0014990610886739622,0.23419779162025012
