member,group_id,r1,r2,r3,r4,r5,r6
2884706,209983,5.3327710277620195,0.0,3.1809357109740413,0.0,0.39018948600551073,1.0776003205449365
4898260,209983,5.46688624101028,0.0,2.555255633128362,0.0,0.44296878807733464,0.6654690810162035
4584030,209983,5.961160922617849,0.1706750309144092,0.4350954266485062,0.0,0.0,0.3266179650090289
4576146,209983,6.011549359536469,0.0,1.0824770055401705,0.0,0.020893299364148972,0.5256543129411868
