member,group_id,r1,r2,r3,r4,r5,r6
2884706,209983,27.235445418249782,0.34354074925894584,1.5834047788458658,0.9042410366979433,0.0018974766437902927,0.5198559937745099
181462852,209983,0.00626532212580699,30.835063240329205,3.126880831826009,3.0919035573065132,0.0,11.403419726670172
4576146,209983,23.84969032108166,4.180339446113316,0.11702379871233341,0.8026738693990019,2.943046403871322,0.09476064675145274
4898260,209983,27.569496147028044,0.0,0.4559966346551172,0.0,1.9549410351282563,0.0
98344122,209983,0.00010968191699656466,31.042358711359196,0.00024306937880745844,2.32361686282392,5.717253459409771,0.0
4584030,209983,22.809274443744904,5.368675649239802,0.004526106554102294,0.0,3.250434867935704,0.0
