member,group_id,r1,r2,r3,r4,r5,r6
2884706,209983,29.357046089729526,1.574787933919721,0.6339429549019159,0.0,2.1895586445497184,0.0
4866436,209983,10.876861712531142,21.756828145085493,0.9915804697868976,0.6127238498675205,0.0,1.9900576883773744
10743277,209983,0.057853978530563135,33.32498534981333,0.10105666761880826,0.0,1.388499665290034,0.010984493926860107
4576146,209983,25.56986862423911,7.792391458464804,0.3967826298385174,0.18384371338447508,0.7953932968190601,0.8870642374054777
4898260,209983,24.66506827500232,0.008222430551817327,15.865551235748956,0.13662325622690188,0.0,15.14515719734048
4584030,209983,24.44277050163471,9.63145290011363,0.571912272369884,0.2036864585179738,0.6275819343528708,0.6528308115913644
