member,group_id,r1,r2,r3,r4,r5,r6
4898260,209983,0.9931324261505319,1.8439175423436736,0.010032425996272937,56.6172523478516,0.02368494305258416,0.0
4866436,209983,1.4166532730377157,0.7367696924587334,5.7384243613458406,0.0,0.01109152725124169,8.127636963639647
