member,group_id,r1,r2,r3,r4,r5,r6
2884706,209983,23.752965924446812,0.0,0.5726859793494556,0.0,0.12501377422164855,0.025456488479402052
181292002,209983,0.2855903610585572,20.198605541886078,0.22610189818674564,7.830236523280471,0.08172044294710125,0.00011837771644117664
189834756,209983,0.0,24.20248859451194,0.9673495850453601,5.177859348678723,0.545727405196664,0.00018937490078654016
189836549,209983,0.016535530141779876,30.616635648976914,0.06850196191771406,5.278399551953639,0.0,1.8846722828890586e-05
170794122,209983,0.007894835588317814,24.419541892370695,0.0,5.487065394203091,0.21085401856680372,0.00010966796887666224
4576146,209983,23.008991470266892,0.923712467391053,0.1352324113457369,0.8056761301602232,0.027793455833556833,7.855689824478377e-05
4898260,209983,23.74737369941508,0.0,0.05574632186030819,0.0,0.05984691024795519,0.028492611264001527
173393652,209983,0.059629927077649185,30.583570636576557,8.763705374461015,5.020434615388316,0.012070968614601267,1.5860096570796645e-05
4584030,209983,22.01141043489448,1.5642776713609827,0.15828985330017592,1.4616141368706903,0.0,0.0
