member,group_id,r1,r2,r3,r4,r5,r6
13318278,211654,3.7608189062376733,0.0,1.3598216937755032,1.867753317565852,6.190975023764227e-05,0.20123759655029097
6218632,211654,1.1736291384263056,40.81928076995328,4.988373727595467,0.0,0.0,0.0
65557512,211654,3.297543939664638,0.3303354648210443,1.201780152422765,1.1047881394857775,0.0,0.9032377474115042
70771592,211654,7.000727118328428,0.0,0.1357977939389559,1.849948494543239,0.0,0.10839673313315266
38535692,211654,1.5430342504981331,0.0,0.22937133264618,3.194496266748738,0.0,0.06080813530137922
10486031,211654,4.28116093157739,0.0,0.6823290565541273,2.3924436313118855,0.0,0.1952644051092144
5476505,211654,7.796167154953267,2.0119500093550426,0.8556100385580269,0.15315874268162227,0.43358511635889996,0.7826608139391514
69999642,211654,3.6998145681109493,0.0,0.2743638431651033,3.080657272162354,0.0,0.0
53791532,211654,6.700957940820669,0.0,0.031619381191145796,2.9931479936726033,0.0005739077993647465,0.0
6651831,211654,5.278127137912588,0.0,0.6811607715677167,1.4246935845569388,0.0,0.4666979270146623
64312142,211654,0.7831381415106538,0.03427340308870236,0.07651857692038108,3.139550009212677,0.0,0.46611922174503895
13518671,211654,7.5752975285678215,0.0,0.7986454765001898,1.9887652419170632,0.10148980622390548,0.2252161096386307
1944274,211654,18.360401330525164,13.77910559487007,0.0,0.4147420066883328,0.06549120742293607,0.0
17665621,211654,5.446320455105742,0.0,0.061949370043752415,2.6962328757241356,0.0,0.0
4248150,211654,18.227121316902736,1.0847930106246215,0.7728533057502991,0.05462960505983788,0.9483317034106017,0.5272963789860204
2500956,211654,7.042261226650146,0.0,0.3959169220355061,2.5666753004622613,0.06912453516331914,0.01659685703136833
68959202,211654,7.201110893434788,0.0,0.22380371834694868,0.9452584838993252,0.0,0.39201918504490685
386534,211654,7.751434562813377,1.7316761525859359,0.589024876070044,0.4380848119954289,0.13660415824556196,0.7581680113891947
71752812,211654,1.2328653052117586,0.0,0.3552554312442339,3.524043121115261,0.0,0.06512170925820047
7970927,211654,2.0173133490292745,0.0,0.7506109997938766,2.5225830996197582,0.0,0.3877342323448133
