member,group_id,r1,r2,r3,r4,r5,r6
105997632,211654,4.434249298944795,0.1603638222616398,0.44132356339887235,1.4989308484672892,0.006584602455356832,0.9445233939217782
71990432,211654,15.10439234359341,1.637496987680171,0.09085719889703953,1.2952428028106995,0.0,0.0
12647554,211654,4.414480681954466,0.1619108556049316,3.5144177055246333,1.0056206369155187,0.0,0.4927196290031938
50844162,211654,4.4474096592303,0.050777851273906105,0.43789725415066755,1.5080052938839277,0.0,0.9258864292473016
5882855,211654,2.9842285388091,0.2689692889887869,0.027768633111271614,1.2261444448547991,0.0,1.7983693283863575
6218632,211654,0.2889148566598915,36.09148838734867,0.20336830411174447,0.03831707492133899,0.8901050921198097,0.8220785623187086
14269467,211654,4.448947718157335,0.022715014437553024,0.7104386246419544,1.4672298073064058,0.0,0.901776391294982
26181642,211654,15.150006700736682,0.1378334484164331,0.22974126222648525,0.46040887201952785,2.0869786478141172,0.22168120758649457
5779470,211654,4.427501194091441,0.15494320806142903,1.482471947291565,1.3026889537009212,0.03710141979108769,0.8071875265671727
7970927,211654,29.97968928184263,0.17162265020690515,0.29628294675051187,0.32851617953135814,1.734563336034547,0.04941198310451666
6651831,211654,4.377820279048554,0.6026938941684467,1.03668545705157,1.3885388279436401,0.016947118726466138,0.840672628308899
132759222,211654,7.652543600852562,0.025317989000563066,3.230862974100582,0.646152554526631,0.0,0.041198572865677734
139989302,211654,7.673571830257868,0.0,0.0,1.2873690435316443,0.17657212651842416,0.483561879091932
10318745,211654,7.564525163389534,0.5333075933533956,0.0,1.3735233481947833,0.10660511037482914,0.44821466549094113
3213595,211654,15.183068138652997,0.10481080371678074,2.2060930763827655,0.018523874311779695,1.6327936432850023,0.0
