member,group_id,r1,r2,r3,r4,r5,r6
71990432,211654,6.5738553947234495,1.5426854098218672,0.00497419469672337,0.5916214715244404,0.0,0.4481113382997029
3438754,211654,31.734456096698548,0.04693740279694154,2.766817472568645,0.0,0.0,0.0
386534,211654,11.097498840108727,2.2542652498853473,0.28374895138196743,0.0,0.1892105889501386,0.42005915972392366
6218632,211654,0.6363175009401746,36.214010148125304,0.7647557919816699,0.777423853715285,4.5502375801669506e-05,0.04230243455581787
137277372,211654,6.823175019412748,0.005716230217402478,0.0,1.2908474371738952,0.0,0.030978678179568817
5462795,211654,11.35921887993546,1.3274967758685536,0.5776649789571073,0.0,0.17312522697774518,0.35669032042622223
101474332,211654,6.725535336165875,0.6044652497527201,0.0,0.983495311453588,0.006724612870145377,0.21508551803991852
106500592,211654,6.737370011618836,0.054454364242808834,2.1972995373210273,0.0,0.0,0.40461109065328876
109821852,211654,11.818178058895507,0.0,0.208479326867455,0.0,0.055413979780512906,0.5030549084473351
177487422,211654,6.831318517778291,0.0,0.4335807118273445,0.3132899267217113,0.0,0.5460646960416197
