member,group_id,r1,r2,r3,r4,r5,r6
11060353,211654,7.600836676002357,0.23035208366986717,0.3243397149136432,0.5120088437292295,0.8810477903405727,0.6564334768234801
11421698,211654,8.112885808776944,0.12486099096749737,0.5469113520072134,0.06000954351267625,1.0297588894883283,1.1154295596213775
7913059,211654,15.029320855167834,0.5755422590957517,0.10923599716543078,0.8115072125638944,0.5108538270418825,0.0
6218632,211654,1.4804040308208177,35.23988378149767,3.4601948254951216,0.0,0.0,0.0
29849742,211654,7.674856356287259,0.019878409358581338,0.0,0.6831480900336654,0.9645442560740182,0.0
1944274,211654,9.974222729478146,12.134677046579675,0.0,0.6395842025000164,0.21786870153800003,0.0
28318742,211654,29.57464609386122,0.0,0.23053598150241045,1.0828640132373617,0.0,0.13132801928272095
6651831,211654,6.144311476881508,0.28280138575209696,0.41650403133026886,0.32190310165209485,0.9211925165922555,1.2747404404522142
13140185,211654,19.874760957049624,0.0067221318937412304,0.10702347100137381,0.004653938819845114,0.5729873409274457,0.0
