member,group_id,r1,r2,r3,r4,r5,r6
6218632,211654,51.80786748788751,0.0,0.0,0.0,0.011625909182948263,37.2129907529484
190987445,211654,0.0,1.1255194836379867,2.6149066849917753,17.544331120480386,3.6953714019888073,0.32271635592011755
191293063,211654,0.0,0.0,2.5395316789613678,18.395896048612126,5.713807978933932,0.27134613802794866
