member,group_id,r1,r2,r3,r4,r5,r6
136020962,211654,1.6535458408757489,3.410270259937753,0.0,1.6370807996638994,1.7994308456257981,0.0
7379363,211654,0.16609469087005463,20.56117372983025,1.5944808815370777,0.0,0.0,0.8919525362391889
187458918,211654,0.0,5.976382906890097,0.5295124318566935,0.9724095673592793,1.4027283649048212,0.0
191293063,211654,0.07613319597375966,5.974392110272869,0.8331139072501419,0.8177069456461296,1.4466379683154496,0.0
6218632,211654,33.05959963723523,0.0,1.1853079383009881,0.0,0.08566556019018903,0.057504840124021704
187864457,211654,0.07269525362373763,4.163076787985017,3.2005296295036936,0.8991723893436024,1.76536318311523,0.24067192282230304
61455942,211654,0.3165348185354016,13.27344019506653,7.714732244725042,0.2349533328400465,0.35700807565578835,0.3578151059794895
24317682,211654,1.5289997962865505,13.71965385680377,0.3933288082587264,0.35496291258877755,0.09561600522225894,0.811001931146588
187365074,211654,0.577020816380433,5.85089561424964,0.05639054955875733,1.1698933409221297,1.2879851679502579,0.01699877636018513
113571732,211654,0.27739109080998325,14.281930646770023,0.025449610597036373,1.0517869954919197,0.13296514054976452,0.346024746818257
99957012,211654,0.1469328563002714,5.935931104704319,0.1748356038276325,1.1408881082915194,1.330826868904265,0.0
116997492,211654,0.01891138604748334,10.411576576973918,2.3281903464508207,1.3309452266922694,0.6648337050590609,0.0
194194327,211654,0.3921290783417884,7.97592925394515,1.2157973042501287,3.206771606417857,0.04797999171646135,0.6439546699249903
191026365,211654,0.04859402734262038,5.909784938733478,0.4135135424011562,0.9249128757927894,1.3283396966054446,0.265667109770916
