member,group_id,r1,r2,r3,r4,r5,r6
6218632,211654,34.61487247287814,0.0,6.047877481049101,0.0,0.0,0.0
804748,211654,0.027304790757341556,18.45449428894406,0.0,0.15834541274343772,0.0,0.0
10821773,211654,0.03474157990547972,4.328890027994986,0.3841088722090405,1.4849394812509404,1.071804500648734,0.16276399373159953
9559202,211654,0.7264017177998666,9.42274162515944,0.019227315753645845,0.39875592583163927,0.23633331182934483,0.4307051590006759
8801705,211654,0.620595265623296,5.907433114521754,0.031780494567272,0.9280039063673088,0.42200854558404644,0.48640383445934443
3348779,211654,0.4081970443889024,5.438591258904945,0.5457148388425195,1.0197401991489,0.29137014555549945,0.4981741563411968
8504239,211654,0.24939717698933628,5.963402480204208,0.11895120512935384,0.9288388947818671,0.4141173349186551,0.5021856193936097
9026480,211654,0.06432306783933564,7.394930322446329,0.11311401116949159,0.6479316537220697,0.5685634495038089,0.43508500346774653
5706290,211654,0.37969875182285684,4.491452898266373,0.13310902105288108,1.4232812500487362,0.2436665805292347,0.4075477252132647
10005172,211654,0.24846746654639906,4.520067054820753,2.5557560796566863,1.195641244195367,0.0,0.46072896927610046
7727288,211654,0.4088653464301973,5.903877583559052,0.5528611499640665,0.8635178037485768,0.45288830857817675,0.4286453654596893
10550223,211654,0.1968012592671845,5.818544528477614,0.6298180058641148,0.8780503203697352,1.1958187663160487,0.08491822293738806
1944274,211654,11.909843968544271,1.980207342667953,0.0,1.7910804956134254,0.46610269585725955,0.0
8074077,211654,0.7831808549329531,8.164131219660657,5.7310119097012056,0.0,0.4623505215795693,0.26563080094082325
7913059,211654,0.5602882747970309,3.206758339542927,0.2127955931075004,2.216077169815004,0.5880083485592262,0.046576399900720655
386534,211654,2.396171939017446,4.269804467941687,0.7109974863712936,1.188457191682482,0.25723555788444386,0.46602147273554717
10055527,211654,0.5149878749664343,5.932240091334436,0.29185354044132683,0.8602413452635919,0.43001492153746607,0.5325098628529572
10295021,211654,0.012108896300253922,8.315654538556382,0.10460914628286105,0.4083970695996471,1.8626512342786221,0.03928130282506865
5019759,211654,0.09097018854729765,7.393105991174717,0.1173388221677884,0.6295712449635916,0.5890492958418769,0.4421572947651403
2173812,211654,1.3394682536596147,8.07443949659723,1.1773477698697414,0.1576114510610431,1.728319266161406,0.1491668403520117
