member,group_id,r1,r2,r3,r4,r5,r6
7913059,211654,0.5342806242810516,6.238999650739505,0.22447221701324693,1.4456098737958387,1.5455187433924542,0.0
386534,211654,2.3083541507253558,6.740021054912048,0.6840620156419972,1.1430536248987655,0.2784331619569822,0.6844499261175998
12448583,211654,0.33466110395880927,5.833832275201949,0.6193842757556647,1.6830200459914189,0.0,0.5245932133612983
6218632,211654,33.437519817247676,0.001925643301851375,5.870117297209956,0.0,0.12270200085812623,0.0
8013032,211654,0.12413952401636383,22.990608068568744,0.628263629212089,0.0,1.3490026003718092,0.6203095623938317
3348779,211654,0.3785963733829264,12.225718412411242,0.5380283151125818,0.5951839407944584,0.3414396443951237,0.5977939588279269
3501292,211654,0.25342688503031935,6.295599962396159,0.06644605621982219,1.4715675236165955,1.5929771403844615,0.0
1796687,211654,0.1876760788879458,6.395944200475693,1.9488516430893628,0.9827559693046386,0.6862969961696347,0.6143990397282144
8361648,211654,3.957519159819269,4.638654581181013,0.12341700211049578,1.9901865333281115,0.2197974191305318,0.030142743954156538
1944274,211654,11.523143216805757,5.77260860285748,0.0,0.9294517733204738,1.3078127802165584,0.0
2173812,211654,1.2732746959673504,11.999724591110745,1.1582500013083936,0.2771790476141636,0.0,0.9690834693940665
5476505,211654,2.5627378796221385,6.710842163905899,0.9950794803066716,1.0095986824208683,0.1465224385830991,0.8485947474578887
13187164,211654,0.2584208207464492,7.0852271861541025,0.14341651725293944,1.5899184445954384,0.4739404018710802,0.1595384204287581
