member,group_id,r1,r2,r3,r4,r5,r6
7913059,211654,3.2240205164605196,0.584094745141621,0.11770418527683074,1.2097340833888706,0.017670139480441757,1.615711031603324
30809252,211654,7.600085999291531,0.06201099815573942,0.09174439563243378,0.17449720926850554,0.06181989166310346,1.4644965560974046
386534,211654,3.0767288223898523,2.3437931394119937,0.4725345924972184,1.209237808667582,0.3931721154168677,1.0331744581385283
6218632,211654,0.9516137513728157,35.07166998216881,4.553690027526837,0.6580222879137121,0.0,0.0
3501292,211654,3.2479156233902966,0.2947251760658052,0.0,1.254985337614422,0.0,1.619954645914746
53791532,211654,3.264771922817375,0.07988835018492399,0.0,1.2570074078089284,0.0,1.6171912214797648
27355342,211654,3.82290208105923,0.08918643073141196,0.21547969249923435,1.7745405112869352,0.28463053622160334,0.08030217072245786
13518671,211654,13.812851214573081,0.24425395349830217,0.670376193362417,0.0,0.40775221937382017,0.23298317416197423
1944274,211654,13.847123447426645,12.081677504266867,0.0,0.06307945709032434,0.0,1.1466481225646261
11524946,211654,3.2682424028688644,0.007843244991041918,0.11924872074882696,1.220304738412904,0.0680093234347213,1.5518040974669558
277044,211654,3.2654799123017417,0.010258662168985327,0.237613465745099,1.2126732162190672,0.16565018832745887,1.4000731652020382
2500956,211654,27.56787529676313,0.017308650461738986,0.2772709828611209,0.03447615982843786,0.3378239709889033,0.0
5476505,211654,2.5848178942415094,2.5853639899227683,0.6955034127476323,1.6919578986541404,0.5055645844617006,0.07387561464281074
28321402,211654,27.567345703895345,0.040818616246787426,0.39635716057694753,0.0,0.35122052407462734,0.0
37985692,211654,3.255526878250914,0.0502949551915415,1.2002500508430844,0.818803067763289,0.21981375923667087,1.4247460240693588
13032574,211654,3.261682492781343,0.0,0.5370097190061746,1.1555640792833841,0.3225902500674855,1.1593703201409487
10318745,211654,9.921046248504359,0.535090817062714,0.021907447348350675,0.08240667010543636,0.0,1.5576056070559827
