member,group_id,r1,r2,r3,r4,r5,r6
3361636,211654,10.994491420327122,0.0,0.6273343401106309,0.3737396865288736,0.15663731065996234,0.025385027717483702
6218632,211654,1.499250900385947,34.880900142685434,3.527160744581121,0.036766880469422177,0.09493207393279428,0.0
804748,211654,8.65888426237413,0.0,0.04899974677896635,0.2990560354093469,0.25306815636675867,0.0
3501292,211654,8.614658739470526,0.15982713882759275,0.04190397643718308,0.29899547777997076,0.3356745680875379,0.0
6340089,211654,14.29587469170218,0.04449321217567451,0.0404917865973002,0.0707255669446672,0.22292612150509508,0.0
1796687,211654,8.60458138545887,0.0,1.1406233445047391,0.0,0.2156066355765802,0.16535157349646915
8361648,211654,4.341532381681955,3.8533034955254304,0.05583388445983371,0.3120721733539259,0.5262902603750823,0.085598120609854
11829774,211654,29.311924235612402,0.2988276431039685,0.22513510663439926,1.2685991018763758,0.0,0.023389148773808478
1944274,211654,5.529563564167429,11.894409506045289,0.0,0.33828263011568793,0.3432802444382683,0.0
2173812,211654,11.66455451777365,0.7237273168030605,0.5182775331107535,0.28688932327216154,0.16895658360884958,0.6079016109010372
5476505,211654,11.289204730654092,2.0482749349727607,0.4146049022259645,0.3428584596348135,0.1771792556986378,0.6174860699633997
13187164,211654,10.941940755772716,0.17239276469781575,0.08017435959271753,0.5679005954714826,0.22738422026903235,0.03263894098090496
