member,group_id,r1,r2,r3,r4,r5,r6
9903073,211654,14.48511275982898,0.5948013722060066,0.06977529499404443,0.6747548617295791,0.0,0.0
12209059,211654,14.87447449080344,0.1292411708842613,1.2683155971026243,0.004438132303833915,0.042892198330570834,0.9817000247538212
386534,211654,13.894577727521336,1.9235365429812932,0.19787026514038028,0.21844900546665777,0.017871384735126585,1.0040196701655162
6218632,211654,1.5936972921703207,37.25742378549884,5.4569516457286324,0.0,0.034156778379254495,0.3243103265822179
7361228,211654,5.280887960461895,0.0,1.8211851837144741,0.7086508241067415,0.48975847170121617,0.0
8361648,211654,10.255072283052755,4.290314297001707,0.0,0.5855159788955047,0.2593747702723707,0.0
13336573,211654,16.61618319131162,0.0860035285132156,0.20606043799166948,0.0,0.6196051179154363,0.0
1944274,211654,3.5245381064736683,12.451330027442857,0.0,1.7180865661580378,0.0,0.0
9761972,211654,5.405419799416272,0.41227352365471975,0.0,1.5761005940440702,0.2906604321546537,0.0
4248150,211654,5.178164659430882,1.1947823055109665,0.4286661057928379,1.1552360791723688,0.3689432076129006,0.623176018762046
8706360,211654,5.359601928044738,0.11696581534835133,0.0,1.4246327215208465,0.33362372195207657,0.30565454656752133
3578169,211654,5.352487286242206,0.0,0.121810240445595,1.343464190550515,0.37697269171148945,0.16638656289860507
13983482,211654,5.377871583971006,0.485052527062459,0.06346880584474414,1.5179074210199226,0.3137232746856009,0.0
8074077,211654,5.4491713165609355,0.6573062490783896,5.266202350570736,0.37937801171284846,0.20080192260081361,0.15835049700454149
