member,group_id,r1,r2,r3,r4,r5,r6
11128864,211654,0.12268741563649699,7.789365667016756,0.20737454288500734,2.1539587702633898,0.30099648189141803,0.24912396373990164
5476505,211654,2.4423340498316812,15.240008939123042,1.0245942774493224,1.2371067929043027,0.0,1.1135922498200708
7379363,211654,0.12183395520318388,7.693461817465756,2.5512026823578395,1.3427040299427688,0.4432618243828332,0.8916033279071874
7908675,211654,0.0,19.246987745730735,0.11542515031755747,0.354137438971054,0.31509276497688576,0.46169126485740447
386534,211654,2.2002737665610614,7.305231971203244,0.7401959726484321,1.7621289616744509,0.3228440037776352,0.8023131051558322
6218632,211654,31.943667242095017,0.0,6.8129865810419235,0.09469064230571808,0.03496262533911792,0.0
804748,211654,0.029194959875316395,11.289054025434464,0.0,0.9754058579773655,0.41341718313605985,0.0
3501292,211654,0.24999993959653116,11.23106919156528,0.0,0.9774853868216072,0.40391696473525723,0.0
1796687,211654,0.17669256274995618,11.082236059521705,2.1682445243537525,0.0,0.6264346649750442,0.7067946814067253
8361648,211654,3.7780012584988834,6.224816161889322,0.1053278655060739,0.824954488180254,0.7168188003809409,0.163581489271241
1944274,211654,11.010492936150198,2.36285617961599,0.0,1.2611199341633488,0.8356288713912053,0.0
2173812,211654,1.209608411149308,6.055013463589367,1.2947511025408536,1.0912273138885265,0.8225205663513936,1.010323834908772
10528342,211654,0.05203628748573061,7.842337675113766,0.025122258969638163,2.3161254108611162,0.2558873818775116,0.0
2405881,211654,0.17533811211352196,7.779856190787117,4.984073321216744,1.1531750887001386,0.35707821935389433,0.2299928992994433
