member,group_id,r1,r2,r3,r4,r5,r6
71990432,211654,1.6063120793688817,10.67662334208199,0.0,0.0,0.0,6.7118041364528445
191062976,211654,0.05764718725023642,11.128073440509388,1.2661515028221453,0.16832264599519225,0.19332920191268918,2.3719991260096904
6218632,211654,36.14081499097618,0.0,0.26561786490294037,0.03852663497610828,0.0,0.026933658532613234
188094569,211654,0.11225259946054071,11.137724045781404,0.0,0.1431605184332381,0.17725625635408712,4.3069778408451045
190987445,211654,0.11306003945876139,11.135778757594153,0.06950343802778523,0.252224278085578,0.038096491516112496,2.6257889830734675
34753592,211654,0.08664743161698904,11.026066785466464,5.773972335310819,0.0,0.023353793130798925,0.0
