member,group_id,r1,r2,r3,r4,r5,r6
71990432,211654,16.42061357641358,1.2412317620967657,0.0,1.0997675972776804,0.0,0.4544159555042475
12209059,211654,5.832980305717896,0.6307708526933463,2.236849781635208,0.17876450229714708,0.1300585068818389,2.1582748763807516
101021222,211654,5.927375060327811,0.02898418622522984,0.4810874692987311,0.0,0.0,3.995624448405324
386534,211654,16.428580386304862,2.4446942889956125,0.3531083541212004,0.1681024438918325,0.33581435400173987,0.13515310915521872
6218632,211654,0.6661671895052496,37.68929090817087,1.0367346819938361,0.2464979653873656,0.08111644740637315,1.9860411052277465
26181642,211654,5.866333996007951,0.3171566578716722,0.9294817168890214,0.2959362315745254,0.21981199156370887,2.829405740103515
159953322,211654,17.12838929451907,0.0,1.2250631245526356,0.0,0.1687947813442099,0.0
113571732,211654,5.890977955671179,0.1201338744656213,0.20952769015217101,0.35490282138384777,0.2144854304575131,3.279506322575245
86541912,211654,5.7169759210128985,1.0135498859288183,0.0,1.5039704387639357,0.23580048024783754,1.5127599580363045
131278042,211654,5.904966222501162,0.02074810997530018,0.0,0.48407853179553173,0.09390035111470957,3.4147706482787634
166875612,211654,17.527145049327356,0.030683267510792502,0.15876569411073174,0.009631744431841914,0.1452845202184734,0.8720640534641421
