member,group_id,r1,r2,r3,r4,r5,r6
129817952,211654,3.113381169042616,0.032472849276658104,0.09341476853474748,1.5062761288701643,0.9217591972061412,0.2457785409012075
8019525,211654,4.048711373300996,0.1043319693836874,7.143906255362595,0.19972664171590768,0.5387970823465795,0.3622595958755588
5882855,211654,4.034254498161705,0.2770823645397392,0.013316980568764885,1.8540234895996386,0.6639789400118322,0.0
6218632,211654,0.20890364875593953,36.19853841562111,0.027760103518735178,0.41193706528566004,0.08853637156503379,0.05197960507583415
131278042,211654,4.037193298340366,0.23213096971518657,0.10948229685992031,1.6923128662239946,0.6732561733492161,0.18236654259635784
134705642,211654,4.061380043388606,0.0,0.13364885871724747,1.6056953671102088,0.6863676926489426,0.2963851572074964
5462795,211654,4.052050988367656,1.5444049804648303,0.19891893399731764,1.7497024839596977,0.4113663362240111,0.37884503125049623
26181642,211654,15.996624346552284,0.46004965876854625,0.48890935725732065,1.0200371648442137,0.0,0.4094815410964812
10477357,211654,4.061514790693293,0.027606651336388403,0.053284944468259265,1.856455465858761,0.6705045234509931,0.0
114199022,211654,6.658968918488206,0.055192215601567396,9.308434162577056,0.0,0.04756495276615942,0.0024155139334492183
5779470,211654,4.046152568353323,0.12785679846531262,0.6330443488339874,1.4171885327190485,0.6781890533521141,0.40577795867790456
112062352,211654,6.6644435776975275,0.01570472541181286,0.027241481936532023,2.603865537501501,0.013690010904052505,0.1270721908908873
112634832,211654,8.355492475551914,0.049857372279731665,0.1609890316315161,0.6904202270233726,0.5134144137351723,0.348370813999429
71378322,211654,6.635324759864532,0.17428301612559535,0.0147492208391509,2.5293371858268774,0.01417863696210916,0.20895575447273573
8500343,211654,4.05819514288454,0.01318496002640673,1.449134738865492,1.232544207757725,0.6667398740603778,0.44591896558314953
95646682,211654,6.654817504623425,0.08311361885099901,0.03717300030537003,2.709230462148318,0.0051023465127804715,0.0
3213595,211654,6.717699027844445,0.3372468850133383,1.5542191365667917,0.14185703062439278,0.5353174257067248,0.5362197269785692
137277372,211654,31.654262081753505,0.22182312471588322,0.0,0.0,0.06456279000301599,0.0
