member,group_id,r1,r2,r3,r4,r5,r6
8476608,211654,10.519850258012376,0.24911951472512808,0.0,0.0,0.6611449680881984,1.7087821482590455
1021377,211654,14.902542353094374,0.05502494545101699,0.6153512310997045,0.0,0.23434458994948193,1.3478211039989525
8744676,211654,10.142459153205246,1.4072508440202292,0.6375912260768234,2.017732043527907,0.1909168760721494,0.0
6788741,211654,6.272127776227288,0.3678155918195885,1.509050452950585,0.20455643560907336,0.8381610296551635,1.0001478652554667
23820102,211654,3.112642254112311,0.11042520012303783,1.1512435412684618,0.0,2.75457278768089,0.20721820570169996
386534,211654,5.2604868296035106,2.5099810919890424,0.5113439744400187,0.06630557938289805,1.1276821805085047,1.539254457998677
6218632,211654,0.38367537465942936,36.10299484211226,0.19452626781133311,0.24118918191141325,0.0,0.21723587025769628
65557512,211654,3.683596610566721,1.3330496541935015,1.5005498383960154,0.5228528049755884,1.8937829945533233,0.163724197268545
79086762,211654,7.562785024268548,0.0,0.16928347635609306,0.36370829281674316,0.8673388886774428,2.0447074914928627
78743082,211654,5.601401693504285,0.0,0.9555063057327817,0.49170190563538624,1.306706274606399,0.9213486631993986
76298252,211654,6.324067862544218,0.08265582172645362,0.6417956935254672,0.0,1.0319803419091043,2.023874663737027
43029962,211654,29.78026780936206,0.0,0.562553540797882,0.40304510203448185,0.027222900760973674,0.7570166981298749
80283662,211654,9.985521071130602,0.0,0.08188477621678023,0.45838021624030634,0.6120724497214667,2.023588371678487
13518671,211654,4.498126099575748,0.3486683097166414,1.3428680581873045,0.1149956269092263,1.4798129501241974,0.7660626182596973
76464432,211654,3.763065945776602,0.0972170530862855,0.9035685679859389,0.13831882964150252,2.2245170867224235,0.5682874765443345
10318745,211654,4.338925344667069,0.5527080108704658,0.0,0.0,2.032099055027092,1.6944618954148893
71037182,211654,14.911477381069215,0.027320619896973278,1.4886249871753068,0.0034464261560886193,0.1393139745020773,0.0
