member,group_id,r1,r2,r3,r4,r5,r6
6218632,211654,0.062356698698339603,26.12809086056633,0.0,41.204336583395246,0.0,0.4107287887535565
13983482,211654,18.47536991557187,0.48087030756347404,0.0,2.134957432833287,2.650739420023635,0.007297504835705421
13176716,211654,28.29875822725155,0.0,0.0,0.0,2.195858009076674,0.17642563101978276
7879375,211654,28.276031199789855,0.17656235961692243,0.003478209440231404,1.676613008048437,2.0747182601944294,0.24425624590218642
