member,group_id,r1,r2,r3,r4,r5,r6
136020962,211654,1.7927332572637569,3.587230238088047,0.0,1.7701873521575449,0.5219332186199849,0.0
7379363,211654,0.1918639302070511,21.148278411482273,2.3103329374666672,0.0,0.0,0.5420675816814753
187458918,211654,0.0,6.152633223334279,0.4581518132368124,1.2862554044775703,0.29750542950627834,0.01810558999682711
191293063,211654,0.08114452559185861,6.139369237154845,0.7297341897507287,1.2681339504486089,0.25357568664871477,0.01814428197343037
6218632,211654,35.785776880271825,0.0006006101663852692,1.6484616850745237,0.0,0.0,0.31546418508305035
187864457,211654,0.08446844640237526,4.824191599314896,3.0433027561370944,1.2924052532180061,0.01158640352479827,0.17216202650626194
24317682,211654,1.659528479522794,10.634155212160413,1.1815317187754502,0.3761296326192163,0.31090708286368185,0.5183037617252548
187365074,211654,0.6289857456027959,6.039898427969439,0.0,1.3107528163236744,0.21417710608216883,0.13972338561426476
116997492,211654,0.02526477196247355,7.511880453078985,2.051957199769104,0.4074512220506374,1.4424039779028324,0.0
113571732,211654,0.307327516991333,11.033189787548233,0.35144633926253144,0.359868017530445,0.9717287314599478,0.24426582907219643
99957012,211654,0.1614858781847416,6.123238477642609,0.14835372234773037,1.2953054821427137,0.3523703616869261,0.010493392891658808
194194327,211654,0.47039415452173045,10.602957386528148,1.6707589611563627,0.1403512405119022,1.3469771286524066,0.454726463193953
191026365,211654,0.05643084155116974,6.139915838663294,0.5897664508207066,1.3239197301061172,0.004593896193372379,0.23249877554159468
