member,group_id,r1,r2,r3,r4,r5,r6
35948992,216610,0.7985935232974164,0.23645564475524086,0.09408253633875513,4.009606316007615,0.5505013160063736,0.6132211272714466
2936352,216610,1.1958236118292258,2.664882687977424,3.9647625538627875,0.0,0.4879029840188446,0.0
13658817,216610,8.99526807413718,1.5503212939223057,0.022361672347861086,0.6417835874421486,0.03371169501240312,0.10104557637384531
13036260,216610,8.996394791316607,0.0018033297302357245,0.4374125513849403,0.5645362267507007,0.044640812545838786,0.18881696021665267
6485829,216610,6.058371154386568,1.3183252990084129,2.633988501968644,0.039758515344904106,0.4785386584562862,0.0
1890694,216610,0.7494383576416496,20.497532013292943,0.010162966661378477,1.0636572019209705,0.6799406593310098,0.8008419772448685
187533739,216610,0.9093675119978631,0.0,0.6822953519435034,3.960338768203865,0.6130581644705025,0.09902968161148476
12743307,216610,6.27280754037699,0.6932018619845797,0.8862337829545542,1.4722196478235907,0.41243459942406413,0.06000221579740896
59015342,216610,2.870530775820687,1.1298654182482208,0.22246889784131044,0.5517409401372672,0.5914009696446616,1.8078946414129409
335183,216610,0.8827969684261056,1.100838534273071,0.005828744782868485,3.9703902940881335,0.6539299343596707,0.8195105717029422
82065262,216610,1.5961649741292645,0.17198245108943414,0.0,10.104889766150176,0.0,0.0
6046031,216610,6.180622907185346,1.023782922840867,3.156635430274151,0.2606918617603445,0.3406222509424364,0.20300901729336604
4848884,216610,0.8036710391618358,0.2208413334800037,4.322312743104025,2.199394674487241,0.459075464003417,0.7856759546020241
77289942,216610,0.40195151682001007,1.004699272072422,7.00401032696163,0.19770778131685518,0.0,2.391605775521393
12710427,216610,6.32276805261116,0.03803926673112729,0.0,1.3184486843057341,0.2266417787731165,0.3495767489773308
