member,group_id,r1,r2,r3,r4,r5,r6
13844769,217068,0.24004075781322629,3.9530177850301604,0.07676925291575723,0.0,0.12277704318641004,0.8184856230102397
33120962,217068,0.49268011813648094,3.860831458518773,0.871987053940626,0.5324504550714187,0.1757028629236121,0.010354354515818743
117752482,217068,0.010597384724710002,4.184922757445892,0.0,0.0,0.12166718356881843,0.0900151738101749
1791300,217068,11.14647276080667,0.7492193060945985,0.41812919140886,0.24753124309608082,0.012930761980554952,1.3555712868395013
1932550,217068,13.89800174664015,0.0,2.36272871657908,0.11717724865368602,0.05334115437463305,0.0
3838982,217068,11.342577959915484,0.7686802357967668,0.0,0.07023236437474105,0.06027725437422057,1.357507048365058
12106664,217068,0.6972631601893379,3.833214507126539,0.18557442811710942,0.0,0.09278864952104407,0.7378480002131137
12864168,217068,0.9640643054189807,3.529911193019152,2.109416697880079,0.8045533309017077,0.0,0.09298921816493175
35334152,217068,0.5744389451286861,3.6228957505305255,1.276363441493708,0.7365179838245203,0.04475389345118916,0.7343282746384353
52967752,217068,1.7926556098767168,3.4614398500988015,0.5344890411506069,0.37893711992607,0.1643711476699943,0.5226331460857345
79724012,217068,0.8375189057799481,3.748935244537108,0.12471383985152765,0.2787822731074921,0.10780310788149629,0.811406530470351
98053512,217068,0.2931827356343161,3.776619828076713,1.4246439937274276,0.5462897501453006,0.1613382445201824,0.2863904370899019
160262542,217068,0.2853030090520515,4.144880944010689,0.046499446301910934,0.0,0.0,0.0
191073610,217068,0.01566971131888765,3.8981797654738575,1.4545775794792293,0.39562388897635187,0.27481657499452916,0.044042293954142116
196770984,217068,0.0,4.078714557521373,0.42530510035528407,0.0,0.4605056529039783,0.0
106137912,217068,0.04420635481468807,3.892235971806261,0.490671210892405,0.5149018388542078,0.11416743299446638,0.7724818813925645
1347065,217068,0.7348998998157902,3.7177104769217606,0.4924001029577678,0.43073110014807087,0.09877268718730534,0.755189281029082
194308826,217068,0.05058174176392699,3.9527428771245083,0.26758448830267995,0.0,0.2852597359989963,0.7854779946050566
