member,group_id,r1,r2,r3,r4,r5,r6
29046852,2220381,8.393950869417523,3.148559037924107,0.08130675525184036,0.8501947008813141,0.0,0.0
99503012,2220381,4.001070925924598,12.383722924072112,0.4043663973751819,0.8225077122004004,0.3903961873401331,0.04793248459088106
29007782,2220381,1.9296113421240384,1.7559915582990189,0.1918715464900012,4.8329370934448965,0.0,0.05458389678173753
50029352,2220381,6.291255687180968,7.254937672284142,0.1535870424495005,1.4534696173637944,0.020444549129594883,0.0037260212684469716
10472905,2220381,26.884090553046814,0.0,0.6837869035243938,0.04665357857028268,0.6353652317256454,0.007955174665476449
3278666,2220381,0.0,4.640859315798554,11.597688820302952,0.14314774100311847,0.09314100643787439,0.0
115722762,2220381,1.2556163207898936,8.732856105192155,1.185841739257419,1.4283545211862063,1.3311948252693753,0.014043625279759145
8083052,2220381,8.492239128094536,9.065102916684017,0.5637445306015971,0.3716439240387527,0.6889902716125679,0.03494522291253221
83596202,2220381,4.257278268432986,9.780030320760547,1.440715148553502,0.0,1.2521078384361901,0.02894599352030056
6673230,2220381,11.371434861071629,2.108597524402489,0.007391422045449316,0.7743769041120357,0.22947834242831514,0.0
22843661,2220381,0.12244430636530407,15.159961880215743,0.30232136196067844,0.019192869544191048,0.0,0.01926355238479577
44989042,2220381,8.176787731704886,4.982955049268269,0.19119840615578113,2.314090220179109,0.6662754414381368,0.0
11171060,2220381,11.122030908791476,7.422612750336276,0.6582598344733489,0.6278608073700678,0.5303915182785326,0.07681151379008287
113794872,2220381,2.622553998088304,8.70933736286228,0.0,3.0842830640447834,0.3525702904093538,0.0
122710522,2220381,0.01771958711397605,5.658201515167793,0.4044825814135912,1.1516894187945501,0.03828621222772708,0.08550027247921826
39119612,2220381,4.482942202865691,12.351432439399671,0.10001358582525273,1.106448379176304,0.18747633289821808,0.0
