member,group_id,r1,r2,r3,r4,r5,r6
13869794,2220381,0.04078377728955075,5.284244190944819,1.9828504965588907,0.05381476689034226,0.4234248056495524,0.033864434586611175
29046852,2220381,8.791892924804191,0.0,0.0,0.6280718069115622,0.18829493744893797,0.0
99503012,2220381,4.15682187142983,6.700088431291064,0.6842583570859885,0.4477509869688606,1.2994616830312589,0.14863060288227734
65511622,2220381,0.0,14.071791746955133,0.10411962053514122,1.4478416897932909,0.7374422665040498,0.014582659745832543
10472905,2220381,28.180004032624606,2.753186870422081,0.9964665294167196,0.181368545496081,0.0,0.01864513247644486
83596202,2220381,4.463200534752023,12.55476563808454,2.5908014271927673,0.7101037616434187,0.5701868530576691,0.0
8083052,2220381,8.896427527448202,11.140898345092909,1.0095044858205866,1.0837894375627035,0.30203000909797206,0.042154889585448704
9709709,2220381,0.24108599001351733,0.0,2.2896614231705787,2.9410528420426547,0.0,0.0005769402896664412
170344752,2220381,0.15177819678886267,5.310152205296377,0.1753695941512865,1.0403285034281573,0.3259068730784985,0.04439714932651772
93983122,2220381,0.1001706901418726,0.12616455041787858,2.750680184000569,2.426735517363341,0.10510926655809982,0.0
159533682,2220381,0.16614927653290995,10.930115754571267,0.13142036900227913,0.0999236521779814,0.0,0.014854209695063705
161482802,2220381,0.04979181529393958,9.977097307713738,0.14493129241283997,0.43084724503703914,1.0147139856839908,0.019669913951863724
10336663,2220381,0.050115808758023385,10.040937729201179,0.0,0.4664193232815736,1.0272213218119042,0.0
23089791,2220381,0.41236242032818415,9.83858629539568,0.2646417587992919,0.39206417933567556,0.9921204447447229,0.02596946010564572
