member,group_id,r1,r2,r3,r4,r5,r6
3207234,2220381,0.3567032917633606,9.215670391699256,0.0,0.0,0.010381964668870895,1.0272472402876227
99503012,2220381,3.986553701116934,7.537805570074686,0.9915570872810994,1.3050318673204981,0.45914221724398696,0.0
29046852,2220381,8.380879794912461,0.0,0.11545466048213644,0.20879380466081174,0.0,0.0
6110310,2220381,5.63223761406289,7.8745495423831064,0.6994739535483296,1.4518884982565026,0.32478105516442496,0.0
50029352,2220381,6.274357514136061,5.4961552316771325,0.06038144448290583,1.1940681439982985,0.0,0.13607702554424372
10472905,2220381,26.83131132601307,5.0144713240441074,0.09739730266694874,0.0,0.0,1.2415446587845094
83596202,2220381,4.243625177293165,7.08146711881466,3.0655934195714236,0.3733174596858021,0.3621309643723267,0.0
12233212,2220381,2.478055763353738,18.2147229182878,0.6183235658965064,0.5936439941792622,0.0,0.0
94228492,2220381,0.6199488743344795,6.759379999311005,0.4892044689189596,0.05154095871171843,0.0,0.9310009254474957
8083052,2220381,8.469027039764418,8.130142971005418,1.3357919710614603,1.0314373779973087,0.18230817295430243,0.009017503040435257
24834862,2220381,5.39538053435105,13.076087657498514,0.8703624353636029,0.654811752229392,0.0,0.056143271496173236
44989042,2220381,8.153930927769805,7.765487368024525,0.6549650311496849,1.3120248751676198,0.24229994013099512,0.0
11171060,2220381,11.09874431241471,7.320114060203801,1.4573803748568943,0.470480629045916,0.34286661529255874,0.039495575311974
42051222,2220381,1.3624799395593097,10.81158112092314,5.25775808760688,0.0,0.0,0.08849661229033634
12730167,2220381,0.2201343892808697,0.4253218802225137,0.2407230707270324,2.2390551140526527,0.0,0.0
4728,2220381,0.24249918891553232,0.44753077441565176,0.366700068857595,1.8057961667064233,0.0,0.5879042325212179
14613596,2220381,4.94793565502676,6.195682951748092,0.15490362371279007,1.3700260870840228,0.6361983398891319,0.0
