member,group_id,r1,r2,r3,r4,r5,r6
13308063,2220381,0.05521615523377299,8.166938726636273,0.0,0.3365426888564986,0.8318826398782994,0.0
22169121,2220381,0.21350248126626672,4.957852314062233,0.0,0.9551869253091424,0.5628911379558807,0.0
9473344,2220381,0.2797809904350239,10.349022683076623,4.9830600158791,0.0,0.0,0.0027042281603439572
6494756,2220381,0.36836426702254216,3.908906947674925,0.3404734992373256,1.1055399356928677,0.6966018479280002,0.5631368971602575
19139711,2220381,4.284373615869673,3.439786235278532,1.1931380078834593,1.1464563183087821,0.0036156415613295776,0.5234335691717469
13414629,2220381,0.025187365458249636,6.926254973621576,0.0,0.7529686043755313,0.1812994045222258,0.0
5604156,2220381,0.7694378476529494,8.359066451350655,0.23200041956606154,0.4565776992906315,0.2042242152007761,0.4753210269346463
1618728,2220381,0.8021980019651678,7.183296306934237,0.09477992836676911,0.5851474805129144,0.38842836316315393,0.018863734878033764
10472905,2220381,31.479160118657976,0.0,0.1183804278981738,0.0,0.2649300861905334,0.039418390064488815
10188648,2220381,0.30546963016793,6.4208664621047635,0.030623587342675902,0.5769240632431412,0.4829149505001777,0.43550340585231634
8922623,2220381,0.08783436894581748,6.160949762507156,0.052588278530635205,0.8847862123523706,0.07730750633911751,0.15626678347454803
9777579,2220381,0.36804793350364934,5.494383074882837,0.12240314159000357,0.5862446315187392,1.0654772652961793,0.013605787978324563
5278670,2220381,0.23603543792035986,4.971924760981959,1.9137537687771617,0.9726724829310289,0.10121773165595023,0.34312444860454305
8020943,2220381,0.33617774294479147,6.425158526068816,0.12462078993685037,0.5660559546512224,0.6363749644619887,0.0
6142396,2220381,1.2092953927744405,3.3931993117307164,0.197806479336246,1.5350744423448675,0.21105915326334163,0.2804488753833104
3178782,2220381,0.8945990599893999,3.6585959983688094,0.9501558648930878,1.1913554679919152,0.47773793304739787,0.7668970999765243
19209951,2220381,0.8038671207748532,5.153673383773481,0.11021554178431606,0.8601649069835728,0.6403799575954647,0.0
