member,group_id,r1,r2,r3,r4,r5,r6
99503012,2220381,4.102604199340093,7.424128865083673,0.4384097787025028,0.1754404413001557,0.8795063477750447,0.6555925172819379
29046852,2220381,8.624983239719603,0.02990481353927283,0.6252775594062525,0.0660212837560502,0.030660846441678092,0.0
39119612,2220381,4.569482120958733,10.754761487049825,0.8144041290342889,0.08959811747015237,0.903608097190372,0.0
50029352,2220381,5.9314325276728095,0.4371714968535612,8.641662711101274,0.0,0.0,0.0
10472905,2220381,27.736694799611705,3.3758924437322326,0.07822650176398796,0.7948143167682511,0.4063921881952493,0.22298051897184043
83596202,2220381,4.3731366526536375,7.221727910408826,0.20883736276164627,1.5116445804807075,0.8384285271013528,0.7493947287464444
8083052,2220381,8.740936812756377,6.615812431167327,0.33736458618809606,0.4834855419847709,0.7824011514774505,0.5792086069047041
44989042,2220381,8.38636025470641,9.793728175125235,0.7040887848852371,0.3563410036505293,0.811929039614065,0.0
9630552,2220381,0.36857713486489285,10.048098712489509,0.0,0.35590241135946066,0.0,0.6219020373610225
113794872,2220381,2.654690353563488,9.059464211594795,0.7813027422761138,0.0,0.956788498046833,0.0
2797596,2220381,0.5059660228848104,8.151941635484317,0.017397163536319878,8.096574634199667,0.0,0.0
131262462,2220381,0.07323576572235342,9.709203832870827,0.8211735454618834,0.0,1.0147071555682816,0.0
22677951,2220381,0.2785806011625201,8.824914947598545,0.585079145174484,0.21913943375810416,1.0508316579588202,0.22174236130026814
