member,group_id,r1,r2,r3,r4,r5,r6
3178782,2220381,0.8944243602488994,3.2590099903973777,0.9505866774882751,1.6275647450505961,0.4546699355241578,0.6853198855954201
13308063,2220381,0.05796511770738815,5.899222896821262,0.0,0.634152457484185,0.7830330335741658,0.0
22169121,2220381,0.2139395059124159,4.687585162661771,0.0,1.0821211972340996,0.5253626997117432,0.0
22625441,2220381,0.11776856982353642,9.132685326171611,0.0,0.22195062146284703,0.34805553113389837,0.0
6494756,2220381,0.36869592653651917,3.6976960101077236,0.3318130740491636,1.3726695768261425,0.6330604531135392,0.5076669454566195
1618728,2220381,0.8009332940682343,7.9577759873605975,0.0874468153507179,0.38872086600778044,0.412537352071706,0.021038203242181638
9777579,2220381,0.3684109309144091,5.207696419875083,0.10098885966369507,0.6756729046815672,1.004898759056667,0.023507084914610628
8922623,2220381,0.08840066946753372,6.552999980361563,0.05877464750067142,0.7865222162116621,0.1002134843036632,0.14104111368203592
7405240,2220381,0.5499771983320386,7.632684774574869,1.0026801808046468,0.4818209395838309,0.10379598002552787,0.6131780558502424
5604156,2220381,0.7694080096644262,7.954291933061056,0.2391609374037459,0.4552440097631137,0.21184446717350927,0.41770762652057214
6142396,2220381,1.207398038770637,2.83029233354045,0.2059556712279324,2.0826493265034287,0.1127667986397021,0.2538736839003795
9473344,2220381,0.2872811525501696,9.833563140847387,5.029570032555252,0.0,0.0,0.00017745960227296916
10472905,2220381,31.398635714412933,8.196535955607051e-06,0.10469775629242235,0.0,0.2678681676151162,0.027146314807873183
5278670,2220381,0.2388205458330933,4.706892844900681,1.9183278230060117,1.1719048109257262,0.11004462247043444,0.33210404865877724
8020943,2220381,0.3367524481607727,6.0966743481782615,0.1125975985763587,0.5805930249997914,0.6222655530404201,0.014480874235356947
19209951,2220381,0.8030034777111031,4.8772409314340575,0.10480938457867002,0.9711416468662816,0.5862051860370201,0.005384626995689582
13414629,2220381,0.026476506018876557,6.568764801064444,0.00677510345010327,0.7682071457124123,0.16628266689987242,0.0
10188648,2220381,0.30599475719836455,6.104834427547408,0.021172827205222716,0.6225718944092834,0.4954621420646388,0.3984716789040122
19139711,2220381,4.27584642041258,2.8313140539150567,1.2034897588173057,1.6076538013377937,0.0004158353212829094,0.4768874381955878
