member,group_id,r1,r2,r3,r4,r5,r6
12043906,2220381,3.0497287800819164,7.570707042056882,0.3196819577279241,0.7555280878823328,0.370723361312403,0.608527552762822
4332036,2220381,0.1284268987128871,8.343375448633948,1.0546393397445295,0.5436089377517909,0.5666793407444332,0.45067752005494865
6788741,2220381,0.14056859958555984,2.2684968036683775,1.396644902554709,0.0,0.003794514944104259,0.6623138256555748
1873927,2220381,0.0,0.13586760563169983,3.0125936501156456,1.346465457301094,0.1472342829741689,0.0
10336663,2220381,0.06783578886651398,2.8537006775093072,0.016708087801784444,0.7655688029032708,0.4342218899287018,0.0
99503012,2220381,4.22890102408011,6.613283797871028,0.3297571258888023,0.8583133211787395,0.514750330086444,0.584648906424185
67706532,2220381,0.0012822040106647097,4.256786497495195,0.4104218456350754,1.2469973461838464,0.612261879323369,0.0
50029352,2220381,6.654957146928988,0.036924460471214025,0.22489268860496708,0.545689678858444,0.29820449479037836,0.0
83596202,2220381,4.52528342396603,7.418475856252024,2.530090455582762,0.15314976404146902,0.1919710086642143,0.7558377641485754
170344752,2220381,0.1676751333145866,11.010866764067575,0.07298491732744238,0.03957563180192738,0.0007395942246378824,0.1587693751156191
161482802,2220381,0.06421138180230836,8.637343247747706,0.0,0.9130606082075895,0.7690326649848117,0.11845250486387617
87716792,2220381,0.013987798728091881,8.551219972037574,0.8118470511983586,0.6273125556340459,0.7111211356548973,0.23412364887293946
29046852,2220381,8.867818739579388,1.1333818769214414,0.0,0.9879294038040547,0.4212403316342105,0.0
6925128,2220381,0.04228946509899969,2.7647668155945984,0.2359282344002913,0.645213066242179,0.36028040067621203,0.11918449303855268
10472905,2220381,28.465388526308686,2.8180048401880033,1.2821333955269634,0.08016126160473439,0.0,0.30874671326413516
32250592,2220381,0.0550623890278254,0.0,1.6792194452270228,2.7528352746151747,0.0,0.047258539343882563
13869794,2220381,0.04447764144140404,3.914831753063867,1.9995482282423551,0.5392469832192999,0.36958395146021494,0.39263676636339867
6110310,2220381,5.97617806886049,7.164933243677863,0.29242634864530986,0.7038271769486804,0.47145348466771814,0.33213377171105735
29745392,2220381,3.4809417581546187,15.526086302592988,0.0,1.6549700401481058,0.28915729259206546,0.0
159533682,2220381,0.13916746165993882,4.211639570715912,0.09336253742614777,1.3803345483257567,0.6004928543447061,0.0
