member,group_id,r1,r2,r3,r4,r5,r6
99503012,2220381,4.097880915147656,10.643893495847683,0.9002702591438475,0.4558742896887194,0.17907859613753052,0.0229120836998055
29046852,2220381,8.608359970607196,14.096751598627977,0.0,0.5912877873210158,0.0,0.0
129234662,2220381,0.6857343107811952,0.0,0.5386849051564172,0.5536246404519715,0.0,0.0
6110310,2220381,5.790442796570569,4.663273201342433,0.6456789196427973,0.5622444973997377,0.10790286982129671,0.033132952492585126
10472905,2220381,27.609725190972643,0.424319909894225,1.4531267224156041,0.2961065870388836,0.04930454463219116,0.0
83596202,2220381,4.366075729972185,11.537080496151136,2.9116894153862707,0.0,0.014446158657430356,3.8976448142539294e-05
8083052,2220381,8.713939899655266,6.028554351467993,1.3292821679179379,0.2855486639927872,0.348326844003411,0.0
63213772,2220381,0.007082312368787196,14.048691939481682,0.04019638600228392,0.5594114344456139,0.15520847528001616,0.0
11171060,2220381,11.418085713369898,7.545405346946893,1.444913015533926,0.2357144526851783,0.18349063540107477,0.012297519377894412
177199032,2220381,0.08770174430384452,11.833554859061131,1.3810696253966466,0.19490983503981868,0.12779403818560245,0.0
14613596,2220381,5.0811308223255915,5.06343024525281,0.08400846633808404,0.7125640129333943,0.13488596757768123,0.0
4047935,2220381,0.0,8.299010864761913,2.0114231633124704,0.21508598959806874,0.0,0.04314328269983788
