member,group_id,r1,r2,r3,r4,r5,r6
7103043,22211,9.721060446407687,1.3595947740715886,0.960236694189806,0.4106756170363827,5.961009961314647,0.0007289423824499638
5999334,22211,0.3104980601668751,8.334670635118725,0.9287137044850984,0.5215631788025951,0.1602753911984565,0.15938350412647093
6749160,22211,1.4895315619386797,6.799502730083705,0.06210715207389032,1.0282853181501277,0.40283379789740387,0.02221380958704103
7778216,22211,1.9852959057025001,7.695320528387742,0.24188879619275305,0.2607693762415049,2.838677934069763,0.0
3345133,22211,16.19901309726162,5.1560098289951855,2.1879421556815184,2.496839924604504,0.0,0.2178430179574639
7874734,22211,9.14141128113451,1.0430707778019292,0.0012226216829395581,0.8712944788844827,4.810789542179597,0.0
1796687,22211,10.255327528920684,4.075194963426724,2.912506882409191,0.0,3.827890904757987,0.0
8561712,22211,1.4136268626496271,8.148566028914798,0.5382235885353196,0.18345679736579387,2.7914970539050734,0.0004697707483940639
2753552,22211,0.20644268858267545,10.462113777380086,4.1055899193197085,0.0633029820418143,1.1612297840404497,0.0
8859022,22211,0.17588541939309055,9.060395290388305,0.016186843375315646,1.8032520246878039,0.7972228573681913,0.0
9401299,22211,0.2384485096069834,9.001635345975895,0.2831985308144292,0.247986729448026,2.4787035658376406,0.0
501364,22211,7.313900767547919,0.0,0.32753971044521996,0.0,4.205668667719456,10.045486377295724
