member,group_id,r1,r2,r3,r4,r5,r6
3156100,22211,12.637360756248343,1.9935554450716595,0.5156426930085114,0.535720799591709,0.4562026751522584,0.5889189897786237
6218632,22211,3.8286009958808744,2.9600433435438225,6.057443440249354,0.0,1.8558524518408217,0.4156400574154551
2526483,22211,7.298881606916112,4.835347086893824,0.8495183158169762,0.39027794188298237,1.2186548290259833,0.28338118547211966
1668632,22211,2.168683776637596,9.941996326352081,0.014602076551912205,1.3007411093063797,0.0,0.0980004084370809
3256345,22211,3.0321904610726786,7.569518945925835,0.8027733735332023,0.20975223205016186,0.8325762470738408,0.29360436293167025
9379483,22211,0.8252049654767812,9.233498063563394,0.2369674458309005,0.1522013799798282,0.5692248966143987,0.30601195096147427
365853,22211,0.4096711840342025,9.611838659007526,0.0,0.14867183318906954,0.5521441159234552,0.3053439529781793
5533863,22211,6.983937725935774,4.467598650693073,0.24653836031914017,2.3620908194217156,0.10116179133263455,0.0858262705954385
4021161,22211,13.622240995313817,1.7785966191464475,0.11115813396538851,0.5194911347297508,0.5514433668219807,0.5507707869577828
1437737,22211,9.751267934524142,8.432721783028592,1.29009012745639,1.414768882297589,0.2127912001532813,0.02895086804400912
9836463,22211,7.026364805225919,6.3134638141643595,1.8452808759444415,1.0344977650629508,0.09212088599298485,0.11701440265482634
1796687,22211,7.217946620804454,7.6960942782409845,1.9248588466458787,1.1297256779405396,0.13454345243740626,0.10427737699523928
3018451,22211,15.313509768904742,0.0,0.5704923436577093,0.29480097230705704,7.423701481405997,0.0015225294792654655
9401299,22211,0.22204070659504654,9.651863597858279,0.15897961707107897,0.13177001906951133,0.5002163793114683,0.30921015097252014
3264990,22211,5.7532821861673025,5.5331105038033055,1.503389841787682,0.27795061823460643,1.2269583390178367,0.2659585952857182
8370531,22211,0.0,6.061693950324371,0.00683737156547444,5.102296592077135,0.05911149929404888,0.0
1202787,22211,1.0799986898250045,9.202668554586303,2.3783788993360186,1.3691106536281206,0.0,0.017890846298554364
501364,22211,7.679096808690276,4.8079760866566765,1.1433436408918007,0.21511428121603587,0.6558895685322538,0.4295424911263518
9254651,22211,16.840817240044547,6.949553331238097,0.1321625491674362,0.03496677306813188,0.4021124902440284,0.04790994331394563
