member,group_id,r1,r2,r3,r4,r5,r6
8535744,22211,0.3236904509639732,5.111806277932236,7.222674961654611,0.02245250543589884,0.00241898740494392,0.0
13787233,22211,1.4235009975586892,5.1298801788252915,0.9458841814186616,0.6070739897873751,0.18140750810782708,0.09510767739924379
2630147,22211,0.687241039990438,5.444623400426348,1.4381108161138794,0.6678510525804942,0.07609565618910748,0.10208748156695772
9324651,22211,1.51058266193216,5.383248429224786,0.10860845998016924,0.0,0.0831700187241098,0.3254319638211983
90923532,22211,2.08788402938023,5.144380099775124,0.0038731578591095135,0.19591304178888594,0.14095092418794808,0.25333113245768285
97677912,22211,0.20949127873653184,5.85977739471328,0.0,0.0,0.0,0.37567578250119454
13621681,22211,1.457969730773635,4.9939876153585,1.2104646966946528,0.5676088507738314,0.23990682542706224,0.06919908706723318
3018451,22211,23.711218120647555,0.012990254610658794,0.7605913649702316,0.013037071698008527,0.0011629773266750554,0.03974897482416972
110120212,22211,5.453899290211659,4.161064015565794,0.3324523040754881,0.37580569497015553,0.20867216624197177,0.12408078481058496
9470872,22211,2.2788460211042603,5.083155278773822,0.026130882182077105,0.11982111818410039,0.14926793236267097,0.26531554581158273
6923672,22211,1.7828973290714911,5.053042267055205,0.0,0.3298386937950041,0.23341564564161074,0.18901030299327862
3495807,22211,3.544020062892211,4.662496201770324,0.00406717016896333,0.26509383117401786,0.21057305675556331,0.19137402762610875
