member,group_id,r1,r2,r3,r4,r5,r6
1360608,22211,2.3164375088940243,0.0,0.182293986468865,7.601246920794191,0.0,4.480435186602233
3156100,22211,7.315245205277969,11.068101178109906,0.4537529780244419,0.04889082595775664,1.7187685051172006,0.019618952429486698
5533863,22211,7.084094884117128,5.802754238232127,0.19794477602438473,0.0,0.6453598269035382,0.0
10784871,22211,7.915590466861698,1.7329149195464568,0.008825539936192315,0.14878883908610305,0.6175837422683395,0.02847431537740454
4021161,22211,7.588371395182498,12.261169237815368,0.08748504818143336,0.19487102793481392,1.2299538240498782,0.03577991676187335
1437737,22211,13.413618175493461,8.013494853501422,1.2019544797454231,0.10963880089414926,0.04025785400993125,0.0
10121544,22211,15.906402146714717,0.2732015568215253,0.29542715621468607,0.4899833753012433,0.021952521247690853,0.12488922730631771
1796687,22211,6.536683176053581,6.3156769372667,1.8282476984283276,6.64394081768112,0.0705831816086595,0.0
9886864,22211,4.801357554708145,0.0,0.16527588576227084,0.34880045989289293,0.0,6.746128219504892
3018451,22211,6.114696382475074,17.359819063690804,0.35230899034961355,2.725996129795606,0.9892524684325473,0.008975911135509516
2526483,22211,12.414215131215773,6.038088860015135,0.8217385233014912,0.37805747115773236,0.365806833300835,0.04861581922235702
2358808,22211,6.099328887564554,0.4000246134504236,15.341831097258032,0.3702795672854814,0.005334647368982473,0.025225248618225414
5547289,22211,13.339171779113707,2.3247331299121767,0.9409770739645261,0.4253555468672737,0.37294627158707805,0.04544872160740914
1752986,22211,8.056084017042377,1.1690354991410103,0.09468693182616522,0.1398261445813265,0.6315280226069816,0.0
9254651,22211,6.778635633215505,15.933024362969814,0.03950003052495728,0.03717864309643041,0.12976722556171152,0.0
9389887,22211,7.90948336984342,1.7636156668819092,0.008482042987890879,0.1481390293044478,0.6175912350815591,0.028385649664957453
