member,group_id,r1,r2,r3,r4,r5,r6
12209880,22211,5.215161384004629,3.3459619745919924,0.10043167658223104,1.2808519157425802,2.319981141450905,3.404640882603625
8198866,22211,0.011569358295447852,1.9031781583660825,1.2073017376183715,1.732831969196215,0.07038394464834465,5.00366058374295
9379483,22211,0.0,0.3042794029709403,0.2595061098175135,1.9247989127158642,2.675322113940537,5.093053940696519
24859472,22211,13.078062293800642,8.036433278931765,0.6878090627634234,0.2858177084037294,0.0,0.0
