member,group_id,r1,r2,r3,r4,r5,r6
3414083,223574,0.2621838592283873,0.5202146478813954,1.4661087160189217,0.25650689679247046,0.5347895441535798,0.6737644737962792
2774948,223574,0.8578894200578108,0.242012177686811,1.3723762161243196,2.0649278942404727,0.5650173981849329,0.0
840229,223574,0.19373307833947057,0.08083914226619228,0.5050859080502329,0.0,0.24275066304920156,1.0206487660242487
1628199,223574,7.642742666682032,0.010570010469531948,0.4072436448246398,0.12519662921484634,0.506144339690265,0.8711643358751736
626312,223574,2.3760246815324835,0.5847761872589206,0.7623123377141457,0.007289208692132567,2.154096176126612,0.7676558574010602
4924877,223574,0.045939725727515535,0.14684141333884645,0.4685071197341833,0.5039483511898867,0.31896920228642245,0.6469474869186773
4086031,223574,0.11090968023734604,0.6375742381679852,1.5074013232373558,0.0,0.46315062006274377,0.7857760462878949
3375763,223574,0.31017677300519503,6.645082970594847,0.9230617789394859,0.0,0.0,1.068195227978816
4464789,223574,0.03560944227963659,0.6217159563902199,1.4817330328505114,0.20449482484692602,0.5277534971516912,0.6979458429932374
3317974,223574,0.317415228809313,6.545957357147768,0.9955275850617399,1.2268082371810776,0.0,0.11061611490972292
1910230,223574,7.787499559353848,0.5440565625688768,0.6956758944932115,1.6748775010582446,0.00469112650119988,0.03275600620350267
4837045,223574,0.9277339478625156,9.6579247903369,0.0,0.5404266494878521,0.3105752580019388,0.03405454635970168
4575833,223574,0.11090968023734604,0.6375742381679852,1.5074013232373558,0.0,0.46315062006274377,0.7857760462878949
4906335,223574,0.3472055050552123,0.0,0.486395258646462,1.0590822460748506,0.19999025335012943,0.2961492908350136
