member,group_id,r1,r2,r3,r4,r5,r6
33321382,225184,0.07227420296621714,11.895991390318402,0.2369185808968143,0.66335789160381,0.5169382347981806,0.040980179615867814
10307719,225184,0.3762778277983709,11.7825688147054,0.8297618497188962,0.4510940031474389,0.26522350235008835,0.0
133561352,225184,0.11353930781033152,8.967614784100306,0.0,1.2305950016110805,0.0,0.01439556193450651
11271529,225184,0.9136111925044518,0.04436912069861922,0.0,0.0023391106649784097,1.8942400843630887,0.013402255024425186
37239242,225184,0.029472832592598284,2.5669227673393538,1.5302151883127464,1.1391139983945506,0.26313713621610446,0.0
126803022,225184,0.532214982244588,1.888352105455663,0.40493261862073693,1.5675162924583135,0.4453403087396739,0.11318020950974145
68865582,225184,3.903205655204298,0.026751971820572075,0.14425836967697084,1.780769151424223,0.0,0.0
132760082,225184,0.8709062042066442,1.2950144982232092,1.8666307135719205,0.882891296627388,0.0,0.529182212445208
39122482,225184,0.14016350342558737,11.86207810241499,2.2554165251454803,0.0,0.0,0.41231545400575453
125120052,225184,0.9472815671604436,1.8208105885053472,1.7157525628838755,0.780893756542735,0.2828016585108183,0.36528651138557267
2608440,225184,23.153143711958595,0.015683959744667096,0.49136671429271894,0.044488032667559234,0.21112201329581667,0.24355559064695076
38357342,225184,6.35260945905863,5.075035267211347,0.0,1.0862939870403094,0.1322526264810726,0.02790243786024945
