member,group_id,r1,r2,r3,r4,r5,r6
14532806,225184,8.516384691494572,0.0,5.21061849157208,0.0,0.3916102274130416,0.15788898455355224
9175924,225184,0.0,5.924373970981486,0.18652702631175683,0.0,0.1480575690656134,0.6737841042254955
2608440,225184,0.0,27.395819942290682,0.5829811653202063,0.0,0.09858499017252219,0.3746942939767127
10871897,225184,8.543228631963379,0.0,4.8310111594236,0.0,0.38682201617639517,0.15779991451723313
2062587,225184,1.9607559644203232,0.0,1.6267312307488444,0.007762786689534993,0.13818392962076875,0.052777397314622276
