member,group_id,r1,r2,r3,r4,r5,r6
65111392,225184,0.12782989493893998,2.3178997968965747,0.056764363376185525,1.599902371870449,0.48617669537943464,0.9765982219200364
12330494,225184,0.363608282543669,0.4054485978561965,3.4967260606125716,2.14684246298422,0.0,0.7022412674622507
65619562,225184,2.8693396806293796,0.191681005588283,1.1175965753652022,3.1583948318460937,0.03057859156031711,0.0
3347346,225184,1.8672569794465084,4.307621540079039,0.10584377921953467,0.5831276461792263,1.236868835416339,0.015476153310407229
8467673,225184,0.28460766899379536,9.267125917668643,0.27681206545702647,0.2721006799216589,0.06676828018240269,0.022136279271752723
91077692,225184,0.36067819637232124,0.11791113780043187,11.007869798001963,0.0,0.0,0.0
38357342,225184,12.272278555368224,0.0076497877277167,0.08933144776350427,0.0,0.0,0.0
