member,group_id,r1,r2,r3,r4,r5,r6
13606105,225184,75.44008322203953,0.004995583932455413,0.06643741079818631,0.25623490082042394,0.02451352602793785,0.00020906829995176625
13543909,225184,17.7046826735589,0.08300417529351191,0.0,0.5099528676681105,0.019795538357953373,0.0006443461711389434
9175924,225184,0.1868722680028616,7.188976667360135,1.00193314121399,0.08365275078473972,0.0,5.687893895936238e-05
2608440,225184,0.12469170362123534,30.883607595706952,0.0,0.028183909544305812,0.005739254491455362,0.0
8223737,225184,17.704230351089077,0.03275095360664728,0.0,0.46431865959409446,0.48385586789437546,0.0008239419361718546
