member,group_id,r1,r2,r3,r4,r5,r6
110519522,225184,0.6221061261038437,6.067739958706879,0.017527079127906475,1.295332518865121,0.0,0.8929742761953484
110683972,225184,0.30445469875366565,7.563554073126912,0.03392823241064892,0.9427244974938817,0.0,1.2765868281489545
7597127,225184,0.07067395031022272,4.141645261488891,0.723772246045312,0.007360799547272514,0.0,2.0350013696154634
114517162,225184,0.02889025853866489,7.678236459974916,0.3247068843542434,0.8573281379390676,0.03677312072135244,0.7494511113195396
114690612,225184,0.10486039721618069,12.88243372802491,0.16574561996129036,0.014155909320378569,0.30170780292613375,0.07047626272701335
11026934,225184,0.5838728877993341,7.750397942237304,0.7150586134553173,0.04992627484666827,1.1016323263209935,0.0
2608440,225184,23.886600169890855,0.0024369742473820777,0.20685399311140487,0.0,1.2712204862274556,0.25242790631298634
38357342,225184,6.548589172105246,2.924362436362862,0.0,1.8905796862863489,0.0,0.029945080569219247
10764799,225184,0.11270258811732868,4.113442315744411,1.2210729886029035,0.0,0.0,0.5718146942958028
