member,group_id,r1,r2,r3,r4,r5,r6
8703616,225184,0.4611566627389933,13.071795151458174,0.05852528490827753,2.1567231800048225,0.015482300250943708,0.0
127539012,225184,0.2716783267845683,6.740125999588475,0.6657282487700915,0.2141480367453642,1.2847348667269967,0.3106440628281231
43902762,225184,0.3898552885635425,9.864482167631971,0.03140234078657303,0.0,0.6385290447712668,1.121266616196926
130715722,225184,0.037270989197470086,0.7132553849758543,1.2963620783855463,0.16959997745466462,0.0,2.4228021920288807
126803022,225184,0.5445882169261167,2.0222510567553393,1.2568969697214407,0.5314310269501982,0.23830875252074435,0.5481592769429662
68865582,225184,3.9879286951643933,0.2472543474559135,1.4487250319455676,0.0,0.0,0.6430629267776892
124902832,225184,0.2700264839348185,6.821323306187893,1.0317722138853997,0.6058963304519077,1.0948631990094404,0.029759024934566173
125120052,225184,0.9703062850037336,0.8840359069451986,0.23075336512398673,2.2921092540332,1.8992258860740279,0.7053815779559173
25111382,225184,0.035805136684118534,2.2848090736325597,1.167241127445945,0.5995957428582824,0.3044633563641927,0.7024546261594117
2608440,225184,23.65932273507473,0.0,0.0,0.9469440905898495,0.0,0.0
38357342,225184,6.491082616649756,5.872116877612007,0.6291602802608356,0.0,0.5239218966111598,0.2702833064919741
