member,group_id,r1,r2,r3,r4,r5,r6
8467395,225184,0.07451702432984562,10.455220079733214,0.9924160268080096,0.011220065671575647,0.5590909785752112,0.21730484676843487
10330788,225184,0.03622756867435444,10.50536429308031,0.48783064060974923,0.6864505838424528,0.0,0.0
14532806,225184,0.11770557824827547,7.303427402595744,0.0015256555103427445,0.0016014844178870347,0.00033349107449996804,0.0
9175924,225184,5.689787180665956,0.02813778236881503,0.005743764231698629,0.015935592647765992,0.001042110058720494,0.7064574523110351
2608440,225184,24.26564865206732,1.9790586929415973e-05,0.3843410470850721,0.1751932170190562,0.7004575564864174,0.0
12330494,225184,0.232641501178657,10.353806620063084,0.017019885794876812,0.5563355475630135,0.563749504868181,0.5418192037292201
