member,group_id,r1,r2,r3,r4,r5,r6
4850274,225184,22.196764629379796,9.213051051164163e-05,0.0005646223844903201,0.003940956586879764,0.0,0.17513401835998915
3893893,225184,0.17973530983501046,0.14906341167360673,0.007239396843050182,3.1739784305454983,0.0,1.4932422316799394
4851655,225184,0.14257384298217488,0.17089342515538436,2.663215307834005,0.0,1.8420080425157381,0.0
3989491,225184,11.11616257215033,0.012350244853004826,5.939167313471734,0.004530247588681187,0.0,0.08022237510911451
4135349,225184,11.153430457110389,8.703494819258773e-05,0.02535163069213489,3.91647163743617,0.0,0.0
2608440,225184,0.07322721374536738,24.60559109719433,0.008174706782064967,0.016028027326415645,0.0337032005674488,0.03753636697000291
