member,group_id,r1,r2,r3,r4,r5,r6
132027112,225184,2.3545765707893747,0.02084597584086239,0.04045468943637216,0.5996535924956525,0.5249316676321689,0.0
190919113,225184,2.72592164152922,0.08180136848817596,1.0724617083140602,2.7254767961127984,0.08895682965054552,0.44102199791590796
190396937,225184,3.623717188247599,0.001364156502751137,0.5079084978083389,1.3903427497300644,0.42443800677021126,0.6023680133539179
184112137,225184,2.1300042828806287,0.8458012154062781,0.0030844847076552766,0.25258514277009764,0.49349731672761604,0.5108264384135677
2714189,225184,2.9513205953645225,0.2132792415269413,0.13717030274982647,0.09816997985652269,0.0,0.5139995879036866
68865582,225184,0.2233769950152878,7.611555678122892,0.0774431913607768,0.0,0.3617876516613482,0.0
8156398,225184,5.354578225499238,0.0,1.588533365039619,0.0,0.23122386361119504,0.45040591832472826
3347346,225184,1.9936609273873203,1.8034804598483658,4.419699254737598,1.046132219813287,0.014978769430622714,0.029845796644383808
107409522,225184,3.876146302609846,0.3389412032803565,0.7930237915890753,0.22178169673247938,0.03488258060358152,0.5553912972982611
9175924,225184,0.45232888944067456,10.6069498240134,0.0306011761574523,1.3096043825439287,0.30495251251574396,0.0
191280594,225184,5.354391440302681,0.035192941095863586,0.14665331771553516,0.0,0.2942236976600738,0.6185413674906101
22731191,225184,0.17813636983030745,3.5901424960745096,0.0669470297349876,0.9195189217794427,0.0,0.0
176658682,225184,0.6599374872836581,4.688750301378959,0.0,2.826783121754971,0.12769104873997408,0.07762485479998385
14307835,225184,1.808245551106611,2.3280246622655927,0.0,1.7265558577917697,0.6259892909282595,0.0
9072029,225184,2.3561631329185757,0.016218636411467507,0.05716854940900453,0.21576288235888536,0.5175260062441884,0.603725905865067
51145022,225184,3.586647610611951,0.07760050843266297,3.5318469071573357,0.4788518393786383,0.3582467340703982,0.13828017201519316
191018303,225184,6.277187646124034,0.07077859697187308,0.07362128847275382,0.1033139631500254,0.011121059208021864,0.0
