member,group_id,r1,r2,r3,r4,r5,r6
66532232,225184,0.8301402631372832,0.002983028316193119,0.9042067517737027,0.829334357599778,0.7786420016452703,0.4502101252814033
80151242,225184,7.673798381384652,0.04731562790512178,1.7283847219834212,0.0,0.0,0.0
65619562,225184,0.1503218056739714,1.504081339909878,0.861712137033465,0.9627554242618115,0.15275249562722373,1.2904898441710793
2608440,225184,0.11097603022569183,25.057419992361964,0.0,0.0,1.2083837514761464,0.0
80576092,225184,22.84485956573199,0.0017315081089318237,0.0012705967849453656,0.595737011677859,0.0004621314779719908,0.0005046751498551888
38357342,225184,0.18785193108059564,6.8160407012217545,0.14147162099824728,1.9955334649806802,0.0,0.0
