member,group_id,r1,r2,r3,r4,r5,r6
2608440,225184,0.0,0.06850208819877973,4.253445802410098,12.708426100541569,0.0,0.4712699228646117
8703616,225184,2.804023888071146,0.0,4.640948975988543,3.28710194670981,3.9682447855722365,0.2192864885512198
