member,group_id,r1,r2,r3,r4,r5,r6
70547492,226502,0.2527575338584379,0.5698738569497077,0.0009883555251881605,6.161662362464061,0.0,2.244384853138615
4201606,226502,0.061500173799927595,5.836070423574452,0.0,0.30015886300623223,0.0,0.0
99821032,226502,0.19264806916024135,1.9125091667445024,1.593927155406697,0.38480708085979415,2.4420854467076643,1.631187989931852
13470345,226502,0.3747537547158734,0.0022409079478585884,4.167212273542044,2.214279728616985,3.613564184550377,0.0
12318059,226502,0.012712356734041386,2.641657826542224,0.6264052022724894,0.17611381030870704,0.0,4.026539495920001
13194286,226502,5.245879520141646,1.5272344982509256,6.808433915193805,0.0,0.0,0.07366747871886437
13149935,226502,8.168216925436257,0.0,0.0,0.09142355656504861,0.8179179996695665,0.9249773294311449
78528692,226502,0.0,5.746331751817945,0.26601249642256586,0.17885155428837543,0.09330990832858997,0.11161058018784345
