member,group_id,r1,r2,r3,r4,r5,r6
11023765,226502,1.3456463633336242,1.5947612463263092,1.7720243382025742,0.0002874717962485283,0.01063299357306045,0.00393119305219191
10316063,226502,1.098656383833936,0.0,0.01189832271524658,1.4556271647989776,0.0,0.47556621953195743
