member,group_id,r1,r2,r3,r4,r5,r6
38372252,226502,0.37512022275574797,4.117596970097484,0.45560915593964973,1.36477827281253,4.7746970820985055,0.5205188850389538
13194286,226502,3.0503867022179194,0.834774943787531,3.239539381034207,0.03711327921630051,5.8553788557379045,0.5175269207459987
13149935,226502,3.656715144876658,0.7479645791932393,0.020507912529667726,5.312119351043707,6.140920236391261,0.0022484668412458254
