member,group_id,r1,r2,r3,r4,r5,r6
8981889,226502,0.415021376589759,0.13719873840799898,1.829769032172064,0.46818932139376734,0.0,0.1563494318405291
8460770,226502,0.5332995859675675,3.9204728832028355,0.13316174325005833,0.34405296780571076,0.8758170446406411,0.17511719651577834
8262339,226502,0.8996180385428576,3.660049913798466,0.4552822281084639,0.5475106793734982,0.0,0.8107446464242214
9463493,226502,0.32109832225824864,0.4592596970357678,0.0,0.4826519034331107,0.2985409720237157,0.5172519390983834
9222023,226502,0.4018441595009178,1.4729523687452515,1.0675913895246705,0.0,0.9875072212791982,0.4121869958489144
9701609,226502,0.19871325078665697,0.5814128457065622,0.0,0.06497190901200733,1.0783874698424425,0.0
6789035,226502,0.2878304206227838,0.07943926668635101,0.6721000298447717,0.19549527120990473,0.31727503419512115,0.2713885203589036
3885068,226502,0.5000905501502302,0.28903027415199356,0.0,0.7475966727118503,0.1000377804882222,0.60870910522897
4535085,226502,1.0748185230396303,2.9489613037155404,0.0001773922522568987,1.5594661182553418,0.31167074864573746,0.2857140786300408
9024466,226502,0.48741541936895433,0.0934029789785532,1.724175983474475,0.0,0.39308431940696886,0.24818153372106969
5394770,226502,0.19245581146516397,0.16999704689506756,0.7539103869414822,0.3334061526531568,0.4256647480674398,0.0
8288916,226502,0.9015098746952086,3.789445543737251,0.12403739885596364,0.33694932886451506,0.3136558987377148,0.7577783795875818
3353495,226502,10.902875273545854,0.007176884050253765,0.2077488550556774,0.3416200570996864,0.20107137018372714,0.20733141079100975
6125496,226502,1.4697194171747234,0.700265694288941,0.8465422414381973,0.1640758879054613,0.209588529434528,1.269951686441146
6286429,226502,0.27377699015114526,3.976320478524349,0.25448766530101435,0.39139531721144205,0.8468988270621587,0.07794339212154151
