member,group_id,r1,r2,r3,r4,r5,r6
3344209,226502,4.27372353921583,1.3491855705036173,0.0,3.9079243156900674,0.07139763475244429,0.8132495938715995
19772101,226502,0.7626843789928514,10.736073261429544,0.022982220946062958,0.0,1.6279680599237742,0.00015352479752386852
13194286,226502,3.038569466892852,6.962362240712636,0.5802425757388898,4.024271802567426,0.0,0.008189232192902601
13149935,226502,1.5823629865007969,9.756182063074949,1.023779820238665,2.1165606851764944,0.0013954875180102544,0.0
