member,group_id,r1,r2,r3,r4,r5,r6
3998426,231420,6.974417851949606,0.0,0.0,9.300624623496102e-05,0.4005801771493069,2.2713796526635135
1071981,231420,0.05781329802144346,5.525869982769164,3.246941821953599,0.025080157453386286,0.010775407810026779,3.100025337033458
