member,group_id,r1,r2,r3,r4,r5,r6
13580448,2352951,0.0,3.259530951427621,0.45506220901526495,0.791527967099308,1.0647600844658727,0.40720517512751186
101986552,2352951,0.0,3.2594966513068577,0.1531761949961394,0.8240540203788094,1.3239455783243481,0.10240639395662457
8250754,2352951,0.31307590933780577,2.9422975114596714,0.0,1.1790369682599193,0.3040970933071569,0.0010928781368213277
13525120,2352951,0.3276599976435584,5.397400387668504,1.4924573260957905,0.0,1.5548392957986263,0.4437018624756702
106557092,2352951,0.5581418909343634,1.7120494936499127,0.0,1.579599052768879,0.6652835055362347,0.4033694680391529
52644972,2352951,2.279109610865771,1.206130276640435,0.0,1.4827326912381358,0.8838055844759011,0.0
108082382,2352951,0.23341723503723472,2.9602093199612294,0.3352702333499757,1.117508265956059,0.0,0.49454359896437067
97223322,2352951,0.6463456839124966,2.4257333215182837,3.7938944975911366,1.1278245380912175,0.07639020704767974,0.08187150791587294
7888791,2352951,10.014211892194993,0.0,1.8940903409023788,0.0,0.0,0.39571437312252755
89356632,2352951,0.1521296732673523,3.330825940531728,0.021534189016691314,1.012188760305092,0.4032192552663771,0.0
81595482,2352951,1.3022838652745439,3.311401351707806,0.0483898347947642,0.7735586325886911,0.3553007934613946,0.0
