member,group_id,r1,r2,r3,r4,r5,r6
3308482,235498,0.5888142572007733,0.2439611120272922,0.10799748136609927,8.556340508127592,0.0,0.0
4266759,235498,3.724662721796446,0.11596405977568747,0.0,0.6129737998478314,0.5629818115264112,0.0
758762,235498,2.1931644373074493,0.31406480182359436,4.131710884891367,0.8295621008242227,1.013478619594676,0.20290180044281814
3850542,235498,0.1405462025372829,0.634022308570403,5.202767482146376,0.12249475427297098,0.13863109784759828,0.08308611438349633
2549330,235498,2.2767852411021416,0.1089225506835517,2.0757354893563273,1.4676992836327571,0.9880228116834686,0.3886639260059585
2650644,235498,0.5122619473470567,9.313122159134318,0.046008316316843954,2.5686037393871546,1.0519798888026977,0.26096970531964714
3155925,235498,5.359820488041753,0.2671221422136461,3.103647507987856,0.00463287686935243,0.0,0.38045387627678323
4169109,235498,3.671312257051033,0.018346755627841743,0.0934041041251632,0.0,0.49330380989550326,0.33364226993322277
4238582,235498,2.3899088864847564,0.0,0.27379320232313603,2.4171864192682095,1.0219551314234945,0.28125447923351143
4504729,235498,2.2335831863556015,0.633728683073484,0.19885763538959902,2.390989421068969,0.979992567437455,0.3533186918802728
3697050,235498,2.129915160437668,2.765126127193819,1.633397450193633,0.7618468543845155,0.5597181579603399,0.44551416747304823
