member,group_id,r1,r2,r3,r4,r5,r6
52793802,2380631,14.686145654446252,0.0918724522008245,0.0,0.0,0.0,0.2266002913643864
13345867,2380631,7.360542217278966,0.03206454170486591,0.22856662360525518,1.8314888405739183,0.034366060517966854,0.0
62433132,2380631,7.376967700186812,0.0,1.4826973317833847,0.05431995825970901,0.0,0.10839965660419655
13281584,2380631,14.684452335805565,0.0,1.0964093863166628,0.0,0.026077319457820807,0.0
23419601,2380631,0.18878902344819048,20.091093160257806,0.0,0.0,0.0,0.0030885497911436457
10733268,2380631,14.685241260346897,0.705270814561112,0.2516768087499837,0.41863545420331005,0.09638017162010507,0.00266865886010287
