member,group_id,r1,r2,r3,r4,r5,r6
83688752,2380631,0.32707024613276914,0.05465379969433339,0.0,3.0845650698919704,0.16455945819823856,0.1481509846865747
23419601,2380631,0.0019422012459574818,10.5244893043345,0.0,0.023754423320907995,0.0,7.7513725481323785
9614952,2380631,0.36829207406703957,0.0020096879436040057,0.2779040333608237,0.27755066013229296,1.1779740615982943,0.32523611070164005
