member,group_id,r1,r2,r3,r4,r5,r6
111576622,2380631,14.716189670657856,0.5306093254933987,0.299818734595471,0.015480062042485795,0.00037319118057891,4.287366300285958
23419601,2380631,0.0,19.93728611087421,0.0,0.0,0.6926438592376969,0.0
5992237,2380631,8.515717192937686,0.06774499261916261,0.008262488890584632,0.1329114369334031,7.47863116908893,0.0
26334302,2380631,4.466178040338733,0.0,0.0,0.0,12.078474788338486,0.0
