member,group_id,r1,r2,r3,r4,r5,r6
76234592,2380631,0.08356898833786452,11.15791724081291,0.0,0.0,0.04563006445611177,0.7100625204561174
12984962,2380631,0.014744048809868604,3.441791212651236,4.204939369558852,0.5792780968723962,0.6505475058027627,0.3648821063997721
114685222,2380631,0.0874359927423817,11.1508679485016,0.09839494606618734,0.16376415444575104,0.0,0.0
96726312,2380631,0.041049993992186694,3.3342150020417454,0.042544664026913266,2.804938815330972,0.0,0.5508922460795831
90489802,2380631,0.0007495477548258929,3.469801310679406,6.2629329646262235,0.0,0.0015549939185095462,0.40651130382004436
110476942,2380631,0.03389686441731195,3.347379664083132,0.18584986253017483,2.507194505134738,0.08832768401656142,1.5336689204087466
23419601,2380631,19.58605340737233,0.0,0.059056246442291925,0.0,0.0,0.0
106757842,2380631,0.03809538686822557,3.3518284105972964,0.1404099583403778,2.429375958734653,0.46281771956828627,0.9282521407052787
10733268,2380631,0.8684894628846406,3.208257002427804,0.08224740497822154,2.497960063418331,0.49562992253954535,0.027628840404298857
1986197,2380631,3.7783495164251826,2.711814020678224,0.0,2.446109493151425,0.0,0.0
3720668,2380631,0.02067605365621528,3.4469044279888617,3.6351913561701124,0.47810638243724946,1.3991945955686553,0.03926321014611858
