member,group_id,r1,r2,r3,r4,r5,r6
2868608,2393791,0.004587572356652449,1.7081762645423029,1.2205042877884156,0.42510222432131445,0.12453344937831307,2.9889262335775344
5287049,2393791,3.2074244293297878,0.6626469613976216,0.774246735963927,1.629028763644184,0.0,3.008594355051323
5739535,2393791,3.79408386752962,0.12993790877374745,0.0,0.0,0.4169029314227383,6.674889981827161
10486929,2393791,0.44501607155757866,0.8564208958294574,0.6497806385280548,1.1786486002992689,5.688405156919423,1.5571418013178067
73945242,2393791,0.0001651503862283065,0.0,0.3198664505917665,0.8682201338418456,2.0851194646759783,2.927687604374149
27883432,2393791,6.083113935459534,0.11444318914941158,0.0,3.392009470064575,0.9294869069697733,0.26467595013924733
84445612,2393791,0.1293886070307816,0.04920657621713375,0.17503246656764843,2.327495692367036,0.4775251666061042,2.5347501795964056
12372923,2393791,1.080518407854356,0.3721705865762899,0.15461173427338917,2.6950595974903844,0.3641663710017043,2.471563493284592
61994952,2393791,3.3071833503495243,0.06883915545968426,0.09707614474236655,3.246786620634698,1.9995586743632836,0.06533065242615255
38113992,2393791,0.5944229093088245,0.8919072786057429,1.1969075604979433,1.6602379887168526,1.48180310441252,1.5893519240068774
85662152,2393791,0.45332244615181805,0.11896487020919264,0.7000714477760899,1.337173646604638,0.02387485298555068,3.480678576546312
2609617,2393791,1.0313943839025312,9.519332579629406,1.907893992933694,0.0,0.0,0.0
77625172,2393791,0.0980034138414841,0.7589093984212781,0.8874160032226744,2.523508432460609,1.2926261076876018,1.3077967882063897
11885275,2393791,4.288275824545143,0.3879646411564265,1.0265083232917074,2.039858910036312,2.769143031574073,0.0
71931742,2393791,0.7129106607417994,0.0,0.6499537193752036,1.3220397047671757,0.02121118653560249,3.501695185037035
9877091,2393791,0.0008086966761275872,2.206275260926489,1.3480386117223229,1.6910402573541492,0.9519603180277906,1.0836022720432987
62757612,2393791,0.7118519449830718,0.20624481152680685,0.5018242233760165,2.5878352070925614,1.25956946381358,1.660739741564491
79568762,2393791,0.0,0.24829038361680464,0.7312446643387519,1.950811192824497,1.8958046110398592,1.8907003379730443
73939452,2393791,0.4902229403705939,0.2791043295325195,0.0,3.7124476705275935,0.9739189894280811,0.5754099639958056
