member,group_id,r1,r2,r3,r4,r5,r6
9025024,243079,3.0402550939190234,0.0,0.0,0.0,9.07611985258709,0.027856018280278394
72745682,243079,0.0,25.1132825510705,3.979304252299896,0.0,0.0,1.164638162203381
107520762,243079,0.0,35.46396170455103,3.3137189980743567,0.0,0.0,0.8037335894603298
183241517,243079,0.0,61.955141117710454,10.559594859968831,0.0,0.0,0.0
