member,group_id,r1,r2,r3,r4,r5,r6
9025024,243079,0.09361880972685493,42.05521621819999,6.3704097114557054,0.3248955745418499,0.043584204627238665,1.2403704309830004
72978242,243079,37.39057561749405,0.012127770550767573,14.258117745061526,0.09694789607818503,0.002949008290735518,0.0
3077900,243079,0.05303979726421833,9.525358736861389,5.116207789062021,0.619543152568474,0.10275050758755644,1.3651251212430384
7505116,243079,37.39077260466566,0.0,2.608808212064663,0.15794121630402835,0.0,0.0
53065662,243079,10.401575830610124,0.0,30.298902619473512,3.985402932157262e-05,0.0,0.0
