member,group_id,r1,r2,r3,r4,r5,r6
9025024,243079,0.05131082260086952,0.02633437842395381,40.74270194584844,0.8414784985369732,1.0911785006145875,0.0
11559920,243079,11.985586841938604,0.0,0.06911076347635935,0.24506848945859208,0.6226876300919973,0.0
88923202,243079,23.922867828096106,0.2793658940282179,0.07701536179524394,0.016975740105600285,0.022470923588447676,0.19456843701613624
182834166,243079,11.99942126698167,0.0310993873522703,0.06826788691985314,0.11446212015408488,0.2452251662940611,0.2584663460043374
