member,group_id,r1,r2,r3,r4,r5,r6
9025024,243079,0.1117170114278684,32.55090638359591,0.01358653579324857,0.007105716457130295,0.031070491955352185,0.010636486330757524
9234469,243079,27.368238400960426,0.0533042295407486,1.8712168418235653,0.0,0.7083950926733353,0.2368228010764213
13587915,243079,7.6128535121591545,0.6029903508654234,0.13907726818932076,1.4898132347011794,0.9550761436950518,0.1589105345791444
36511052,243079,27.368480147248285,0.049504856763897515,0.0,0.2883471231058833,0.0,0.0630442435288967
3077900,243079,0.32244546979293276,9.001560879808597,0.42548339764722654,0.6429557547029123,0.2785821244023803,1.1954453382545698
22592281,243079,7.612959986731521,0.0,0.23483684586734974,1.8029530539661247,0.0,0.0
