member,group_id,r1,r2,r3,r4,r5,r6
195794709,243079,2.3732462054741537,0.24082036257086595,0.743450443625322,2.381088600276676,0.003864356414746013,0.0
195794899,243079,1.8974587018342761,0.04151914199878436,0.6110989951732304,2.586175057964837,0.0005741686723993534,0.33573511608082857
195794621,243079,1.9780664438686655,0.0,0.210883616834557,3.4269888020725263,0.0,0.052269499084493166
