member,group_id,r1,r2,r3,r4,r5,r6
9025024,243079,0.07119651259941148,32.55298400670894,0.014283741952858161,0.0019801402199030715,0.007346367040752205,0.3820205520731868
14636804,243079,1.951583215578273,0.0,0.10711774824919715,3.009840104054952,0.503187737299017,0.2933232325332684
26164452,243079,1.9464875721018036,0.0013694806017601991,0.04206856665725679,2.036997023798038,0.5924935623348377,0.563761712108403
13160646,243079,1.954389857008638,0.0005338390355630325,5.728643759005225,0.4802751089080664,0.6262445522544444,0.3714581882103946
25132902,243079,1.9471072089535242,0.0007844625820245571,1.2622688878276163,1.474447858823659,0.647564405433484,0.6203796774911668
4231304,243079,7.596503195606329,0.1326395206301117,2.7605114682659515,0.24917866134408775,0.025762205237880587,1.5098598960515184
13848393,243079,27.308410400927304,0.03536821233837213,0.0,0.4272386020576844,0.0,0.26600026036539964
20840261,243079,27.308657713377887,0.003134434725578309,3.5199350051034632,0.19325054001694794,0.0,0.0
3077900,243079,0.053955098514600196,9.042389326218554,0.2096461785036712,1.7342252284971085,1.950528751449469,0.0
28078252,243079,3.8063828603286822,0.05853759857965737,0.0,3.9184200505557762,0.0,0.0
8066287,243079,4.383006198795451,0.15381627237027914,1.7437991606937673,1.4570354891645094,1.7011620057812322,0.1947478184134486
26863312,243079,1.945386182307205,0.02924436823045869,0.1082340606887603,2.991577606692156,0.5329721396407818,0.3121994396398289
8469327,243079,3.8355829812246762,0.0024947185138589735,4.734695425468751,0.0,0.24642215640652215,0.5504603842904651
13697557,243079,1.9475443905185315,0.0004907001815779119,2.1154575563513007,1.0697281785351387,0.7065566809166136,0.657055451730039
