member,group_id,r1,r2,r3,r4,r5,r6
9025024,243079,0.24053319453282876,32.55683345685783,0.019401288516173287,0.023876630018715077,1.0310623550149136,0.0
7788992,243079,13.086226305368738,0.0062049717221708935,2.498804476458492,0.01804784528944257,0.5298509631201209,0.02644750253191394
12105058,243079,13.087121480488449,0.0033258692998111876,0.0,1.3851490500214445,1.228724086334404,0.0
67584712,243079,7.271132079202674,0.04151568419539443,0.9472041349564327,1.3230596904812943,0.0,0.0
3077900,243079,0.0398053287956535,9.013709934165956,0.24308353133004504,1.4745166735246056,0.24841575999621662,0.18197168452761736
69836052,243079,26.166367295975093,0.20368403535412039,0.4099916445336315,0.20408729508122397,0.19963661002589478,0.12901703419681732
10895032,243079,26.166816989545218,0.8448366621778663,0.07510873467744432,0.2739422944840672,0.36337942804904727,0.025605997933671836
