member,group_id,r1,r2,r3,r4,r5,r6
9025024,243079,0.26993644493810065,32.525585177161304,0.0,0.3129762317146951,0.0,0.7068059491026583
8438144,243079,26.50493496881249,0.003988176781814757,2.354344693219812,0.023548414239906452,0.0,0.10971697671944773
3077900,243079,0.7158538131489447,8.98100111485007,0.5901129474551388,0.005664242540317653,2.359567979481055,0.0
84242742,243079,13.614398142711327,0.0,0.11716582032600181,0.0,0.34430802479841566,0.6848845060261827
10895032,243079,11.307117448264979,0.6756789799723132,0.0,0.833177493648973,0.0,0.20539162394118843
8151195,243079,26.50627531626915,0.15487621978733584,0.6997693938613533,0.021693372230437557,0.28917382003524067,0.09825945186549387
