member,group_id,r1,r2,r3,r4,r5,r6
9025024,243079,0.05068069552323641,89.3581944376354,0.0,3.0103440058602495,0.4170452992154882,0.0748774233014147
120666152,243079,44.66074121606003,0.0,0.0,0.0,2.1043438438174906,0.3510910402271213
