member,group_id,r1,r2,r3,r4,r5,r6
9025024,243079,21.03370070190959,0.0,2.211926283089253,0.0,6.693381717543732e-05,0.002803895599438616
53065662,243079,0.018828282475128827,32.22023096305458,0.09347028509392698,0.08281859709439522,0.0,0.35673398511308546
