member,group_id,r1,r2,r3,r4,r5,r6
9025024,243079,0.2688154655175718,32.51357727256195,0.0017396210415760067,0.135560134092016,0.0880837151024777,2.168003375312951
8438144,243079,26.5049889348514,0.0033154934273411938,2.2679663328920934,0.0,0.0,0.08370990365109725
3077900,243079,0.718058793715369,9.024375374355461,0.47175288835011947,0.00584825196753854,1.7633011308263087,0.0
84242742,243079,13.613085850905156,0.0,0.4530266759462592,0.0,0.7352982535284931,0.6566474553342647
10895032,243079,11.309258045679398,0.8166379132210392,0.0,0.14209286524432818,0.0,1.6002304172400583
8151195,243079,26.506184910105176,0.16366769132185832,0.9433138759948039,0.0009955629609056502,0.2368605391179011,0.0028520653022159493
