member,group_id,r1,r2,r3,r4,r5,r6
36690432,243079,0.016727205443066502,0.0041805069132582265,6.950231888785541,0.03369540516018978,0.5835648714783852,0.0
9025024,243079,32.55133275028924,0.014529638181951725,0.04483565546403282,0.07050772478777387,0.013446623648567952,0.14003747449491066
3077900,243079,9.051715672766509,0.04861181319461274,0.11207273154595138,2.0035192864744005,2.3864461910317964,0.0
184359251,243079,0.022494453664941388,0.005884932121666893,0.38147701523505095,5.862802376200252,0.0,0.0
2423540,243079,0.20713534235237668,26.52495235838472,0.00011805304029524925,0.009379047077749338,0.00011632097666036082,0.0009857896839801606
36113782,243079,0.019224125758186595,0.009422831048232305,4.594491543209112,1.7048243538729042,0.18966659432941138,1.085915230363703
141084862,243079,0.02262268890686963,0.0,1.0066851867009468,4.455902829976729,0.04811621995317483,1.8650200685144935
