member,group_id,r1,r2,r3,r4,r5,r6
3479808,243079,0.05802546822794029,33.40114691486389,0.0,0.10545188991896647,0.016521580328745237,0.15769603622168654
9025024,243079,31.975805619135702,0.0,0.005024871959939075,0.029102897305618866,0.03256312044621711,0.0
9564614,243079,0.02883500491109518,1.6788306084470799,0.14801680863569205,3.671749744793921,0.0,0.0
13442249,243079,0.08689942461662688,1.6991778924446075,10.010187342366859,0.0,0.010320625051142309,0.022126338363344957
13587915,243079,0.7264986030119815,1.3554148227200773,0.32447970905515533,3.014342201489815,0.16206752276155867,0.795639873812106
3077900,243079,8.894881037934946,0.12216011989324214,0.29010552631046416,3.0092390914976037,0.07225512097051409,0.4997523613688573
13289645,243079,0.028814670509164066,1.6817298008011605,0.3318516011321102,3.4560360126308605,0.042427591638481754,0.5418139007674914
14346969,243079,0.057860109953118834,1.6832443443278,1.5291317430428264,2.8445027722741463,0.055442139658471994,1.1770956080827668
13310010,243079,0.2613123094645708,1.6512592265195623,2.356240307662572,2.4643371053788488,0.06389030493155809,1.437397993655351
7387964,243079,0.1453003362509021,4.996890964547789,0.41384921492059085,0.2767043452163348,2.669568312621265,0.0
