member,group_id,r1,r2,r3,r4,r5,r6
74804172,2462222,6.971679643798471,0.0,0.08072892886713069,0.019333598534394095,2.322321722922366,0.055182627676691555
186009368,2462222,0.7581737110649233,3.308160239128243,0.011129178729378818,2.068274241439589,1.668696034827107,0.04341135384867633
9214034,2462222,0.095164765960918,4.549287673722827,2.3480446060747098,0.5242750539871777,0.915526304306987,0.23771998708705017
152976342,2462222,3.6438376099586334,1.766403242994882,0.15317989029944828,1.5839479121018587,0.0,0.0
184671832,2462222,1.1702871127933883,4.31582460247521,0.06588674576813519,0.31722884802431484,0.09858143632210521,0.012323472114307982
48621882,2462222,2.1816679638563743,2.5832397560530067,0.28393408596947906,1.5214309133442614,1.0829318891727853,0.27735157825550716
