member,group_id,r1,r2,r3,r4,r5,r6
14981671,2462222,0.9460004712746093,2.8368384706025402,0.0,1.1504844680656139,0.0,0.9234845641661876
37609192,2462222,0.14114041703043922,3.2881990994029753,2.5676075423051685,0.8582874881585274,0.0320609452992953,0.1080657931342826
74804172,2462222,6.879245069589558,0.0042201277358086325,0.7044638162997178,0.0,0.08276493480539313,0.0
4586642,2462222,0.13776120540087686,4.374837078176648,0.1554345976094776,0.000770695600498682,0.4526639046639464,0.11549793410488071
152976342,2462222,3.5089975562199243,1.6095177241078007,0.008192057524100243,0.5488980779488692,0.32868188364952705,0.1904801898761881
186009368,2462222,0.7179245561402683,2.7101707393849583,0.2486446387128351,1.2268250271155448,0.4277798067400966,0.1133221992372424
3154201,2462222,0.7031268797397915,2.1669319921392454,0.0,2.3488214322696366,0.0,0.0
48621882,2462222,2.115848208111249,1.6886892250016516,0.7022062149213215,1.1597347153528437,0.33388796857695735,0.031364335662931286
