member,group_id,r1,r2,r3,r4,r5,r6
63134752,2492342,0.021387590174416944,0.0,20.886890251484687,0.0,0.0,0.02800651519384071
68915082,2492342,0.0,1.8897765214222324,10.810619390273931,1.0410347647836886,3.7968359429654335,0.021988660571826937
9931437,2492342,9.398267258060697,2.151574126588038,0.2914418728081055,0.16537615177363849,3.716811521829684,0.3805909013886248
13681207,2492342,0.18879589678375563,5.635995359119727,10.317616852365626,0.21497237662747545,2.782880626281767,0.14319386665936076
