member,group_id,r1,r2,r3,r4,r5,r6
14123970,2492342,9.873215034245701,0.05427151653097948,2.2350222020068604,0.08980794568293296,0.0,0.0
3017765,2492342,4.8534379401633565,0.08014957140215434,0.0,0.4399628655677238,0.8124459094632048,0.007224249830910175
9931437,2492342,0.00740705091904554,13.185998977380379,0.009210753967038271,0.7570961777285379,0.3404926576468709,0.018638308367913865
10761137,2492342,4.816614939786926,0.2378549297069915,3.493361170863323,0.0007342729212966978,0.986356175099038,0.07681770786367342
4143159,2492342,4.829766593672092,0.0,0.0,4.216958099234546,0.0,0.008093207431784773
52315352,2492342,9.859551050479,0.0,3.2635230390998395,0.044246300685811125,0.0,0.08476782252769403
42877372,2492342,4.871274234850378,0.0,0.30449949343157406,0.21942644826527483,0.9893263567560268,0.0
