member,group_id,r1,r2,r3,r4,r5,r6
183006449,2512942,0.0,17.556130040565996,1.9406419081141384,3.2769658907597212,0.980076633235259,0.0
188685795,2512942,0.0,17.312011142323367,0.4488653642028574,3.3486983898308673,1.035870438117173,0.0
25798702,2512942,10.273068224846275,0.015811570964561338,1.9594755435948326,0.0,0.3526926662210929,0.7723921593467892
