member,group_id,r1,r2,r3,r4,r5,r6
60244962,2531812,2.2854668719049855,0.029328791447850944,1.0902087017704167,0.568180642807035,0.0352339332272014,0.010203679130271853
87583972,2531812,1.8783510963559351,0.13039036906156903,0.9570225957577116,0.5060993520074761,1.9618406141968483,0.15125099722152682
36066952,2531812,1.8014614365920352,1.9940275478829512,1.080334896200062,0.0,0.0,0.0
34847432,2531812,1.8437833687668608,0.36129364981877354,0.0,1.27676113747992,2.340912204443348,1.9612514508960919
11000298,2531812,2.764201761731419,0.0,0.26795702738589183,2.603102789584451,0.0,0.5314724716116838
76681402,2531812,1.7039677344822366,0.8959215754575216,1.5193365857262648,0.06811174959805667,0.0,0.05909620439829385
74694862,2531812,2.5986922526313267,0.0,0.30164672403086673,0.016400234587028793,0.0,0.5032164219112708
80211822,2531812,1.5276955696487187,0.6223665218415149,1.1578659951006363,0.5258276913382031,1.9269478523039765,0.2109639280218057
72612272,2531812,1.0174173004874032,0.4515115148925999,1.714988277272297,1.0128316807583375,2.3871574082568148,0.14951546872083465
4497136,2531812,1.9145937835318692,0.41307096520111936,0.7238009651399847,0.4920211452349853,2.0235694316806976,0.14692054905463153
9775022,2531812,1.2087245718863822,2.35780726310828,1.1877528630683374,0.46695524919146586,1.9431966166718053,0.021872300748046778
16624981,2531812,1.3858068561163823,0.4863688294043657,1.364490677957385,0.5482830058918999,1.8589542751205572,0.15035359302866605
42364822,2531812,1.1836776342723108,0.5850588618186234,1.502260806167777,0.570404846203434,1.8628765078823295,0.24168491160948496
6845078,2531812,1.5965926476462429,0.14211602057413483,1.1340450630337282,1.7886701693420246,2.5787142824483995,0.0
10341112,2531812,0.9201898646453088,1.79270633313688,1.5243968495792557,1.3997626849325453,1.8007718545801386,0.08647488123480813
62026842,2531812,1.3057591963392845,3.0172312783936595,1.3046046543707235,0.5083010732815694,0.07571939173386316,0.0
921500,2531812,0.21568913062015255,6.842211399076563,0.5535236239831458,1.0552293078736685,3.5256784071329195,0.05606069234621152
