member,group_id,r1,r2,r3,r4,r5,r6
8826946,2552152,4.315651798188094,0.0,0.10768348852953731,0.6385215512106137,0.1162955069696695,0.22482255816649294
183294019,2552152,0.9677094321498176,0.41533745054930665,1.1537151435329593,0.17699709215088213,0.5609029383526063,0.24427436621622858
102807642,2552152,1.040248483559273,0.014262103365060869,1.1735205131573208,0.1949811586128906,0.523744391751165,0.2437620951927802
191483274,2552152,1.4059192222344385,0.3927130963354776,1.7125889839009465,0.17812076680611608,0.0,0.0
102222572,2552152,0.592678810049702,5.240848123835042,1.8905968105026527,0.0,0.047586637709316426,0.0
96293712,2552152,2.149783164187379,4.641218915051498,0.0,2.5476298211761037,0.0,1.8279682587944268
54567092,2552152,4.304008404250362,0.20811593164225403,0.07599741719970615,0.7190526376843354,0.24224323920776902,0.0
6275257,2552152,0.9615973415311266,0.1612803207502311,0.9710265515196903,1.45381018727748,0.738804540232869,0.0
69842042,2552152,2.266060678291098,0.8551034141665711,0.20807250249822454,0.0,0.867672923158033,0.0
9842845,2552152,1.073609690434839,0.0,1.1668053643614775,0.6523743887268515,0.12091245275469163,0.9178244120891421
40931422,2552152,0.9918891159529691,0.2816456681545578,1.160316933407746,0.18299178097155178,0.5485167561521267,0.24410360920841198
