member,group_id,r1,r2,r3,r4,r5,r6
102222572,2552152,0.0025535544787574395,0.0,0.7463048222078913,1.968463861729878,5.910313426793313,0.0
185398991,2552152,0.2547784384028433,3.3015824413598107,0.12232491729824031,0.004686992752227325,0.0,0.0
96293712,2552152,0.0,0.44798191876610466,1.2012694110346889,0.0,2.279477995852655,1.878972401529332
6275257,2552152,0.09815012942056443,3.9000340392366613,0.029761586223351063,6.199862704689796,0.003125314937725159,0.0
158966622,2552152,0.34970338984345833,2.7571113457173957,0.0,0.0,0.10402729346433864,1.2019050185156976
