member,group_id,r1,r2,r3,r4,r5,r6
13273985,2572702,3.403511376841309,0.0,2.3120660673624807,0.17741400817631836,0.01354143816323892,0.07511813673206398
14496325,2572702,1.5822686499948078,1.1154443683733457,3.5580484338659684,0.0,0.0,0.5418426449024769
85686632,2572702,1.3867849296298294,0.5435376166718473,0.08745265605203899,0.5256081192210413,0.0,0.0
114118442,2572702,1.8758543281038997,0.005047071316883429,0.0,0.0,2.5970385538363954,0.0
10065358,2572702,0.9612484554197432,0.0018900175963848095,0.4624484221987908,1.7619346953237673,0.1558930361782466,0.41038984644240045
106608432,2572702,1.0079061756492713,0.12755839226448865,0.13915005187321045,1.6654360665735264,0.2739773765027721,0.25268550767982056
11556305,2572702,0.9877834965114678,1.456500697706839,0.393162103475269,1.077014290409587,0.3280505843862174,0.0
113902002,2572702,0.93225820450986,0.5237932489049266,0.0,1.5571865151038422,0.37852441017132304,0.0
174226132,2572702,0.9508043165337641,0.20783966491306136,0.4722879998341888,1.6723362180240238,0.16382197498057421,0.39239186186864117
15676281,2572702,0.30710874229831586,4.890960647780616,0.0,0.0,1.2094222932308298,0.008163808399883744
49082522,2572702,3.4113381811934205,0.0,0.22515699661037852,0.18301407433735434,0.0,0.25815976501977783
10445531,2572702,0.7542644416625106,3.0390216954784326,0.02705151567518617,0.49232737000326304,0.42980393015080837,0.0
174854172,2572702,1.0825688928539456,0.3042069003627785,0.19784284730282248,1.5496890750848595,0.3441394631370981,0.0
