member,group_id,r1,r2,r3,r4,r5,r6
181738242,2642892,9.246902562613842,0.0,0.0,12.843959564885415,2.3210304198459206,0.0
27906142,2642892,2.24747824135735,67.96562078260516,0.0,6.574560463848904e-16,2.321030419845919,4.553127955146929e-16
