member,group_id,r1,r2,r3,r4,r5,r6
48063142,2642892,3.127507973217877,2.2931454363520336,3.084827054568764,0.01913580658448551,0.036301161570263064,0.5854930436822314
9460492,2642892,4.536479233982367,0.5788817002299649,3.4019173755354153,0.7622757775188005,0.27980956390741324,0.0
19130671,2642892,4.644405100482339,0.0,2.0240937495880353,1.8082805593404356,0.562147669372674,0.0
11559506,2642892,0.6255170434783291,0.11709168566037197,0.17617791335948574,0.0,1.978862055868741,0.0
11157335,2642892,3.8369863774012942,0.6314904605734803,2.5501401331026714,0.8521113707797401,0.4566526862695194,0.3101436556224002
44543512,2642892,4.626326312752958,0.14471429063887226,0.5126342023659328,2.8727242373954684,0.7508859641268913,0.018271280797768907
12814617,2642892,7.30985877529445,0.44894361372616703,0.0,1.4040946221624095,1.0434677238754642,0.04662840883467444
14726461,2642892,4.615319971326809,0.12102055423721127,0.0,1.550762837216638,0.03969064636538882,0.7006492876525804
27906142,2642892,0.7326983170152261,21.469277174844017,0.0,0.0637762910275016,0.0,0.09770792401035212
13441567,2642892,18.725432460310216,0.17985469627022013,0.14076810582726096,0.0,0.021006770066051898,0.0
