member,group_id,r1,r2,r3,r4,r5,r6
181738242,2642892,18.725248672859323,0.10816381360247003,0.02544701361969797,0.0019243344412525603,0.5261697362642918,0.022494235151094312
27906142,2642892,0.0053760861615557605,17.491904458548753,0.0021031175520107755,6.841548893568976e-05,0.33566433109625193,0.0005840093725779775
