member,group_id,r1,r2,r3,r4,r5,r6
3565443,268875,35.59170060574781,0.3057384692310005,0.3058500681887981,0.23973863267345513,0.01909191692100132,0.0534021676334553
3824164,268875,13.822666677270073,7.209659138749682,0.044695073246174145,1.1252160374848095,0.0,0.5971785918076541
3915043,268875,2.0204524066845235,6.67051693279503,0.8702429706892791,1.44473615097366,0.9385977406615106,0.667209606654649
3368195,268875,1.1455876956473865,14.129861311162431,0.2574257146942265,2.049853884013355,0.0,0.7267413256317748
5533863,268875,8.011249621218095,5.539308324751616,0.0,1.3834379844204165,0.8059832160874147,0.4527660450058385
3414979,268875,4.528811945528444,21.043523727232614,0.844899309567842,0.0,0.0,0.8161972962829894
2946825,268875,9.503524681884471,4.203140795724109,0.05232583642983718,1.2379811328136667,1.0765785975969986,0.14911220614842682
5345833,268875,1.8183756551863202,7.785538519455571,8.848858059891693,0.3004555523951129,0.0,0.06923780203035303
4340170,268875,0.5941198519098049,7.145588928715593,0.26478793462529343,1.752420170940813,0.7043761722220946,0.8788934746632641
2845068,268875,0.28956661661420774,11.435123880789872,0.006574589120798561,1.6804108923947345,0.33294145909126827,0.7608011631379675
6738028,268875,4.03504532481997,4.3100719829968694,0.07674100680957935,1.4019087084509196,1.4979541212843015,0.0
3897935,268875,2.01612492181396,7.178262277696307,1.3727955538585883,1.5145522992685756,0.488208444148143,0.9155541286108096
6910322,268875,3.451649092940402,5.442671407423066,0.07620968362117639,1.5223434336244126,1.199033253434524,0.0
3482578,268875,0.05886691475395247,18.492583261208505,0.0,0.32584698333819545,0.48379195543767717,0.25027128471404547
2923060,268875,0.7027564699686658,7.608430064143338,2.2523360254475078,1.4156317016874644,0.4285898955411044,0.9083270084193101
5647677,268875,0.38978491337839166,7.012871484027315,0.057129854612219394,1.8839581758760016,0.7884203277027885,0.021599279029427588
4080477,268875,9.368380531825878,4.715370553180513,0.13142789265023488,1.3662000263996956,0.5575674872133948,0.49280784422435764
