member,group_id,r1,r2,r3,r4,r5,r6
3565443,268875,36.03459098192384,0.033353916582974735,0.244222113859262,0.0,0.0003957405060603374,0.0
3824164,268875,13.977092228714207,7.647679192094024,0.4223719317091334,0.24249589820189488,0.0,0.5811110802363179
3414979,268875,4.50391293052165,10.929268340418943,1.9027125489843673,0.1444623412121646,0.0,0.5988930087004741
3915043,268875,1.9517832975557745,11.863476596722075,1.8485531816917107,0.23275571175594,0.0,0.5126994425142603
2946825,268875,9.613068921163096,7.410615383125771,0.0,0.4256652229281454,0.0,0.5253595457390956
385102,268875,1.5465089215096675,18.655843680008022,0.0809672315203068,0.0,0.006355838427460182,0.49227630252484145
3900788,268875,0.05839723753267167,19.96058772128712,0.10295918845105728,0.04395764444581491,0.0,0.0
3423255,268875,0.25839206149620425,14.754041838303838,3.474296203175513,0.01080134760838347,0.0,0.16305208548412306
4257817,268875,1.9543629944393224,13.41720142303812,1.665635791596869,0.25018079516664077,0.0,0.4196135435635254
4080477,268875,9.467342733081301,7.6514262511618165,0.32716056184031245,0.3152611527717228,0.0,0.7828139612594677
