member,group_id,r1,r2,r3,r4,r5,r6
36691842,268875,19.575563791418332,3.036489962287225,0.04342219388988749,0.0,0.057794335850805935,0.2842419053114496
3824164,268875,16.07565000489379,2.3639410566715107,0.7389689622432871,0.5113581829548356,0.5021966294873081,0.0
48471972,268875,4.248675532573102,9.547054686371245,0.7396985043434325,0.7080431859304632,0.17650111724247228,0.45543378261975886
174412422,268875,1.779403497398455,15.897805727442243,0.1715791888415565,0.0053100166460615635,0.0,8.122504685726176e-06
7994889,268875,5.259156864150108,6.031096623029283,1.0071092764379994,1.4756108428206658,0.21667549224798452,0.18859836126647544
11600301,268875,24.186705980032315,0.045763175511351846,0.08138632943287244,0.069129041428897,0.0,0.03878058652777075
89070222,268875,7.40710453970375,7.2253085588751595,0.0,1.0167639355063454,0.0,0.46100599411822135
10540367,268875,2.647902324612196,9.550344964497272,0.10006871718727704,0.4930049641198684,0.2604532821603637,1.0662992445458492
38896912,268875,3.8276269276382404,8.27419698476558,4.19650416630128,0.0,0.0,0.34403259137247716
85178642,268875,7.512017441130243,5.475144678909157,0.24763877604874512,1.5294116906746769,0.05452457123927531,0.25691136375143203
163759282,268875,1.5251185042372966,8.547514551770288,0.04494638683593193,1.8120852669557868,0.0,0.5137257047535636
183177972,268875,0.1650067906062297,11.777772890927965,0.21089815512693466,0.8968075750211794,0.5113253871703324,0.4477407626648984
100336602,268875,0.6842288094527956,14.014869559115262,0.0,0.2159089153371325,0.0,0.4487208074856585
104782142,268875,3.016517558807718,11.885780559441548,0.44469475778668566,0.04966006414045106,1.007274984964344,0.5140125852821634
