member,group_id,r1,r2,r3,r4,r5,r6
36691842,268875,15.466539696224984,4.787779607627935,0.09958162316057834,1.1250568761629525,0.14976770601016534,0.14007973821082453
3565443,268875,32.65274966011606,0.21544114437307466,0.05805954611735401,0.11928642000947134,0.0,0.6017842267759191
6261382,268875,7.071776227670396,16.03557299312146,0.730772233690742,0.013011940649905265,0.06514940322088235,0.844050798827183
76025612,268875,0.5666450131922756,10.727058519271157,0.08964491793038024,0.5387615204412047,0.5119706564303917,0.31789825359728463
89070222,268875,5.865734268343357,6.975419950897067,0.00398096950851753,1.4587095380271435,0.085190255405506,0.07560374539594403
85178642,268875,5.942700468346486,6.549774160393665,0.10399786609419946,1.2637845240690786,0.3651739121358831,0.12881597794603097
143132822,268875,2.6252294488369055,8.33899632641714,0.012443067771307596,1.8723794279867978,0.0,0.04398104710187963
3824164,268875,12.69352143776645,4.90422857499833,0.5346670023598953,0.9486761721488423,0.44735974584467,0.17617471894732484
5533863,268875,7.362988828900222,7.512484185244217,0.38077798523839856,0.17698776824164045,1.321060789234634,0.0
11600301,268875,19.10216703336535,3.537912340924812,0.06872727300614608,0.9078648093998641,0.32427859177429574,0.18411351457114583
33020602,268875,0.05151371273032548,8.24289006084721,3.1294300362962852,1.0266611494613975,0.15824067445196235,0.0
380219,268875,5.984441431577075,9.836989755366789,0.0030804223637873776,1.4549111793788605,0.09758380854480156,0.04833756458895062
3414979,268875,4.160091359630175,17.663160487906083,1.3167072672721962,0.03464633160016026,0.0,0.7159286107947764
2543557,268875,0.0,8.59848484922146,1.199417647543557,1.16198815394094,0.42004866617657255,0.05741521097178002
96484692,268875,2.1820389626814127,9.275430367811937,0.5362489780490695,0.9821664473017337,0.673962088197012,0.1375311058252826
143994212,268875,0.036692641025740665,8.566218847748095,0.0,1.3697694867545545,0.40739789294952133,0.08788252745619612
73572212,268875,0.6096836049701573,10.870797669789212,1.3384878638474482,0.3973190230936826,0.4019056026356428,0.15186153315396753
104231412,268875,0.9114457488946451,10.558183330080622,0.8983358312544757,0.3750688708231767,0.5564235749637173,0.24088360797734787
8502388,268875,3.541924224077155,17.998923002081796,1.7714753495336275,0.0,0.0,0.6274711257062014
