member,group_id,r1,r2,r3,r4,r5,r6
3565443,268875,35.97313151967908,0.0,0.2998516479172056,1.4778616964249913,0.7450105563258685,0.0
3824164,268875,14.011186254161565,14.891285958892025,0.04587626970415358,0.3181570693805738,0.03442575706967317,0.3672556459386244
3414979,268875,4.611368381242365,15.401237533319073,0.7891598665577191,0.0,0.3947222501874788,0.5820642464675274
2946825,268875,9.633993495907182,11.428760251538742,0.06321813752792033,0.2095307134644249,1.0248631749473547,0.06856377238439555
4499370,268875,0.08508714735290564,8.755359294845922,0.003985004366736626,2.362561167868869,0.05724509067060599,0.0
5345833,268875,1.7238226991931709,8.204932101764802,9.620938672599804,0.0,0.0,0.0060172056743963385
6738028,268875,3.959474867475114,8.580661936122429,0.0,1.7405630469932445,0.9314044272267697,0.0
4080477,268875,9.487348979725086,15.43583763712752,0.14229216839669687,0.3480567925114145,0.14327636798277288,0.294653964566601
3353585,268875,2.2691883283195318,8.009949356526677,0.07948514127059987,2.3465533443168285,0.004737180655419082,0.019178362594070308
6910322,268875,3.367167832630017,8.181370507259023,0.0,1.771796516412748,0.9223836265330848,0.0
6650101,268875,0.11636266581948952,9.171951253817532,0.007015526913236375,1.9903286149685282,0.4505425799112447,0.0
5647677,268875,0.21609819302377115,8.710638214407638,0.00397439100593402,2.362909108640605,0.0551412147907736,0.0
