member,group_id,r1,r2,r3,r4,r5,r6
36691842,268875,16.092315829939515,3.385318199978783,0.1623786835725501,1.5727546285553258,0.6778676102322645,0.07475963369862453
3565443,268875,33.98280959570114,0.3483960383683724,0.39015511284262294,0.02295027432096901,0.24686886825739954,0.0
48471972,268875,3.4964913477354282,7.422897723566518,0.39946881425368574,0.6456870699977499,2.7213708456276713,0.37201631845377736
5533863,268875,7.6546870032483145,6.626993263813266,0.3696045743572692,0.8913605317199722,0.14989342120200744,0.6456883434861806
118838172,268875,1.4280670212051432,15.223487843294018,1.9296237162928664,0.05119228610017125,0.1431849093949263,0.06312790148288322
76025612,268875,0.5808609854624261,7.96044199047615,0.25232250679468793,0.9685110887083047,0.5779394253396294,0.6241917440611401
11600301,268875,19.876604177685557,3.1164832872740256,0.17763092267214217,1.6946113147113469,0.08739946853883031,0.021381394089171706
17963502,268875,1.8644473659750238,7.926586183179188,2.2173241611532775,0.706769377878878,0.0209805197245094,0.569057940144872
16673391,268875,0.8379016102996262,8.061898717784997,3.2573689839008075,0.6430377560408301,1.0554537855945159,0.17518289343703963
38896912,268875,3.120521797096044,7.682450077917689,2.1333480998209144,0.7117123910759198,0.0,0.566596472049317
77938512,268875,0.12682441249298354,15.743997011415027,0.9612350421599182,0.2252669037407922,0.8981999265045179,0.0
85178642,268875,6.177720168670024,6.200895177787227,0.1570670937793441,1.3067179119693344,0.579372903164252,0.3222215981617147
13250132,268875,0.0028472780261454625,8.740762054827773,5.156810715686055,0.0017988250630542081,1.2744298181876321,0.33051573644909005
96484692,268875,2.252576984307817,14.742881179450107,0.559602431969653,0.2492204000995632,1.1339227476978124,0.0
100336602,268875,0.5820868279602902,8.089154020541102,0.0,0.700753237456394,3.0291509355242194,0.38319049620523854
380219,268875,6.215233113712299,10.160847963306265,0.0,0.020525195341266372,1.7010725341829642,0.9282407121205151
71302492,268875,0.44063830299188445,7.959164834618905,0.025180717698174437,0.9640242599471687,0.6612046498702183,0.6541266050287944
104782142,268875,2.490359763774363,5.286877401827569,0.5612442724376944,1.6764354270073807,1.4213298662768288,0.0
