member,group_id,r1,r2,r3,r4,r5,r6
41674912,268875,3.0154754351559476,6.961901054873085,0.7608248728144279,1.7198239868665472,0.49361390827796564,0.48188084670091763
64997632,268875,2.2960274479388487,10.391831965473788,0.3049279360930409,1.0390011606045098,0.0,0.7549247847721572
36691842,268875,20.504340617722104,1.0648726171354022,0.08373515044154843,0.5350285522507747,0.0362308762493195,0.36935469385508174
11600301,268875,25.32200753832084,0.11678653738769135,0.11594612431822027,0.0,0.12968907932421547,0.1677795534951003
17963502,268875,2.35428834999497,12.087537820900305,3.6749267162134607,0.0,0.1198904130757797,0.33595782372469857
89070222,268875,7.776597718744507,10.124133360955218,0.0,0.15509030575449703,0.0,0.9676351976310217
106536302,268875,0.1738936132080429,13.317664344244452,0.2918753359310899,0.8758813752548867,0.061813452409668325,0.919538213191093
81042162,268875,1.1872795260786184,12.083796151729981,1.4823547467042995,0.8757823631084439,1.0409819964254925,0.14148073793262406
85178642,268875,7.876792135461586,6.179845250077677,0.040960698030955534,1.3273260465238843,0.4390614360062569,0.593460583443383
96484692,268875,2.8754155881716614,11.214610422361334,0.8171413610201732,0.9651293899615238,1.2848641039330464,0.061915594885625806
100336602,268875,0.7533702283792965,10.559198380395657,0.0,0.0,0.44961589999439455,1.2518172007258186
380219,268875,7.931892114352257,20.318696625336592,0.0,0.0,0.0,0.0
