member,group_id,r1,r2,r3,r4,r5,r6
2578305,268875,0.0016770264090728425,17.073257666438803,4.337619502544047,0.02690108366887824,0.05829236225645398,0.0
3261121,268875,0.36144851938913575,16.395815365072515,5.231329915567241,0.0,0.9452645778473878,0.0
6441475,268875,0.13793791829071433,13.922891649157405,0.15251620133933522,0.3701327476417552,0.1116354281083656,0.014784859198845965
3565443,268875,35.71315353758084,0.29988956940689493,0.19784987418526195,0.0,0.24557022569744064,0.015317229570558994
6402947,268875,4.726131481774501,3.0728029032315773,1.7399980036021665,2.287773687277525,1.3522288874868356,0.03471500816348843
3490886,268875,0.5580267781292756,6.169881991099042,0.8729410400539774,1.7789534296316292,1.6715307497677054,0.05522608972210649
3414979,268875,4.55286064908609,6.800304026274904,0.9943389809056594,1.2900578786503414,0.5929079454055278,0.14644330554232673
6261382,268875,7.734175271020092,6.307238014052654,0.6264403012237318,1.0502851725260007,0.5476432358084328,0.17228137316457579
2946825,268875,9.536569263519274,4.766620223724098,0.07844220664554599,1.596119164919553,0.16713015604100837,0.0
3843018,268875,0.4595369080388037,13.520222929583394,0.4780658133495332,0.28886550010425616,0.0,0.13318604886791852
4340170,268875,0.6010547599595635,7.46134761934756,0.5979774169727621,1.5718927131518028,0.8255926406808349,0.12902309394387862
6738028,268875,4.046018989841766,6.039252130452414,0.0018836720671149205,1.8260619415876496,0.47196822647999825,0.0
3742892,268875,7.976187123017267,5.758471904175714,2.4269737194087044,1.3637527025102048,0.0,0.08007936764317973
5651277,268875,0.22293802998465362,15.121864457029547,0.011642428277953558,0.43033194561971816,0.5990387578460139,0.0
7745730,268875,2.3937450510888416,7.046351684321456,0.7655079521648402,1.4266141522388855,0.7357287323203515,0.17888370364396214
6999256,268875,0.8190006522337606,7.510855746370924,0.4071592992953644,1.5631366056089837,0.8489089340440715,0.10696299811604937
4080477,268875,9.395960228247647,8.925340620449308,0.30574259160121325,0.29038786991775606,1.2083383950606525,0.02451183336810583
7234110,268875,4.716984570054528,5.580476465891975,0.00034030354974812324,1.780148296362313,1.045238903299933,0.0
