member,group_id,r1,r2,r3,r4,r5,r6
64997632,268875,10.372582498994928,1.4716966736805017,0.20638466907663167,0.9558663376030624,0.4009295813537232,0.0
36691842,268875,6.538149199021276,16.91665924021824,0.021930738009468514,0.46314733118878737,0.3819219716160714,0.2630713547580132
3565443,268875,4.773443115069227,35.88587036067351,0.1121892347650163,0.0,0.675667669165759,0.30467640031306364
6261382,268875,9.160437360557113,6.593261651435572,0.9744126863243221,0.3073164843967458,1.195248142789732,0.0
11166089,268875,10.554350824660798,0.0,0.014929826678653335,1.0349070004749024,0.15140409094893562,0.2556871548403654
38896912,268875,18.285845921563936,0.6877293397089811,1.5254956669566582,0.0,2.383833610016797,0.0
48471972,268875,9.970865971136776,3.245124553162431,0.41122863465834203,0.8547256529795602,0.46154246321262943,0.0
5533863,268875,7.658585757043789,7.769083951686899,0.33894752531122524,0.8253328570166173,0.4281222251268135,0.0
11600301,268875,7.040579467639021,21.23619375140905,0.17881768589787994,0.1756471521222578,0.16720653950108597,0.0
54562482,268875,9.706828799535492,0.0,1.5466275909114189,0.5643161987238497,0.3015447685025528,0.0
380219,268875,6.599116048164255,6.396977828996093,0.0,1.2247063664436655,0.2702382918798862,0.37163999263198155
385102,268875,9.68200184661487,1.2076062178009543,0.24616954499505633,0.710780208932062,0.361172492915214,0.0
71302492,268875,9.370241619650637,0.026415081194868593,0.0,1.0757245252655632,0.386719866358884,0.6560655805051216
4080477,268875,5.535004147274377,8.445321442043472,0.17239227145673805,0.56771687515169,1.0766443748758179,0.45199859024409367
60739682,268875,6.108416033521251,0.0,3.6843036140834573,0.3387071668912808,0.08214072400971822,0.0
3353585,268875,8.264227697686746,2.1499296030399555,0.07586174085552985,1.1201233237843,0.29603370083803016,0.08395552221022086
6910322,268875,10.374429695496946,3.0543173317264936,0.0,0.5279891318743682,0.43262217341695036,0.8131539352266927
1707126,268875,11.723798758522362,0.0,3.541407723316635,0.002269826491216831,0.23859752682390553,0.0
52038522,268875,8.523792231006302,0.0,1.2180200135106112,0.5181042792750453,0.03254843337179882,0.6366453454896318
4434043,268875,17.406607363334082,4.260179593191596,0.779054084110227,0.0,2.305942989619752,0.22797345048209292
