member,group_id,r1,r2,r3,r4,r5,r6
3565443,268875,5.200408901476325,37.80666423344228,0.07973812652205425,0.9433049609818024,0.005811098069009306,0.04896399865638272
3824164,268875,8.70220910604207,14.15859651638102,0.001618825931220508,1.3977341565186365,0.0,0.1523326515513737
7919619,268875,11.329826739679083,0.0,1.116883211047308,1.3936123729246455,0.0,0.2924621718891585
6261382,268875,8.148891872784743,6.996763087730927,0.722070830759827,1.0487389510945182,0.06056438875976986,0.3356236719307235
5682781,268875,18.06606327793772,0.9288221950275519,0.1769161614393033,0.5532755868377985,0.0,0.17975119311071233
11658634,268875,11.603766671823402,4.792883801648267,0.5944432353212086,0.8187339976068507,0.05039458915152574,0.28151683055471355
4434043,268875,11.22106702849187,5.57000650399227,0.6032599092549187,0.8066837370030093,0.0394421269413077,0.4834080271773703
3742892,268875,21.052236477130382,5.383009480773473,0.9319465614939344,0.0238083754730111,0.007812623966281254,1.161057185285669
11600301,268875,7.648985460933155,21.968185740544154,0.0,1.1151780384316872,0.0,0.0027851148469129924
5975439,268875,17.08776993940713,2.9615727259750075,0.25066094985765436,0.3749595308509977,0.0075801035176211624,0.28295899967377175
3616091,268875,10.858516407550312,0.0,1.8712613773511222,1.0270904260704574,0.0,0.6882128872144325
13734130,268875,8.084162626002904,0.0,4.864969635292147,1.450873360417846,0.0,0.07874455652920953
10486068,268875,10.715251735339374,0.0,4.286199980912918,0.9836408056765371,0.0,0.0
330427,268875,12.033357663352316,2.0279512259213264,0.4601109002523837,0.9410744392839699,0.039264569875179234,0.14799004992377518
4080477,268875,10.340359180030337,9.209845697088616,0.2310473734354382,0.9593892500973206,0.018512342357684435,0.15540926466978425
9634207,268875,12.998034627713057,0.48856625939237186,0.139347871142991,1.1745133898370945,0.007967313614801677,0.10065077543492651
