member,group_id,r1,r2,r3,r4,r5,r6
183713,268875,0.5424013228860969,10.644269841130182,0.05726879658398864,0.5810454508243735,0.5134497162879244,0.0
3565443,268875,35.31226158418172,0.021172317412261277,0.2824544090370511,0.5022078683818256,0.18987724205074405,0.09927903021011796
7919619,268875,0.969694710526936,10.069286147805084,0.6617514436002642,0.17698369174204462,0.494140906949525,0.6224778338353566
6261382,268875,7.6583189011173465,8.020704443297827,0.5938196186949094,0.37700563551152505,0.448203253501708,0.696892581608347
11658634,268875,5.6286811886291375,8.70531265645206,0.5220609388011732,0.22805056151507516,0.4547310507462379,0.5526642046750883
3742892,268875,7.9048640138452955,12.433308296801904,3.3870140535582665,0.0025176000893141104,0.026681585779025067,0.1948408231261617
11600301,268875,20.651248572534712,4.713123947915778,0.14589215288157098,0.7965557844019528,0.3404023050526954,0.0
5975439,268875,3.9840870670500785,9.056168604464686,0.2718243506431344,0.13298474263533802,0.47475483407455354,0.7594632619323237
10861903,268875,0.8295807250998692,10.558310649715963,5.529802596938305,0.0957808586914289,0.3929306134219103,0.0
3353585,268875,2.3924342117939763,10.224947440037013,0.0,4.126693320269692,0.0,0.0
2225109,268875,1.0136279176653886,10.07032317285926,0.10060048699656099,0.23759790110043036,0.5060060705992169,0.6021712667957949
4257817,268875,2.01633722785532,9.771856534526478,0.8746049350690758,0.17382132182535956,0.480055768332648,0.5943259646670948
4080477,268875,9.304615086027457,7.72518496356951,0.27855584172069486,0.3565331365686726,0.4268813347800174,0.3634119196206854
9634207,268875,1.2055028260650578,10.191188314537312,0.09240360494273772,0.3799134041931602,0.5053145229432908,0.3519351916057292
