member,group_id,r1,r2,r3,r4,r5,r6
3396360,2721962,6.5714467110709816,0.0,0.09833441404093413,0.947739132531553,0.04099893106730362,5.789732749536523
29230042,2721962,0.03759546602662868,13.748264194454046,2.2239604653531004e-07,0.0,0.0,0.0
142067832,2721962,6.432387548967379,0.0,0.03264432054832618,0.007413819630311069,0.6135948871655948,0.871363503092277
34977152,2721962,6.422906100993241,0.0,0.08276701748962484,0.12848197997992167,0.09488135728046466,9.129918484363637
