member,group_id,r1,r2,r3,r4,r5,r6
29952522,2728712,3.4204342294881296,6.468026425205964,0.038773054903202965,0.30516079375664135,0.3885557633505491,0.0
28468632,2728712,12.937068556682876,0.0,0.003088768521656507,0.27037506075142365,0.0,1.3577687769707731
18102681,2728712,4.170858697949741,6.330545289210073,0.12059462429752352,0.0,0.3122594647863037,0.0
9857690,2728712,2.463360671983251,2.6809543655798733,0.9019284574022499,1.7107874855675043,0.8196669116787175,0.7803612993168966
11596965,2728712,5.887954229616242,2.5081053581780415,0.0774019791831973,0.4139198533744357,0.9133563850180143,0.5774523393920551
29554092,2728712,11.48915109113576,1.8355307249265294,0.0,0.1397114827182631,0.0,0.16733735339368316
9810993,2728712,2.54476627537388,6.449992632836756,8.333741719703747,0.1237173038049426,0.0,0.0
29592372,2728712,3.92081085906953,3.798959237594808,0.019542091653775052,0.16467362868190674,1.3522724477012944,0.0
62411192,2728712,0.0,5.51539365240576,0.487142568407559,0.7699326894549666,0.20970499689824307,0.28364178483449765
64454462,2728712,0.0,5.737519396502177,0.050123444428418644,0.7459830127692314,0.0,0.6590605683966582
29560902,2728712,7.2163463418175064,3.1635406584319656,0.006511313587683638,1.471862090353927,0.1290977630743078,0.0
6239433,2728712,0.0,7.4466626391281405,1.290960152494734,1.364398895688745,0.05443133291718729,0.2614782351976222
60118092,2728712,5.494027870034522,2.8321463751929867,0.17072715393355684,1.3540446022396155,0.4087787624568852,0.4763960924587007
3479758,2728712,4.274696777193235,2.9783757523295087,0.09941262337544152,1.454012392288802,0.40358957846568266,0.4262186126089739
10056406,2728712,4.014188667134314,2.12037186496792,0.33191502477315976,0.0,1.614139907321509,0.6999814543946268
29908572,2728712,0.7785975650088811,7.5937848697748285,0.06269082942584342,0.7030036521671725,0.0,0.08737819994987808
89743712,2728712,0.291887197095074,7.25029684964678,0.05378495172220578,0.5660280238955976,0.8881076068554069,0.0
29674212,2728712,7.007754152690199,1.8186755406719017,0.0,1.6758362806157643,0.5968961706323861,0.0
4174693,2728712,0.0,7.3518600712173505,3.393650113156094,0.9115794692620596,0.059762090256402625,0.07003398440132655
30498162,2728712,2.1272498682156074,7.017145392123343,0.04772768612977178,0.1791904671062552,0.5032710416758422,0.0
88291322,2728712,0.3754634576909857,5.249428053105941,0.05600350801452227,3.0265740068097355,0.0,0.0
