member,group_id,r1,r2,r3,r4,r5,r6
58971362,2728712,2.9541327167991773,3.942924717098083,0.0,0.17758502313028587,1.2733873911461344,0.0
29560902,2728712,7.315358720991226,1.0009801671472776,0.002907189852356608,1.3641099670957908,0.5747352527526103,0.3251559246928205
138678182,2728712,0.0,6.790500417942512,0.18744438520172896,1.9345936446117584,0.0,0.6285712815300382
7507304,2728712,0.016277243827988286,6.404898336012077,4.442990777769526,0.0,0.3963071114664961,0.5445404739158443
29952522,2728712,3.4564647589652018,4.357093582571586,0.011801942412568175,0.08098727878922163,0.5724834039860562,0.4689035226860152
29554092,2728712,11.774340020417238,0.0,0.0,1.1686769673980983,0.6992341586916794,0.0
60118092,2728712,5.876264525746013,2.0238768495284787,0.1667181959059317,1.195726947855959,1.0616495089692657,0.014695376108898943
3479758,2728712,4.596370301371128,4.814316067579685,0.0886625753192821,1.0975662819551437,0.5956972308264207,0.1032914090039377
24518892,2728712,0.8233929546864076,4.485852540030701,0.09769053733428751,0.7137339028876147,0.7442260025809501,0.4532945418829156
9810993,2728712,2.566404046982542,4.196030391320887,8.583127062584486,0.10913840771487722,0.1808834151919135,0.4298149678742337
30498162,2728712,2.1383430885980763,2.87979079442913,0.0,1.3982439871095529,0.8968984679427612,0.33835273587103615
49009972,2728712,2.7355834496502975,6.157428854182452,0.17995341456066408,0.13203390085405897,0.6983694010663418,0.04462704790180778
97213622,2728712,0.053593791336593824,5.021061365941946,0.5296548214555847,1.2753262108408128,0.5503823965167575,0.5178671882543469
97774262,2728712,0.47588330342572555,7.458141374062349,0.0,1.2367362481670465,0.5854151712715151,0.13907031036176595
28468632,2728712,14.023810350126922,1.3181947868834467,0.10278843904035724,0.08206962069212805,0.0,0.12063958188462964
9857690,2728712,2.9884525092325918,7.159408703444941,0.9333560624872635,0.0,0.5543175530857279,0.0
31690332,2728712,2.6497175715561316,5.108063646934392,0.0,0.6526794227205263,0.8901136102316553,0.06308733882188125
