member,group_id,r1,r2,r3,r4,r5,r6
49114402,2728712,0.0,8.226740199526642,1.029609376491947,0.11450915915991547,0.5843083663731904,0.11400366080731632
29674212,2728712,6.9764532642009796,2.2403156527515002,0.0,0.7094066782391057,0.9887539001210951,0.0
11596965,2728712,6.155655242099652,2.5328790390324767,0.0525208750813271,0.733529178371794,1.0739613946043483,0.14577234881144438
29560902,2728712,7.183429090801427,2.8948450649894113,0.0,0.8983345824863547,0.575756649776125,0.0
8577065,2728712,0.5114254718766518,6.809781111673141,0.052677291164398586,1.8015216312893934,0.5085375338994175,0.12474544072310571
29952522,2728712,3.402256706750134,4.23051916374975,0.0001535800442169572,1.0052579174152294,1.0816712956026269,0.0
29554092,2728712,11.546712890211996,1.365594377602268,0.0,0.686228229926085,0.0,0.0
60118092,2728712,5.683964383573797,5.489899906891717,0.18076631271617224,0.0,0.07196353809909141,0.1824367835965242
3479758,2728712,4.458041134559905,5.443250891305909,0.057429942655716874,1.3743344784182838,0.13252046190096156,0.1292114542417566
9810993,2728712,2.5341870202225003,5.276746783452762,9.390615400785633,0.002269528309594971,0.7090512787906806,0.0
29592372,2728712,3.9010302954013993,3.8573988402966775,0.0,0.9283040103938177,1.1898627066822685,0.0
10056406,2728712,4.284979928770161,5.237221672994654,0.28313050163621695,1.6042744096546548,0.0,0.30783766219626396
28468632,2728712,13.711482437956812,0.0,0.06999613358957804,0.43668087214156487,0.05206247862100856,0.07642045464987199
18102681,2728712,4.128552532705092,4.485383722636667,0.08483987465496517,0.911172224081409,0.917542110824538,0.043331972620096956
29908572,2728712,0.8298155579375668,7.842188658969572,0.04718374840276104,0.2393566931549142,0.5314549925940724,0.0
64454462,2728712,0.40753437534934284,7.5753693052312485,0.0,1.7575290295155825,0.46264623882118905,0.0
