member,group_id,r1,r2,r3,r4,r5,r6
58971362,2728712,2.971248641636492,4.458904370058023,0.06658615274109503,0.14842257021352134,1.181395633975575,0.0
29560902,2728712,7.355790787530556,1.6377635856117527,0.0,1.0902780759365525,1.1063039833162043,0.0
138678182,2728712,0.0,6.509677530760545,0.024888177359590067,1.826735245275145,0.0,0.35147797697490596
7507304,2728712,0.003562291970731156,6.753263170602779,4.2969175329431355,0.0,0.12003302351829483,0.4927451317479356
29952522,2728712,3.4706621089011507,4.675195985584947,0.0,0.06885566036374996,0.3186739747480204,0.25644675075713846
29554092,2728712,11.830897197577341,0.0005000480679088497,0.0,1.048155406873067,0.7486032029678656,0.0
24518892,2728712,0.8331223889627188,5.2392565602863055,0.10447687930292698,0.5716471090456926,1.2511945163088047,0.07688898703774201
3479758,2728712,4.62291705637227,4.323408703252324,0.07633431326248086,0.9408249230620864,0.6890120491086424,0.07677513115879694
60118092,2728712,5.901238652435355,2.1734242946831874,0.1424758274917425,1.0879352004460583,1.2083504285612228,0.10174450170042154
9810993,2728712,2.5755326489914356,4.4287102033063075,8.450663751863118,0.1011995580286235,0.0039824005633427905,0.21249744368365164
30498162,2728712,2.1545318697648845,3.5412839576218675,0.0,1.1379011534569567,1.5194126475015917,0.02977360456959164
49009972,2728712,2.7544144175188854,5.435088765349944,0.22416182492067863,0.09096129582711256,0.858761205780292,0.054245643263867896
97213622,2728712,0.04052966416026012,5.036107744134495,0.3608884970848547,1.1899114015306556,0.6224611924667491,0.5069149263809829
97774262,2728712,0.4887546437322915,7.5735685173726255,0.0,1.166471982507698,0.44123345114318724,0.0
28468632,2728712,14.09498804905446,0.8285024459735087,0.15259367817752548,0.0008055281935454632,0.0,0.00398099248886324
9857690,2728712,3.009243768998613,6.072554764860193,0.9711673755653482,0.0,0.6160900847262422,0.05588045338746051
31690332,2728712,2.668585791501398,5.409746716272898,0.035847671394426135,0.6018612427906006,0.7720933995928437,0.0
