member,group_id,r1,r2,r3,r4,r5,r6
123978752,2823002,1.1451538742690288,0.40826017703548334,0.0,1.0009388764500684,1.093889571579244,0.5052971904100714
9088775,2823002,1.4777862403985789,0.5265260404471523,0.15854189110947675,0.914267535873443,0.3828721908075281,0.044967366503788235
9787624,2823002,1.4926530278219743,0.5751424619153779,4.339734158332189,0.4935868388468124,0.059804861828475074,0.0
75060072,2823002,1.7997698175228118,0.0709478249802378,1.799289805255775,0.12435757422984521,0.3344614118349701,0.3254205207015141
13721261,2823002,1.4610984501201965,0.6399651881943712,0.15618748247663247,0.7682277942858183,0.37566299829898575,0.2892717022570367
96293712,2823002,4.573145788442711,0.0,1.7600360364552243,0.0,0.0,0.6833680654538562
43253232,2823002,1.6544765780171058,2.380124437990173,0.0,1.1329726231789592,0.0,0.0
20532051,2823002,0.0,5.842388620193115,0.0,0.5818104002429147,0.8336930072438722,0.0
141462902,2823002,1.2800818508315668,8.224136596907936e-05,0.0,1.674408092150646,0.6378211688721133,0.0
4411286,2823002,2.22686181309895,1.2582050527528532,2.034430741867605,0.0,0.0638004496568395,0.6175109952976091
48567642,2823002,1.008429893591467,1.580152975546967,0.4283440219966677,1.1443551639408254,0.31587199884579675,0.7789395433116083
