member,group_id,r1,r2,r3,r4,r5,r6
89171842,2843732,1.1004624865935977,4.7211069958905565,0.6542373393364921,1.331395421109624,0.0,1.49283627561
83080482,2843732,5.3972553010253375,0.20349594514695976,5.319042875926683,0.15388383900268432,0.6722795569522968,0.0
89721122,2843732,0.3355656318144614,3.5146292854896806,0.023824396275830568,0.38556444323544425,1.6126940820745372,0.7851629135799966
194204714,2843732,0.9955387518311483,6.344914654137423,0.0,1.086993428429607,0.4893933252068048,0.6728687232085128
8659499,2843732,0.8693710269097626,5.787433429521009,0.04807159377986454,0.5762853212682357,1.1386947185862324,0.0
9931437,2843732,1.7793291730067218,1.256263220025335,0.7095756753535372,0.0,0.0,3.0080134914666092
54672942,2843732,1.6435707620952462,4.52225319623079,0.41038293576359747,0.5960346009466763,0.9849155818501727,1.090282178945807
14325432,2843732,7.592820602042417,2.5766086739652807,0.4986721336658923,0.007855794180471803,0.3081516646043851,0.18368747226710483
169789752,2843732,0.0,3.477858181624898,4.2190337408337575,0.0718040173672695,1.0441465041266191,1.0048232492287739
194602558,2843732,2.9096272276865114,0.0,0.0,0.2515430845083461,0.09764070375740876,1.8866064319403897
175959742,2843732,1.6690497424887083,2.912222836963839,0.07839083579308381,0.39331766209388175,1.646794079033845,0.0
192005572,2843732,0.4719028765975329,3.2511311140735475,0.008276068759956422,0.391393838852603,1.6081523639446746,1.076874704626957
13442249,2843732,6.796633629310432,0.8073634159889178,0.11967516588356823,0.6873497547922767,1.1019511911412014,0.1250047942604264
114358222,2843732,5.8618451451292986,0.0,3.0896266481146557,0.17126842741207685,1.3119547724336669,0.10209294492446638
13141967,2843732,1.7949055206295061,1.9919883890300674,0.2758155404009151,0.4131000751320185,1.5256091468647275,1.485713883284332
189243099,2843732,5.363989806902832,5.477084661327761,0.041037486907943656,0.0,0.38782666800679566,0.25272669316564383
116938982,2843732,0.735053452954187,2.884553452142341,0.0,0.39884830151842066,1.6052996772346757,1.3776499744136397
5048824,2843732,5.161828165485484,3.7796663060973756,0.344102653033305,0.6328310903435593,0.8475988520259037,0.6108522441902198
104183802,2843732,1.7041304743514016,2.345536314006177,2.7960155961691844,0.16167166177753853,1.2543484960915037,1.572722206887828
