member,group_id,r1,r2,r3,r4,r5,r6
11481322,2975342,1.656185744521931,5.217629053550846,0.0,0.384566321541957,1.357121541906147,0.36500687048269737
18406091,2975342,6.049160938693085,4.225670523279045,0.0,0.38139657509247804,0.7054288680416251,0.15735676917408664
42811852,2975342,6.654610040323759,2.0544071947508216,0.0,1.0359413083136124,0.5878279011941934,0.16416045737591092
12174682,2975342,3.454450816313118,3.361686577719303,0.8767765390304441,1.720462107665119,0.18387213707947922,0.4183864607048428
4273741,2975342,1.7401742288148452,10.76697964456688,0.04547339772737187,0.0916302490722426,0.25899909840964225,0.0
65619442,2975342,8.876970097647842,1.5426169254246558,0.00811246587708004,0.49820599993348547,0.5993745154085451,0.0
9309235,2975342,2.1585164568095956,6.355593141307447,0.11591313289402459,1.3122955282915532,0.0,0.5441434307246689
36278932,2975342,0.3587761090607675,5.969552351814421,0.5950469048552323,1.697701561386382,0.2612724604559273,0.4329241350265316
13571895,2975342,5.692533995745975,5.792821022734143,0.4675046328467835,0.0,0.5396980331346625,0.10485541028936315
104607832,2975342,0.0,6.744784037424165,0.1379966564114513,0.617342536861679,1.3377556388184826,0.012936344098176187
9891098,2975342,8.713315224637181,0.0,10.310220271524235,0.017021782167809026,0.0,0.0
8223611,2975342,7.649071960231612,2.789767061880487,0.33305639918823415,0.16275375847367726,0.672522306321171,0.5062075486063579
