member,group_id,r1,r2,r3,r4,r5,r6
34359362,3011542,0.06258350592767074,1.5013406140743606,2.290575440849199,0.384034779117564,0.15379010301371054,0.0
13165795,3011542,0.10555055789482132,3.737744521344121,0.23561180978062898,0.8380014283202112,0.056645543127219505,0.5152840806440416
62936802,3011542,0.3550844965752666,0.6049092220978526,3.2603519423985134,0.0,0.1250171130439609,0.1927912894600207
6999461,3011542,4.207586992872143,0.0,1.9778656315820673,0.513841190691357,0.28430160352560196,1.2038698135582797
33681862,3011542,2.1767039567863353,0.5214664584459721,2.5608545149656083,0.11798008409551046,0.0,0.7798810749858575
34718842,3011542,0.31762188901472066,0.9535293205074774,1.6890401349509216,0.012456656177496726,1.962573077670628,0.053672188835809764
36130792,3011542,0.08808202636195986,1.7835087739514899,1.454777085846058,1.0778596454617975,0.750498886774964,0.29681257645408105
34871522,3011542,0.0,1.205793716184035,1.572169954184909,0.5854427951237916,1.7569294843179877,0.0
36510212,3011542,0.0,1.01455569240418,1.7371965244771688,0.0,2.0256510294628036,0.0
7924299,3011542,0.0,3.812455245186666,0.34170078661758346,0.18114756353821784,0.19156120939699647,0.0
34331022,3011542,0.0,3.1936997971987733,0.5703537941672162,0.46400792429430104,0.6957613875246247,0.0
5983089,3011542,0.6463469859189648,3.324026946829221,0.0035934343441783867,1.8288045845540162,0.0,1.7997310159352482
9243185,3011542,0.5427922617110662,1.1074788873191705,1.115864016161009,0.6118982506614311,2.028119314825208,1.8719320122199439
10247538,3011542,6.498638659554745,0.5994875412360704,0.04539540599252861,0.0,0.4046221127257652,0.0
9350522,3011542,1.5027683404995904,0.060504909929943874,1.4830918821074115,0.24009004908469145,2.1541877968466676,2.1183133945893076
