member,group_id,r1,r2,r3,r4,r5,r6
4361143,309424,0.6552457317330898,5.771310942824754,0.059391260271004234,0.7198773758070571,0.0,1.1411624542268284
2457652,309424,8.882404983626143,0.0,0.20486281179832427,0.1115944770115657,0.0,2.304564224254076
4574709,309424,0.15847680500008932,8.560622931369805,0.0,0.0,0.0,4.326849836543811
2835030,309424,4.800956855503293,2.101483056602137,0.7954664431926742,0.47174561438899776,1.5343299957801861,0.19083822605243883
4842644,309424,7.330458842909237,2.356309352008059,0.0,0.0,0.0,1.9193036286483796
4485400,309424,0.11925024097348663,5.449301992578256,0.7683431008305864,1.048582438149336,0.0,0.0
3779962,309424,0.22626980259399923,8.879013062543947,0.07343055655586349,0.0,2.539469440317038,0.0
2275036,309424,3.920894123182491,0.8636694236309409,4.357004564516633,0.08194900503198879,0.0,0.06374954599177976
