member,group_id,r1,r2,r3,r4,r5,r6
1778014,309424,0.8582799774214083,3.417331680074469,1.7518371625378266,0.8766843535352293,0.593883435690505,0.1630477375473143
183567557,309424,1.3550050613171074,0.07194329915980896,2.4259414257592486,1.17589705786094,0.8361185471549029,0.0
195185289,309424,2.0884869573900895,0.2836723920381062,0.596695476129855,0.6103295404466188,0.6107029807293087,0.7501174431176694
51046332,309424,2.2968895774677254,0.5061619070184897,2.077532303474723,0.2307938200346734,1.3808084460157442,0.05325063073219577
196854091,309424,2.2645816034088604,0.053118604506909646,0.0,1.1173345072319227,0.02985034438270142,0.19434933547113675
189326092,309424,2.33944135509345,0.13021077387795496,0.31195879715761043,0.9628137227130648,0.16758348296797462,0.4013301521393025
183308429,309424,2.0648348002641947,0.9580643669961912,0.9942696184812508,0.5974517930460462,0.9305192716641767,0.36015465428883786
190522492,309424,2.3409519712982045,0.1493606517465993,1.2715053333142439,0.3607230339155234,0.9526084620680142,0.23148292505006576
196950640,309424,3.2957097549842014,0.0015175481962442395,3.3140024161445165,0.06856334978102699,0.0,0.5487778489159459
152870002,309424,2.246118109704352,0.043179689490442104,0.0866798573785992,1.0850871963782678,0.11718312896596943,0.20072030524021928
4842644,309424,0.4485606295006489,10.025741058786458,0.0,0.5694785567798808,0.0,0.0
195791732,309424,1.5153764667186953,0.27082985949266714,0.1564110132564211,1.7197962207963151,0.0,0.11980957998841382
179471352,309424,2.6139740800362055,0.561753946592363,0.41487641282576704,0.35029046657090224,0.8499744935918292,0.3136478030733246
9030778,309424,4.456264651824999,0.042514218615955064,2.6098962340522975,0.0,0.5609937778793277,0.0
163524092,309424,0.9083539167998477,1.6429733104386188,0.6324368789744261,1.9781962164132039,0.41761976823969943,0.04048524765552854
196108926,309424,2.518281140688362,0.0,0.612981874279676,0.5181360305269463,0.43694319764560824,0.3254427878164042
