member,group_id,r1,r2,r3,r4,r5,r6
27604032,309424,0.08545704098343278,1.816290544129927,0.0,3.297766832544635,0.0,0.0
25572012,309424,0.9024083791479864,0.8187520692083002,6.5992265555051235,1.177020839888922,0.0,0.15416815221311075
14494476,309424,0.32280557757336364,5.940440894272067,1.1514364076310322,0.0,0.6202588729389116,0.29998907867970864
26723692,309424,0.07605881241671175,1.7524226966943652,0.07088670313131099,3.2587665258182086,0.03756243088719841,0.3159555124467229
8151698,309424,0.0,1.1003878247059777,1.5088615564124062,2.7266466521390873,0.9125779210402725,0.48433917341976285
4842644,309424,9.208867092974687,0.0009116591999769247,0.0,0.3853683968702129,0.0,0.0
3779962,309424,0.33096626745620644,1.5209631181858814,0.009861699211731911,3.098872537499431,0.3902396046777613,0.4166241513405906
13823454,309424,0.09975123513169173,1.1920100306906698,1.540438448616253,2.7392418224120876,0.7984955120488817,0.0009159816765212304
