member,group_id,r1,r2,r3,r4,r5,r6
70746752,309424,1.0120907273788429,0.7065090737474948,0.0687169477111082,0.42434325158334557,0.4783732379375009,0.3409997471086388
64518022,309424,1.55979958085499,0.0016788749720853095,0.0,0.49026915769366913,1.5567771403551576,0.0
7208589,309424,1.0234834395053565,0.17339819850754282,1.9168963875253955,0.9120321745099045,0.31560712731457263,2.495196745815252
7228687,309424,0.1598194791974606,0.05133021020953802,0.30435003842909736,0.334147277064764,0.5347867752600677,0.5011321040428331
17892881,309424,0.637222206771508,5.974353061448511,1.1095014567649528,2.279935167209628,0.0,1.2155295136762923
4842644,309424,1.5848872626109356,9.22487418374721,0.029058934484455016,0.06854559020790468,0.6544721514302693,0.03945643891504854
49162522,309424,1.4853453985258136,0.0,0.37553351369910104,0.4490793858359817,1.2782983869511104,0.8472605419702197
64636452,309424,2.7293949695966404,0.0,1.6473499073308258,0.9549828399385304,0.0,1.3388422094091166
9541804,309424,1.4833383841692918,3.863100750269216,0.04592070955310464,1.3914950587161188,0.33885238183818267,0.04254229854808954
67435052,309424,2.616473908479728,0.0,0.0,0.452937017026334,1.4168507762939038,0.03422154699004941
10713519,309424,1.1051613100450628,0.09455106353934249,0.0,0.6570752910219387,1.6477326620507051,0.20006416101467905
63940402,309424,0.4384550098856272,0.3593164836630167,1.9035724042739464,0.9030334127006231,0.4146100160967944,2.4803852017252015
52089142,309424,0.09448567083010982,0.0507013380876244,0.8642318220622636,0.2771246924637286,0.08658466557319278,1.4903362918226168
51046332,309424,4.636116424947296,0.3705500921870218,3.769765955887319,0.0,1.5780987258422894,0.0
2204503,309424,2.456576356718932,0.02865828513089533,0.0,0.25760595020021543,0.8621808492259737,0.22742247594965434
62814552,309424,2.872632851529011,0.22892727265917703,0.0,1.009511336410385,0.4710821829421142,0.0
10612701,309424,2.674320355691997,1.6201757108002308,0.0,0.8642248650453995,0.5008167574938359,0.0
62893152,309424,2.411280413663172,0.12181388014164357,0.0,0.2449966765978348,0.86244379573779,0.27799180268970036
67140322,309424,2.8990745176406105,0.04342748090703615,0.0,1.0288828659257143,0.4671175730018872,0.0
69676262,309424,1.1265765297356187,0.0016868865174899726,0.0,0.6675634842908895,1.6464743855447141,0.18566916979700337
68019702,309424,3.161533244314585,0.15208184558525084,0.0,0.0,0.11305764016032695,1.2172442580954608
