member,group_id,r1,r2,r3,r4,r5,r6
7944928,309424,0.7090412821692712,0.09619919286018168,5.412438134582543,0.4073732867012097,0.0,0.3072021965863961
11359425,309424,0.4329350236672661,0.1849168063083071,0.7559116825028409,1.4596891255551272,1.9633184283983975,1.0859335569899151
11406885,309424,0.0537044261521239,0.024744528761618586,1.6211551062338856,2.8109199974470065,0.7121862412693368,1.5956436661336517
6823813,309424,0.8156968514326363,0.1970836657719503,0.46382385035846113,4.309737164014576,0.014676345075984299,0.6622212628227074
9615911,309424,1.530292845950767,0.534512594204167,2.6686088094079214,0.4226658784083549,1.526733386938843,0.3504699901767677
274877,309424,0.5248728449562313,6.902143034865471,0.3474576112192338,0.7737933063842457,0.0046394934275490905,0.7495526351730043
10714217,309424,0.5660729716950703,0.7262816433816761,2.3000381474771197,2.139490616335616,0.5444190580706721,1.0867476214798173
9541804,309424,3.405004129225218,0.0159917654732886,3.4730648344965167,0.48073767912903287,0.0560997890055852,0.2849485221336942
11563100,309424,0.44244738845677484,0.0,4.68900199700578,1.0172434211383614,0.6733578485342775,0.0
9567325,309424,1.2879432762708252,7.377824277253354,0.3749490678875209,0.0,1.1086716454524455,0.015284008242601399
4842644,309424,8.14399649232134,0.09361137447352229,0.0,0.583479661662511,0.12953700031522725,0.249468458827789
2835030,309424,5.345156436964349,0.8128915979764387,1.1007303991205353,1.105431911806049,0.6014700212907217,0.015019213965721577
1897655,309424,0.24975330475095325,0.9930153999052725,0.5986984775178756,1.9445442568178792,0.7230312077522643,1.6069026628116645
9173946,309424,0.3306325418080258,0.5568368888844106,0.6479244733187494,2.0160917604981736,0.8281458265035342,1.6168600447374206
11731995,309424,0.16000155184139697,0.0,1.677316603698957,0.0,0.0006639842092949862,3.035070819462132
11359004,309424,0.0,0.03941592706950405,1.0560341722756028,2.0960620812889195,0.8708550925389681,1.6042034445285338
10612701,309424,1.4599363463058637,0.04075620520604931,2.076320044104206,0.14599868922697046,2.6258061259286487,0.3424246237929791
11129951,309424,0.09543774035077235,2.9908919661688342,0.16855685876433282,1.6094033626379922,0.3655551981562996,1.6164367350091235
