member,group_id,r1,r2,r3,r4,r5,r6
86930592,3138722,0.7312408126285167,5.7186217949679845,3.0701820754071742,1.7550932408512459,1.3755261463325148,0.06422909706775708
3502053,3138722,3.539905755490846,0.20449298517464914,0.10159106724058713,3.3208177963766508,0.515312776160887,2.0392075308475275
558790,3138722,3.979112816989788,0.9757275827554769,0.0,2.7879610973530666,1.3607923076346777,0.8167885163558457
3114026,3138722,0.26004521925148283,5.987647467157093,3.4798414964209314,1.896180846876161,0.7912864107341946,0.1536590620929741
41427082,3138722,1.9363103158940331,0.0,5.250069408773286,1.1681639751363941,0.0,0.0
69586322,3138722,4.477620140112001,0.05407181805271062,1.9741132143204438,0.0,0.7243758675506043,0.6838557920968288
14070582,3138722,1.98987383226474,0.2944993518691246,5.51759230940644,0.34733103267815685,1.2853877369276516,0.23859695062998462
