member,group_id,r1,r2,r3,r4,r5,r6
547205,3138722,6.300126531646523,0.0,0.0,0.0,0.0,2.2123352866189565
3502053,3138722,1.1101910780169835,6.513268727604784,0.0,3.7815183711111864,0.7129733485532903,0.3120743207242603
558790,3138722,1.1672724071022504,4.721662297911473,1.4425767699762613,0.0,1.7022560479634516,0.7393702063843436
41427082,3138722,0.0,1.5242583604056208,1.7958564768276533,4.562327304887983,0.0,0.39135756198267974
94803082,3138722,0.045737815488464686,0.0,4.798291001346465,0.9607163987868125,0.6720030649229773,0.7830479111298142
2027566,3138722,3.362533991192432,0.0,0.3052795568749461,3.52172928648117,2.216130848993806,0.0
3304975,3138722,4.101087501150349,0.0470099236136546,0.43154302285500523,2.608344308560917,1.1978745749542299,0.6648506569794909
12398611,3138722,0.0,0.16650546532468335,0.4960966768217685,0.0,2.4891433508132184,0.6197368896351806
14070582,3138722,0.4470203387643571,2.056316404459629,6.879698327288488,0.8310152285801852,1.728657506363116,0.0
