member,group_id,r1,r2,r3,r4,r5,r6
35872672,3140362,0.0,0.09063338532854942,48.55296791026491,0.11925527252428068,1.1402869610097002,0.1392721821115056
113993982,3140362,8.447143856334929,0.0,0.0,0.17273629706516447,0.2716913904705966,0.2365981912657952
