member,group_id,r1,r2,r3,r4,r5,r6
110198402,3140982,0.7856066446389859,4.927101966273445,0.7635207754542673,0.09877926080002372,0.3123383507139934,0.2265673766947945
24113382,3140982,2.7132973583784454,1.8515205715580914,0.17348433805083024,0.924134506093193,0.5569299528380729,0.2307688208566232
33057862,3140982,1.3513650724015376,1.8040553108870794,1.4113334680142526,1.417679843738204,0.0,0.09115936097494722
10184904,3140982,0.17541853849708333,1.9832179432200012,0.1492109187050468,1.9106572474650552,0.5318028591988572,0.19709274530122747
31365832,3140982,0.2371412112481596,1.9990162953240607,1.394523417810072,1.5184095280384156,0.6174295077473779,0.04965932043730983
75749482,3140982,0.04309751001341856,4.904458277016141,1.6300789894057182,0.026042161315312763,0.38951534390302517,0.1574934149793067
138191912,3140982,0.039528646135275645,5.957089722488283,0.2211142798216196,0.3400277721944994,0.0,0.4055167485041079
35890252,3140982,12.555889961444796,0.0,0.0041497525404123265,0.0,0.0,0.017447405405744836
81600242,3140982,0.050957917055905494,2.2711087656659066,0.3441674520539238,1.6198866536897376,0.5575242867365658,0.19079424286007318
57650902,3140982,2.3421849388881077,1.5480100130440848,0.0,1.8202692038181103,0.0,0.2550668479815583
29641112,3140982,1.7242622810262138,0.8629749400683604,0.1475870203530326,2.9327988093508646,0.0,0.0
8523801,3140982,0.4825564092750878,2.8597673071162384,4.00599363451639,0.14416786956022334,0.2809288660633542,0.0
129709722,3140982,0.23817840599466564,1.6218006933786526,0.7059570819382719,2.0346930109022905,0.5369566904750899,0.055240982105286274
12456889,3140982,0.027038249730039706,9.389902728843092,0.43359530898252313,0.0,0.4159808797259768,0.0
132958812,3140982,0.17209171859292757,3.168313622364247,0.0,1.2990700198724496,0.0,0.35688387523525217
