member,group_id,r1,r2,r3,r4,r5,r6
35872672,3140362,0.0,5.469684923429057,3.438799040232543,0.0,0.19224017885924038,0.053692726844798006
1115822,3140362,58.93319765776227,0.0,0.0,1.5468257139690804,4.040177373544321,5.4220744451774687e-05
