member,group_id,r1,r2,r3,r4,r5,r6
35872672,3140362,29.952332159777157,0.0,0.0,0.0,0.214975372197794,0.1547557234615564
165072462,3140362,0.0,41.64642423318953,5.432245678563884e-12,1.4879498761655539,0.5800382703627638,0.006773892840830623
