member,group_id,r1,r2,r3,r4,r5,r6
35872672,3140362,0.0018840292726142122,30.488557012926975,8.035185509393178e-07,0.0,0.011845516898659925,0.4200026131575608
1115822,3140362,13.310978580627555,0.012702702638457236,4.717542592007583e-10,0.0,0.005336648808081832,0.27933517866675944
