member,group_id,r1,r2,r3,r4,r5,r6
35872672,3140362,0.0,35.125035847240994,0.03520616454417583,0.0,7.595833609564487,0.0019032790234519955
76173792,3140362,66.4814746188723,1.4934011035073854e-16,0.0,1.4023951598715704e-16,0.0,0.0
