member,group_id,r1,r2,r3,r4,r5,r6
110198402,3140982,3.7673927727066885,0.7146511803706317,0.36306226325621815,1.6845901900484044,0.0,0.29840571016857204
55314212,3140982,5.790027290693334,0.20810815818492837,3.364861247696723,0.0,0.31186429258480064,0.5684689169626235
29641112,3140982,3.373042418765016,1.9045046078960277,0.036558772972074334,0.6091743269774743,0.5475188581754815,0.0
33057862,3140982,3.4572958237591966,1.3804870720056095,0.886435412602521,0.36884221921472354,0.7427950200719304,0.0
35890252,3140982,0.4774375834239019,14.221796041258417,0.0,0.0042415605493183895,0.0,0.0
28307762,3140982,2.935229968564965,0.0,0.5172975388763288,0.0043698122058419995,1.0840762406667666,0.5762563660934694
13702452,3140982,11.469495445642647,0.017547120016268375,0.29331885805218844,0.11450339429119535,0.0,0.08750788218198964
13479188,3140982,4.762111965602432,0.04346866542403992,0.0003458183992020008,0.303167361128025,0.43808311682794243,0.6726145077554271
118187542,3140982,2.447687994754345,0.0002100989069257743,0.1298966377834806,1.4335196442338078,0.7060355397681481,0.1537218999285797
3785655,3140982,2.9359148744050296,0.0190809331849786,0.0,0.602980770026957,1.0505906705089154,0.0
31500662,3140982,6.099327739524804,0.4639845700523075,3.53541950897532,0.0,0.0,0.8322707907449216
9400383,3140982,2.921825475834131,0.08983789185402088,0.0,0.5941261826039858,1.0448926139005184,0.0
