member,group_id,r1,r2,r3,r4,r5,r6
35872672,3140362,0.08314405503512286,84.20248159526452,0.0,1.131721526237791,0.036319546630489814,0.1606209562048757
165536712,3140362,21.295000094516404,0.0,0.0014404033917864737,0.0,0.0,0.0
