member,group_id,r1,r2,r3,r4,r5,r6
196222475,3163992,1.8180307284430215,0.0,1.0848313640762033,0.0,1.9655092730615251,0.0
14615572,3163992,2.3211729799993823,0.7854745747042614,0.4143305693068522,0.5332366061007379,0.32714590992297227,0.0
184744980,3163992,2.499308148158889,0.7054707632477815,0.001613362860450072,0.0,0.0,0.0
133990392,3163992,2.191674042373735,0.46855156024609507,1.176765803306446,0.17726981399621655,0.3743573871587028,0.35731131155995777
189036319,3163992,2.5676485281350034,0.10110667040210256,0.0,0.0,0.0,0.0
9733410,3163992,2.062409217411125,1.6688887850034146,2.3169183308217867,0.6390879079982899,0.07404313280260333,0.07231857351120649
69352232,3163992,2.1217142245961655,3.109658377274661,0.2040853088689461,0.3329069184124222,0.2268811554640271,0.0
191535542,3163992,2.006064165170943,0.199962202497827,0.5344579479475421,0.0,1.51277672801014,0.0
100533182,3163992,2.0682641023734227,1.4089593129310138,0.27050178343376485,0.0,0.9929576273047777,0.0
33785662,3163992,2.2418399765819195,2.001509998022467,0.1965687578531952,0.33465096888833307,0.2445849439037161,0.0
189470413,3163992,2.533579711871609,0.40328444826707993,1.1074824147833036e-05,0.0,0.0,0.0
106799062,3163992,2.2418399765819195,2.001509998022467,0.1965687578531952,0.33465096888833307,0.2445849439037161,0.0
73485412,3163992,2.4493339442533997,0.08743552791154598,0.18358601804866992,0.33766427192920107,0.2751519654473673,0.0
29340522,3163992,2.5790043298495613,0.0003807642531829421,0.0,0.0,0.0,0.0
125782762,3163992,2.4079173115916364,1.5113009365296524,0.0058861309572544665,0.0,0.0,0.0
12559085,3163992,2.2964439259994016,1.4978061903118731,0.193152274106673,0.33544400122002643,0.2526280654719606,0.0
10425458,3163992,2.356769972662743,0.07867001439499471,1.1494922248756607,0.6166089091155544,0.08409774474560852,0.17086643422823575
29311092,3163992,2.1573266495376897,0.9940288117795096,0.4621463882328985,0.3334217298528007,0.7626484717766471,0.0
797560,3163992,2.282254911311664,2.619317424792225,0.011761187090361572,0.0,0.0,0.0
