member,group_id,r1,r2,r3,r4,r5,r6
5921508,3173392,0.008083531711273486,41.604839157531536,0.19941712025609357,0.1500522403546085,0.2549775470824639,6.465545645254977
9234469,3173392,28.631941855784046,1.170968470472081,0.0,0.0,0.7827844538678385,20.180617369144386
