member,group_id,r1,r2,r3,r4,r5,r6
108458442,3173392,0.0,0.0,8.358064751285735,0.0,3.1593870523550995,0.0
184926277,3173392,0.07454574310648131,0.22837183977086048,8.501790863163855,0.0,0.0,0.17350644981835114
9234469,3173392,47.35786477347809,0.06669475111478376,0.0,13.856641773375635,1.606608422647924,0.003382448325261872
