member,group_id,r1,r2,r3,r4,r5,r6
9234469,3173392,0.0,13.48981088682525,5.5226713810643275,16.091138637682604,0.0,0.11298858492179419
88054222,3173392,19.486097335692783,0.0027423897205792786,0.0,0.12379796800696422,0.2608997723690601,17.463024242349583
