member,group_id,r1,r2,r3,r4,r5,r6
56967472,3173392,7.160838319571665,0.0028742909142719384,0.16804016206019048,1.4208986966661088,2.024007206109442,0.03557743777030409
9234469,3173392,3.2114546826413595e-05,9.987054306110892e-05,66.0217392809235,0.00020662661505227754,0.008204337302738672,0.017125363689517805
