member,group_id,r1,r2,r3,r4,r5,r6
56696912,3173392,0.0,42.78966951823341,0.0,5.280181282064175,0.0,0.23365629431241003
9234469,3173392,33.36602334141315,0.0,0.0,0.0,6.733044213139369,0.06274411319783196
