member,group_id,r1,r2,r3,r4,r5,r6
5921508,3173392,2.080045975934411,29.19771178082171,4.572943052855431,1.7670907910860874,0.3230634474972994,1.673530369697961
9234469,3173392,40.54099864579446,0.0,14.650432218048602,0.0,0.087245407162485,3.2398890726258465
189001662,3173392,0.0,26.900888453376517,0.2714308618798753,0.0,0.0027069441860337017,8.886812611485354
