member,group_id,r1,r2,r3,r4,r5,r6
110384352,3186162,0.46529355345907525,3.4039198360903105,0.306285820395276,0.7059237720783214,0.14741199499464433,0.036414128134269884
160231942,3186162,1.6491181324960025,3.4360186281873344,0.002826811038967338,0.0,0.0,0.06896877010879078
2163975,3186162,0.6425284684667809,3.6965272988600764,0.0,0.0,0.4412721408944203,0.048155954525892476
29817452,3186162,15.426731490592756,0.0,0.3166978778466005,0.14339980108341874,0.0,0.0
115139022,3186162,4.013074958118981,2.5756070036271366,0.3864748103105971,0.6156921666396538,0.1471139340123536,0.02262942932432648
116308142,3186162,0.16307027179439643,3.76741541744508,1.3112776466898717,0.010552354997250563,0.7739997310497604,0.0001941950879543044
92738772,3186162,1.5807760889658888,3.1568806195613726,2.3251320216095164,0.4579046394136465,0.0,0.0
165176372,3186162,1.9451663678346471,3.1473829672573315,0.013059177649614912,0.4865794477675888,0.0,0.052213340697480654
186946646,3186162,0.7596662833963421,3.6741975522729065,0.06934045389537122,0.0,0.7193780352399778,0.030963183944131407
187815096,3186162,0.5255523847699508,3.7102890267450075,0.0,0.0,0.0,0.07344612702285024
190060025,3186162,0.7016636272083505,3.6821032380858663,0.0,0.0,0.4414363457096413,0.04791514642129743
193009467,3186162,0.2298741493919156,3.7824366208464437,0.0,0.0,0.0,0.07460265627911382
