member,group_id,r1,r2,r3,r4,r5,r6
110384352,3186162,0.40097813115157976,0.6153658382526064,1.261166928816641,0.3569653195303132,0.7043204041645902,0.04645506921422022
163770852,3186162,1.1515932746778232,7.784132578281108,0.0,1.1396373744348,0.6171659091030525,0.01966762294615228
160231942,3186162,1.4194758054715644,0.03740038715599798,1.6677139669219245,0.005543182706490752,0.0,0.0
29817452,3186162,13.241803642622251,0.0004887442750059215,0.0,0.12194834112357858,0.42992207405940747,0.012055247134913051
116308142,3186162,0.13639714966124056,0.8238788907740334,1.142633666727539,1.4081397233918165,0.32874997036207765,0.0957013635503504
196490481,3186162,0.04911546218295892,0.9213837642891755,1.7078670651554282,0.0,0.0,0.0
137924722,3186162,0.8583649957236771,8.035403103423523,0.5822704469195461,0.0027739018845712583,0.0,0.0
11653171,3186162,0.7029796754423004,0.4351946420618554,1.2507578075316292,0.5879150866238672,0.41783628916044013,0.16120968351077092
129846932,3186162,0.027476022477801343,0.9455347399184701,1.164986465940434,2.142167762846829,0.0,0.006543692456623131
165176372,3186162,1.6704883479057926,7.458465144640641,0.32887057751709686,0.0130639312617436,0.4628222621832394,0.02996579477895529
36710742,3186162,6.288961076548289,4.532308197966104,0.4208047572721276,0.033930567458612476,0.0,0.0
3930999,3186162,12.32827698391555,0.5892888971442171,0.025485794390814845,0.11354027296230737,0.4327980897654199,0.013387044074475966
166919932,3186162,1.470229039871794,0.004661182432096992,1.6662049417850326,0.005834366496902087,0.0,0.0
185617948,3186162,0.45189475731025713,8.244628945309518,0.3538327002381238,0.04489868205760853,0.0,0.3597432778358563
