member,group_id,r1,r2,r3,r4,r5,r6
61205312,3237552,4.361705384170305,0.912122881842616,0.0,0.0,0.789234173296771,0.0
3824194,3237552,3.008880626696999,1.1042309224902356,0.3693068924461568,0.8533601043423301,1.259946641470315,0.03603978363467516
4321831,3237552,2.396953653121583,1.905073745462042,0.0,0.0,2.0297884618921174,0.0
38397032,3237552,1.83559601567909,2.1887739922104394,0.0,0.0,2.384232544347947,0.0
35785832,3237552,3.2343732029043797,1.487794295501311,0.08812323997719217,0.07016568155427658,1.4295238603752505,0.0
58636382,3237552,4.1497974299291895,0.7390786012955335,0.1494212133352832,0.5197642328648664,0.8094471149296583,0.013652227527483544
9728493,3237552,0.100907676397491,4.447809779207821,0.4869167062421438,1.0425341176068585,0.7337859953714712,0.0
5203570,3237552,4.494721814862962,0.8699112807737124,1.0630053100720063,0.6912850821898651,0.002479275003463178,0.0
11649982,3237552,3.641203664999759,1.2184677667145856,1.4430988048277433,0.7872122343009719,0.031181529270423048,0.03091837014056487
2923060,3237552,0.4562942603224323,4.648947179629695,2.8959838373508004,0.06050120451372277,0.0,0.002781043340517326
25041302,3237552,0.3057405029437072,2.482121264037881,0.192858855562107,0.7126249933293831,3.0799058940730655,0.0356347983357547
17296601,3237552,2.622022793013121,1.9731633919475595,1.6951845969093902,0.4253166635718329,0.3410490561459026,0.03744893216345582
12816186,3237552,1.3395522809773734,2.5671202819938856,0.5472829882920643,0.5388618891109591,0.6036973063207502,0.11100486380216801
34013052,3237552,3.790699204882223,1.9740207695776348,0.24387391007574263,0.12996350910015478,0.09089376699781171,0.0
35699422,3237552,5.353538631037947,0.0,0.22482894093311132,0.7519654951953451,0.0,0.02036352866257892
