member,group_id,r1,r2,r3,r4,r5,r6
78219232,3258242,2.204242973724669,7.508826723758091,1.8904785075585577,0.9500083772973994,0.1185232350403686,0.05496295875693286
76107712,3258242,5.20566917548467,0.0,0.9433747947528509,0.6424550985178489,0.2121572660177453,0.15071944522530842
182875456,3258242,4.247708893485048,0.0,0.07892241565079758,2.8246373688349693,0.0,0.041094510150892376
75761732,3258242,2.152409468500754,8.475711985481656,2.5589261013099893,0.3567581714227103,0.12416467432994932,0.011663974292297976
73177542,3258242,6.617864867336091,0.004866367131777683,1.2485123536555662,0.0,0.11105712508495545,0.0
145735142,3258242,6.616535196404937,0.51673472630346,0.0,0.5610866775222823,0.1041787496466256,0.0
34558312,3258242,2.2200883518248786,7.520573580426046,0.0,2.2767334908144994,0.10803529807647075,0.0
6421673,3258242,4.468518404444812,0.06277402540734696,2.9738820663567926,1.3353031636052446,0.0,0.0
3386222,3258242,3.2747035515949965,0.2265436274417504,4.065039484760575,0.23091129488431925,0.19646883661438125,0.33263967140927864
1545232,3258242,2.251033947136666,6.862647625421733,0.5641370896842393,1.9812459140975296,0.10929546514511451,0.04462371561964097
5556030,3258242,4.441452083254484,0.12688658222198207,1.9708224000069996,1.793636359650948,0.23972449633035595,0.0
2066546,3258242,2.9097421876222533,2.638768804475892,1.6099706808862106,1.8102698674963118,0.16077947181438415,0.16398357847303371
182515255,3258242,4.125069908045152,0.5173436969319561,1.963672373179557,1.0573709054230807,0.13667347898023277,0.15742282257060738
3178782,3258242,3.667781099223629,1.2372528662663964,0.7329063480774113,1.9100267698781996,0.19268038540573293,0.16048247655423026
