member,group_id,r1,r2,r3,r4,r5,r6
10508037,3277622,1.3280553275247389,9.219762490755327,0.04189049810026285,1.209347667783962,0.0,0.0
10123815,3277622,3.642257035311423,1.517233409968874,0.5926449929140124,0.35722835540242176,0.6150100747478648,0.6743104606929347
7469036,3277622,3.4819903544896054,0.06924390601981636,1.3715944704272391,0.0,0.05002338468256785,4.5911090134965145
6316238,3277622,3.3452473983492093,1.2292689457660666,0.0,1.2518406358473007,0.0,0.0
23274611,3277622,2.814488662266743,0.36537934705860714,1.294449748206779,0.5675468151922413,0.8574149418154968,0.0
12220408,3277622,3.392262540606269,0.0,3.375217618594443,0.6798527688807352,0.0,0.0
