member,group_id,r1,r2,r3,r4,r5,r6
160021442,3277622,1.3543208375307059,2.2556163704258863,0.023989190886177555,1.0426203285113087,2.913505343077496,0.21595381288825988
183040354,3277622,3.558901309169756,1.1186351384195474,0.0,0.876457941989234,2.0444609070360555,0.14001529555248993
9471974,3277622,0.5147806820427129,2.818149574232421,1.6796191849495001,2.3028558541878246,0.3385587028431271,0.41256469849230754
159154792,3277622,3.9919688887772513,2.235972717017265,0.0,0.42224955992853075,0.0,0.16127543046586873
161652782,3277622,1.377443439658075,3.471500598997297,0.01045417842540599,0.13103522411931107,1.109126714258757,0.0
60087792,3277622,2.3307294798907003,2.3403033539856435,0.0,0.0,1.6300053810600614,0.022299063521040365
184145104,3277622,0.03363924854607801,3.473552194040691,0.005001138271940659,0.5893204802042051,0.8948800522154761,0.2831937321452413
33345842,3277622,7.244763656639934,0.0,0.8223004175407644,0.0,0.5365527046327587,0.4565337138678318
23274611,3277622,1.049999773295284,3.071674450393172,0.22861665740272505,0.26138763875818716,0.6635922097812299,0.3354811536968505
182692309,3277622,0.5205830754513777,2.8639292487471124,2.070592916900334,2.100958136325369,0.6025529765451894,0.3288534439274043
7885430,3277622,0.5254627447540032,3.6540922258505444,0.24840289842408467,0.5417533108819085,1.3364345343045756,0.41170230634412613
183648853,3277622,0.05367825741015951,5.059070590898244,0.0,0.08372715873327725,1.2440171399575388,0.0
12220408,3277622,0.46320809455070217,4.073738885323134,0.24245216258407007,0.28203600600970674,0.7388588701064844,0.29920756613155103
19843481,3277622,0.0,4.005857885674709,6.695209223385864,0.9864699306627814,0.3521161263615408,0.06089209461645502
82050012,3277622,4.1098223333366475,1.2657734985521252,0.6959264730275282,1.6561987325907193,0.0,0.38092467435465793
22596701,3277622,0.6495012576163947,2.3526324297441357,0.0,2.6895257912390496,1.0295000153351523,0.0
160308062,3277622,6.93709856053592,0.06808255988875679,0.013182609102562682,0.8938336868678789,0.26507482847772157,0.0
182846239,3277622,2.5931925550567434,1.7679751158111146,0.626859164583089,2.2092270274912336,0.22258909942201663,0.2198446686227744
