member,group_id,r1,r2,r3,r4,r5,r6
102796542,3335752,2.636188873584937,0.3796204314599485,1.8288722552570085,1.7208688422265472,1.7669684075015901,0.0
93812072,3335752,0.5380745009801983,11.840790203209599,3.035836013352031,3.3786045405273737,0.0005875466892235913,0.06962775602174132
39182092,3335752,12.549567368993928,12.534522962946353,0.0,0.0,0.0,0.0
9431788,3335752,3.270862238816633,0.7198067345256015,0.0,2.6890345945589926,0.6043831916230319,0.0
151833072,3335752,2.427102830726177,0.17950985640822345,0.038709676322924144,3.3553015085330853,0.15598708148608023,0.0
9649969,3335752,2.819950023078002,0.42751710075143595,1.410536234349511,1.947934487646499,1.4578537490776509,0.0
90449972,3335752,3.9402212296570664,0.02607583756336461,0.18563376017403943,2.2164233847549437,0.8741441092724601,0.0
135369812,3335752,5.903022780214125,0.01919494521070719,1.1382920610901155,1.067089937312586,1.0748479235135202,0.0
126888182,3335752,5.339602073111516,2.4388248800147427,0.14743157335521953,1.7163482274856643,0.7698220562608464,0.030720568007899827
12762423,3335752,7.437290466058731,0.012336623842764804,3.4494681593610546,0.19892337855967857,1.3764960112731839,0.009439125394557369
5067417,3335752,3.35106213690709,0.13001404104288444,1.9876442393453184,1.2420056451578476,1.8898615705034991,0.0
89967962,3335752,1.5902487730931891,12.976855098194623,2.589220792685942,3.2284246528136706,0.014956842754458268,0.0
79985852,3335752,9.522527662841641,0.11020484516815053,0.25706324533583846,0.389910116856042,0.8382725301979126,0.6710063220541681
149433182,3335752,1.22528530635736,1.8543703797238023,0.406587484786907,4.068248991632465,0.0,0.15458091368883548
