member,group_id,r1,r2,r3,r4,r5,r6
11178275,3335752,0.8676571024313273,3.4893481732187723,0.00039303436619186763,1.9815558934135853,0.5466710371594914,0.5853397028468177
8359395,3335752,0.9843242492380706,4.0630898615915125,0.08005467743082699,1.6080495091961255,0.42824590192526946,0.660250253921169
12999715,3335752,0.7960738806735278,4.102477261433796,0.8639262281510067,1.3546651630608637,0.863477490688741,0.17171683564714962
14646667,3335752,0.47741910038588264,4.231794682008016,5.551735906440492,0.4532942342274682,0.10253562231833335,0.7145777967096629
39182092,3335752,15.14194492476178,0.0,0.11965484722706952,0.25830296865735564,0.0,0.15565111582014798
33975632,3335752,0.5979597018844559,6.422282592512221,2.925824113897635,0.0,0.47649939692868526,0.00124503676149178
6965908,3335752,0.21635734828075617,4.294387432587481,0.004508817118304325,1.7954933216812758,0.0,1.1696928482823246
47417172,3335752,0.19151225841133124,9.355603713051417,0.0,1.7235575736480542,0.0,0.0
