member,group_id,r1,r2,r3,r4,r5,r6
101129602,3335752,0.01847735629971109,4.512671416599404,2.4117436988167866,0.0,0.21496548023862644,0.5695947299296802
139907492,3335752,0.016006574022425172,4.126457509043117,0.06649819705304957,6.366598390338837,0.2220518356074005,0.06987775336897328
4025573,3335752,0.0001274742766757017,4.095473667571812,14.768792246737018,0.19816306024138441,0.009792560291304679,0.17911209181554147
132403302,3335752,0.11733234528943008,5.563444201179119,0.11979338797360074,0.5191338591980531,0.9480768796166069,0.07893690208066538
93812072,3335752,10.857443793398552,0.0,0.7984887251337129,2.35246333694256,0.0,0.29639487985150725
122892232,3335752,0.09479727513890922,7.604859767350048,0.0,0.09468450235750853,0.0,0.2964062211410184
141712712,3335752,0.03626627715535238,4.530172384401812,0.06078406451500984,0.5883915800617527,0.9870190418493484,0.0
39182092,3335752,11.574362566535035,0.5431431701120486,0.10536603373095202,0.32499823988835586,0.20601929443733108,0.0
143557232,3335752,0.13679040768352,4.4807714917529005,0.05446616246112853,0.571321047583644,0.48634884715540044,0.3786265267051407
9649969,3335752,0.354606746036796,3.111937078955826,0.18183219836520811,4.988563702603817,0.0,0.3766681254492154
32247412,3335752,0.03171021069171584,7.650585415604942,0.06157115874767219,0.1269388923556398,0.3888365503454396,0.0
126888182,3335752,2.2524776034257776,2.7266864983482537,0.053477000583740796,2.0807757411445427,1.5041951179920563,0.07514698616567506
68928632,3335752,0.6333282518769474,4.307810616110884,0.22077388806104115,0.5190057149671775,0.4182677884315418,0.40456861540897576
89967962,3335752,11.898082357522686,0.9190668381562358,0.5236707871846481,0.0028787115896966066,0.010651455451594134,0.39400751980415755
139276892,3335752,0.03178919912833676,6.8975434659577575,0.06222546201915069,0.5960435850051531,0.07473709639705216,0.0
