member,group_id,r1,r2,r3,r4,r5,r6
114439552,3335752,11.121923881310105,0.04752303986191644,0.305112895086874,0.0,0.6193987172852798,0.0
155936832,3335752,7.12978541198636,0.0,0.18596445470167178,0.15995157372659252,0.0,2.026471504709748
10264036,3335752,11.115418404347265,0.11461849505172104,5.692040468989032,0.0,0.12003198189410724,0.0
93812072,3335752,2.135376879271592,12.628609033674886,1.0193356438804284,0.1737475586964304,0.15888239237458657,1.3160678454913994
149404842,3335752,5.581811566537888,0.10392419006271837,0.1282179852070488,0.0,0.2663055368207823,0.7492335242973733
4692235,3335752,4.9480817680397005,0.14099288706290325,1.281052641625041,0.4591822908087301,1.047696231573569,0.7810937730325825
157870732,3335752,4.737134959008963,1.4325330554206772,0.0,0.6186053291498081,0.5613564315212846,1.6792747261378924
44780462,3335752,4.984405971759555,0.0,0.5129532387564887,0.292765403446477,0.8339080621476148,1.7528973824247858
40018292,3335752,7.098265357037032,0.0,0.8238355357465438,0.44394821365607917,0.5813981760139753,0.19368095967433988
126888182,3335752,4.578129657637668,2.5372566792004263,0.0,0.3222227722597364,0.07846315496060335,2.4788279092829995
89967962,3335752,1.2796556412965934,13.284053757107497,0.7829304386351711,1.8743711294880914,0.04030263353698044,0.43128638339887226
62625852,3335752,5.602875207015787,0.05295320306246746,0.0002976732791346313,0.0,0.3302569959939599,0.8513626888876262
