member,group_id,r1,r2,r3,r4,r5,r6
6965908,3335752,0.0,2.750413403526365,0.0707241295752119,0.24362512169310543,0.0,0.13859588672595657
12952490,3335752,0.0,2.7598998475230982,0.01840473904412148,0.5382772228035898,6.553761503470232,0.0
39182092,3335752,22.446622979873446,0.0,0.0007803168941120065,9.239043992500704,0.0005062584265525835,0.0021005288833152312
