member,group_id,r1,r2,r3,r4,r5,r6
10124769,3335752,5.651115255055422,0.07850850872429813,0.0,2.969380390384186,0.0,0.009218859207325463
11178275,3335752,5.652070872010173,0.13108250341297523,0.03577900200557843,2.9754922604514915,0.7195779121477649,0.0
8359395,3335752,10.84552214174932,0.862500250852652,0.32107253358584764,0.0,0.5062869042158947,0.0
9570570,3335752,10.845662578486603,0.0,0.4884318239064867,0.04309600518416223,0.09115736439569319,0.0
39182092,3335752,0.38855735750231696,15.930740274831905,0.009039167507804462,0.05781408836938517,0.0061968941173829815,0.00040460940627238016
33975632,3335752,3.966109765134873,0.4082350699885609,4.962457925555757,0.0,0.0,0.03058558999241597
63850682,3335752,10.839108575049595,0.057843607223182845,0.0,0.0034551501239680365,0.0,0.05632529337531144
51768382,3335752,10.845503797323353,0.3045709925280879,0.4181054946641795,0.031896606721087684,0.6371109803021718,0.0
