member,group_id,r1,r2,r3,r4,r5,r6
101129602,3335752,0.03401094253010848,5.267547710278155,5.184643068724138,0.0,0.0,1.2976733203599329
132403302,3335752,0.1060573204878248,5.266946912520142,0.22715713350791117,1.2020890354859535,0.0025536215797402188,0.9332316676584902
141712712,3335752,0.014625219834408228,5.311697765375018,0.0,1.2687547021441852,0.0,0.855609962993548
93812072,3335752,11.336423470398845,4.116958254136266,1.4832230863359468,0.0001800353120543912,0.17269776246584986,0.29524234190807813
39182092,3335752,12.077177384752227,1.0553357926229383,0.01970651338603387,1.1125524589705138,0.006965499023572027,0.2979094033661832
143557232,3335752,0.09270444601772117,5.28961537673972,0.013975148172998676,1.0332708892215405,0.345820966951283,1.0309888233650604
35077712,3335752,0.0009745083187655413,8.964886165875477,1.7534738580904388,0.0,0.4152360218399919,0.48129036606673287
126888182,3335752,2.3456995747940814,4.237114813752716,0.0,1.5550108103937932,0.10724888625278034,0.0
68928632,3335752,0.6154853690123558,5.034686520264424,0.3867209869764019,0.944922109443915,0.32616606340752485,1.0699199127478667
89967962,3335752,12.393676803352887,0.0,0.7943974991927284,1.022359246938046,0.4026999721160999,0.03951169078194309
79985852,3335752,0.152044443813614,8.862272060928749,0.1876167538129551,0.710727336631842,0.16699077454825856,0.14933747484229823
