member,group_id,r1,r2,r3,r4,r5,r6
115435172,3335752,0.0,4.7620576714498135,2.214757840609261,0.11501185291667011,9.20312211771799,0.029124723920993092
93812072,3335752,23.529089996907636,0.06203184474016191,0.06214659937708672,1.1554760239672088,0.0,0.0
106628812,3335752,0.0,3.174898844577276,2.1981564522048807,0.0,5.2543996288212025,0.329002713048183
39182092,3335752,25.218438914513868,0.0,0.0,0.0,2.976074493752221,0.11639345781668092
9431788,3335752,0.0,3.174898844577276,2.1981564522048807,0.0,5.2543996288212025,0.329002713048183
