member,group_id,r1,r2,r3,r4,r5,r6
4159233,3362862,0.5588999634841793,8.096477262859858,2.9662120132583403,0.04476052768625296,0.27273367596799547,0.06724297647140404
3605282,3362862,5.0790568209939915,6.2779846513054895,0.16138125753765006,0.18040396550674817,0.23836775955281364,0.42982603125551455
40757862,3362862,3.8890303423626817,4.747291303103297,0.1382897955831156,0.5792405075869506,0.635744064111105,0.5836022322968222
25574942,3362862,4.43304669612964,3.876751340291304,0.77934664957494,0.9287199283411488,0.5867556811957677,0.2075186272123307
58713512,3362862,1.5408950105487513,4.430110407183666,0.19722851407867206,1.0873631505087218,0.7942635118565984,0.18862151722758694
63219272,3362862,3.6385436553833475,3.9136199116364203,0.0,1.1111626342748575,0.4199616158189708,0.20929037901469183
8536648,3362862,4.861367010590496,6.7580815972786725,0.7433797762637196,0.0,0.1858452759830913,0.3635288351016044
34606782,3362862,0.9949555745067846,5.531827292474268,0.4481342551106372,0.47839839513211924,1.3619418586783232,0.0
27307022,3362862,1.1080794511324916,4.3339358935545995,0.12270454584970848,1.1438396710440777,0.6676655697993215,0.17479696796605002
38896912,3362862,1.6796572461224712,6.963853300641553,2.0476411046287937,0.033083140481971106,0.8691991638524792,0.3353422544254376
38251762,3362862,20.809062490447563,0.14515119644260033,0.5514106575619762,0.13773925796443318,0.0,0.0
6256510,3362862,0.5956500166582808,8.246444335103048,1.3927430006894652,0.20277938126052103,0.0,0.5914652166430223
62364082,3362862,6.965273463000144,2.78432497858632,0.5000224610959013,1.0781362893079767,0.32106208377555895,0.16571557465233347
60473752,3362862,0.23783156175331102,1.3881585954026758,0.0,0.21867565013122092,3.738154772687554,0.13367431098541138
7780409,3362862,6.671647487966917,4.00787444834203,2.0104143959118836,0.27952677219351396,0.8974775406952609,0.22242230782529757
70686172,3362862,0.34816412669041574,4.656670701880405,0.0,1.2033322605154684,0.7800350880825702,0.22371688431439354
51926972,3362862,4.255754874215591,2.8685610260561036,0.3219449684286469,1.4512775156145057,0.28789111278901813,0.275040987907328
28704862,3362862,1.6439295296494414,7.970006494347297,1.5094595365765824,0.09972841678903584,0.04668849340422937,0.5657786696571007
