member,group_id,r1,r2,r3,r4,r5,r6
38896912,3362862,1.6210352294443746,5.711812346666661,1.9982211881284464,1.0217551344489086,0.40607422017059885,0.6256747666864171
8203409,3362862,0.6525785113887549,6.691064660765438,0.759312355783879,1.6450205387413959,0.5367254307380457,0.3137233430844924
88805402,3362862,0.20144484535257373,9.223855467193678,0.4891961961749477,0.6529844261390727,0.8289369020630527,0.15208761550586475
161570082,3362862,0.06010036651071902,14.887608620783258,0.060951263120032205,0.0035972066692180824,0.08018654400151258,0.0
62364082,3362862,6.670942925822,7.149427114277245,0.3822652823552023,0.44030678783102767,0.002085366864920095,0.2943216269898403
7780409,3362862,6.395698926236804,2.9963557585383085,2.183941784125306,1.0460098530084958,0.0,0.5383267961845386
8536648,3362862,4.666085058795156,5.114114286409621,0.39958660053573036,0.8505831006877826,0.6273538960698538,0.3742413810399485
10848337,3362862,12.519926944281943,2.343620768770268,0.0,0.4441020426764772,0.3894650666469555,0.0
3896403,3362862,2.0364710225089286,6.896620061474481,0.06200813044661437,0.8263805714838901,0.8005333387372766,0.4078829776764659
55825492,3362862,4.666990103558247,3.20871408596294,1.0927121214552051,0.5552273179829612,1.8610560339697213,0.13400312159781527
83193172,3362862,6.533823508361057,5.766837823694292,0.0,0.9136101074113065,0.33620889037040486,0.0
11774430,3362862,2.348389479821353,5.136119944163537,0.6811160217873727,0.6930180836647764,1.2686955420908907,0.12573581199750722
146860392,3362862,2.3483522594056088,1.997029097571294,4.387199319779949,0.0,2.138829937172846,0.03763010169999295
135565032,3362862,0.20294023764849986,7.159374675170047,0.1568897449984886,1.9608153613515515,0.5979011991774867,0.14309405010992857
107077612,3362862,0.09946848344227449,6.512494070212069,0.22865783244616567,1.2140014115910147,1.236476760553533,0.05729403671246954
29476592,3362862,0.5488379444998921,7.200971928541368,0.3582213952189644,0.7533059324858965,0.9814484079533942,0.4545807136748712
38251762,3362862,19.923221307328877,0.0,0.3758800207499858,4.41801136520915e-05,0.0,0.3481591063565021
7935096,3362862,0.3405443664172609,7.124698897507436,1.8226209999850993,0.496432740616807,1.0762754120473939,0.5379758211487656
153922042,3362862,0.5475478052340562,9.288021514743889,0.14651064340049252,0.7660143033699816,0.7762212313136723,0.1201286204627719
