member,group_id,r1,r2,r3,r4,r5,r6
40190082,3381752,0.47319823490206814,4.920073238564773,0.0,0.9287771345526997,0.0,0.2797643501410347
3511459,3381752,0.35725467945612494,4.924983539233495,1.0797660816881949,0.2940363813178122,0.486066953956486,0.3404585276400106
10904077,3381752,0.7326632549531699,3.7500358666001308,2.209120369686038,0.5623973587657789,0.5314647306311755,0.06915442929896302
7711411,3381752,0.04249943807789389,5.085467120580241,2.5843914380107122,0.28705895706135515,0.0528323801067751,0.1825565374795254
40273172,3381752,1.1176778857684186,3.677090493563993,0.029071676240401516,1.4547991779398464,0.0,0.0
3794485,3381752,1.8543977734832293,3.4460518289626054,0.24459349018263685,0.7737529167309866,0.7575913776892601,0.16367112007410223
39252892,3381752,18.200104334830943,0.0,0.0,0.22195961155011823,0.0,0.007592729797946002
10750237,3381752,0.8874379831125102,5.842127046673322,0.8598240019934835,0.0019442970295565159,0.6999582566349516,0.05690392279151762
42036862,3381752,0.3105125584868408,6.082955220789888,0.0807023263005483,0.7347227110467588,0.0,0.0
