member,group_id,r1,r2,r3,r4,r5,r6
39152352,3381752,5.131519987586477,0.0,0.0,0.41989424869981146,0.0042566034529558025,2.4702956149984
30083942,3381752,5.173376599363981,0.0,0.0,0.3587370311091477,0.16812626080949147,1.4137326382952502
39252892,3381752,0.0,28.194276981150153,0.35829469089679167,0.0710820622496755,0.013661984375777167,2.8231247903627255
11894942,3381752,5.1129557318099055,0.0,0.0,0.4158764311499807,0.20714692357294567,1.1301232089170925
