member,group_id,r1,r2,r3,r4,r5,r6
190513664,3381752,0.0961641467255147,9.41234463082778,0.0,0.0,0.8104126871700396,0.0
113087462,3381752,0.4274787420658817,10.188757959508184,0.4748505123882609,5.444021441561274,0.0,0.0
35334152,3381752,8.709009067933755,0.21206120817891527,0.14724039588977056,0.18484430407511357,0.06935952527848852,1.2623551808287703
41878572,3381752,14.12237132112249,0.0,0.0,0.0,0.006230251955923103,0.0
106614702,3381752,0.05612080288372775,5.900596409274118,2.722260180119524,1.06552470709673,1.4374918282567528,0.2184961672733178
190788241,3381752,0.16477195359695318,4.934005317313213,0.34479571956759997,2.0368009602842383,1.8334264041952995,0.14320189673081213
190705366,3381752,0.09381215303341055,6.156477203913986,0.03281376497522839,2.821222037804537,1.6187520817259236,0.0
3439609,3381752,0.5275406762264322,10.208179414079991,5.726784377625275,1.0052876108065572,0.0,0.0
154025182,3381752,0.24810127428887538,5.817390649080095,0.7161263268464916,2.0895186640381427,1.5156200826081645,0.21346552190127394
