member,group_id,r1,r2,r3,r4,r5,r6
39252892,3381752,0.01051433116892575,30.325644855626898,0.17950057654993426,0.03815232012274476,0.0,5.342230503500089
60690722,3381752,2.2403466650699033,0.3638452804670479,0.7255918818278834,0.06841608244265174,1.067639687079893,0.9692792885667445
35275772,3381752,1.5716472284214644,3.5056343897885744,0.03367380425147276,2.6481243443299385,2.0928010205806618,0.6658571290326504
43296572,3381752,2.2380473794436693,0.012183712833981588,0.6407436062689399,0.11348129369549213,0.0,2.9381619317422984
