member,group_id,r1,r2,r3,r4,r5,r6
43296572,3381752,0.2611786728365548,5.362920979871967,0.01100577151761413,0.7077724824933026,0.529808586846342,0.0
39987532,3381752,0.15093766414050513,8.707523351422266,0.0,0.010501325925891196,0.01861029554846556,0.001679883237979772
10904077,3381752,0.742635606987847,3.8568374822005627,3.4633289222575208,0.024087181481653126,0.034279355654672654,0.03747181851678487
42298492,3381752,0.04772068821080126,5.424279244063207,0.010594673665700082,0.7254055546266905,0.5290599521655921,0.0
40273172,3381752,1.1166725014924106,3.3042516066076932,0.0,1.5749643704425957,0.16223137973673618,0.0
3794485,3381752,1.8629850917023163,3.0759652876167323,0.8131480852678695,1.1763579689103072,0.0017953825813485304,1.0771439028448984
39252892,3381752,18.13799149963044,2.987204310354333e-06,0.0,0.014217073187446388,0.11558173876679687,0.0
10750237,3381752,0.9006179245793595,5.33528154429722,1.5158158288165775,0.0,0.548629121545604,0.8680154430822142
42036862,3381752,0.3141287893725336,5.578477724408015,0.0,0.5961318052636525,0.8821008877445837,0.0
