member,group_id,r1,r2,r3,r4,r5,r6
110841792,3381752,2.821983401179345,1.2945790826300034,0.0,1.510151434748919,0.02612166528878504,0.8059972976985103
5030849,3381752,1.8144020825495777,2.5631497309871856,1.6814357159433904,1.395983352771554,0.7594751615643779,0.0
121987362,3381752,3.6925580965216107,1.1943970569332194,1.3031391961279335,0.2919694908814524,0.8579174158340139,0.5846497912694324
13848323,3381752,2.4040090189283916,0.1788542369289666,0.0,2.040408141113069,0.0,0.8472247421951453
13009792,3381752,6.291570100589835,1.3020727329378547,0.45102999876709277,0.0553732133326023,1.6028927801213921,0.3762886363377008
10888449,3381752,2.2664184993018166,0.0,0.7938590841694558,0.8071217121176545,1.7674476848017944,0.8146646345007708
79015392,3381752,2.418821643631338,0.5636811908054431,0.8270586123306158,0.8067805158836385,1.0552448937044938,0.9175831400452715
60824072,3381752,4.5866614838671875,0.0,1.4692914699177801,0.0,0.0,0.0
108776012,3381752,2.7713914850861348,3.0273315895175483,0.10865917834890151,1.2279981997857086,0.33963082580819115,0.7542260896536312
117574702,3381752,4.911245982957649,1.0018600565087905,0.9234401755914943,0.06041293879156533,1.389702101601226,0.6579341436647221
109572432,3381752,9.304749598927458,2.132081469708499,0.0,0.16508547075017502,0.21163099824513273,1.3251052362982427
106496722,3381752,5.03038215491954,0.0,0.05487399734999726,0.640910688773983,1.564897046625305,0.9131332852090798
12943283,3381752,4.48544594579484,0.19144475157666702,0.0353253943844006,0.778170873535531,0.0,0.5294599240110903
117643702,3381752,4.510338146013595,0.07315930339058094,0.0345430213960185,0.7917772141691266,0.0,0.5244747350395295
1925687,3381752,2.463060248353861,0.7771218146577231,1.0624110500270798,0.676554076319966,0.8655746600541028,0.8870436238484318
123130902,3381752,2.7691614585694415,0.0010867388960872772,0.010818878472966352,1.4387091274770978,0.0,1.2566757964629685
122710042,3381752,2.755311167875441,0.11909950323000722,0.011441043553282678,1.4252732703056321,0.0,1.2592485901891501
39252892,3381752,0.8940302997018217,19.925058620921387,0.0014877481965610267,1.305579449308445,0.0,0.00438843934268214
