member,group_id,r1,r2,r3,r4,r5,r6
193317153,3381752,13.2988367300386,0.006749720619497289,3.324417624894579,0.0,0.18875748038365073,0.0984291582721184
191582340,3381752,3.2377909439465693,0.5018939531718704,0.3319445900080953,0.47076308839695497,1.650481253172248,0.31314185307945736
35334152,3381752,1.4661362482908482,9.804325816629037,1.2751695799264482,0.004636665223099006,1.0213888074307427,0.8514135450388086
93812072,3381752,8.379106992483852,0.683074801790238,1.2064998417991981,1.3858008308524585,0.0,0.4139136824510936
41878572,3381752,0.9657816965942344,15.732620720681705,0.0,0.19575049998164973,0.14613060192861782,0.0
193372076,3381752,3.723104579021066,0.008603884676004318,0.5776122669447283,0.5947471384765771,1.7136447394278902,0.0
27026702,3381752,3.673996297856224,0.35641371152454304,2.38284409520619,0.2622631917513225,1.600970499409902,0.5024344426348306
10904077,3381752,5.591348240406239,0.5886112778964873,1.2675255803723589,0.5505493591934699,0.839487216835573,0.661109917677778
112892272,3381752,3.698279905967646,0.168451635002112,0.0,0.6881566054651681,1.65755487420609,0.0
193377425,3381752,2.83357870894401,0.1365683332272367,0.42866006122404965,0.3815364894761977,2.1218378985710484,0.28414082947546077
3384338,3381752,5.6770684719876625,0.16308396563375394,0.7769520470571618,0.6871212632695405,0.89659587670234,0.6183729381417187
192041300,3381752,2.9972798457321628,0.058153904457290656,0.09528701187098006,0.7009731768560583,1.049326815558471,0.0
193432886,3381752,3.70774517265788,0.10678892896250435,0.4087631727822281,0.6165871946404948,1.6823486604095637,0.05242548500315342
5187256,3381752,6.887091285699686,0.00028642394598545333,0.5891306251700358,0.18552669345421535,0.5973109984744969,0.5163433463141949
