member,group_id,r1,r2,r3,r4,r5,r6
12292785,3383402,12.662030343138444,1.48104813047004,0.0025101872373797115,0.0040129004568013665,1.5609171429268047,3.1097070358333707
37893492,3383402,11.55594430079359,0.0,0.8965111274654308,0.0910431444088321,0.006745020537043404,1.9877080503300533
72141942,3383402,0.0,3.2375434370228526,0.239724804570121,0.0,5.072740592960693,0.010701417554309004
