member,group_id,r1,r2,r3,r4,r5,r6
133651872,3415612,13.439774362384412,0.06382913289326422,4.583080042556413,6.92989271112457,0.16615160952372915,0.2706987757849274
160142122,3415612,13.428171252085175,0.036235243687665925,4.695485131271368,6.891269514268839,0.1269246610314026,0.0
2224020,3415612,0.25491640641414604,3.812525046236181,0.0,0.6022814651804507,3.7894104475622794,0.049039350930299486
