member,group_id,r1,r2,r3,r4,r5,r6
101841482,3415612,0.11613613996080839,17.827249720030963,0.0,0.007656648753401496,0.00015405083065621293,0.0013341532535675498
2224020,3415612,24.537767486749793,0.0,0.0,0.05474838209566675,11.189930687325127,0.24342648425200158
19000861,3415612,0.46577248313591685,17.823833514892794,0.0,0.00875878727904069,0.0034762981309263644,0.0012844665834311542
