member,group_id,r1,r2,r3,r4,r5,r6
189577785,3415612,15.588504226897552,2.766617206221307,1.6106420210408916,0.15412888996414575,0.47659706525204104,0.02172099388926567
48406802,3415612,16.111268383021994,2.4982038859304554,1.3077173558041655,0.2542160081801898,0.049079829305135034,0.20314984070831088
2224020,3415612,0.27670769437804615,0.0,0.010623936869446808,0.2623136376924522,21.891220707476037,0.0015114801811399207
192626303,3415612,15.111452222095933,3.1460632362050633,1.3929191123515752,0.0,0.05298687434942608,0.025535150047422333
