member,group_id,r1,r2,r3,r4,r5,r6
40654402,3423412,1.3231590903229469,57.794668280569105,0.00572659686844014,0.0,0.0,2.4280548588172604
196856611,3423412,24.18547223155005,0.0,0.0,0.0005180978122593008,0.0,6.208708042921271
76720932,3423412,24.795572165724735,4.4531558701003435,0.0,0.0021899629066058036,0.002547084023354584,6.394002070853648
13712748,3423412,24.012687647443475,0.4165593462752411,0.0,0.0012663241710541375,0.0,6.138528706193145
12809429,3423412,25.86735208932877,1.8500781558939892,0.028130248702273777,0.0,0.0,4.054118479562784
9419359,3423412,47.95224945986541,0.6945739041957975,0.012686469715152741,0.0,0.0,0.0
