member,group_id,r1,r2,r3,r4,r5,r6
40654402,3423412,1.5123984272816018,57.66179746508772,0.012042273473158293,0.00041838985633168316,0.0017857038420905037,0.0
6361352,3423412,0.7621605778359601,3.219836798296136,1.3241536176467024,0.0,0.9674498532828743,0.0
53744842,3423412,1.4552275830631705,0.4457367106111182,1.2640222968279002,1.8770307053736757,0.037811310133343046,0.0
55070442,3423412,43.79408685707681,0.4501054390501322,0.02733390190388349,0.00248972834432509,0.004941906948163739,0.0009242455106461451
56470352,3423412,43.79408200554144,0.0,0.027100236018247553,0.002999563885947129,0.010032883925088557,0.0
67708912,3423412,43.79409272338767,2.981102585334982,0.0,0.0,0.0,0.0
61812792,3423412,1.503015719272246,0.27583238818017825,1.3559506772609002,0.0,0.9684378692290169,0.0
61911642,3423412,1.0777911706372179,1.9655863987201072,1.3377002939320337,0.0,0.9678707831534247,0.0
