member,group_id,r1,r2,r3,r4,r5,r6
146464902,3423412,6.872541860867028,0.6994453613430379,0.1733093812393029,0.5723712794457895,1.1948092641064454,0.0
76989192,3423412,11.867645426345023,3.045194843212807,0.07307673887383405,0.8697124973322331,0.44971028163999943,1.6453862211468963e-05
7991944,3423412,14.994600838576181,0.7726110678936299,0.10137895222474423,4.982668244013341,0.35141880069309184,0.0
132254992,3423412,6.672361330092249,3.617895706619526,0.17176223631903223,0.5483190405071081,1.1414626473829494,0.0
56267162,3423412,14.10155320376464,6.320160712500909,0.06022360581537325,0.7486192235535634,0.3439439625815874,0.0
95475482,3423412,16.94607859709842,1.0821744700361005,0.05553763538037192,0.7820200461188767,0.32455780501620013,0.0
103510052,3423412,18.57496433378904,0.7882495980864171,0.059207129047774525,0.7170548988371436,0.3533517128551957,0.0
76720932,3423412,6.599927585403986,4.6739139236603835,0.1712024141439215,0.5396159277333547,1.1221595952790795,0.0
115802922,3423412,6.601244562580136,4.654713592441421,0.17121259272894399,0.5397741661475506,1.1225105598627771,0.0
148120502,3423412,17.16252396453847,0.2365849594001917,0.0553908129345382,0.7903368893830425,0.3366156296964096,0.0
40654402,3423412,1.7961002066053116,63.64425545165987,0.08822535910589936,0.40931136747115143,0.5631003030026468,0.0
186343377,3423412,6.892296518509276,0.4114403930591615,0.17346206001433673,0.5747448556570961,1.2000737328620352,0.0
72821462,3423412,6.659191558330721,3.8098990188087383,0.1716604504690313,0.5467366563667939,1.1379530015458956,0.0
61911642,3423412,6.790889275945705,1.8898658969163649,0.17267830896918002,0.5625604977739982,1.1730494599166081,0.0
133861852,3423412,6.577538973409469,5.00031955438205,0.17102937819891684,0.5369258746937144,1.1161931973560373,0.0
14167262,3423412,6.825130682525599,1.3906572852243355,0.17294295217922548,0.566674696539749,1.182174539093008,0.0
71974622,3423412,11.80149890018479,3.4883435406850425,0.07226064484807435,0.865458216523921,0.4430257248498184,1.2487493049712292e-05
97028842,3423412,6.266300433821688,2.300785203330435,0.2875767660830967,14.134453331010734,0.9431978257859572,0.0
185853938,3423412,12.875693034815443,0.08342115045646292,0.061525667544883984,0.9214831924295218,0.39298851261287876,1.9878764143454447e-05
140557822,3423412,25.34428875099137,0.0,0.006284245561004757,0.6415115541709143,0.28655381359050347,0.0
