member,group_id,r1,r2,r3,r4,r5,r6
40654402,3423412,1.3115914622853964,57.69383351484712,0.11922437861643433,0.0,0.04315779282815949,3.135439104907554
3605282,3423412,26.847356578060186,0.0984371939664352,0.0027973589434669224,0.013060311311005718,0.44277879404043324,0.0
55471332,3423412,18.018765254836342,2.5987674090243176,0.03308483914391421,0.0,0.0,0.9976792544356087
57122372,3423412,18.71658968775087,0.17768709632714177,0.04219348983310194,0.0,0.0,0.9570393624163659
6361352,3423412,18.174268492063398,3.24581068909597,0.03206739703851565,0.0,0.0,0.9546488918109866
57307592,3423412,18.90221484294547,0.7202233125413647,0.041569226894138354,0.0,0.0,0.9122547598484638
9271217,3423412,26.886713584794816,0.0,0.0,0.004044178515867008,0.19221506420795229,0.0
10947060,3423412,26.74428551853239,0.18889994571281285,0.007234183370972548,0.044465156411303906,1.0994174532847028,0.0
12809429,3423412,26.756053560277437,1.900474576680659,0.003964583711622579,0.061664585599515216,1.0226066254318953,0.0
53328982,3423412,6.480716755066048,3.900279123656373,0.27840630375454384,0.0,0.014772036379588963,3.8681514908523003
