member,group_id,r1,r2,r3,r4,r5,r6
40654402,3423412,72.30310433787848,0.0,0.0,18.730623316555835,0.0,0.0
196856611,3423412,0.15472305981217988,10.87321565956194,0.0,0.03681477282091538,0.0,4.191230928655892
13712748,3423412,0.8166938450904491,10.788515563293952,0.0,0.036824679566661286,0.0,4.192355611947211
