member,group_id,r1,r2,r3,r4,r5,r6
56470352,3423412,13.857783104309066,0.5417862531278844,1.797923535240148,7.244705585090133e-11,0.0,0.0
40654402,3423412,0.0,2.398571626015881,126.78447375661949,9.161578867584378e-14,0.0,0.0
67708912,3423412,13.712091177106835,2.250159873525606,8.134684920927391,6.514913098987416e-11,0.0,0.0
55070442,3423412,13.835759906011045,0.8000287771377703,2.755806070286393,7.134388116506059e-11,0.0,0.0
