member,group_id,r1,r2,r3,r4,r5,r6
146464902,3423412,0.873404417564262,11.71065905271262,0.02350045544219921,0.0,0.0,7.071772635608054
6361352,3423412,2.93173351424826,2.164397918784818,0.016876809187229273,0.10008602754917097,0.0,4.671489174510744
132254992,3423412,3.2081020253908443,2.067285155821314,0.016728289280982744,0.10103416586700333,0.0,4.614530794097988
188847521,3423412,0.47420599297082877,11.809249191415363,0.02375221906462245,0.0,0.0,7.161743249144549
15672101,3423412,0.028053529200281084,11.918798843242083,0.024526554070393013,0.22578127626667654,0.0,7.276392319746306
99634342,3423412,2.302227461090152,2.38559921220169,0.017215104529232868,0.09792637915855407,0.0,4.801227707673147
115802922,3423412,4.035693629089049,14.94859072210234,0.013831452424382605,0.00516775473127336,0.0,4.3912231929826095
40654402,3423412,51.126359574046184,3.073761304456521e-05,4.5661019741015716e-05,0.0043937945565288026,4.157077386811748e-06,0.022973305835120215
190884291,3423412,0.01359242613225237,11.923007043764683,0.02404271555203189,0.0,0.0,7.2655554955328085
117254222,3423412,0.6900778127584124,2.952090329488799,0.018081470649002035,0.09239557230453219,0.0,5.133484926747562
186343377,3423412,0.6425094687847843,15.928331741692016,0.015844240404805747,0.0,0.0,5.129958755670499
53328982,3423412,3.775269888647294,10.993984582911915,0.021670327571486556,0.0,0.0,6.417755483362242
72821462,3423412,3.3601316968120045,15.14365163792837,0.014232253828307015,0.002957343173056069,0.0,4.538651310913373
133861852,3423412,4.312059874111475,14.868793074718976,0.013667488213671862,0.006072014005089973,0.0,4.330911690192787
8836835,3423412,1.0789229398762135,32.143870985541106,0.0,1.646157940548763,4.411896470365882e-05,0.0
99589492,3423412,1.16604580417064,2.7848405710516535,0.017825686366021394,0.09402847718524329,0.0,5.035389938258927
71638902,3423412,1.0547481001537402,11.664588101886862,0.023692927206337807,0.7364653332740289,0.0,7.0490524410502475
187260279,3423412,0.993702335434679,15.826203119236842,0.015516154821303908,0.49420469204007617,6.45717426050557e-06,5.0522729731459615
9183481,3423412,0.30230174533266163,32.6648532878369,0.0012320614275325773,0.005206872869477756,0.0,0.03384198945440984
