member,group_id,r1,r2,r3,r4,r5,r6
189772676,3423412,16.96524329776522,0.44313865461398566,0.009314230742386284,0.1474354669919434,0.0,0.40357684968233676
132254992,3423412,7.599768788123881,3.795068732240012,0.03891868336105248,0.13458517902416958,0.0,5.273562516419735
159438612,3423412,7.994363905352387,0.28461829765828156,0.03445510629608672,0.14531859465773114,0.0,5.616037398446027
190454177,3423412,8.65997591706344,0.0,0.0,0.7727669400021336,0.0,4.0482875665684706
117451942,3423412,17.23911439992376,1.1944348374755092,0.008727465675592419,0.1442673998122442,0.0,0.23014892993891997
115802922,3423412,8.312181356728477,4.840269467737764,0.037769758130080724,0.14224658626370995,0.0,4.8263539386850836
98501162,3423412,17.178311064861973,1.4243941430194205,0.009128668997362423,0.14428480657245263,0.0,0.21631062401721332
139363502,3423412,8.808120575103084,0.42822793793554825,0.032159797884546884,0.15573667148627438,0.0,5.2567868505210145
128498742,3423412,7.350497333515966,0.493490843609952,0.0866931775614668,2.037722875729001,0.0,1.6704779894597372
40654402,3423412,0.99029091315373,63.59118940622528,0.03807138313512113,0.15146301981530114,0.0,4.963664556866966
85639622,3423412,7.92751992374536,0.879284764718572,0.035211231372670286,0.14350036577995076,0.0,5.558022527720185
3301062,3423412,7.908398539625101,0.12510273745138992,0.039032147182668044,0.464151606652695,0.0,4.977788765861516
125137872,3423412,7.931832438687732,0.8409191861985583,0.03516244910966223,0.14361767086888838,0.0,5.561765422605636
72821462,3423412,8.407056685460962,3.9962267402973906,0.03669654834393112,0.14482729821947446,0.0,4.908697626166662
55471332,3423412,8.547213421088578,2.7493454383967424,0.03511112479630464,0.14863971360843112,0.0,5.030341709946273
63036262,3423412,8.015750067058944,0.0,0.0,0.19233252648121246,0.0,5.5321746459894054
7079914,3423412,16.980392437992457,0.38566625484872874,0.009204227188115147,0.1475829535885726,0.0,0.40676880154709977
194144234,3423412,17.051088425719666,0.11746172261082861,0.008690877268200071,0.1482712243725139,0.0,0.42166457691659964
55070442,3423412,8.717557761312898,1.2339050868559527,0.0331842254076523,0.15327326461966037,0.0,5.178186057924604
191963252,3423412,17.52199837961222,0.12158298741171476,0.006692841101203142,0.1467266706255694,0.0,0.29024989428006887
6167679,3423412,8.450652187017042,0.5969434575868277,0.05642690414990511,1.189565157557583,0.0,3.1032969985978998
