member,group_id,r1,r2,r3,r4,r5,r6
104583432,3423412,7.57346267747535,0.3243255828966699,0.39063277919174644,0.0,0.8912897925708737,0.0
132254992,3423412,9.65085982478018,3.3309366162169782,0.4027064218650395,0.0,0.3878533215588155,0.0
76720932,3423412,14.000107440789055,4.409537563718223,0.17666436049105563,0.0,0.3048414824499405,0.0
134541222,3423412,5.335069367721784,1.7825608392310655,1.0437319599973944,0.0,0.6249079031630981,0.0
115802922,3423412,7.166167125020877,4.362361193144461,0.24948036750869854,0.0,0.8911846726721584,0.0
117190702,3423412,17.22577548547325,0.06002426675976248,0.0,0.0,0.5704705459946564,0.0061469300700787025
5010994,3423412,7.501749904717789,0.6556116860172773,0.1638761519003846,0.7522082031223093,0.9254678638577781,0.0
40654402,3423412,1.728548239721348,57.81185681347074,0.16700017507846912,0.0,0.19369923140984238,0.0
92865222,3423412,47.708571515241175,0.6325861460795095,0.08040376173447714,0.0,0.0,0.0
14318030,3423412,6.326498546000794,0.7246837014625971,0.6559772608240702,0.0008191346081251722,0.8089884009974875,0.0
72821462,3423412,14.161437774545266,3.6068884740666114,0.2077182516908336,0.0,0.30073874438875886,0.0
89403862,3423412,7.559136036745186,0.24697177372205983,0.2388063514391044,0.46175804186075314,0.9315250950948561,0.0
134885852,3423412,7.59319946636081,0.1286498484793827,0.3974727638988436,0.0,0.8912948864866762,0.0
133861852,3423412,5.507076540599085,4.366297437089555,0.7708237336433982,0.0,0.702456030514449,0.0
55471332,3423412,11.01405340981574,2.579554175162282,0.04165157295332962,0.0,0.7218969190263026,0.0006996581530124918
74415972,3423412,24.871362342078754,1.6264167596757078,0.0,0.0,0.5227701682394494,0.0
88177892,3423412,11.409938268146627,0.0,0.0,0.30815177242421626,0.7744167196276175,0.0
55070442,3423412,11.2406861363322,1.1739255012340788,0.09405924949250619,0.0,0.7178179258754726,0.0
97028842,3423412,14.405417635404978,1.4634070291255201,0.0,1.62617174972852,0.21864584125711178,0.0
