member,group_id,r1,r2,r3,r4,r5,r6
40654402,3423412,1.8045516138389464,65.3636661091995,0.06129871623526268,0.0,0.0,0.0
55471332,3423412,7.987324552996542,3.007575407040679,0.0,1.0169769281642882,0.002223451676020583,0.2479392006628735
62587752,3423412,18.81362153687919,4.237156216338315,0.0,0.28479649470692114,3.9579060400516276e-05,0.007330452279502046
6361352,3423412,7.917787443651504,3.733608512783155,0.0,0.9997147942627749,0.0023943353335296475,0.24631501230052202
6330634,3423412,7.893351462571982,3.988697052663579,0.0,0.9936478476103786,0.0024563891964369555,0.245748265317247
69108782,3423412,19.779766634080957,0.4476156567036603,0.0,0.36132184418873314,0.0,0.009121693512791006
2271566,3423412,7.196426333856712,1.2281399507592583,0.07227046449453964,1.637344068187222,0.0,0.0
69930222,3423412,8.27483601903778,0.005166230909332079,0.0,1.0883559310957562,0.001596660506835906,0.2546032222010992
117265,3423412,9.169232358321961,4.307620030343187,0.04708545138945554,0.9003444779359104,0.0,0.0
67708912,3423412,17.67257578626833,4.203941395812427,0.0,0.48867190804319083,0.054930743931815185,0.19766314407334634
12811095,3423412,19.082089238223656,0.11350126481157072,0.0,0.48842334259657083,0.00035143959006291573,0.09396433893653533
61911642,3423412,6.3222938253562075,2.3271152828687756,0.0,1.2113848050654816,0.0,0.21922788147468242
56824062,3423412,28.20988012568057,0.2787286452346268,0.04920954642588456,0.1992839838695231,0.0009420932056156128,0.0
4088318,3423412,6.792690925485604,0.7573473349621053,0.7881132586904881,2.048957012424045,0.0,0.0
