member,group_id,r1,r2,r3,r4,r5,r6
74336512,3423412,41.74800219420092,1.687281077113632,0.0,0.0,0.0,0.0
76989192,3423412,1.9541700783139966,2.722979733121637,1.0206636956533335,0.0024784936985594403,0.0,0.0
71248522,3423412,2.2174570081783065,0.9074031911735574,1.0517466438616374,0.002342443340945507,0.0,0.0
117265,3423412,21.267546115099524,3.4749307511332463,0.3122320005115217,0.7095987361103547,0.5847689731833999,0.0
83073042,3423412,14.675423585212775,1.3295862471797346,0.5136025559898867,0.013736366468561237,0.5500241221781478,0.0
56267162,3423412,1.525388506820692,5.679775815722795,0.9700428942855241,0.0027000614238164937,0.0,0.0
61561632,3423412,1.1472795386070054,0.5772402835809161,0.6313697407393519,0.04757696270576493,1.4585891846265633,0.0
98435112,3423412,21.601077561410783,0.0,0.052675379000999355,0.0,0.09348286372975251,0.0
60645432,3423412,1.9967974860063136,2.4290292453776563,1.0256961729823129,0.00245646649781281,0.0,0.0
40654402,3423412,1.0797006913704053,57.27858412305631,0.15371802713719013,0.0008011901173093757,0.10538906173131257,0.0
14318030,3423412,20.992435252797346,1.0189545216874978,0.2483205459084741,0.45054233672747224,0.0,0.0
11404497,3423412,0.7711586723136681,2.133106042057253,0.6094400762000685,0.0478739570651381,1.4529384151883231,0.0
98668242,3423412,21.29973939360091,0.22341348940188382,0.26054599931293515,0.03255762577592918,0.20033736595035004,0.0
12809429,3423412,20.87899946353199,1.6646609063700524,0.23527107660772756,1.3672206176528572,0.0,0.0
61911642,3423412,14.554229264706251,1.830972984214412,0.5065789322701111,0.01380208977953719,0.5478827692269865,0.0
3602267,3423412,1.0622541137871107,0.42760944374387866,0.6523978780155523,3.671401817578271,0.0,0.0
3262940,3423412,11.7796345349666,0.6212330288701259,0.6134972131647205,1.5537633338918213,0.0,0.0
71974622,3423412,1.896497703200862,3.1206774518340668,1.0138550498553485,0.002508295205466093,0.0,0.0
79097952,3423412,2.34784591155681,0.008060198197760528,1.0671107593240694,0.0022959643986212017,0.0015870414293559002,0.0
81800172,3423412,1.172354263026561,0.47351589968249375,0.6328317183753065,0.04755716308181472,1.4589659025890989,0.0
71638902,3423412,41.74762342377824,1.065062131824083,0.0,0.6129899380549214,0.0,0.0
