member,group_id,r1,r2,r3,r4,r5,r6
40654402,3423412,0.9036756186244421,62.47324113066163,0.11463064444699754,0.5099671261373806,0.03645201045386622,0.0
46915682,3423412,5.995654161566596,0.0,0.0,1.253367957829112,0.07475223726009947,0.702147420554669
57122372,3423412,6.513071028216924,0.12142840816005677,0.22620943218666267,1.2632626383539098,0.02513344117617416,0.0
55471332,3423412,14.157259091150157,2.7596523180785075,0.09171824621819397,0.36636660909399604,0.09915921320543732,0.0
6361352,3423412,4.720848724033592,3.13608659670281,0.23189718889873828,1.140384741579568,0.6499921903041103,0.0
54523912,3423412,6.422002361975545,0.0,0.044225798383242323,1.3264851756327556,0.054248752771636696,0.1221269712890731
57307592,3423412,6.4610719556949885,0.7140596448162821,0.22519645084025544,1.2607324661336594,0.004790668902793292,0.0
7991944,3423412,14.297825149458891,0.884195220209481,0.035341864732276,0.3204194279377109,0.21236647818389828,0.31367973585604575
57320892,3423412,6.506066233906239,0.0,0.0,1.3854917372479845,0.008395643745833912,0.0
35150542,3423412,11.695702598523466,0.11875673746651724,0.1346167818641385,0.7201524368940863,0.0,0.0
21672151,3423412,26.925384616688703,0.25682300715669804,0.0,0.04809582469473901,0.03829852803088707,0.8386538855019547
11404497,3423412,6.296366123244081,2.619832847750645,0.21551763660078507,1.228939247076816,0.0,0.0
10947060,3423412,11.269649889099425,0.1292598955630229,0.06153994636909192,0.6644527733282134,0.0,0.5673581998282404
53328982,3423412,3.545499849668729,3.6029149700516125,0.24917355782831568,0.9562365398227051,1.8433909787910623,0.0
57344822,3423412,14.455466232347748,1.0042427237780258,0.057679117226515565,0.3527213367916601,0.2036601836459797,0.07182346994270901
13336280,3423412,6.359720165188471,0.08470449932850177,0.19945311601205967,1.2395385271937307,0.035932409118740655,0.21264577432017284
3903162,3423412,11.27807507227285,1.1491900195974012,0.07612626315568406,0.6782122381680635,0.0,0.33739558773544265
3262940,3423412,27.115147577538266,0.9829982681704724,0.0,0.07983085851336047,0.01714693153123609,0.5751949839380884
