member,group_id,r1,r2,r3,r4,r5,r6
9264482,345516,0.14562977592997442,3.0895424827860394,0.48369599995142193,0.0,0.5808108548908085,0.8349154830243598
7929540,345516,0.8279963970673453,2.7685358786608103,0.06441658979987669,1.052215114733491,1.1378719785795282,0.027302859497589173
3279622,345516,1.4235255375574487,0.6765546827865057,1.1350806462565801,0.3227959914715425,2.097881567767199,0.0
7820231,345516,0.1462969277993475,1.9159222803951628,0.0,2.4520712631754615,0.34018857319817164,0.6667633982346611
6677256,345516,2.479198739518743,0.2238953468531991,5.680409084574356,0.0,0.17284637554914442,0.014468279828034706
5175976,345516,0.03056122198713699,5.329876225862675,0.5888779467427888,1.611168001218915,0.2819708045214754,0.0
9598281,345516,0.12210975761315784,2.653947660776732,0.8931044842830057,3.7380944258890643,0.0,0.8181971926993374
716499,345516,0.1462969277993475,1.9159222803951628,0.0,2.4520712631754615,0.34018857319817164,0.6667633982346611
3543668,345516,2.5424222207573277,1.3415084928572445,0.0,0.12242291124164102,0.0,1.595227801668147
7179061,345516,7.458660705604264,0.0,0.10398801916492699,0.025908293451026257,0.7424604901029165,0.0
9392211,345516,0.15150608431734094,0.876760493237999,1.1396893687686798,0.8014974813115794,0.2867619252749601,1.3166231665745158
5088793,345516,0.051515492274095784,3.289510391926894,0.005849963056512067,0.1431887189100203,0.5971963532696468,0.7750685108082956
4590140,345516,0.5370502989215394,0.6469284253440042,1.1271476089942938,0.7735977023161739,0.2617577338081468,1.3085568771408498
8758717,345516,0.04975450618462066,3.165746459510741,0.3505903787916824,0.04050499360562958,0.6258901000969241,0.8121327118610564
