member,group_id,r1,r2,r3,r4,r5,r6
3279622,345516,0.08799401914214011,4.153530219727014,0.44611430083433606,0.0,0.0,0.19361654984679516
4099947,345516,1.0360099882396914,4.874639441833806e-07,0.0,0.0009725131944931813,1.9629899474340768,8.280252349159174e-06
2571026,345516,0.988783722787336,1.5545646153776103,3.1576441050334685,0.012901106504423904,0.23948466741371235,0.0
4366645,345516,2.622984541756765,0.0,0.0,0.0,0.0,0.2456795409588566
2153495,345516,3.111755156284699,0.41997403731927385,0.0,0.0,0.0,0.0
3546335,345516,0.8663416894059245,0.7828979750206071,0.5102453675184527,2.749388753195271,0.0,0.021921466046889996
