member,group_id,r1,r2,r3,r4,r5,r6
48428352,3479472,8.461611986122877,0.009261657646645391,0.23803533053799486,5.881601762028566,1.0634544936657364,0.08808394102280888
53709512,3479472,13.85238486335292,0.1064923052191444,0.036546891029939334,0.005353183190089735,0.11321916847284864,0.3541281371908137
12607786,3479472,2.4658569466024685,23.509253953248063,0.5971633720675827,0.8614980579632517,0.35352669577864654,0.2751396965181766
6348970,3479472,8.45681705402539,0.08372829226637239,16.1617968227615,0.0,0.0007294127644807137,0.0
13905004,3479472,16.723930127568114,0.0,1.545651364461894,0.30974213224086244,0.5430125900516461,0.711111335660355
36353712,3479472,2.9605169695025415,16.490672485271144,0.02627086978803703,1.6399034821167018,0.03851878622068667,1.0867387447396872
39022742,3479472,8.485511931828702,0.0,0.009119155947709033,6.663694663898854,0.0,0.0
11599002,3479472,16.729370013321553,0.27045409468700216,0.28873699129856667,0.40834493102005803,0.2985365317267467,0.6646082032011126
