member,group_id,r1,r2,r3,r4,r5,r6
183536771,3479472,6.6858697921500445,0.03094623338964376,0.5066929147058876,0.8495113718415878,0.5172336483758371,0.0
182459621,3479472,6.685439356829365,0.03057925196481065,0.11563116928972751,0.9965697918499488,0.49200789654145993,0.0
183216263,3479472,16.51568474603714,0.03450678209810329,1.717693764031018,0.1706046015201492,0.07791812421553503,0.0
12607786,3479472,1.1045555293603988,23.388280458043756,1.7308842317653328,0.15037142344111223,0.0005683537541574168,0.13221710434486966
183240076,3479472,4.172146588853804,0.14173830930550851,0.705976000173698,1.2499798689309571,0.5218166499719716,0.857267541445565
80332812,3479472,8.294527992011309,0.026426486584296006,0.07144105365468122,2.8185068318194557,0.0,0.0
36353712,3479472,1.542552178973943,16.508697457547886,0.023960561119493826,0.6686390266858117,0.37037338554936877,0.22408230616314953
182653436,3479472,11.057571708252594,0.06637069916320938,0.21737362128789192,0.7908755281406719,0.2744706413360454,0.016594774554415413
11824402,3479472,8.269790442015964,0.012983390443557575,2.1958053531138724,0.06282735548570895,0.2897452758678915,0.6277492563109434
25047122,3479472,8.268915677169991,0.028810814146346536,0.0,1.268137000151439,0.23607602515440054,0.055654430495685615
19793651,3479472,8.297210885452301,0.0002969333465146552,5.880533145226333,0.0009951427354138536,0.03557754728413635,1.028810062145964
3975955,3479472,6.641809925308259,0.24269002539164886,0.494796226034923,0.39960614786434256,0.39711296559358017,1.0555185607053772
50086522,3479472,16.512486952611123,0.14594170750238933,0.26726681274474245,0.003759124924284296,0.0025398358593232955,0.8723055945196216
118437372,3479472,8.268711435022642,0.021819690493278913,0.270823378584663,1.020356174880892,0.2560022325116598,0.28441061678196633
