member,group_id,r1,r2,r3,r4,r5,r6
83080482,3485762,6.912966215204506,8.364115274848965,2.868306580966002,0.0413910556381388,0.4314710218035623,0.11483161767217498
92942282,3485762,0.12696420214398882,8.979785216938653,1.6848302165001674e-05,0.0,8.95867529550437,0.0
114358222,3485762,6.698684953821073,8.66511803808486,3.172855249936347,0.398040091196713,0.09942861019650769,0.02791944881770105
82125592,3485762,12.603547416249056,0.37593096243786295,3.9949384373215477,0.0018471310091695225,4.580749846858421,0.008138643741466594
3353495,3485762,5.594414183079519,0.0,0.0,0.0,13.363338431949828,0.14450987403474258
5048824,3485762,4.184986113900715,0.002102024773657967,0.0,2.689848559022558,6.099692066767363,0.0
