member,group_id,r1,r2,r3,r4,r5,r6
11199493,3500642,1.657540166331018,2.4694844565220464,0.01936081079696718,0.8706347196655636,0.7378405833066277,0.0
8295943,3500642,0.000476549918935249,3.1692416214608903,0.6367208348470345,0.14480851189104382,0.9853615727376394,0.724031344837244
6446216,3500642,0.4297460905877618,2.78433108902243,1.5144559806589213,0.5979538826445034,0.5875776993535476,0.455111685154882
62532372,3500642,0.8651068185045788,2.4035092703991325,0.9500060684808441,1.1734755705255293,0.4224098672412827,0.17595353029859223
6314527,3500642,1.1247614086152387,2.595353323173866,0.00977895820857308,1.0261125957210753,0.7104335740772165,0.0
11134894,3500642,1.1565984698527774,1.5742521647567957,0.6161065280765139,2.3168294872225212,0.06861010912348747,0.7540401579702124
34114622,3500642,9.415817713091078,0.0002676082495586009,0.14882490090884098,0.0656531297276986,0.39884507632411875,0.5483065822586687
12081087,3500642,0.8987469143647795,2.400080205937006,0.007214467216673648,1.3523279483477166,0.5946331316551958,0.0
50797892,3500642,1.588492477839715,2.1173528715507044,0.0,1.7627118294216406,0.25400197727095547,0.006958079883563293
20860361,3500642,0.3726888229739197,3.3741461732022615,0.000643755987060865,0.8268049712031662,0.11725836982671443,0.0
41985492,3500642,1.9366216346440115,3.5800227417287402,0.005575669070984973,0.0,0.0,0.6556300741526404
47774292,3500642,1.9632422938337732,3.6835455099898793,0.0,0.001010405206685577,0.01863017931432601,0.0506915684635085
54148952,3500642,0.17424339056676102,2.408875176607913,4.954024673012541,0.0008907853289782455,0.2566580095840648,0.06922866142024968
28490712,3500642,0.12428460562237628,3.2203815682538166,0.0,0.3734793939677046,1.0822700389622117,0.011910429633526395
41932122,3500642,1.436516954967711,2.148843027838544,0.0,1.8071472870517262,0.24758286827178844,0.005402396654406248
49901662,3500642,4.914208235097675,0.9262979614247464,0.17804634187695817,1.398211485003838,0.22850627042455338,0.15979348363462315
60098782,3500642,0.2005039507649095,3.1971842124454026,0.0,0.353309983333396,1.0875351335296173,0.011278816973146978
11601527,3500642,2.1249313958381673,2.938987244061039,0.02004740779560241,0.4938200633220888,0.06335819738575237,0.0
43216252,3500642,0.49030846727106264,1.6761801506079625,2.0096746736150863,1.9153293930035662,0.0,1.4880035199531183
