member,group_id,r1,r2,r3,r4,r5,r6
10078662,3513382,7.8578417059770596,0.06445199053795526,1.1362739923406169,0.18336258757673096,0.0,0.0
9213896,3513382,1.1810341496049586,10.565715465545521,0.09258901985123758,0.6741557158848606,0.6887651850495027,0.27201443789198954
185755657,3513382,2.885966448455737,0.16947929727530112,0.05574734959861343,1.5663304247806782,0.27683080260482806,0.7286828286774004
186513739,3513382,3.549888790189253,0.2502322653721426,2.380837925286947,0.34884021426811146,0.9180766348773977,0.8981732721883753
50306092,3513382,3.591681196935339,0.003177971731162079,1.2520246943604623,1.084492750847797,0.7446531300464818,0.21569232657768753
92569422,3513382,3.591005963914897,0.14851307403640931,3.91261599803891,0.4175145285195701,0.7395156506791202,0.05279692571200622
4870510,3513382,5.183373418966074,0.08603873348056168,2.531406775395241,0.0,0.8190291997357576,0.6661919920888951
71799762,3513382,2.769244945779477,1.5347884146278008,0.5536544316791902,1.2911714917283306,0.5108683778343239,0.3894171924263662
186146899,3513382,3.144455014115106,0.033506470447240325,2.6828773867753353,0.3182427303341537,0.6095686704133426,1.3219176706327127
42312692,3513382,2.3052396248164553,1.146698211342655,0.0,1.3770444209746473,0.0,1.3784296253268915
75364532,3513382,3.562707983539848,0.1006221525630725,0.22557785360313892,1.1029184373449177,0.3267411326909858,0.754446472750925
184371126,3513382,3.5926724500642715,0.04690054513983753,1.0347837257726524,1.298240966355127,0.28026009560904175,0.0
1925687,3513382,1.280448448802396,8.679676389110213,0.5319300150067805,0.7646428321335693,0.663652105567595,0.5980296789359041
42433752,3513382,1.2613622689061283,9.048288408854877,0.0013694855258478515,0.9934804840744609,0.0,0.4324696528775634
186408885,3513382,3.5761333487352664,0.0,0.007324030929097767,1.2811186207876681,0.0,0.6375469341024531
187820733,3513382,6.155470896341964,0.0,1.935860568069439,0.0163116203643908,0.08973482658155638,0.6179959144651237
