member,group_id,r1,r2,r3,r4,r5,r6
51494552,3537812,0.26449214342862837,5.069053367301719,0.12520308235377503,0.5865922065105725,0.4609275161949907,0.1843564633990658
30985112,3537812,0.6973868508949557,2.813261360929259,0.8776376853626149,1.5876048332338313,0.3156456000956851,0.5053683673894608
9469599,3537812,0.6109827087673546,3.9944688119133542,0.0,1.1521439921346803,0.7178718009690646,0.13151469566025523
14562083,3537812,0.34710398270114323,3.753231685436217,0.9468572929162175,1.2007773437784628,0.4340862771718014,0.34781679002751775
46097452,3537812,1.0491027493553677,1.9365575473973715,0.1435270993341653,3.0363211932968244,0.0,0.5785541068876503
37350322,3537812,0.21582564777132116,3.422178253221323,0.7354474033898866,1.0396741468415462,0.5305256474568971,0.1655737693655246
13779890,3537812,3.3806688144901846,3.1522410342189264,0.0341438327797757,0.41403810789727014,0.6944295052487895,0.16755490947272453
42665142,3537812,0.08476647084433354,2.308714811053341,0.0,0.4767384127416158,1.4867010834251855,0.08987226779288283
14444984,3537812,0.8282547345148877,3.0791533896475687,3.5664450168152575,0.5946166267666375,0.451476737202455,0.0
55395262,3537812,0.34418404604654057,3.6326747885399,0.056097421760488146,0.8362580051730711,0.7826993201995248,0.0
50822472,3537812,0.41985053851413534,2.846448626621251,0.46527780036146293,0.47784183374470435,0.9687082054360681,0.09458289635203045
6874829,3537812,2.795981272856931,1.9121427766653163,1.4334199447532006,0.36246659622512406,0.40511806237143927,0.5072574156601908
13418830,3537812,11.101311363863582,0.0,1.1961500338548356,0.0007268945332668108,0.06310521163421241,0.3045307121888999
13492839,3537812,0.08674842843279683,3.073670130893716,0.46059574414933174,1.3288304692447466,0.5147857614899678,0.1015819723913963
9712106,3537812,0.7998728425177588,5.7152001095953295,1.7594453468056674,0.0,0.03542356271860184,0.6118179799818251
47052142,3537812,1.0280446953953717,3.2514239191793277,1.9813623979012769,0.7378309919211082,0.5071679500747217,0.1991308037248812
50912622,3537812,1.4985025624218462,2.505330259354683,0.0,0.15938173745276155,1.2120150440601474,0.0
13351280,3537812,5.229500777211381,1.2509875881232912,1.6810195520171545,0.905169193850546,0.10433053811356245,0.40907837578938033
1715577,3537812,2.056713683929924,2.09509449087104,1.9978364992247337,1.3449994038378128,0.0,0.2909054664176207
