member,group_id,r1,r2,r3,r4,r5,r6
13418830,3537812,17.76100303673913,0.0004381660759832388,0.012347088524761064,0.0,0.0,4.34587233729125
13250132,3537812,3.23452600702793,4.504325392878055,5.250350868221934,0.013089437383819198,0.06505529775878437,0.03658346587043086
9722726,3537812,2.496277628843828,0.3629219845133307,0.019330502576990642,0.19561271354277,1.7675983415620709,4.6963329433702246
