member,group_id,r1,r2,r3,r4,r5,r6
9722726,3537812,0.2455343080273171,3.215066071206122,0.0022967765681753166,8.462817969906776,0.003896585621145935,0.0
10627147,3537812,0.24801731555841205,4.870890809969538,0.015902987197171953,1.373298730708274,1.9312661355679115,0.0
13250132,3537812,0.0034878755749026854,1.0138292914307272,0.8431818971712461,2.345654479418511,1.348839636338123,0.2309653465132214
13418830,3537812,4.023638128494521,2.379369439561776,0.03178656732550114,8.923445806928946,0.06063266493955984,0.6689193906405639
