member,group_id,r1,r2,r3,r4,r5,r6
10550036,3537812,0.1256577460741215,2.1592315932577617,3.415507591134626,4.37388055060091,0.0,0.2048367798780075
53827222,3537812,0.0,0.07772185741821434,7.333814808512227,0.18763111250880948,0.03472318236743257,0.06895905624417377
51494552,3537812,0.0,0.38871979001220963,1.8398137072748002,1.2738283992659163,0.04795441109197893,1.3648363231313945
30985112,3537812,0.29873129105645385,0.7932085670018367,2.211477863566848,0.3642418216084856,0.3175318448420199,1.717878797158679
13976091,3537812,0.4019624344808913,0.6932632343547586,4.493354384942761,0.8609108063566933,0.5463934703736223,0.8124753784109886
14562083,3537812,0.32234164332260484,0.3979327458240346,4.40700571771289,0.8524221643532649,0.3910913438935184,1.1714892584417387
6348970,3537812,15.994453711724791,1.243429915500362,0.7747497936978843,0.17231167358759367,0.0,0.09294068564079493
13809579,3537812,0.8243961746526113,0.0,5.534273437480929,0.3719020365754844,0.5239767389572397,0.7355789682482228
46097452,3537812,0.13060582689677244,1.2208462896089367,2.6699397515501224,3.292616361301175,1.2170320093862146,0.19264774787107583
13779890,3537812,0.0307138062525622,3.974435310839772,3.2591527350484113,0.002876238552933644,0.411066643570031,0.7421668276312583
42665142,3537812,0.0,0.15495645742066896,3.6866957205310626,0.763144153517801,1.247514021449058,0.43752575898890644
14444984,3537812,1.3906055746018435,0.7097314681877822,2.5986603406146056,0.2635661104107513,1.6778185989424956,0.825517481695514
38735042,3537812,0.027505225649965222,0.3838297544257278,4.054594177184298,0.652612611353118,1.0138743327082742,0.7184147982455092
6874829,3537812,0.6751327880450221,3.130837204650915,1.354057341787412,0.11565207303512405,2.2734531902666673,0.2980609550113804
13418830,3537812,0.7018711280122019,12.728521292117032,0.013851301781036272,0.5775592992522157,0.016427181534418647,0.046234447312945834
9712106,3537812,0.6766033020764054,0.8667601211014044,1.4211897092683035,0.6057189984075012,0.11210145737534342,1.8494725350157974
47052142,3537812,0.8550558120253274,1.0609997347194224,1.829199883073202,2.7465356300678034,1.9935906137709258,0.005854484275921638
50912622,3537812,0.03398420471991028,1.7873596797767175,2.4601267540496545,3.847582965823912,0.7850567967713405,0.0
13351280,3537812,0.7870093619175718,5.917909387972519,1.229130999295283,2.0139208274204727,0.9409015944295509,0.2925630852729363
