member,group_id,r1,r2,r3,r4,r5,r6
8144515,3537812,0.33411803298417575,2.7788271233260424,0.6254903529841597,0.7470013323235092,1.8784362395684124,0.4420274985312529
195659528,3537812,0.136627520593089,3.2043053534045836,0.32843281335426344,0.7741713033626657,1.5333489977363184,0.2340326909583825
185474832,3537812,3.3837647307085272,1.9476243217276596,0.4804909942648371,0.6468534499859422,1.9575271167634742,0.6700037679254546
196013596,3537812,0.1941556870906076,3.10397437399704,0.0,0.7985372924054372,1.606856817863608,0.2876158581617978
6348970,3537812,15.399344997320757,1.3977791418525,3.4342494376220314,0.0,0.0,0.029693894926808344
106561722,3537812,2.2535561364519294,0.0,0.0,8.563768167691121,0.9243921939060951,0.0
8493248,3537812,3.380671293465444,1.7761283228923779,0.49443224473173286,0.6464063967696076,2.1128019389770447,0.7615082714579087
38230852,3537812,0.5564468054246036,2.8142292481951383,0.09999904753912572,0.7745601479476708,1.7799679783126454,0.41808368113058947
11069898,3537812,0.19277418620408734,3.0610905932112926,0.04668207902730447,0.7908851508388319,1.6410342323518594,0.3123224446915195
10627147,3537812,1.1530252152134237,2.6194013979619033,1.6893309268584669,0.643999061905118,1.8711011185068815,0.4484821551533082
150491722,3537812,0.4903167139758619,2.7316167981685138,0.6804905228282535,0.7381701157985435,1.8860166649623191,0.45531931273190407
13418830,3537812,0.35467747843661257,3.1049065485021794,12.324082730473481,0.0,1.9465855745164773,0.01835101792455932
13250132,3537812,2.729592125034649,1.9519378382101262,1.4864998797530886,0.6036079528530539,2.122914381628913,0.6950550062674884
130147162,3537812,0.34567222022022753,2.8155070284636685,0.10570181332301644,0.7844504654513705,1.8251708732941498,0.4316869138868034
171936612,3537812,0.0,3.669815197426093,0.7921617751340122,0.7148720959798753,1.1375553233657223,0.0
143707372,3537812,1.1785218012298495,3.0142490850789643,0.7662488596668864,0.7049759039393851,1.4811156895445199,0.2544691403938079
13351280,3537812,0.6205420877825979,0.0,5.810823937765152,0.1618085747611925,11.53384441462333,0.0
192575220,3537812,0.8135279419395592,2.5700654606693214,0.23369632082960962,0.7569868175426643,1.947424929445259,0.5272829203532714
7084282,3537812,2.9574035463790644,1.8701701290433186,0.6142688565682483,0.6539700528328976,2.121252142999137,0.7397342897172459
14062460,3537812,0.0,3.6805430528591994,0.3423769957704779,0.7527081639368602,1.1183123701654416,0.0
