member,group_id,r1,r2,r3,r4,r5,r6
117187712,3545632,1.99996963991214,0.000205401972535216,0.0,1.8509155020024304,0.18721464255893497,0.0
21365921,3545632,1.7938144561420148,0.9263811629469535,0.004767400614811535,1.7187509516950312,0.0,0.0
124689382,3545632,1.5624997638325868,0.5046000503825633,0.0,0.4335082604541807,1.0437563975629507,0.0
128647992,3545632,1.2661154220173803,0.8813070601470909,0.26150446609309025,1.2737422223811814,0.6813262953878622,0.11085208797066645
43650932,3545632,1.704492798456533,0.42458244262087974,4.714270946680714,0.0,0.0,0.07165936091420809
35948342,3545632,4.458739012643879,0.0008315420766486495,0.22650637262419518,0.0,0.0,0.928568748437364
40871192,3545632,0.5331484326780782,6.02806086136661,0.0,0.0,0.33778829141919997,0.0
130816762,3545632,1.5003914179111988,0.8656381241502527,0.0,0.3980029964872321,0.8754548043062301,0.22523478395507096
8297980,3545632,1.6619109791145859,0.0,1.5598803565303603,0.0,0.7564940360970529,0.792994188911229
