member,group_id,r1,r2,r3,r4,r5,r6
21365921,3545632,1.9841566763358867,0.41493431818494947,0.08217954450120887,0.4450517466112892,0.006484546709889698,1.597267394689398
128647992,3545632,1.8122773245560737,0.06548120969495257,0.190512025673019,1.0895345109201435,0.1867551230891172,0.47440132704180776
40871192,3545632,0.7932071344926217,5.845099269460986,0.0,0.0,0.0,0.0
130816762,3545632,2.3871145137266296,0.09269367096110903,0.0,0.09047864140444943,0.2791151542672072,1.6048098578458583
10534203,3545632,2.0937609750802015,0.8308269261009334,0.10250594315742359,0.3382096454274536,1.550035956661279,0.0
31517822,3545632,4.442077097382508,0.0,3.889246261697122,0.0,0.0,0.0
