member,group_id,r1,r2,r3,r4,r5,r6
58906752,3587272,6.5546006228190254,5.047451047912459,0.21376115971162168,0.5709018111416457,0.35758406521432623,0.0
5239105,3587272,0.0,5.259966838635502,0.7628131077551414,0.7296753828479924,0.4146055599580438,0.713391994096229
10918246,3587272,0.5379292379469434,7.982893183148912,0.22750006634997455,1.0597928031419597,0.32361221733446865,0.0986709611289911
10045286,3587272,5.86947857225551,1.9493276689244365,1.846397583322096,0.31072146052722927,0.14685921563641552,0.8314234162931273
282922,3587272,1.8038840646601588,3.7253879630258995,1.82055278645491,0.5452884919329805,0.11606462822693935,0.8935199733660291
75355562,3587272,1.6822537647406828,7.91592895282566,0.22073873026472624,0.17159035942511164,1.0786713950247742,0.0020054363334982444
54212942,3587272,13.837503687324608,2.6812091586502493,0.28135765095609555,0.0,0.2293819071579776,0.0742483395523747
9655342,3587272,13.969311677726312,0.0,1.7061560278030903,0.5904049361559989,0.0,0.0
3522994,3587272,0.7622763331672125,4.936135053061992,0.0,0.8852395701000509,0.5746857148827801,0.45738646827668655
18385301,3587272,0.06815500238068063,9.405466590370626,2.5570514122418335,0.0,0.10951722904309748,0.0059988415408887535
11173686,3587272,4.5843078453414785,2.2943060964404354,0.5916206570905157,0.6456888537919626,0.36209104455261376,0.8170915257862701
10895032,3587272,5.209471707440486,3.037232107609694,0.025824005510201704,1.616745003250388,0.10757877492586977,0.0
69121402,3587272,0.6353786926918923,5.873405003205528,0.0,1.5919970902500598,0.12349762698324114,0.01826304014432183
68531772,3587272,4.293701736410949,7.217975804534056,0.4886832083220486,0.18362940986709622,0.0,0.3884246561193343
