member,group_id,r1,r2,r3,r4,r5,r6
2936352,361602,2.2970846246852683,8.474556691756394,1.870392955027986,0.25817845567853415,0.6922677677177032,0.8787301919337638
4253256,361602,0.11498337293149606,1.757518529804182,0.0,4.975934494651204,2.4813417415675803,8.456925824567536
3929980,361602,2.111742323666449,0.0,1.1012890007546794,2.641956411647206,0.3875844642012546,5.8848031700189365
3897935,361602,2.2628915462753545,2.2984712787418142,0.8047888872990602,1.6772169127293988,2.550163840823793,2.6413216430162696
2353999,361602,3.6833123084320634,1.9865227634167248,2.4406066456970574,0.0,1.573567072241964,0.0
2744465,361602,3.7619544188303244,1.1428252020299752,0.274657871411255,6.422042301645786,0.0,0.7160299648062061
2151315,361602,2.0664077382453363,0.0,0.4982552428986975,3.53510076486625,2.1422614087131513,4.095913242935201
5162101,361602,5.238396497868537,0.12467844141632638,0.0,2.3775816116317867,0.2452593408863027,0.0
3749404,361602,2.7276687201513248,2.7037158399677024,2.7433579897543168,1.2019860128274447,1.4797176334248563,0.8914952348680676
2950077,361602,0.0,0.12733473280309934,1.0499603602986243,6.888837498985464,1.3094064928485538,7.378416538843225
1874302,361602,3.175262345914686,0.5528671007096931,4.359702445492475,0.16334428121446512,0.08372846564899747,2.1701111412816396
