member,group_id,r1,r2,r3,r4,r5,r6
9668740,361602,3.029151891798914,0.2800831956137745,0.1919109409996442,0.34317032591630314,0.7567491906756093,0.3168294946124204
64387272,361602,3.0465205844180887,0.02683728248413548,0.6388747479996254,0.10707845308594917,0.8964459304911059,0.22289817145890273
5929592,361602,2.9066261026183438,1.3344956337655176,1.449221448799899,0.709926005129648,0.3370862149248069,0.2922559809524941
37955212,361602,4.183644483944038,0.004116834257182166,1.1798176637235218,1.1031380300618465,0.31390964165870944,0.25768039033578444
7869101,361602,5.742054147884794,0.06253840328846297,1.5359945812743951,1.2610049943683341,0.0,0.2839159963549865
43872912,361602,2.99297241542025,0.014558895006785597,0.6746499220698797,0.37724569687028014,0.7919158904454164,0.31608917209597015
75626192,361602,4.264160035029676,0.06824057369921487,0.0,2.0523643393002584,0.3429159924020415,0.0
71378322,361602,3.0303272522630227,0.35086222532712796,0.03174363259028624,0.44139659457967256,0.7910523984223882,0.22905930400381377
3233394,361602,5.832291500157059,1.5230198818613452,0.9564947392114213,0.0,0.17384127770778235,0.47746546797667383
7092500,361602,0.12449131581627194,15.339130384374497,0.43972151666559217,1.1120703109109158,0.34773002936662883,0.17396117032262354
47167732,361602,5.809709257614497,0.0,1.0357319801420592,1.9076577803965729,0.09547773051197608,0.0640130968430936
72696662,361602,1.7166395347906112,0.16580991828282138,0.183872099362038,0.7764987602761151,1.4747317061371286,0.0
71480662,361602,3.0187665220090674,0.021223890641519666,0.37164524106916774,0.5628457730104127,0.8831699341159867,0.1663815581907101
9630552,361602,2.9584432530850524,0.3377111076170545,0.2873384705196454,0.5840459699674716,0.6988901572583531,0.3571766427701766
66727002,361602,6.358756266883707,0.3199535141264988,0.06037407059928113,1.651143240275491,0.04632176014359067,0.22611835149660156
11418108,361602,11.400979086693082,0.09752083951444586,3.5793560010035974,0.0,0.0,0.0
