member,group_id,r1,r2,r3,r4,r5,r6
33014532,361602,2.3025216996142643,0.023694684420355588,11.790971838454434,0.02781851909205663,0.34862620172167164,2.132609565404829
14647142,361602,11.227499524604134,0.1968178322705784,0.9804004171953512,0.0523197151748916,0.39195499507706044,0.0
82447402,361602,2.321899954624769,0.10899929323637936,0.7815122121330987,3.8190724806309566,0.5449685020207303,0.46070892098618327
73057562,361602,4.196160798753277,0.010216672356565593,0.27064359069871374,0.957959377667878,0.0,1.814257131390651
7869101,361602,5.622371506629732,0.02111952722917855,1.332521831531929,0.861610829512287,0.8937598558988439,0.010511658331313012
78898512,361602,1.795358548168633,0.23968198967863155,0.714393090304688,2.9028106712422566,0.9951974545340021,0.8861022276094771
3344209,361602,2.544607631064788,0.03131261739971349,7.6191823602706945,2.1489729644636335,1.044936784022228,0.6787981561853739
3233394,361602,1.6995864461576673,1.500130003094374,0.5693412568298433,3.371390992156182,1.0590792802041997,0.4034143370544977
71378322,361602,2.544004464409675,0.31734825481888773,0.0,4.838479301633191,0.12957215229008587,0.13416241363717574
47167732,361602,5.654444451673924,0.0,1.2432379876194442,1.1755936965791514,0.0,0.8286268463694444
7092500,361602,0.11332243448018092,15.551537273575148,0.0,1.818441449647151,0.0019543258135872326,0.5849575558804094
8400757,361602,2.5710324465771337,0.10332911942796923,0.0,4.834507538011886,0.39683652466977515,0.0
3353495,361602,2.534726543210043,0.11463066471002563,8.274930887561256,1.9270900033726668,0.7588147454465853,0.9930301062714523
5929592,361602,5.7337958970795775,1.2991536939141213,1.1633492567912147,0.0,0.8575384247958119,0.038073599070602863
10548881,361602,2.317858028821926,0.08868300122763405,0.8522222027224664,3.780513253847214,0.9609520777228865,0.12466720839225566
66727002,361602,6.116967569773122,0.3253157401926526,0.07416805078238518,1.1757360867216315,0.0,0.4017562715533415
82428862,361602,2.3522243991266296,0.0,0.07079269035560738,4.136695620309539,0.0,0.6022585541862868
