member,group_id,r1,r2,r3,r4,r5,r6
14193603,3624092,1.6662682139523324,0.0788927074205123,0.0,0.7680524538319426,0.0,0.635764444230409
71544292,3624092,3.1500303743762608,0.04538436137091501,3.998692503791956,0.0,0.05613205365563794,0.07074260244883926
152098532,3624092,1.6014879767789325,0.143018373662302,0.5120379904546356,0.40615131268194204,0.0,0.8282799677720416
153542092,3624092,1.9448846609937644,0.0012702472978022752,0.0,0.9978999544721925,0.8835572823667173,0.0
5993265,3624092,1.3680677641531256,0.08514052499040013,0.09638629923401773,1.1632914550336075,0.12153528305290603,0.8066280236476219
9336146,3624092,0.8689817098127148,2.05170325184695,0.0,0.0,2.3961016859481568,0.6939868621020737
8912436,3624092,0.910076737858269,0.0,1.7760272244678972,0.18950569544697413,1.3940938328299033,0.8529570133321259
9596564,3624092,1.7566449901446255,0.0,0.0,1.3704401895555225,0.0,0.049591183173845185
3923706,3624092,0.22304674472748096,5.123983582441063,0.48738108335317387,0.13258937003311383,1.156029269851282,0.0
14020893,3624092,1.5372348237317992,0.0,0.010307593018323381,1.9071514060562151,0.0,0.0003971123978009622
