member,group_id,r1,r2,r3,r4,r5,r6
86656902,3625242,0.0,1.0642400308455118,0.0,3.1077670460227536,0.0,0.0
18662151,3625242,0.015961214281826935,0.7449210349059141,0.695197014892178,0.9924196072687833,0.29114329209607703,0.0
92378252,3625242,0.4224142726076074,2.2374713582770713,0.0,0.833720817858967,0.04579309200823524,1.941353325982934
12757134,3625242,1.6509524625794973,2.445998366058802,0.0,0.766697599980955,0.5195974283616385,0.3631264711406069
67449372,3625242,0.46273362928813583,3.0744581210496973,1.1149943132653033,0.007892416597211953,0.8618906234131697,0.2717037289009166
79533992,3625242,2.4589143425259485,0.28307278168249167,1.0960216858366478,0.5207562264168162,0.0,0.4976106791306753
25129512,3625242,6.281831722919346,0.5290484088175105,0.4987748090494049,0.00014344977790932696,0.5984237539697244,0.0
89539372,3625242,0.5889993711371695,1.5827150397904495,0.5192025653778493,0.7687024741138033,0.5220110250376384,0.6716477187833603
13844653,3625242,0.1296480517452178,3.0969021091814897,0.007720749500090877,0.9633239277574777,0.49608279272716155,0.4299955382151396
12628141,3625242,0.12170433293059871,0.6520512405560182,0.5408851684952274,0.9539138842941589,0.166421628108881,0.20862595906258916
31157682,3625242,0.4294977378996362,3.1604085329181926,1.46307377613085,0.41143315822503224,0.49266667235737477,0.03235395479534649
74641722,3625242,0.7050723410149912,0.151089304406236,0.2540558653607579,1.1689964317883006,0.3304995827040948,0.17362894119018024
79736142,3625242,1.2795289061682025,2.338402469013383,0.2191841211588083,0.0988564622723697,1.1641434830232986,0.17668350444536604
55132622,3625242,4.2937216255597805,0.00034208380860844905,2.145162213978125,0.07944546359140148,0.46156300614810325,0.12790621705708666
46720592,3625242,0.41998142203882516,2.393491858332782,0.22545881763456183,0.4667148095283331,0.9456491260164519,0.09785595484235125
90817132,3625242,0.5203622951380471,0.48223756217230257,0.0018855295136356654,1.4781225889116913,0.4061303138566284,0.32187347354395823
13632752,3625242,4.972896673290162,1.0356601403095156,0.09666491220060389,0.31572772830792173,0.5782838996434919,0.15981201624571612
3013629,3625242,0.7015339590645022,2.1551441562727187,0.4565426340027491,0.0,0.442566798450638,0.9784196268503015
56018302,3625242,0.8132437546651302,0.02790728236305325,0.01033393989038673,1.2633769229107623,0.33458636252956336,0.3020694092468193
