member,group_id,r1,r2,r3,r4,r5,r6
29847432,3625242,0.01952623620976511,3.010245309256731,0.7028303614344712,0.738081126756524,0.32142912704846666,0.12209752762613918
12757134,3625242,1.6489233950650923,2.457481544532334,0.9250957406021171,0.0,0.031655979287628186,0.19525919362644772
66507662,3625242,0.03596958458969117,3.2643378826975336,0.8904677323186823,0.026660422029520976,0.19986523311368162,0.20692670235039448
26141072,3625242,3.172605502384813,1.065073251323355,1.2848596770879042,0.17280515040326622,0.0,0.008255867020268082
39228192,3625242,0.6054912571267526,2.9830222004580564,0.90423488376887,0.009569895226981312,0.13976495272266118,0.20301082255805467
55009702,3625242,0.9028337459139759,2.13941689137714,1.3563503757859925,0.014684652029839903,0.1629534951801138,0.05368306677059948
25129512,3625242,6.2348873022969045,0.0003752659687663363,0.608766826904185,0.5002283234912046,0.9019596917115995,0.0
60138042,3625242,1.4978717894035853,1.848237700801941,0.1516921303701164,1.2879804175436043,0.8225891648680129,0.17186104083146525
12623806,3625242,0.15173593300253882,2.108378419506846,0.03346371217196785,0.31037258984690064,0.06863274698242645,0.0
55132622,3625242,4.3271985006097,1.9026331744938458,0.0,2.129297175565282,0.13805282907379,0.03501716833270958
10971870,3625242,0.13100905483886927,2.274050899423516,1.2072398430055118,0.5655673911348057,0.3313579993114732,0.007508083806515508
45499872,3625242,2.1347021705549665,1.5908939796551704,1.3532868131010736,0.0,0.048757543371516894,0.042525591780095864
59655652,3625242,0.23909774268684317,2.428770256166718,1.355311133254649,0.03592421396259563,0.2257168615693737,0.05934168354815493
59218922,3625242,0.14427831365439572,2.4701064511366573,1.3551626700358856,0.03895843709584682,0.23468305676783924,0.06015005737352024
13632752,3625242,4.934564819523687,0.8461200162885703,0.38557640040502805,0.08312235405155041,0.35827207478113654,0.23913228062477715
16300531,3625242,0.09536502970229177,3.52106114719731,0.2855730464033134,1.4186239235320046,0.0,0.2998315325630728
56543732,3625242,1.2821114809456564,1.974072559713624,1.3569433760459437,0.00254755172784926,0.1270891497757756,0.050449457001795615
13274868,3625242,1.624558560853754,2.945901347375702,0.0084839896042507,0.0,0.2033165421278062,0.44194215277058274
56018302,3625242,0.7896528577286945,2.502812956641733,1.0695257081104868,0.0,0.41973543778087385,0.15091317846944577
