member,group_id,r1,r2,r3,r4,r5,r6
45499872,3625242,2.2687080409133933,2.3580833323126456,0.0,0.033128160721814404,1.1045171619995522,1.4577814599166916
92973632,3625242,5.075006267837834,0.0,0.04702968491534311,0.04215316320382729,0.007683431098353954,0.6790547514517079
10810405,3625242,0.5703060076757202,0.0,3.581034167381458,0.2876726700047394,0.9069293976831847,3.2443291093181448
50182822,3625242,2.014523101999655,0.5083077664161811,0.275336976289976,0.0,1.2412948086379636,2.408689538715173
111582362,3625242,0.6435469365932096,0.09132236022426017,0.6769534896728872,1.1578422057368267,0.8214748234696287,3.4286957202812536
25129512,3625242,1.4538046312352124,8.18839799206521,0.3464523102076003,0.07883852404531706,2.0589777727719913,0.0
79533992,3625242,0.0,3.453256248116008,1.311364559727761,0.0,0.024458208602326538,3.0133356828944717
97485032,3625242,0.11830850458386992,0.09727375584656675,0.13286070880835749,1.677641395667553,0.36417865523323556,0.8746616526829611
74641722,3625242,2.014523101999655,0.5083077664161811,0.275336976289976,0.0,1.2412948086379636,2.408689538715173
26141072,3625242,2.0820535234140047,3.8135610720692226,0.1155283542818091,0.0,1.0396913247217812,1.330523496608331
31157682,3625242,0.4689333498818517,0.6478713730369905,1.9000391572858786,2.1812516355077984,0.01253906186316356,0.28923935766987696
11245267,3625242,1.5584179435141627,0.0,0.015235363899869613,0.046647237159539466,1.317099214769835,3.3770116461005655
32548052,3625242,0.0,0.5169326888575574,1.0391027576412197,1.1729511420670997,0.3631285351328125,0.6727413385432517
59462932,3625242,0.25173021301917237,0.8291107837795322,1.908765855711154,1.0871119731370638,0.589451215503781,0.0
105552182,3625242,2.3759938403855223,1.177398450077446,0.0,0.9779853371426319,1.1098369102188796,0.0
110731222,3625242,0.5559140348589677,0.0,0.3280118766778403,1.2538763605395715,0.838862185218764,3.6653884979469025
30983002,3625242,1.871262828443975,1.8230360737915765,0.23990824806842112,0.0,1.173601813805726,2.268632669277217
