member,group_id,r1,r2,r3,r4,r5,r6
45499872,3625242,2.1369062763027857,1.8347573959412984,0.0,0.9465588729344495,0.2840473132397937,0.0
46708422,3625242,1.3732947461032268,3.026280297497317,0.0,0.691393461796043,0.0,0.0011050888515328936
55009702,3625242,0.8821858999709496,4.372937897235179,0.0,0.049402048137615645,0.26454895182279914,0.0
25129512,3625242,6.2978112740647845,0.0,0.12443145056040071,0.014973775878753086,0.4501886768213551,0.41969588947580866
55132622,3625242,4.419320844380429,0.20722191518506153,2.211722040454822,0.04419020310252674,0.0,0.0
13632752,3625242,4.97823315982452,0.27856286189575763,0.0,0.6087897944984162,0.38349441495241343,0.1086893333552669
26141072,3625242,3.1793565307583864,1.175199723114429,0.09592589295364091,0.795772155959096,0.3802068698772293,0.08396606984667104
25781362,3625242,0.23127146218684264,4.037368322891497,0.005910115722876181,0.6150426030347155,0.0,0.04131916385024403
56543732,3625242,1.2842966078983113,2.2737924809581513,0.015844805455360534,1.0299617579066882,0.3181977392848508,0.0
13274868,3625242,1.657664524124435,2.3556120240933747,0.0,0.8276317130508096,0.4281544198168957,0.0
35644212,3625242,0.2748387620035604,2.951314311759105,0.15255421941950603,0.0,4.358213381595634,0.06443133545959254
55641492,3625242,0.08519438518868871,3.2139927280622174,0.0,0.06126084111472771,4.2043746355316065,0.0
30983002,3625242,1.6536395130748447,3.083969239257315,0.0,0.37178919037771496,0.09485973016754966,0.3247794183618953
