member,group_id,r1,r2,r3,r4,r5,r6
5611833,3625842,0.7616689340039311,3.2063113376899257,1.0305685418491155,0.0,0.42445223436551716,0.0
8850022,3625842,3.234082946433548,0.0,0.0,1.3430498087478648,1.1995502605883347e-12,0.869109459188377
