member,group_id,r1,r2,r3,r4,r5,r6
3988482,3625242,0.0,0.6623507649676343,2.3175585393177127,0.8041126202488397,1.3426359515728015,0.15998273715481182
5450563,3625242,1.349279437312748,0.0,0.29819851005845927,0.07199946045271664,1.0787343708519206,0.0
3202404,3625242,0.15762774961144038,0.44100087460146337,0.26899636601284455,0.19953470429436043,0.0,0.317566555987604
184166468,3625242,0.9992288375937842,0.43801435042362197,0.10295558876486038,0.3511203405371609,0.0,0.0
183428199,3625242,1.4696496647337804,0.20370292482980096,0.2108300523263728,0.0,0.014828905192024991,0.5610369059951896
162764552,3625242,0.9630818270332329,0.3635969024709329,0.3012900338208615,0.054425631979477564,0.0,0.29519764256296277
7470023,3625242,0.08142192947307296,3.3691850181552967,0.0,0.7910791693887064,0.8012146968686109,0.0
26705002,3625242,0.9012703368476275,0.11329331396588162,0.5355972616606873,0.07271826840810969,0.0,0.6981624685355229
11173323,3625242,0.9406689423249532,0.08137810403895325,0.0,0.6830025515237829,0.07583265521463912,0.4774968670572742
134762252,3625242,1.5328763155617793,0.4236864941175529,0.13876714777092777,0.0072010151218631635,0.010763866474875964,0.0
42364112,3625242,0.2246360938047695,2.3692808853346397,1.0682764466348218,0.0,0.44452483341071275,0.0
8236241,3625242,0.25719030446420543,2.0103901127409407,0.04414324621501682,1.2182612029768491,0.5786387070768513,0.01051005177493064
162225682,3625242,1.537504962805423,0.36603043304021915,0.0,0.2920253956383059,0.0,0.0
181666612,3625242,1.5019135462337252,0.30612873290148007,0.12049575248023861,0.0,0.0068046015088753286,0.3407207096627158
70931382,3625242,1.43352393566012,0.0,0.0,0.6164575852845943,0.17390346461730502,0.5997997510477581
20574071,3625242,1.5328763155617793,0.4236864941175529,0.13876714777092777,0.0072010151218631635,0.010763866474875964,0.0
101601912,3625242,0.15762774961144038,0.44100087460146337,0.26899636601284455,0.19953470429436043,0.0,0.317566555987604
105141502,3625242,0.9934259330717604,0.502322650257831,0.2730946937243546,0.06125853385961053,0.0,0.0
