member,group_id,r1,r2,r3,r4,r5,r6
91636992,3625242,0.1167510964919199,0.6618698789100791,1.7151545737862541,0.06460861697414426,0.0,0.0
79533992,3625242,3.239360201706723,0.47630705111089,0.6337874018685237,0.7077410199426192,0.635563687765695,0.5245722192255942
94119242,3625242,0.0,0.5854379907190381,1.674433708077255,0.41811188566599616,0.018888946210860756,0.005097738343784732
90817132,3625242,0.6027030517748717,0.51255748511833,1.7113382089123519,0.0,0.2078066189452733,0.0
89539372,3625242,0.7512076485091529,1.5625253958134109,0.4588837104684883,0.43705863422036295,1.7748268166900616,0.5843267958611291
55132622,3625242,5.750209698011907,0.0,0.11878615192761556,1.9042266479067922,0.005326187114524454,0.1272067906083899
93777902,3625242,0.004383713446870698,4.6674313368337,0.18764066723246942,0.0,0.36187419223016665,0.0
12628141,3625242,0.13295151573360214,1.4072768934093438,1.079754306107397,0.5096683670363706,0.46570478315355174,0.5512107052178253
3013629,3625242,0.8970828820180976,2.583003753297247,0.4433035981044346,0.24243866502270364,0.0,0.6102974929457738
16300531,3625242,0.1576707441213397,0.0,1.1642624465850324,1.8964836222161037,0.35803579821869796,0.3001042287968327
32548052,3625242,0.4020132365798284,0.8481218169899865,0.48592606775386876,0.8313586860510738,1.5053725955186095,0.7704513840434715
59462932,3625242,0.7374699630269397,0.014283502667067441,1.1698650988859864,1.9921447149989289,1.668940435205255,0.03702301160165645
93696022,3625242,0.0,3.4949797253537125,0.6870940613912766,0.0,0.2356271679725743,0.08087338941922685
68122842,3625242,0.2593433551974529,0.4828027637042544,1.4243347521979064,0.30579570920860927,0.20204048551663367,0.263678476646974
67449372,3625242,0.6741085643984523,1.8002717713856107,0.0,1.369332863468767,0.942651024454026,0.4372737445883977
11666685,3625242,0.3466751383960225,1.6108016869688078,1.5368233834631708,0.0,0.07240685313682384,0.14618804035590477
