member,group_id,r1,r2,r3,r4,r5,r6
193636632,365014,2.197928362757433,0.0015375099687989576,0.0,1.4749653586522278,3.3973803421490967,1.1797985871255723
26148972,365014,1.8647626138484539,0.7534282573420332,0.1028132909122661,4.916892897013676,0.003485771282544789,0.0
