member,group_id,r1,r2,r3,r4,r5,r6
46464192,3723892,2.3147244789347625,0.447969780517222,0.0431496245522984,1.1158304032772455,0.37446141974289,0.21995864876628463
45825472,3723892,4.445471668307951,0.6939889541797655,0.0,0.03298281602194173,0.5585237323826587,0.5636598754422764
54865602,3723892,4.2291988545300345,0.32904867129967025,1.6791976210060122,0.17734155106091176,0.742658526688412,0.25450750371860326
61304802,3723892,4.274714742692138,0.11744203032700141,0.0,0.40447547426751945,0.7441153460661427,0.32162447579515785
16989221,3723892,6.426188047195012,0.8632337618351323,1.602135608610487,0.0,0.13748627375292524,0.0
13729862,3723892,4.400417011971693,0.042930956647521945,0.5654258863638824,0.12613500252924198,1.4440338451353243,0.3123104323704913
7210857,3723892,1.517707943364895,4.606565982849198,0.29920851317732305,0.9403047781779762,0.5687166023485125,0.2134362762676167
45575722,3723892,0.5493587699910626,15.02264943208359,0.0051919277032600394,0.6998253696245382,0.5768680643465933,0.140239740343701
56284842,3723892,2.879794827459986,0.0,1.5808521951895973,0.4784266544712388,0.5556274824473931,0.14506004640216924
30004442,3723892,4.28203855948744,0.006348502499062419,2.333902105720563,0.21592166506431326,0.0,0.17399754537523385
4714254,3723892,3.009317453210332,0.009120817025022402,1.2746013748489193,0.5734453666003111,0.0,0.3803138391592245
60529202,3723892,4.260362941249531,0.18642069261977307,0.0,0.3935634026338864,0.7450488266141454,0.3267137547401063
24429432,3723892,6.780149078360278,0.002379932342118115,0.28053146378728927,0.2240407589749266,1.0331701486536984,0.0
53347382,3723892,3.0212285812694546,0.0,0.045912633225675716,0.6958106961513477,0.23120790489533094,0.44905759674688206
45666392,3723892,2.9447215533685323,0.5501094263384589,0.025149302919061974,0.6172473465162499,0.23597272104576075,0.4823938368480409
13097658,3723892,2.9977449138248216,0.13978714420526464,0.4530227184667265,0.6328904313130022,0.17364868925992852,0.43520629920243087
