member,group_id,r1,r2,r3,r4,r5,r6
5300352,373602,5.395143965004133,0.6684968973342037,0.2464359631483387,0.939193745758703,0.0,0.4028988499383083
5402245,373602,0.2255551652369808,5.867546494432532,0.11435382129688526,1.6619063067643984,0.16425275706077955,0.06653272949099483
4120103,373602,0.7303815723718854,6.644223603993276,0.10583352393221501,0.0,0.7946225361856376,0.5028745696903055
3437293,373602,6.854813323972702,0.0287498595365852,0.10881970785802095,0.05570320136258829,0.027517255440358063,0.519971825329928
4044432,373602,0.3290871259101022,5.105246453426734,1.3588422578389296,1.7558515182819967,0.7559757613374429,0.0
5998716,373602,1.876573912760691,4.723915488543518,1.186523411673895,0.746717279051489,0.8250284514881294,0.1339402404061591
2660596,373602,4.137367063881474,1.6664489240399039,0.10869614714234799,1.3528152857328508,0.03334073837468572,0.3396829151950378
5236788,373602,3.1295963892150436,3.0484966665922544,0.0,1.2186135229231285,0.0,0.31822873147960684
4885240,373602,5.313789542557034,0.0,7.268856117747303,0.0,0.02321777823578358,0.0
4789276,373602,3.5799574056292247,2.0374005551390124,0.49120599350095795,1.4329230909859725,0.3444972377810536,0.25910149098257135
