member,group_id,r1,r2,r3,r4,r5,r6
65342782,3747152,1.0703579956872789,1.925977314660101,0.12934066946818276,2.495742945811968,0.013774799391957568,0.6468763333115451
59820382,3747152,0.13843373158485572,2.907723917778433,0.18162126816686733,1.710168150228005,0.6684630637181149,0.5814123104966398
61484642,3747152,5.084019190030357,1.5827861190983763,0.0,1.1584418992714813,0.4707286817665618,0.0
72057762,3747152,0.334473550367135,3.1956556476997564,0.03566624374323601,0.7126027938941172,1.2892440900859805,0.0
56101092,3747152,0.40422857878502233,2.42177861569029,0.058342516949962876,2.1574326045462238,0.40139354206791805,0.12429350826561407
50422212,3747152,0.12591598445295546,3.165516361322673,0.86356263000343,0.4748085576402914,1.285820214180336,0.7032342758046143
60840642,3747152,0.0,5.811004507160659,0.2500218421043181,0.1702715672595865,0.6898584262420588,0.494596764629705
11239784,3747152,0.34152589333602945,2.920580304248045,0.0,1.7637132884991058,0.643391566197153,0.0
4088553,3747152,5.117936397543075,1.900219924797914,0.8393278475498617,0.47537566019571253,0.6940417370860952,0.6772349112431407
69094282,3747152,0.0046528396384802224,8.204440194436515,0.0,0.30402098929921234,0.0,0.0
48766312,3747152,0.7589042476109767,2.6981215636154143,6.2115677081011,0.3542307121034905,0.0012417869149609385,0.004097106532399688
8770476,3747152,1.0234707414319524,2.320942991393829,0.0,2.0465460725207176,0.40681812432120873,0.0
56757512,3747152,1.2669357762988336,2.2655730733277855,0.24120115702515227,1.9372366636286347,0.3898837331717712,0.06792317385098244
12140271,3747152,0.6771999102675054,3.9881559538988705,1.099379035684073,0.0,0.4433959380193781,0.7824839078801735
67815062,3747152,0.26763451602405164,2.8989699415119596,0.16864479451248876,1.7048909584760144,0.6558316558460499,0.38522080337343273
10259000,3747152,11.714092732599314,0.0,0.2644467485109079,0.33204780249166516,0.0,0.6713297718514426
11996093,3747152,2.438510352307154,2.0637065055938986,0.0,1.7370552242671944,0.4290899852491361,0.0
32180222,3747152,0.9384130790318559,2.2594096590049153,0.8179534053135259,1.8360624195067956,0.36347129767300806,0.7033604967085918
