member,group_id,r1,r2,r3,r4,r5,r6
46484972,3762682,9.577382448909216,0.01524237792662791,8.04491614565001,1.2707237463875196,0.0,0.005509033108456897
53139442,3762682,9.578021607284942,0.04336261396514038,8.347870371743664,0.20239624213159038,0.027878871922935894,0.0
46213732,3762682,0.08092622503465033,2.6463419116800475,0.3937800410644508,4.482476492548877,6.6214385321345866,0.003819048543682878
50310492,3762682,9.91871979993766,0.18820408213697679,6.87874549663851,0.0,0.001406066110602006,1.0519014358248924
