member,group_id,r1,r2,r3,r4,r5,r6
11125249,3815832,7.364453258455859,0.25597767304193986,0.0,0.6516309646660436,0.2794380727031623,0.008841481873609128
187309574,3815832,6.398712900616957,0.0,0.5017697836365618,0.7205935965243094,0.0,0.6320783593150433
69683272,3815832,6.403170084857547,0.19194809775847121,0.0,0.7337764551835337,0.0,0.3950487083882886
5345833,3815832,11.820169249562458,0.1982194969201152,7.6040512556542215,0.0,0.04138105285712176,0.0
10849612,3815832,7.420577659249731,0.006165637869953659,0.1942078949473408,0.5050214836308382,0.4190608821544794,0.08065017615052396
34932782,3815832,1.3897856749950714,14.318269120655936,0.0007383430219136427,0.881599556166679,0.14806196563051968,0.2516903202635435
99091312,3815832,5.652038456459086,0.07829619983636436,0.2312685044440363,1.3661724936356772,0.07288459645137751,0.0
13818655,3815832,3.99291732672702,2.761870842443451,0.34530198609610374,0.8136691566208611,0.690587454356844,0.12090079968629552
117814102,3815832,4.921314607802299,1.3903261538403466,0.02839288580052125,0.6063112033143561,0.24716261692222122,0.4669700937974021
5929592,3815832,4.900927559181366,0.43978955684853005,1.7733228125556153,0.6599950394599052,0.6896446892377132,0.29968835758580076
183738206,3815832,5.661916083056486,0.0,0.39157342066286177,1.277520212826394,0.1610214330696721,0.03529688093622907
10183071,3815832,1.6463467700981922,12.212810529682063,0.21133539953867356,0.0011240399103330271,0.26634599542069193,1.0296450427999069
