member,group_id,r1,r2,r3,r4,r5,r6
97023652,3815832,3.06017099532272,3.047299481836128,1.967292833549007,0.0,0.0,0.0
154483782,3815832,0.08310792071431103,9.069020314486398,0.7227031012659295,0.6743185378168797,0.3717771717880034,0.13969426917338426
10183071,3815832,11.713322912730026,2.1515490220620785,0.07525181950550736,0.9451999947793925,0.6484853956005563,0.23968136203167012
72450122,3815832,1.0026274359546397,3.545857477677029,0.7667007357040433,0.5861159502996274,0.7518848017426832,0.8053404334553718
137040682,3815832,0.02616974560380799,8.812622216973276,0.0,1.8170359103872613,0.0,0.8921166198037735
34932782,3815832,13.664333628622517,0.0,0.11190967637482614,0.33019683155356266,0.753433639391237,1.083731545142243
87700112,3815832,0.26336493834513003,3.8666955015341604,1.570174319035293,0.0,0.5696947273713951,0.0
10808659,3815832,0.6041221295188208,3.7678751439777556,0.8251414980978738,0.3536861097588519,0.8245641749931053,0.8288325409340479
52591542,3815832,0.4110388537844461,3.7145078449209614,1.4465230824960826,0.354752492006046,0.5695448539725105,0.0
69925182,3815832,1.7936400831576564,4.810321203831035,0.7704876636059841,0.20554525413423558,0.690630945654521,1.0220975400798256
13818655,3815832,2.733625731559465,4.244051172351161,0.0,1.2520195903690525,0.49815763621587694,1.7726246094260707
