member,group_id,r1,r2,r3,r4,r5,r6
97023652,3815832,3.0218278945492605,1.795342366955499,2.8572558829904184,0.0,0.0,0.0
10183071,3815832,11.640166536585545,2.985539146399879,0.0,0.46492376239439637,1.0487055403768988,0.0
72450122,3815832,0.9218556662295555,2.7184598592101383,1.6900726610931605,0.35497951679883705,0.2433272997073761,1.0159912431108074
34932782,3815832,13.500019456253687,0.0,0.14863221720672065,0.1686328349406538,0.01921056874018187,1.428725832172924
87700112,3815832,0.2394799285356198,2.726210804526823,3.1856344532130136,0.0,0.08850954984401069,0.0
10808659,3815832,0.5194064723947439,2.9404565045977167,1.7354737594146579,0.20891657206779127,0.3207725145243355,1.0699254199206538
52591542,3815832,0.3845635900427186,2.6286779779580267,2.8949436734422473,0.21055053763793352,0.08920295556879429,0.09069252225600512
5929592,3815832,0.46070249662349433,15.769616581671212,0.031516449643088466,1.8072383182448437,0.0,0.3090818520500438
69925182,3815832,1.677889689425717,4.163837041671063,1.563986931729051,0.08810094580092936,0.19856654010194252,1.3344012415240754
13818655,3815832,2.590817943016466,3.7900804156721906,0.4945654806382045,0.7362599533804033,0.10042427425393777,1.9084146075324075
