member,group_id,r1,r2,r3,r4,r5,r6
117814102,3815832,3.0410077602755576,7.934663393839296,0.0,0.0,0.9982643552615119,0.0
193692742,3815832,0.778550557556127,11.305543452411866,0.0,0.00011921157951113178,0.0,0.028366524308491167
34932782,3815832,6.074743283105324,0.47167556190725646,3.4991743458899274,0.001698150509935706,1.894114818690353,3.0637648378231948
10183071,3815832,18.964422364769888,0.9166582330383448,0.9961492523915317,0.0129280220867866,0.6043860445776696,2.2317482663996384
