member,group_id,r1,r2,r3,r4,r5,r6
69925182,3815832,7.92527067677828,1.6920915974071489,0.0,0.8566554176162584,0.0,0.019059066858931776
37263362,3815832,10.706943786677439,0.13534235446454745,2.503813659307182,0.2407698881080833,0.11241100390060065,0.09386654041921336
9218595,3815832,10.706808352563511,2.3010069495218572,3.021365419021192,0.0,0.0,0.0
14496325,3815832,7.248236215447502,0.0,1.8375331293291524,0.8796324654920258,0.017783114988839527,0.0
10183071,3815832,2.3659000135766766,12.416885749715624,0.5403689543708579,0.840219598826533,0.029915829200592704,0.10811124783747064
34932782,3815832,2.17024185182438,14.477378842801135,0.032540795196246274,0.6051807371508026,0.05047878259021091,0.1192879614760793
10808659,3815832,7.920897911588589,0.39695531126597344,0.08686820383030408,1.016208496622322,0.0,0.068693038072837
44562142,3815832,5.97460900382253,0.06297810142711958,0.13712261274145057,1.1854236085453165,0.0,0.6241362784874773
13818655,3815832,4.77722813458562,1.5173920944204795,0.5898744828506461,0.34776332845735214,1.3325725339557868,0.0
