member,group_id,r1,r2,r3,r4,r5,r6
142548642,3833182,17.954901808894444,0.00012486598282518847,0.3119368265112137,0.0,0.02698423815770156,0.12186211771185003
12889700,3833182,0.0831176354280035,26.152386147096472,0.0,0.023283241574928917,0.0001937222175283681,0.0
153712332,3833182,8.99053888401247,2.8063003332902936e-05,0.0,0.9585325120698532,0.00014931396119408644,0.0
134401552,3833182,17.954902168551055,0.0003494818166218882,1.2718702588516204,0.015946380935917385,0.000855214381433302,0.009796892603147984
49511612,3833182,17.954880217314386,0.24000039081349453,0.5949570775974984,0.0,0.36096812460475647,0.0
153830812,3833182,8.99053888401247,2.8063003332902936e-05,0.0,0.9585325120698532,0.00014931396119408644,0.0
154050942,3833182,17.95490558672007,0.0,0.0,0.020729433590312676,0.0,0.0
