member,group_id,r1,r2,r3,r4,r5,r6
115494592,3833182,10.206147151418566,0.04274654838890531,3.2047417688265702,0.14770759491197002,0.17025583621904322,0.04111846186113125
87499362,3833182,0.07411836021466114,0.010986917002481186,6.364779231546709,0.026496789141190302,0.0,0.0
118406242,3833182,0.04279205739440514,0.10949181612132566,0.0,3.9477621266951886,0.0,0.0
12889700,3833182,0.07602897061552555,26.15428018949064,0.0,0.01097133273952532,1.1067621568941179e-07,0.0
115110502,3833182,4.147829591050965,0.0818979569255662,0.0,0.47926083947545217,1.503459710270567,0.0
117794022,3833182,0.05768897883340493,0.07119833032012586,0.0,3.9490150377454425,0.0019051550365677876,0.0
114964392,3833182,4.15984677781599,9.99167489503625e-05,0.39259301800270324,0.3125540798573249,1.372032689036963,0.396841697263031
102199532,3833182,20.383064323742012,6.710880421470227e-06,0.1823715360316856,0.06785197805383308,0.1265732379399572,0.1565747776782091
117495342,3833182,20.383049900110716,0.11055398596070194,0.018937416461862436,0.0007354265155103679,0.006029586533095812,0.6107588985600273
46878642,3833182,10.220223785763809,0.01196745242813501,0.00288928010254086,2.05640264280558,0.09055811469503802,0.36821819021270374
79504822,3833182,4.153787228853996,0.04360478895492014,0.0,0.4805319793512264,1.5061468677789294,0.0
113317912,3833182,4.11819344887697,0.25649974581737345,0.8845014312891603,0.007731249244743509,1.0428517946692428,1.3855155263401775
116052732,3833182,4.159744866657024,0.005311620984274074,0.0,0.48180311922700075,1.5088340252872914,0.0
