member,group_id,r1,r2,r3,r4,r5,r6
51460802,3833182,6.008885882657883,0.05595034842745024,0.0,3.598803820739557,0.5357476995151628,0.04932319780659428
12889700,3833182,0.11666425732275189,26.171494248265944,0.028580888937029567,0.00045710465235537497,0.0,0.0917197114249286
4027876,3833182,6.069776847410032,0.0,2.4759386123839766,0.2786873241961228,1.8157260878341184,0.1420410055147272
55474022,3833182,6.0691500309163,0.0,0.0,1.2434203152252346,0.0,0.9256369809303617
53898632,3833182,5.991128381756191,0.3449757635947741,0.00029714271079009347,1.2173868765855476,0.0,0.9126306417633692
43942092,3833182,7.9656794337821015,0.03806016188751761,8.238995467803006,0.02512066836350935,0.03354671225790287,0.024202035154672123
54350132,3833182,23.723728009728422,0.059216030540684195,0.006961188311810443,0.0,0.5651337717603981,0.0
53169942,3833182,6.017583176394791,0.0175530664814926,0.08515661830722604,3.56831218188905,0.6240938711499241,0.012890292365952662
10776475,3833182,4.051674135291444,0.15561879302252096,1.1046063242768016,0.3529798128995491,1.6372498118365149,0.6285467586678212
