member,group_id,r1,r2,r3,r4,r5,r6
196959203,3833182,12.176445080872398,0.03211589382540639,0.017390330503093406,0.3191675069120264,0.10595290434034951,0.0
12889700,3833182,0.04508941183510302,26.21112478241449,0.0,0.17449606781093643,0.0,0.0
195627085,3833182,12.230531025733944,0.07193385880262816,0.8263232714633486,2.7206126678109412,0.0,0.06081148551648894
195371885,3833182,4.888381640824353,0.06005002284518747,4.925768784122532,1.3990613302603174,1.2081452347758748,0.02043738094833924
3353495,3833182,12.229304120139597,0.0,7.997495184341803,0.05208367412025999,0.1036136511636282,0.0
194473492,3833182,12.173773691013123,0.011291169152180165,0.24120334592697526,0.0,0.42228686295789,0.009176459333413493
186669302,3833182,8.1614726170346,0.0,3.1383129052928393,0.3356334062921219,0.47597441477041647,0.1415173021101964
195497303,3833182,8.160126778731078,0.0,0.04925088804439225,3.9447490166717873,0.6341617643224722,0.0
