member,group_id,r1,r2,r3,r4,r5,r6
56825492,3833182,7.086944635776627,0.12622357864356873,0.45775537077941997,0.0,0.0,0.103561560814118
51460802,3833182,7.076815335903195,0.18910217447587732,0.45654026435569023,0.0,0.0,0.10341966271528763
12889700,3833182,0.04140565010970891,43.01029335718793,0.0019321947336237292,0.001849071245513055,0.030433609516545067,0.0
53377372,3833182,14.491457914274108,0.060761869250298264,0.1598332445042778,0.0,0.07728730401087003,0.020077080761462595
