member,group_id,r1,r2,r3,r4,r5,r6
146425952,3833182,24.357031614015565,0.02120648075458171,0.0,3.6799303460816093,0.0,0.0
150340482,3833182,6.188183893909319,0.0002628750585355931,0.3033137223252979,0.0,1.78239176150957,0.0
88205282,3833182,3.1184741615280935,0.08871400302033772,1.599349346024397,0.14336704378299311,0.7513561064302983,0.33375064925332176
12889700,3833182,0.09031632722064331,26.169216138482028,0.04613703366910173,0.0,0.0,0.0
149796132,3833182,6.179295366075093,0.038522471782184486,0.299798620505869,0.0,1.7833911338183714,0.0
142548642,3833182,3.1229063847238923,0.05041875458377025,1.6023106975078298,0.14336517638349602,0.7508317819168484,0.33826387280246517
147771622,3833182,3.125399388591504,0.0391349457411151,1.2357918628851208,0.8747416520368614,0.633556094436187,2.358480710448908
80826892,3833182,3.127427054855,0.014764570653628392,1.6779502259723411,0.03792326906957275,0.724833526911868,0.0
148843982,3833182,3.127427054855,0.014764570653628392,1.6779502259723411,0.03792326906957275,0.724833526911868,0.0
148868052,3833182,6.179091149637744,0.030783323807758913,0.001740345676031773,0.38679211418098947,1.9134668036557934,0.8908653733574309
100932702,3833182,3.121373457047376,0.15071015027209325,0.7564627689511955,2.6333079213527024,0.0,4.390213437986773
49511612,3833182,2.2562526125399778,0.333430546607178,1.1656005532569662,0.215451966594711,0.7345099401255287,4.217854912135503
28305982,3833182,3.1359923745205083,0.0009490093910588377,0.9927643188311223,1.9404749656163567,0.19462155496788394,3.416715257719263
