member,group_id,r1,r2,r3,r4,r5,r6
174049952,3833182,6.124292613333886,9.655967601920498e-05,7.223141873103363,0.03673427871026715,0.020240416308945346,0.0
12889700,3833182,0.03627624537551157,26.156310314620214,0.0,0.0,0.00987508795186042,0.0
171950212,3833182,9.15954310860093,0.000600873544456514,0.33694085241112787,0.0,0.16443876003664257,1.049367541348678
163961222,3833182,6.115292679005498,0.03838362792721914,0.0,0.0,0.9162216437785321,0.0
160380742,3833182,18.292657907422115,0.03886674985755982,0.0,0.15301281738605763,0.06002231194081189,0.0
172299112,3833182,9.15960494508566,0.005401301286907829,0.0024129913418810436,0.5667791241513475,0.42779127244256887,0.0
72723622,3833182,9.186339592062618,0.004831094297805562,0.10109307283583782,0.06369273275847943,0.4488592268904185,0.1637399127147911
150212202,3833182,6.115230497906618,0.03481572343800976,0.06367004951452529,3.372515015536701,0.05429656180885674,0.7523869213567719
172103402,3833182,6.124206553799577,0.0,0.015407804691495993,3.5591253666418226,0.23158619281214013,0.06687971415536861
171966352,3833182,18.292656015896505,0.0,0.09310670702128129,0.14573617414197665,0.01326585994096923,0.12966600395061145
172492882,3833182,6.1242005704030635,2.1020849395331287e-05,0.0,0.0002923602834424351,0.9201333416600194,0.0
144191252,3833182,9.159607769412407,0.004956944969601217,0.10191282953308828,0.841022970939106,0.3318370229292763,0.10275295241277074
154109012,3833182,9.159533862411054,0.0,0.664262826512208,0.07168931837657583,0.0517812471170294,1.2481152433788067
168533882,3833182,9.15961678013108,0.08230385532043832,0.01354609864498233,0.17333973724049678,0.4838828537993178,0.0
107261502,3833182,6.1242005704030635,2.1020849395331287e-05,0.0,0.0002923602834424351,0.9201333416600194,0.0
