member,group_id,r1,r2,r3,r4,r5,r6
70404092,3833182,4.014900502793094,1.4853436256140202,0.0,0.0,0.0,0.0
12889700,3833182,0.01855086067371512,0.0,1.9862270193681482,0.0,0.0,14.337508683210666
70372902,3833182,4.059443069762866,1.1640309017870605,0.0,0.0,0.0,0.0
70450702,3833182,4.044602164819002,1.2710739255469925,0.0,0.0,0.0,0.0
