member,group_id,r1,r2,r3,r4,r5,r6
56825492,3833182,0.0,11.613699734782944,0.106032113103782,0.11139287275162636,0.21461544750611172,0.12447425161336965
51460802,3833182,0.08378677952320343,11.596632927936342,0.10735287846024442,0.11137392556883757,0.21440953819959815,0.12451936783711653
12889700,3833182,58.44191062991519,0.0,0.20880567078095874,0.0,0.045984338156520956,0.2326781746674498
58315402,3833182,0.0,23.143553099864807,0.052472774238868626,0.2171714568400763,0.07097702115905245,0.16856507349510425
