member,group_id,r1,r2,r3,r4,r5,r6
142548642,3833182,21.99863992831317,0.04315011494678148,0.0,0.0,0.27942096232699015,0.0
12889700,3833182,0.09245469617804185,26.155098479344872,0.0006064939778015194,0.000718272650642555,0.0008159132194317243,0.004129004267544452
152199752,3833182,5.636281334330674,0.0013123507166759314,0.0,2.282503562867976,0.0,0.0
151364492,3833182,11.160095509549441,0.0,1.5603067493602607,0.114663271004498,0.7711520696246406,0.1961193924701503
153712332,3833182,11.01544295535716,0.01883337845819076,0.0,0.009606179574511627,0.0,0.9532849961155316
148868052,3833182,5.6280299953899355,0.038007042678140174,0.513484995332683,1.8615387761821058,0.5768288766492686,0.006130502511846125
153830812,3833182,11.01544295535716,0.01883337845819076,0.0,0.009606179574511627,0.0,0.9532849961155316
49511612,3833182,4.4571178612002855,0.3443011087055683,0.2979252001366427,2.154921366451855,0.31658866705706207,0.19384201950988503
100932702,3833182,5.604168165782259,0.12266693531518517,4.68961339603187,0.009187240076572333,0.03127005633441171,0.041030518688227366
