member,group_id,r1,r2,r3,r4,r5,r6
43692032,3833182,11.550905904899935,0.048067489380797065,0.11619872275630033,0.0,0.5273270589817516,0.013966389600087455
12889700,3833182,0.16466933621468757,26.167524528066103,0.0,0.016973423316315725,0.0015593208704730776,0.06838314226330462
14647142,3833182,5.851791939921724,0.0031196036506847963,4.104113058092722,0.2729908985009361,0.025448200124404075,0.18952717100482092
45385552,3833182,22.74542805122977,0.2851995933444721,0.5768007238464321,0.0,0.0,0.0
52807442,3833182,5.855207944931998,0.0025661534148952933,0.0,2.545952954936348,0.4770473725394314,0.0
52224212,3833182,3.868821468052429,0.2540404763592396,0.0,1.7003693519227818,0.033068289857963444,1.66167614706338
53142292,3833182,11.551192471128758,0.0010141482427219585,0.0,0.0020564138262366702,0.4650052992949155,0.17350808058993028
39477402,3833182,5.8163604854184126,0.1788508995799636,2.4286557746831576,1.1863640830296223,0.25451541543298345,0.00993549776773503
