member,group_id,r1,r2,r3,r4,r5,r6
50592472,4044922,0.9982121825709834,0.024104817445699277,0.08221096746118285,1.101959109443068,0.6739242233303507,8.016697338674101
37350322,4044922,0.3854164688633925,0.11440425737907525,0.0002936291578258232,1.1624422751387244,0.6879288678711831,8.040345334403417
30575422,4044922,0.02758997323117052,2.206303288369204,0.0,0.8511491032633091,16.373803013724295,0.0
11339151,4044922,28.63892724696995,0.14860819600257372,0.46781573791652153,0.002720277024584215,0.0,0.0
