member,group_id,r1,r2,r3,r4,r5,r6
91386262,4044922,0.0,25.60107751396877,0.20819929500808423,0.0559167858157955,2.139980660190629,0.18315038844835024
11339151,4044922,19.472428134788345,0.5919074165144155,3.3236395614019543,0.4047861258474911,7.956294149748373e-06,0.07445241000040437
