member,group_id,r1,r2,r3,r4,r5,r6
91386262,4044922,25.844182703271493,1.726534268130278,19.72916822414075,0.0,0.0,0.0
11339151,4044922,0.0,1.086415894846915,0.0,3.551848122488556,10.896267522461006,2.0022015818942616
