member,group_id,r1,r2,r3,r4,r5,r6
51168512,4074472,9.217370316482373,0.03255417471467135,0.0,0.012357008437489624,2.733146085172918,0.01908482469545588
4506950,4074472,5.508153291217476,2.9203620807993884,0.4959976746837812,0.0,0.8152746251049761,0.17348439389986678
54413512,4074472,9.003074275938138,0.5821501577572387,0.0,0.850548372272841,0.033676367292137216,0.004283268410397855
65175212,4074472,7.240062490761893,2.3740504380851264,0.0,0.8579494527499104,0.012958645507306119,0.002760364960794119
83941132,4074472,1.7358194018997466,7.293796775339797,1.3087939701708982,0.0,1.0524871209178424,0.03715867238243201
183918994,4074472,0.4652000820908534,9.233987028974934,0.0,0.8751890504383896,0.0,0.0
184808054,4074472,0.527095350901805,9.330947714533169,0.0,0.466403839896942,0.0,0.006654751672844049
35285082,4074472,9.305133396815236,0.0,1.116531741075373,0.0,1.1876442050250764,0.0
