member,group_id,r1,r2,r3,r4,r5,r6
51168512,4074472,9.046752882127834,0.0,0.07169355319442718,0.07117370735340213,0.2327766917439453,5.875588341753402
4506950,4074472,6.165472336653682,4.425189181278178,0.1795405377814538,0.4761928026461099,0.12815969341953465,0.0
54413512,4074472,9.374242021924227,0.0,0.0,0.0,0.0,1.6744587891789489
56345002,4074472,3.66941061210195,8.267551458543851,0.0029708818947526065,0.0,0.0,0.0
65175212,4074472,7.916540275547978,2.2146756108868617,0.0001955712057370452,0.0,0.0,0.0
15318201,4074472,1.3357990299736238,10.84151911085806,0.9944192756755306,0.8723662966019792,0.10450333806708695,0.05408736778477842
35285082,4074472,8.949722368815301,0.0,0.1789678213081285,0.5794010892705072,0.12911813203550063,5.171153610311756
