member,group_id,r1,r2,r3,r4,r5,r6
51168512,4074472,9.342794985857358,0.0,0.0,0.2956491673143994,0.20728020663586857,2.0545505165135785
4506950,4074472,5.512677887594021,2.8325423863451378,1.1519138639334314,0.34480981699011265,0.1205427025486353,0.6788272059866338
54413512,4074472,8.981781151394332,0.3689890630141447,0.0,0.7875933815117333,0.7055141305116541,0.0
65175212,4074472,7.211999630826805,2.7806830112670773,0.0,0.0,0.8385968453075745,0.0
83941132,4074472,1.7730411413562228,5.9080634283483615,1.5105539896310183,0.5783864019355558,0.0,0.7872911372790522
186928014,4074472,0.25964107505754014,7.950722088592834,0.0,1.9431618219572893,0.5514313725362968,0.0
183918994,4074472,0.43474333276001276,8.544355630321894,0.0022094574675579717,0.28166092913812263,1.379891785241004,0.0
184808054,4074472,0.49328394557208805,8.804582650684711,0.0,0.8080571713696002,0.6172804406351545,0.0
35285082,4074472,9.045171701923083,0.0,0.5594860297990949,0.0,0.0,2.0772746040351717
