member,group_id,r1,r2,r3,r4,r5,r6
51168512,4074472,8.912123279180033,0.44890138408407193,0.2960107354944585,0.8979597951900945,0.21703419955021735,0.0
4506950,4074472,6.28722669567563,5.966443090548947,1.3483950959332378,0.0,0.010503850176793146,0.0
54413512,4074472,9.509462738685302,0.0,0.0,0.2989944100780849,0.0,0.0
56345002,4074472,3.713228061799131,11.129810087502376,0.0,0.0,0.0,0.0
65175212,4074472,8.01036371859676,3.001217642204681,0.0,0.0,0.0007849544242397611,0.0
35285082,4074472,9.146543174360993,0.009022656228278022,1.4634675793787515,0.9624150417849059,0.0,0.0
