member,group_id,r1,r2,r3,r4,r5,r6
3562379,407827,1.3320999514563197,3.905885393301418,1.220753929877716,0.810640024018954,1.0844735463580237,0.12307360165095906
2566417,407827,0.1745270070302204,5.226481394205008,6.281258349369955,0.0,0.3322101441558413,0.0
2571026,407827,3.2031166635338435,3.0927262395555775,0.8866222792685129,0.5087820236471414,1.6592058783036538,0.12313132889191936
4196754,407827,1.6318748636347578,7.739605355943679,0.15827704451311542,0.2562179461232725,0.03407462833858607,1.3540265284503215
3030553,407827,0.5624353787654868,2.8421077762639064,0.0,1.7493462392045236,0.09928581243864325,0.2530318939319791
4425252,407827,1.9047807553335707,3.5830979814464112,2.01644317351669,0.5368206051362184,1.2733751482380358,0.04855838629576996
4784302,407827,1.4785689564219566,2.6328108792691887,0.06039440516276919,1.6992638409062306,0.10292448184697815,0.23721279742975923
4085817,407827,1.4449613984784215,2.6068989896271284,0.06457760553862553,1.6122160564693275,0.19003692887100657,0.2777336242099032
5301821,407827,0.08636243548393739,2.906657898993559,0.23726707361220872,1.5700075891390832,0.24960794940043549,0.30573534771607397
3423166,407827,0.6052189694897216,3.1187114828016362,3.7620067689539916,0.8576014928094615,0.0,0.13598097249689003
3506493,407827,3.3759240408289615,3.40923735524634,0.07390712272248172,1.0536568833990925,1.0630823243291616,0.10028921799062553
3630401,407827,5.414963754792939,1.6931127002959334,0.3003707079996963,1.34967172794153,0.2295444177351181,0.25433338811705175
3254610,407827,24.650419260873306,0.0019720283123458183,0.3330582619161094,0.32546529453361683,0.0,0.1302901186362344
3362526,407827,0.42374834139504924,4.0018480277990385,0.0053655993772543445,1.1400777436063096,1.1192965629139178,0.15306332310527668
5112547,407827,0.6179014005056894,6.132207771676157,0.3464370649550104,0.849556373350862,0.5327887164216059,0.045133345630591994
4438255,407827,3.584524410211343,10.01969902766281,1.0877540506537513,0.0,0.12290905989054962,0.19954737536949227
3919477,407827,7.618066981740881,2.2344287088504697,0.355375137373377,0.6095696050927768,1.5086419037354952,0.018629827674199944
3238646,407827,4.489290437420298,3.6916365278169376,0.8679933567671516,0.7293717333466145,0.9348414309044892,0.20744208252683785
1902846,407827,0.309068096458912,7.2266439730874055,0.1832367513434907,1.231134999083837,0.0,0.0
