member,group_id,r1,r2,r3,r4,r5,r6
25058272,4089872,2.8161076154362643,2.027473088327173,0.5981420681514481,0.4327787408191992,0.0,0.009204484174338655
118734752,4089872,2.7945924631632746,0.0,0.7295122457754482,0.0,0.4728927023770876,0.10698627962173664
47389602,4089872,0.5236606100849692,11.365662603319251,0.4583921343070744,0.0,0.43181455175206895,0.0
34208002,4089872,1.1794839052604118,0.28270603582035175,0.01060400118898364,0.13954038308798425,0.8722441350521275,0.0
102316932,4089872,1.9947641968810828,1.3404478172715673,0.9165334651979522,0.0,0.313779993713242,0.0
40584872,4089872,3.807269863298753,0.13883217253546493,0.28522754474436546,0.3420722586289554,0.004329275711523055,0.8495874677886329
4882633,4089872,0.438910784704397,1.3084441847078043,0.0011593351424902993,0.6745318094447759,0.2544896071910581,0.06722919869376301
104577392,4089872,2.808945156936338,0.0,0.6910414589070635,1.597981608302883,0.0,0.0
72056692,4089872,2.737742586686244,0.07485918164234903,0.497738757479964,0.5497986403195639,0.23609000100080735,0.8303072470550439
126296372,4089872,3.209388123723202,0.13831821115862825,0.7212586123232072,0.07970310458715628,0.08315882187380687,0.0
10369407,4089872,9.55870551314496,0.2808838887160757,0.0,0.748232879528005,0.0,0.0
