member,group_id,r1,r2,r3,r4,r5,r6
47389602,4089872,0.2915040236723807,11.23094148348574,0.0014824500856477078,0.0047919604968655605,0.05910551297106525,0.000448918009973118
55758692,4089872,1.1694549672388368,0.8808304799255147,1.8619428418357356,0.01380027897782702,0.2613035102412231,1.0954480304264034
102316932,4089872,0.927349570109507,1.2393980174028894,0.0024474197979457253,2.202496394777964,0.276009274455913,0.0
114673572,4089872,9.376343818559302,0.0,0.0040946439493470006,0.04112173148109474,0.02900686419932878,0.002977538836938538
4882633,4089872,1.1708120981529406,1.1967318964586016,0.7956460196082012,0.002516527026091864,1.2702572424045044,0.0
5403574,4089872,9.376278260421545,0.5320019142833219,0.0,0.0,0.0008258677406667514,0.0
9357823,4089872,1.171916139441423,0.6121346111894185,0.015920204195941638,0.030209454819408618,2.060239611713871,0.0
