member,group_id,r1,r2,r3,r4,r5,r6
47389602,4089872,0.3145369681446773,11.271289623253798,0.009620494086511678,0.2751597639758537,8.075166216226595e-05,0.0
34977412,4089872,4.354832617445464,0.02203792629358542,0.9042371033815019,0.0,0.3251654103334413,0.0
12565705,4089872,4.79571726664252,0.17765082479632188,0.06387020973923095,1.0708798942235318,0.3623912230778693,0.0
31674992,4089872,0.7063110563204974,0.15363697680625713,1.4281891905998865,0.8665206184527301,0.0,0.7867212183871582
11173751,4089872,8.645231828689726,0.5407673260772557,0.0,0.0,0.0,0.0011927760265238662
40838872,4089872,0.6067658560376479,0.5569312459515497,0.0,2.30850786787376,0.1925504066424056,0.013817279221675888
25536602,4089872,8.64531851058437,0.0064543434281361224,0.00256790046450472,0.0,0.1164106998804763,0.001676389006616755
14658107,4089872,2.395818955409002,1.0603264176364102,0.7551948425029936,0.001905841996858817,1.1426840776482676,0.8137088844681646
12181565,4089872,4.3900802214109325,0.0005777370491805887,0.10592595823567094,0.527587888929704,0.5896487869071927,0.0
