member,group_id,r1,r2,r3,r4,r5,r6
47389602,4089872,11.079416274101792,0.002232806375174382,0.0,0.008121889187390284,0.0049714494474347535,0.15136616072678633
111543522,4089872,0.17176711647375723,5.0323629345184955,0.0,0.006219713148087021,0.0088881402220346,0.2586009786020478
102316932,4089872,1.3837628412250145,0.7736183305112715,0.0,0.05388885527780847,0.047875095783262635,0.9458298894087215
40584872,4089872,0.43065718126281083,1.4127895374181008,1.4277421220255153,0.04806512707327313,0.033960665917415755,0.0009621003931867655
4882633,4089872,1.3839591064357524,0.7106343007091532,0.000902399049546235,1.6604661974275008,0.0,0.0
5403574,4089872,0.604610337014552,4.832754596100108,0.0,0.006295196324244756,0.008732715984958343,0.25434562868636434
13851766,4089872,0.08519847236559829,5.072284602202171,0.0,0.006204616512848388,0.008919225069460891,0.2594520485851881
14658107,4089872,1.207150155260365,0.3096001203378291,1.2635767411218302,0.14767255428902626,0.42890633385027566,0.17354200640117945
9357823,4089872,0.7631236112501982,1.5922405401351485,0.0,0.0,1.8898004447995143,0.0
