member,group_id,r1,r2,r3,r4,r5,r6
187969379,4089872,7.23478115909915,2.06856601974333,0.2520834761225107,0.0,0.0,0.0
114048122,4089872,0.6239935605806474,1.2925551176068548,1.6944008613952417,0.0,0.0,0.0
105848042,4089872,7.1097757930065235,0.0,0.2619500014241462,0.0021499215359793815,0.7866722992541495,0.25340622344339736
186921643,4089872,0.5228498174559482,0.012883436832670195,1.6719339754961378,0.15446610805932434,0.0,0.24426006052475685
111551852,4089872,1.1419439622351097,9.145480239766563,0.0,0.9038492241767874,1.5735812000322507,0.32730263128388765
168355802,4089872,0.5037431357774681,0.5528759894753223,0.0,1.766162919905013,1.247626211424445,0.0
