member,group_id,r1,r2,r3,r4,r5,r6
47389602,4089872,0.21130772774988674,11.370847307566883,0.0,0.34398768049244083,0.0,0.0
111543522,4089872,3.572124892553904,0.08958574410003255,0.0,0.8279421788054493,0.0,0.0
102316932,4089872,0.8612459357511278,1.1230364765222371,0.0,0.40853344899281047,2.2560218047340403,0.0
55758692,4089872,1.258683849928587,0.6501829902895305,2.0395662025617995,0.208525282130862,0.0,0.13939143782135333
114673572,4089872,10.085972714744509,0.08419459483923868,0.0019598420320749896,0.0,0.006680863119729816,0.0
4882633,4089872,0.7077664874765244,1.3178083073839242,0.04583693428220515,0.08340600019121068,0.03858888099904871,2.9089059985036667
13851766,4089872,3.5984168078602883,0.0,0.0,0.8324211503025538,0.0,0.0
5403574,4089872,3.440636740935093,0.5370631420932146,0.0,0.8012908193495163,0.0,0.03415433620212009
9357823,4089872,1.2583074559815242,0.6448329329412602,0.07346396517191953,0.4684867233303344,0.782823562720738,0.0
