member,group_id,r1,r2,r3,r4,r5,r6
12129218,414052,3.1231655601757966,6.13677580573094,1.3440148135691907,0.9845033489319764,0.15530588046564833,0.4626492670880559
4179129,414052,11.161359972417685,2.3632287147686073,0.05302790956195627,0.9081149369513833,1.1726765958650984,0.02246305678255538
13510044,414052,2.026748637448032,10.970587796463118,0.0,0.08730704564944282,0.31441135571607326,0.0
20014411,414052,0.8273567185504792,6.851781727249716,0.704281548045337,0.0,1.1561601531794572,0.07933402967662864
9934190,414052,0.15777557940956383,6.3936389052208575,1.085034186549852,0.02432472779058578,0.7560293625750246,0.02175477008267347
12009841,414052,0.423798495484804,7.909232229055243,1.6748584755512927,0.046435753871119693,0.0,0.32888943357908706
46618802,414052,0.1606046139166258,12.483655902816356,0.24867160787343803,1.445778682297457,0.0,1.2566683139537038
6839895,414052,17.09386732688868,0.5700675992445953,0.6437739243386376,0.0,0.0,0.6496363916983129
10049273,414052,1.147590011243041,7.331914572038715,1.5838845698981425,0.46071067841926305,0.023689888951132547,0.2510685334929287
12231386,414052,5.254889011960198,2.4226380582219478,0.08092123932361682,1.736118887417682,1.472412755363576,0.5058640717500673
32431292,414052,1.2892164194633384,7.31218955733766,0.24481666502692812,0.0,1.035053636174153,0.6913738303067793
7019551,414052,16.372408942180055,0.0,0.0,0.10679326517659335,0.6573289124992066,1.2063850788094528
