member,group_id,r1,r2,r3,r4,r5,r6
86415232,414052,0.09216248314357713,5.381125167279065,0.12801063561348203,0.7380958057143956,0.5822340200050556,0.5216385837396024
12729986,414052,1.4634111382360162,4.229879575790502,0.8316194345794334,0.7152803643581949,0.2298051318158626,0.5429070342473035
12129218,414052,3.3817591251617865,6.08869696970751,0.7774185793776482,0.37839724422335663,0.45814847117783114,0.16176522150877695
21534661,414052,0.02821463653367619,8.505307200232117,0.2843800179081007,0.3055684614399469,0.8790417551311519,0.20871696558855604
75517082,414052,0.4057994528559826,4.169959523307861,0.16993459300185393,1.3541693571938407,0.43796106227879683,0.10359069949018156
12708649,414052,1.3243334691430644,6.475149943420293,0.24595499579630511,0.42674817567747336,0.0,0.5898695009552428
20014411,414052,0.8838961924031751,5.693656006352813,0.0,0.8527909566238121,0.20327456096929455,0.31729453723372353
6839895,414052,18.23168807073913,0.0019493503456421092,0.0,0.987071646639338,0.06994879643408303,0.03652816356755599
12231386,414052,5.661032595524189,5.293284201063547,1.5922192357727158,0.008786828847088963,0.14734278601235953,0.3739533417421923
75666682,414052,0.8778125341417237,4.019461485720231,0.5115213548316256,1.1848143791751906,0.32237899285856714,0.21206939584491885
12519899,414052,0.15715999151868915,6.580787547285329,1.791410220651277,1.1444828730272847,0.0945692041788169,0.0
32431292,414052,1.474821780822511,11.313328102970369,0.0,0.10639856553916398,0.44669842748094035,0.0
7019551,414052,17.558956149611177,1.7735129889326464,0.16930084962692754,0.31798280647529714,0.41946012777534686,0.0016657664577842226
