member,group_id,r1,r2,r3,r4,r5,r6
3497730,414052,13.4891753292557,3.4872220524326196,0.0,0.6407352146205646,0.0,0.0
3841925,414052,1.6597321742097098,0.01321397043802833,0.08963893427434279,0.0,0.03438854223328861,2.367701042122498
3119380,414052,8.03697684162022,0.0,0.0,0.0,0.06755306838589037,0.6994633923671946
1891419,414052,3.5486956354375807,0.0,1.0990899517297987,0.0,0.0014128775981064718,1.9097066053278633
3264990,414052,12.20227036235666,1.2114744081824784,0.18111459749976838,2.7013202389972735,0.0,0.04687854570701421
