member,group_id,r1,r2,r3,r4,r5,r6
12129218,414052,3.4228989036409456,3.2213978243060897,0.2878071104567073,0.8994748058205014,0.5994441991932471,0.40775980290667313
12729986,414052,1.486192701772994,5.604447292864561,0.32876122795317414,0.5137816096123424,0.02638939471582121,0.46727639065415044
9380068,414052,0.06158163017197108,5.793816709778451,2.1889570962339753,0.0,0.0,0.8481037267573273
75517082,414052,0.43239572528455256,3.864208199965672,0.1394012128558981,0.6901907519412034,1.0199104310448428,0.0
3329319,414052,0.901571039565172,6.2031321998249105,0.4056971175450191,1.3840098311468252,0.04652640720177767,0.5225671432823431
12708649,414052,1.3374243757002313,8.807884716694973,0.21632789239383962,0.1202179525739146,0.0,0.0
75666682,414052,0.9019054799368975,6.876737524582306,0.30638224290724964,0.016015928187633387,0.37558441785951546,0.14591074462543793
78310312,414052,0.10031756872174676,6.212522405348341,0.027787226182979505,0.0,0.9768479426205416,0.19024213522019925
29923642,414052,0.32048465310208735,5.4201559804022486,1.0699872109485538,1.5816777810563927,0.0,0.010129723562726596
5229071,414052,0.3919563154833296,5.288074327578021,0.81329059970926,0.3400227057637667,0.44216900783281016,0.5244151739327613
76665872,414052,0.02882447535310146,5.552157215545033,0.0,0.11943002770019297,1.0295772728095889,0.0
6839895,414052,18.456740744975207,0.0,0.0,0.0,0.052634918463970934,0.0
12231386,414052,5.721220362188204,2.628217558536118,0.9436553534687974,0.8171300335954497,0.29410829789818593,0.4917584152951821
32431292,414052,1.488370631151989,5.173727562701376,0.0,0.11321045949666346,0.9759130935284911,0.0
7019551,414052,17.763170462873365,0.3523366995024774,0.133924633728698,0.7399316725225777,0.21504600863219553,0.0
