member,group_id,r1,r2,r3,r4,r5,r6
3497730,414052,7.9425967377775315,5.599475326491914,0.03763501755913654,0.0,0.8790714997978366,0.0024240064425499596
4546790,414052,8.489796803474606,5.12197617632186,0.21639634003227118,0.5708614587043573,0.03193814406787832,0.005991018369765422
3119380,414052,3.6193491931706525,9.180006759069068,0.0,0.0,0.0,0.0
3345653,414052,0.0,10.137842164057231,1.8353965787654183,0.5633494029598186,0.0,0.0
4179129,414052,15.403501260949685,0.0,0.017657899166033143,0.3179807004515205,0.31005642221216667,0.0
4950941,414052,4.16676549202568,8.600902266595847,0.0,0.3374888389187875,0.18262498046112027,0.011436181451682561
3264990,414052,8.384175402892902,2.148281296038848,3.4472849224320634,0.047551731673945156,0.07936306649911726,0.0
