member,group_id,r1,r2,r3,r4,r5,r6
3156100,414052,3.0356386372184594,7.203142920529806,0.9587754686327983,0.42274781467140216,0.6064542651759721,0.004055345449405225
9253636,414052,0.5396195208304805,14.586275988262457,0.007872854554997342,0.2910572402685949,0.0,0.0
4546790,414052,6.136081795055329,5.195905156952927,0.4393152332586946,0.817543528911412,0.40226357455563516,0.02078472456475512
9406055,414052,0.18294758869222483,8.35824468004247,0.0,2.2489081290207227,0.0,0.0
1502600,414052,1.1853962056934817,7.98792639306605,1.3013560298221258,0.6204270758862321,0.5437805924938777,0.0005858695876050236
5135151,414052,4.759446526850571,6.1591063447798104,0.09942002201390288,1.4815061602785151,0.11181022902651079,0.0047185648028772375
7797040,414052,3.009724494400018,6.207077876174862,0.050157550344533834,1.810189869776218,0.18974096013190406,0.0
6839895,414052,17.014512242442112,0.11098332871078385,0.0,0.21668128195367106,0.0,0.0
4179129,414052,11.05040263770399,3.0566420477832854,0.251511004076895,0.04714448339599447,0.4300040456588121,0.0
1891419,414052,1.1223167768236888,8.70549362392283,2.783778519673033,0.028349126361675955,0.14009040924771723,0.00018133028435916482
4950941,414052,3.0010771802564515,7.844345681340193,0.006243428098710531,0.4443550780752889,0.5883920368279038,0.0
3264990,414052,6.043090924128867,4.262859917559492,2.9824441295274458,0.4381621083562306,0.010157634172660433,0.0
7019551,414052,16.37508960509823,0.33364589177862897,0.1575756257914406,0.2449463345377572,0.0032253829683433536,0.0
