member,group_id,r1,r2,r3,r4,r5,r6
12729986,414052,1.457329257510102,5.045387121886583,0.43662310014266736,0.6046308959694467,0.23934891061593855,0.35509132762642737
12129218,414052,3.3527913001620546,2.8742388093271334,0.998662405961425,0.5569721337790485,0.4783320311006655,0.16226329878179674
3156100,414052,3.2467500211756977,8.654313650327316,0.007571921022456694,1.409781384741644,0.0,0.21808371528595255
9380068,414052,0.04812783404612876,5.82562643589742,0.23943901279379703,2.3304556451025586,0.9522695807621383,0.06214260336894372
75517082,414052,0.4195160438589677,3.112835947248774,1.2876889614413112,0.16165561764008746,0.3652524600422756,0.2143247007190835
3329319,414052,0.8848291267840335,5.718014876407658,1.099030682998146,0.7587420517387129,0.17891103889651885,0.28373119490191523
12708649,414052,1.3097852654355147,7.305520155904711,0.025079407990750754,0.15406882995778134,0.34821024145111074,0.46657809326074856
75666682,414052,0.8744036323421808,6.58542044798575,0.0019342029688934757,0.31703895442225394,0.7391898973905422,0.24825764808331283
78310312,414052,0.08535632365558155,5.8665266443445905,0.19897697395518701,0.1364067386557357,0.8815651158134615,0.3967850608929994
29923642,414052,0.31502451660617636,4.965293895297591,1.6262462666510236,0.9564127804066384,0.06335621365861326,0.0
5229071,414052,0.372556522679514,5.0411013784302545,0.5308155259780264,0.9952234674561928,0.8803658943324177,0.0
76665872,414052,0.014352228610541463,5.152813076620707,0.52249862890655,0.0,0.8990832364124378,0.09961261969401952
6839895,414052,18.10578436354015,0.4040382665591328,0.000358495470207576,0.0,0.28586956278232395,0.14010880756076954
12231386,414052,5.6111732338408995,2.150940606490062,1.1419874016646865,1.1569827087552915,0.3225547092891766,0.09157967573701883
47670042,414052,0.5818872625220615,7.928607185409144,0.0021576351634858574,0.7264403624060258,1.006101335591723,0.0
32431292,414052,1.4508621937239374,4.1967594353557525,0.7068024452481326,0.0,0.6832593358835851,0.12559388200017718
7019551,414052,17.42702954378598,0.001259528636672341,0.8730072087615919,0.14770843083844384,0.23256556747378088,0.0
