member,group_id,r1,r2,r3,r4,r5,r6
8386722,414052,0.2401425361488203,10.041800933091482,0.4969761156793277,1.4031568964186714,0.0,0.0020093749874672876
3497730,414052,5.609383719364509,11.460049019891963,0.48020409728588215,0.03092565631667874,0.029626602093433235,0.020386396662885026
3156100,414052,3.014665689503731,5.602506757751293,1.0480661440773127,1.3693499277667476,0.2569479861953763,0.029401903463720246
9253636,414052,0.5398785407775281,11.027591922952853,0.0,0.7319543719095882,0.4486802573373163,0.0
4546790,414052,6.08443372215166,5.00297939202356,0.568019596863923,0.9100190082149673,0.16892536307713008,0.04429791227069583
8397961,414052,0.07529081248529985,9.716001065343995,1.2397821306319978,0.7819231854572788,0.46338536405723985,0.014382662376612343
5135151,414052,4.7130245553922085,7.878377433594609,0.23134495196425353,0.9192955275841166,0.0,2.8871664280559835e-05
7797040,414052,2.979970176147355,6.780831739363531,0.1563940853024882,1.1942253902257738,0.29188459136007444,0.0
9742068,414052,0.7111963488476718,7.9474166900719245,1.7117859163774312,1.3138014503397037,0.0741319836328779,0.003146373237382787
6839895,414052,16.864890254519963,0.051024157100832905,0.011550610730582358,0.053424670001723906,0.15708321683798868,0.0
4179129,414052,10.957130303442094,2.4178663375320375,0.4300645492259967,0.7424670761529388,0.15175639140654743,0.023501646677874816
1891419,414052,1.1116260001149378,9.25378692526234,2.2954596024905563,0.5725650124248793,0.1455682819296118,0.0
3264990,414052,5.987298648937612,5.730900216624331,2.3780668560394576,0.0,0.24459949725381747,0.0
7019551,414052,16.230933407080787,0.270083383089898,0.14796424876185943,0.10767928912236086,0.15436611363981825,0.0
