member,group_id,r1,r2,r3,r4,r5,r6
11301411,414052,2.1902085620974305,9.39839471226694,0.2195505214792997,0.7839423826887437,0.7774420822444168,0.5287309211748791
10160261,414052,2.443632633628423,6.492323429611082,0.8866657791451461,0.019685542938063395,1.496620984317569,0.6439458617811303
13341798,414052,0.0,6.8261306842983895,0.05522599474554945,0.830703546593155,1.0249355843912373,0.668445409802719
576583,414052,0.04484716949654479,1.8629230627073974,0.829031823997703,1.6019458664039832,0.010791556728507297,0.2873029938466086
2260072,414052,1.2904320347290128,13.505586685667803,2.8414145165303686,0.0,0.228036333744983,0.0
4546790,414052,6.381978531014729,10.513125214442715,0.5809422782619226,0.9866603698124367,0.2223175409299869,0.0
11379728,414052,0.5149242527469029,1.3154576819476993,0.15740734381780075,2.088869485845667,0.2082371796724339,0.20400416429976398
8406960,414052,0.0,8.48317833697259,2.104569899645001,0.6011775523641477,0.560399934019027,0.1904439065934435
6839895,414052,17.02259312559565,0.0,0.0,0.003312717479240315,0.0,2.9713782922761536
4179129,414052,11.268292444619739,2.943174183549164,0.3018702594265367,0.6056003671532176,0.983141782554189,0.977609302935896
13510044,414052,2.0926093087002555,12.853426649814436,0.0,0.9713138084386083,0.6466834128811323,0.0
13287902,414052,0.0,11.454147494769526,0.10515400465050347,0.22056743803402765,0.0,0.20640841873663868
7019551,414052,16.748589009606278,2.540743012297958,0.17912099516373634,0.6348584287989922,0.004420846142329366,1.1317391520631792
