member,group_id,r1,r2,r3,r4,r5,r6
11301411,414052,14.976017551494232,2.0452858334206665,0.9833355649221023,0.006782410046896934,0.013794832380273922,0.11707291082426106
4546790,414052,11.897532673766761,5.965230720378408,1.612254588424906,0.7602854208614656,0.07438902028442951,0.0
2260072,414052,5.91206747053854,1.1119542858087172,8.318455075072393,0.42180660524291114,0.021892258666229257,0.04003052356620922
46618802,414052,6.9241007363784295,0.1517811067695122,1.952568564285503,4.35812582255589,0.02106395297598444,0.2961688636097483
6839895,414052,4.392498372211987,17.847020711383813,0.02158408133646042,0.004444358563622366,0.0,0.7781081546326777
35585112,414052,9.18374825156847,0.0,0.6919097311707764,1.676128020098248,0.0,1.5596319004548118
4179129,414052,11.546214632329265,11.2418377752287,1.2505163675021629,0.021531000609421,0.051540032791237235,0.0
32431292,414052,14.944436914391222,1.221979989588946,0.14979768576908206,0.06275214827365265,0.0,0.586083903354681
7019551,414052,5.066452732209073,17.164974989641113,0.48224669926271,2.2797863163288405,0.0,0.0032134606260140184
