member,group_id,r1,r2,r3,r4,r5,r6
12729986,414052,1.2241769803634421,3.35068763389541,0.7299309089676183,0.1071476945656995,0.7521474711503738,0.39765066229106133
11301411,414052,2.3328415424694278,5.401458208922755,0.0,0.08457182004528627,0.8616150982748669,0.17638222080153465
10160261,414052,2.256255829663928,6.239201801166584,1.1265300209691966,1.813061595745163,0.06842733809477536,0.0
4546790,414052,6.466172230381017,8.310793407690044,0.00935317449043103,0.0511633339309729,0.2736706499273781,0.4620052290765966
13341798,414052,0.0,5.343838811581002,0.4757339150118303,0.1181263333876213,0.9197268287777459,0.05950585595351073
13671208,414052,0.0337126446947176,4.69410665086509,0.0,0.2337816102993831,1.0499471332542936,0.0
12708649,414052,1.0667691456831085,4.829701436246649,0.7774880826082495,0.2032846846244613,0.800569867593838,0.0
11379728,414052,0.5624320240983824,4.496792698513037,0.004963230198112106,0.23657889387724354,1.0435977517694959,0.0
8488308,414052,0.036368984222009855,5.760463073338202,0.16870174347125116,2.6867271218213316,0.0,0.685403101557673
6839895,414052,17.37211117711543,0.0,1.6717100460222682,0.0,0.26375171795479047,0.0
4179129,414052,11.306031938899531,4.9568515318715,1.0507405098273166,0.16916492946726017,0.0662393404763528,0.27385240516242193
13510044,414052,1.858791831961669,4.567751364607249,0.8502435383189852,0.0,0.8180445928423701,0.0
4751709,414052,0.2569723977818067,5.320441177732774,1.1153960755709889,0.09652541208890611,0.5038398745382363,0.37885385423246265
7019551,414052,17.15059816093776,6.682280243973191,0.2133744238373998,0.0,0.0,0.0
