member,group_id,r1,r2,r3,r4,r5,r6
3497730,414052,5.630747583783332,6.374726448742213,0.30567972220405343,0.8441412943048768,0.09010535478884803,0.2956105527966892
4546790,414052,6.105801468722688,4.991411096782043,0.3588058162466188,0.5232314404833884,0.17843893189582788,0.44861908341107315
6336039,414052,3.019458138915569,6.364018616127072,0.0,2.1974949895845617,0.007912189146519697,0.06583967891829468
5936746,414052,0.9530789471125463,10.07313610805379,0.49377023045469054,0.5531133046262563,0.14153448359617335,0.4982979067663918
5135151,414052,4.718852099570238,8.413959393855446,0.0,0.36007874528560807,0.10148578838774157,0.3689362270035249
7797040,414052,2.967617675703119,10.009634249893418,0.07536168752210104,1.08977435161493,0.07721097509568774,0.1685533929429108
3119380,414052,2.5200880642713956,12.651582248708504,0.008638695463669252,0.9919865663254999,0.0,0.0
6839895,414052,16.958008434837534,0.005068575511508557,0.0,0.20782271417395046,0.0,0.0
4179129,414052,11.013401051368447,2.0806193243074427,0.2912769213625187,0.5477980508735915,0.117921184223629,0.29943644807083025
1891419,414052,1.059239996510809,12.240768646247545,2.6714344065150404,0.1340699524349908,0.04186512616240448,0.12089228474852529
3264990,414052,5.974170989553156,7.236615767539798,2.8861592986051847,0.0,0.01886323692676976,0.0
7019551,414052,16.3192840152657,0.20736237655257275,0.12358229000026566,0.17387067555151142,0.007951429968403393,0.06153157502163918
