member,group_id,r1,r2,r3,r4,r5,r6
3497730,414052,6.27190665232209,4.044677203856796,0.4525076379164535,0.4379490137026139,0.9472490953499562,0.00840164717022809
4546790,414052,6.791449961788008,3.9929114876897494,0.5265519348491798,0.5493400384170083,0.48182303669723775,0.17838447138197697
6336039,414052,3.36811120475849,6.907686855908265,0.008044643187740006,0.4216715193160643,0.8020207866358599,0.0
5547289,414052,0.8729790835477791,6.958541418268126,1.5905343528092402,0.9868540132444887,0.0,0.02030775578320579
5936746,414052,1.097127992011007,6.196059650242625,0.705321863947509,0.977523508343746,0.1924518851487154,0.02400680518078244
5135151,414052,5.260938881242339,9.139917672749236,0.08239035910877639,0.46087473150694414,0.025683734065043377,0.1259552692388634
3119380,414052,2.843675717542814,10.234448271888864,0.0,0.3459729303789417,0.32997200833324475,0.0
6839895,414052,18.806307290165076,0.44406479553395445,0.0,0.5734656734572559,0.0,0.0
4179129,414052,12.22460356634459,0.6950751262413328,0.44411167030775417,0.5251425384766085,0.7907752968307943,0.05759450329950899
1891419,414052,1.2498189150928596,5.735601283436503,2.376117134314812,0.6064197874881136,0.25134556922779167,0.0
3264990,414052,6.679749421708539,7.937982117985207,2.4594234489025184,0.0,0.06144741803713822,0.0029968910407212348
