member,group_id,r1,r2,r3,r4,r5,r6
109744672,416797,2.9104136703839067,1.7365058848313972,0.0,1.1739675417476239,0.0,0.34015305032140464
196483136,416797,4.31583597718408,0.0,0.4444394949351575,0.0,4.032120502941151,1.609485223701837
103480482,416797,4.665145669632847,2.125732771428394,1.2656277167439876,0.0,2.3984663682411465,0.0
103182212,416797,2.528410130385067,1.361823186175017,1.1621670303701306,1.0331881340865228,1.117433016088432,0.1251539380916331
41895212,416797,1.9995349207342634,6.613138837848434,0.41855346029515345,0.6134377058191776,0.10288362215126119,0.0
35184972,416797,4.532926361160404,3.114977475079629,0.0034771359585380078,0.16278301042399723,0.004799123714261485,0.3317252106071952
7507406,416797,1.8448857961906342,6.420735062645619,0.0,0.6577200120491461,0.0,0.34227269788464354
135369812,416797,2.5841664863495213,0.0,1.2992029238632525,1.2112439790931055,1.2388478713034914,0.24945386563051608
13669598,416797,1.6406108696706978,0.4177309104542737,5.115181497296015,0.4815914728929523,0.0,1.1398299072984943
120364702,416797,2.196062228736871,2.357801784399949,0.6280376317712826,1.0546746549490749,1.7074270549031356,0.0
