member,group_id,r1,r2,r3,r4,r5,r6
25249632,4184682,1.5228362631812502,10.269506295215542,0.0646652297828031,0.42854151823215075,0.0,0.0
29383072,4184682,1.889200524217919,7.888582418591094,0.0,0.8114656424512358,0.03279455180963801,0.032193940250336506
128731392,4184682,2.969826603301785,0.264055536451598,0.6008785244140838,1.7536208381717655,1.3425832907235684,0.08106073078028518
146125952,4184682,6.699742807456719,0.04152168696808608,0.20783063346434724,0.3180810736923646,0.5890786472784624,0.003138307125913601
10742849,4184682,3.823164898265981,0.17962402797050497,1.7857170778824523,1.6707296172540549,0.48547922431977536,0.1945917237819873
141845122,4184682,3.7219785620410266,0.0302740861459372,1.0482779555459056,0.9188216585168884,0.8651066939220788,0.04347054308447889
6414760,4184682,1.6813507794417701,7.391445457995332,0.0931001962832686,0.9312933718458846,0.6482524578803442,0.023877413857587067
93049162,4184682,3.448636157406616,0.19843472719466132,0.13379701374990258,2.9581890245625972,0.7111827537784242,0.0
92372972,4184682,1.7270941211363326,6.184191924190407,0.0,0.9571670076071396,0.7791017666558758,0.1499628984555926
149848652,4184682,3.931300650276132,0.0031240549309322014,0.08092921812123029,2.2631323471864175,0.5483101056231752,0.0882885038884602
59513102,4184682,2.9694122010991153,0.5414074119237796,10.370210002906436,0.7249643293062275,0.5999432882591953,0.00973017513457675
10540367,4184682,3.4260362798981787,2.2199036595950163,0.05765119016261694,0.7714012299588693,0.39752615059151464,0.016572917037342875
62626642,4184682,3.1039723026121804,4.137295520427406,0.016032561301635124,1.9353810769438926,0.0,0.0
10153491,4184682,5.825963530655366,0.1982900074783675,3.934835630135248,0.009124407559809096,0.012281902231590399,0.1944356488817067
102190132,4184682,3.4403869920580328,0.05656813414721983,0.4555389901419481,2.1918528250324756,0.6278723233367035,0.1475479705753405
9173812,4184682,3.2032293925032294,0.0785291732139803,2.052370537263852,1.0617137778443826,1.079223854436012,0.12103404988919667
67352212,4184682,4.423452614394438,0.001337311888510862,4.313228030825466,0.5013714878926359,0.2656402629807825,0.23099285308688955
