member,group_id,r1,r2,r3,r4,r5,r6
12607786,4346722,1.9130417288946653,12.584167818872137,2.2177677858864553,1.3678324227897796,0.27721173644194613,0.16989851149267052
67330732,4346722,10.285496839336302,0.05476272812716666,0.0048711265570594115,0.12968856631324366,0.0,0.0
1071981,4346722,1.916198141523014,12.753513126450281,0.0,2.141605569618388,1.0142136557049068,3.141905783711703e-05
3310900,4346722,10.281251425503,0.16184135175944558,0.5632371312474747,0.02757139578696126,0.723303659135816,0.0
9173812,4346722,10.275585348922828,0.0,1.7977103691209575,0.0,0.4044160543284198,0.17968286257693097
14325432,4346722,6.8836732715669,0.09133303304436417,9.22609435822253,0.35378178679160066,0.041368375166029946,0.07205703865173577
8387513,4346722,7.141392668229141,0.014925544230491607,0.3232322283613338,5.818650169377119,0.05509622899414352,0.02158815193393419
