member,group_id,r1,r2,r3,r4,r5,r6
107166472,4346722,10.459505351294338,0.023365015861995606,1.2383149378078633,0.7349519640977323,0.0042781072218147816,1.0906125344329427
12607786,4346722,2.197854243950958,12.090808255345346,3.31182414386165,2.049386820417241,0.3049626391678584,0.441771164511625
136196202,4346722,5.571250873936228,0.023058335261156696,0.4675718573059174,4.273284574367893,0.0,0.28219948754803836
8575500,4346722,6.764225383553436,0.020262122364371103,0.20608211410168542,0.09615422120880439,0.9617402288059517,0.0
1071981,4346722,2.1987716022180996,12.289504021385167,0.6758229016882364,2.8262977792824984,0.18909395101824336,0.7814014790285734
38123282,4346722,6.760021138966203,0.04241028763719532,0.004766863074659396,0.0,0.914931759610369,0.7353670485299746
14325432,4346722,5.389678381128757,0.2893968171249608,9.578215277098312,0.05845187297756882,0.4797156222286737,0.3364998825951758
136316092,4346722,5.573298374234778,0.0,0.9279507381241447,4.12589855760304,0.0,0.019850977594230927
104782142,4346722,3.160922220199196,7.032296750301656,0.0,3.3004767435309557,0.33310469000129833,1.4997314290074586e-05
