member,group_id,r1,r2,r3,r4,r5,r6
833440,440554,9.886890384168904,0.3285371156693084,0.17092611830417495,0.0,0.014932821894892055,0.5596048970737441
4412227,440554,1.6287841256255382,2.752466856848024,3.997294600308429,0.019015767613643843,0.3302764859445788,0.4025311139551112
7248938,440554,0.01586878702955145,0.984754775897319,0.1080788353652914,5.96942939428495,0.01682470789409947,0.010607623014680672
4820014,440554,0.04231644984552221,4.416576192153422,1.1624335504053571,0.5914736538771357,0.24316278133883631,0.8028326165780206
7040335,440554,0.0,5.818252879695674,0.06959939200771247,0.03058509554373806,0.0,0.6377334378098953
4729102,440554,0.0,1.5500401916553859,0.0,5.703765834610268,0.0,0.22913483746607394
7353295,440554,1.9750045958561375,6.4128628556642475,0.2304662725720187,0.4547653845818172,0.8568253152374968,0.0
6350965,440554,1.7032315331432584,0.0,0.43413306064218415,0.020283054769833008,1.5709944752605387,0.23576463037072895
6307414,440554,0.04660041141633302,1.515240302973117,0.0,0.24782831107312814,0.5345104594626717,0.7801312371230349
7155705,440554,0.026136032025169315,3.275819320443053,0.5727381696857945,0.9661326039038756,0.0,1.1479941990737652
1903806,440554,1.073978321898749,1.6714823267295758,6.716435624016867,7.446325580327514e-05,0.07994739552825206,0.4029070717490683
