member,group_id,r1,r2,r3,r4,r5,r6
4412227,440554,1.349531470012242,4.327489189660723,0.49117314605289264,0.03755154419958946,0.5452838471857582,1.1372317707571507
7602502,440554,3.7155037380443074,0.09669543100783855,0.0,0.8095715205878907,0.0,4.298618721408435
6949576,440554,0.8923105488974237,3.674830741073268,1.5307966307442147,0.3325275180350524,0.35410334542652244,1.1014814248948592
8744233,440554,0.0,1.5081697976326998,3.174716146446509,0.4695083446867749,0.712655197877301,0.8715746279037082
7569022,440554,2.6042606326642677,0.31120839199748385,0.0,1.4061006057635836,1.9665306536905542,0.528756395559308
2671403,440554,0.22025153612652285,0.0,4.524937191971087,1.6185886235009577,0.37096383259601284,0.0
8385581,440554,0.0,1.747789774702351,4.469295023039657,1.5281224536672215,0.0,0.0
7353295,440554,1.297914734186092,0.2704718387946409,2.2012948509163017,0.623020013408963,0.7195369032636604,2.28112207176018
8621168,440554,0.17871650122693045,0.37984405505587243,2.6678316481043822,0.8211085363699571,1.6843684887762147,0.0
8290289,440554,8.201889372598822,0.0,2.0567033921822735,0.12717612514136797,0.0,0.0
6350965,440554,2.4024408720969697,0.5584143257985693,0.1596399450770672,1.4298256304173562,2.045179337003055,0.0
8276955,440554,0.0,0.005708667611091817,3.218385142018727,0.9561594178609755,1.4484574801193457,0.1374408423994742
9386780,440554,0.21438089234342078,0.11099293114725545,4.9269849194578335,0.0,0.44133063103671716,0.0
8590493,440554,0.3006784512710363,0.609649393184151,4.307668318202006,0.003184324329059437,0.71144871446488,0.0
1903806,440554,1.1707479204731563,7.216194502994531,0.24055064627716222,0.0,0.0,0.0
