member,group_id,r1,r2,r3,r4,r5,r6
3885068,450158,2.0836488400535664,0.04976372547056746,1.4405886675083848,0.42758347301282673,0.40462039162242536,0.0
4535085,450158,2.032829577910046,0.5281708637904792,0.7581501070849321,0.6621381481447577,0.0,0.4946299463059218
6493294,450158,1.1036657660453724,4.795540766967484,0.43824913404290655,0.0,2.257318125692234,0.0
8673711,450158,4.146967221627567,0.0,0.0,0.0,1.4246944822052443,0.47804917314122664
5799632,450158,1.781771356887814,2.9940681272976004,0.009040518397966399,0.6119516744895883,0.006278753691909082,0.25461083151545166
9597302,450158,2.047051143844627,0.0,2.3731126186444245,0.0,0.0,0.0
