member,group_id,r1,r2,r3,r4,r5,r6
58228552,4505052,2.268588407122669,8.517861821135321,0.03937357105230356,4.01575026032896,0.0,0.0
15734441,4505052,9.077978954064683,0.0002232528030960278,0.0,0.14222910605596645,0.0,0.0
132755752,4505052,9.07713584208646,0.009692689667212095,0.17729461642242317,0.13368138117950396,1.1339918142378167,0.031869889755954464
3546509,4505052,9.078009892938008,0.0,7.5720674018248975,0.13828421299903987,0.005774113066365212,0.0007598610599883872
57855542,4505052,1.4661717576902245,14.032852916475994,0.006085356543967387,0.018507834794463728,0.2695222405222064,0.0
12852285,4505052,9.079681246718458,0.19971877876724128,4.728899910963864,0.0,0.506897600524767,0.0
