member,group_id,r1,r2,r3,r4,r5,r6
58228552,4505052,2.8687834751071155,8.379469463411212,0.05637083020117802,0.05366093925054377,1.4678171734473806,0.0
131870392,4505052,9.076031098039495,0.03446487759068013,0.8486850540979473,0.7750661001062611,0.17714931592237224,0.00020793985944832596
57855542,4505052,1.4399816747591117,13.807416763807117,0.3538800472909498,0.8007798450812778,0.23559782793507753,0.11617952634323034
91020792,4505052,9.073104240357974,0.0012595722688295385,0.0,0.0,0.7923294267301306,0.059946882212988
33282072,4505052,9.07610169476953,0.03504717650248806,0.5861971564227243,0.800969506170007,0.16620935744278126,0.01155066117808863
156405052,4505052,11.235828469089862,0.00023803192131671388,4.097495435424219,0.0,0.0,0.0013417619349649587
