member,group_id,r1,r2,r3,r4,r5,r6
58228552,4505052,12.143467209683118,4.453745371666942,0.1863005564358824,0.9102586269294839,0.0,2.9697421146018805
79130292,4505052,0.0,5.725133528244777,0.0,4.609720041609378,0.0,2.108653034567093
74521822,4505052,2.3647228609679645,5.6282148204632225,2.9088568022286876,1.313951553958041,0.21309871637593325,1.229756702941107
57855542,4505052,16.94816688935563,0.0,0.8440620132245792,0.0,2.2540931007544223,1.955650922167612
