member,group_id,r1,r2,r3,r4,r5,r6
68330492,4505052,0.019563411668132368,12.17713360718287,0.002612319706117646,0.15775017403229058,0.0041393372777808485,6.909790708982759
57855542,4505052,18.62159601384074,0.0,1.0451430297279505,15.961126815658389,0.01347975840170871,0.0
