member,group_id,r1,r2,r3,r4,r5,r6
191399456,4589502,1.4416469838203483,0.021205848948007495,2.3353612720775017,1.6520629106902927,0.0,0.0
191408390,4589502,1.4358627663242827,0.00918163235957762,1.6388789378648663,1.7620281572633456,0.12180308368748916,0.01926151745931332
191495307,4589502,1.1819761201059007,0.1937015774181188,0.0,2.1472714836824376,0.4275720051082665,0.0
135822862,4589502,4.390086429923226,0.03287437345936921,2.684172093644268,0.03804058398040617,0.5516983075856221,0.2434354760476002
190050415,4589502,1.420625430128611,0.088203609175469,0.6223917378075553,1.6866358183231345,0.3538011998846571,0.24378143494428997
190666000,4589502,8.626762887161638,0.015571550948416018,0.3008208974326361,0.0,0.39615367667821155,0.5913567643175959
89781042,4589502,0.02803644587173205,10.49157982155557,0.5808525302293124,0.9392423387211367,1.1680864966721816,0.1624492900956679
127711442,4589502,4.407152369416735,0.01681292928809224,0.294681921986193,0.2567535290946354,0.0,0.7884086607553938
191539669,4589502,1.4246045860569652,0.0,0.05899782375659286,2.0751756753486457,0.34770167576203087,0.0
187802107,4589502,1.431686930337488,0.00010672492783198323,1.1006790969281677,1.8363862665362465,0.22076630290628435,0.041170648431016546
191870301,4589502,4.322236275022428,0.021922639466586895,0.33376737345512303,0.6026899580366507,2.3272705526258997,0.07343254631956649
