member,group_id,r1,r2,r3,r4,r5,r6
112591332,4589502,7.511549667795419,0.047981545210891714,0.017880639602588136,0.5290155920153314,0.0,0.0
12716389,4589502,7.424666302576635,0.07401190583051316,0.13521656179845656,0.0,0.774566626582787,0.4233264126204056
87899372,4589502,3.71807245731012,0.258403676198129,0.4302314263198478,1.9831425650158492,0.6535969123911715,0.48149283392683967
102991472,4589502,3.7579621419572224,0.008941463187805119,1.1644760856580239,2.3588381575604638,0.2033676218961972,0.09562171619373444
168659472,4589502,3.6605194135127976,0.0,2.3006464993929336,1.0524619817948813,1.084145283260894,0.0
89781042,4589502,0.061290824361018036,10.45304262708104,0.0,0.948256216314788,0.1063648848963816,0.0
182971612,4589502,3.86179205465616,0.007141564273237583,2.691989488234465,0.06765424617055828,0.1135148312177114,0.6628004821354176
191608285,4589502,3.7817756636595434,0.0008682865251074545,0.4002976895127128,0.0,0.0,0.8345572078731616
177841022,4589502,3.7757928720085405,0.0,0.35028874419648387,0.0,0.05907858241199957,0.8421244034968465
