member,group_id,r1,r2,r3,r4,r5,r6
14566014,4632322,3.4124671544364866,2.3865716517981106,0.057884550449361805,0.008642577571959477,0.2519491249214763,0.4746556211590567
13133195,4632322,0.850661601261924,11.856302685391928,0.07600189818568878,2.3347459591708115,0.1530809261655282,0.3475345165948965
185917205,4632322,1.188315708377766,1.312279293596879,0.05242652108687491,2.946783336056366,0.6491956248668327,0.4624370868325755
52982822,4632322,1.0569527593929042,2.3526266134482365,3.0376471262721347,3.1559537060326215,0.0,0.33386751551983657
187238439,4632322,1.5216718043287727,1.1475610900520434,0.7007277908436603,1.7810577649720698,1.0804424547542553,0.5515793793692142
192738349,4632322,3.163335433617041,0.050142001938293615,0.0,0.2260026574951923,1.7757319480020413,0.0
186303024,4632322,2.808107494285033,0.0,0.23900701091897844,0.6231526587113925,0.8109262051532935,0.3172825541906195
35999282,4632322,3.0812695435836184,0.08093780983086567,0.017686729402174636,0.5952630510623549,0.5494396999310424,0.0
10463032,4632322,2.7742129538532225,0.24556571995313806,2.515508318545838,0.008903054775662991,0.8829750832147863,0.5512041627483031
12135993,4632322,2.435681265322416,0.09139488726738122,0.6926804527691383,1.0986157235108502,0.39878720818938085,0.6060363765176081
51046332,4632322,2.7460686303445727,0.0046350714116256755,2.161728198140286,0.5532855284507008,0.17841205097397425,0.8874880318638129
182495551,4632322,2.962689931310357,0.7491487417220613,1.031645388997017,0.5240719266084616,0.21517550365098603,0.32579420541545756
130964672,4632322,1.0830144074510082,6.65409977351317,0.0,2.43897157088649,0.4773146857502982,0.0
36216542,4632322,3.118066713229279,0.16461546214784295,5.707410480045113,0.0010532177417462033,0.414423854356929,0.14910997058599015
165807712,4632322,3.823680436219571,0.060859265079903656,0.7285477977977984,0.14528904169154525,0.0,0.22776495157711432
151398122,4632322,2.3918385026719053,0.05932567766676995,4.326107260495996,0.7463554171683101,0.244402363109013,0.2562624128372934
60012782,4632322,2.316802118933166,2.0585406764718144,0.0,0.0,2.035375938493027,0.3171634730560613
112934512,4632322,1.9547337955424042,0.08020893738007424,0.05755650381564521,1.179780008206086,1.554704351209302,0.46435646112905576
190275192,4632322,1.6313073428757034,0.13879558298100503,0.7371778101795486,1.9278295754015657,0.8506000567876578,0.1909411214244929
188193534,4632322,2.573052353185841,0.3017144625624839,0.0,0.7747856141079298,1.5187580092698734,0.0
