member,group_id,r1,r2,r3,r4,r5,r6
130964672,4632322,5.9213178158299655,1.3267105895143807,0.0,1.266448785343728,0.029958197185626718,0.0
52982822,4632322,2.3548139681963014,1.4738131178116038,4.7524060437846,0.012183420015852946,0.07394940244632146,0.3769876251099747
185547912,4632322,0.19410068650942972,3.770343047308799,0.12649075293376877,2.0418387935538025,0.0,0.0
13133195,4632322,10.309545228597662,0.0,0.0,0.0,0.18671505674026173,0.2898850177162047
105903372,4632322,3.753723176554657,2.302016986532938,0.0,1.5702395503136986,0.053265218563946,0.0
185882799,4632322,0.3964741293479404,4.499170427717027,0.3064386770394339,1.2211151623374923,0.0,0.4371598760854047
13063635,4632322,0.017508092132941435,4.809499592154386,0.0,1.5338485851795596,0.5442295129842741,0.07757118287923344
4370228,4632322,0.31104489557594406,4.369056867777643,0.015338915291392759,1.7043331115383284,0.3146874808909417,0.21896504848262904
7898615,4632322,0.09671838134717745,7.207716126518615,0.6366860672337586,0.0,0.16606536568945784,0.4189767669441081
14566014,4632322,2.002879512667336,3.669748487243196,0.25399712555286974,1.1616704812487113,0.018067688531397837,0.4440652952827554
182495551,4632322,0.6164267207358659,4.16671060336755,0.5824852867093845,1.4118705328580126,1.0953925469776224,0.0
