member,group_id,r1,r2,r3,r4,r5,r6
192056192,465116,0.06500815269830117,2.9993364509284532,0.13234912961121317,0.351609030646182,0.13836025585314451,0.49486878390194483
83228672,465116,0.9115622575404472,0.9099958344890684,0.2873123449193637,2.0005200317839513,0.8465722274469463,0.3923286923033075
4019597,465116,1.7699913003928156,2.5173001990017116,0.0,0.28900596732988076,0.23044196957895338,0.34133166797531456
185671822,465116,0.14824517763803222,1.1675982617347642,0.26034003766729047,1.9736481161813955,0.8004304564587629,0.4767710030113673
192886543,465116,0.02606149838136864,2.8172701041228376,1.091517439283298,0.24759600719505362,0.1737235190362802,0.43736935637606256
111184282,465116,0.4016043577095938,2.5545569896353015,0.0,0.13827000661711641,0.8120156668702602,0.9839244490205141
11945383,465116,0.6656593762247929,0.6494304995717541,2.3004091000321254,1.7676667515720474,0.8920804213048902,0.0
89023792,465116,1.4240223909656202,0.831311602489784,0.0,1.7077072637078317,1.0945834872975684,0.8670150057528224
188996145,465116,0.38493782332379256,1.3962975332792849,2.902241978252077,0.1338665934452683,2.3291961219496113,0.0
185274676,465116,0.1349842417083657,2.9112413382580646,0.5100440584238664,0.35584885133857586,0.14420274617777543,0.4028055114317581
12406081,465116,0.04440640427176978,1.111408310768874,0.7407021591846563,1.911676468368722,0.8114702693846376,0.42860724226892827
154460612,465116,1.3398234349590483,1.0329111337952666,2.0850136782377704,1.2555346699592815,0.0,0.7004914091620185
193227461,465116,0.14147706267050927,2.1570979914383464,2.2059782986221728,0.0,0.8933835023150127,0.8937243251823712
3976520,465116,9.833193364981124,0.0,0.0,0.0,0.6966948742091588,0.0
193362252,465116,0.05790299475629467,2.965223765800099,0.2976660892052368,0.3417256684930255,0.14285363831874137,0.4949437868839485
192186957,465116,0.06269975650934982,1.1947156188839034,0.28205514831025336,2.010101391082929,0.7878329721535943,0.44289023990765536
190017776,465116,0.06269975650934982,1.1947156188839034,0.28205514831025336,2.010101391082929,0.7878329721535943,0.44289023990765536
1421182,465116,2.0285713239977827,1.6402026068824054,0.0,0.0,2.45868631386939,0.17623738708699266
126894462,465116,0.6163369166730497,0.3981365932530233,0.16524352091758618,2.4792363050719275,0.02166442963580876,3.062871197394218
