member,group_id,r1,r2,r3,r4,r5,r6
39014362,465722,1.5226077773023088,0.0,4.975689498483555,0.0,0.32594333192936487,0.6380469211006284
3858507,465722,7.1843880314938655,0.3104003162603993,0.14858393037682574,0.43018344347680504,0.5026008196258936,0.0
5659342,465722,1.1904741007930333,0.6992777063183511,0.0,0.0,0.05961241502388977,1.4887217007094051
8230446,465722,0.7102223222259092,2.3751958306046483,1.551361839728658,3.756558955122528,0.13852073554461425,0.9952098635083124
3180945,465722,0.3054473185268819,0.042065429215762395,0.9246042870324636,0.704149716196467,0.43539350709828245,1.032505392112237
15372211,465722,0.0,0.15427213048548785,0.9859931877534021,0.6572073879283225,1.3548652974191904,0.0
10421653,465722,0.0,1.553879272027623,0.0,0.10462057057933369,1.3937143181484073,0.0
19842231,465722,0.098274739746251,6.359753381138125,0.208437772227095,0.0,1.140341516260179,0.059370247924970504
11235674,465722,4.525702301454165,0.1249445685788205,3.298073651178252,0.10792440339475845,0.0,0.7086263494232535
7471356,465722,0.26215146578215937,3.856371352365074,2.598450604018966,2.7899006551351464,0.0,0.678416514206834
