member,group_id,r1,r2,r3,r4,r5,r6
4094724,4658532,0.9224351136364196,2.5203326734094835,0.9405899657134702,1.8242543275701424,1.1478800828736981,1.7034281200882497
1277190,4658532,0.14628765734492094,0.5276708461563911,3.5930558686989857,0.7848096590388821,0.19744377135929667,2.699822934534619
493287,4658532,0.0,1.0543307390710086,2.4595053706553096,2.3832430875126733,0.0,4.2458797754132025
4144008,4658532,0.0,1.44816700948135,2.9542504415518915,0.5626390539357058,0.0,2.719084178367487
3278666,4658532,11.055885282285754,0.08342564111094485,0.10929309054534596,0.7668713006718851,0.007633491597023307,0.10035653569354488
23673581,4658532,0.3811537638126975,0.8251630188642541,3.1152974256829546,1.0345766406057957,0.7419207889022021,0.0
103327022,4658532,0.0,2.890312333816777,2.294671945034757,0.2507561307093037,0.0,1.8574569674200783
102888432,4658532,0.8475222884343799,3.0456354467432427,0.819200997106243,1.8312910734537549,1.0062313072190465,1.2553644552938077
81042162,4658532,0.6939544362891324,2.64965953949831,0.8064827671453013,1.781364643725134,1.0318860445776699,2.4045867189067063
119531922,4658532,0.0,2.9025433474553606,2.0901827370441093,2.543683419310997,0.0,0.782258918755312
25041302,4658532,0.23828937104904357,5.278379021281774,0.02013561623282167,1.2583422128817323,0.7180366075402052,0.0
81050902,4658532,1.0736810587286048,3.305096151721948,1.135656974395045,0.001321260039983949,1.226161560928516,0.2945806380500978
69144122,4658532,1.0670572356200907,0.8068713758700792,2.5798007928118145,0.6374248472941306,1.2283030065795282,1.4498868137272136
4112638,4658532,0.6954758313137419,3.440676053679233,0.44810288586721936,1.607202433347471,1.085498257170354,1.5415894382910245
