member,group_id,r1,r2,r3,r4,r5,r6
4094724,4658532,0.9285479232924382,2.2952893786853172,1.2617033618063143,1.2056526965809373,0.7078952330480959,3.6355552115197196
1277190,4658532,0.14345152377907966,0.38809546921260707,4.052175998999254,0.3160428538071175,0.0,2.7642408246220724
493287,4658532,0.00264038379196262,1.2062587180768694,3.2569035677349976,0.0,0.0,7.909442287638619
4144008,4658532,0.0,1.661992000782717,3.2331360655102945,0.0,0.42133998286769947,5.689554709989738
3278666,4658532,10.920227818630105,0.2787872093290408,0.49132963824410414,0.0006448341744258066,0.33452251831423263,1.1192682295403358
103327022,4658532,0.004063866820094928,3.368298374821552,2.3082548381352996,0.0,0.0,4.345021315563599
102888432,4658532,0.8580651118862953,2.8924517746676517,0.7804458209626102,1.2595172141578004,0.077415867867824,4.786694613140699
81042162,4658532,0.7047623893668199,2.434138550999769,1.054167662268841,1.2444191659962973,0.17623423159450127,5.35385480883525
119531922,4658532,0.0,3.360479463326586,2.4834933332211646,0.0,0.5536278191810082,2.956077869774866
35118002,4658532,0.6162821466680597,0.0,2.990259065633447,0.8896584721281555,1.754671753734771,4.72932194150584
25041302,4658532,0.24497083895526897,5.7213825960662845,0.21925214950348096,0.8426051730327716,0.0,0.575690715340035
81050902,4658532,1.088690455379782,3.0808322183066275,0.3470538753874099,1.5019135845524436,0.2090675352608792,4.048424233330056
130797302,4658532,0.30719540451677857,2.631494467342306,2.3341816091173673,0.508380908199579,1.4296895521334445,1.4059945706785024
69144122,4658532,1.0627378592921655,0.1782107528714426,2.929610334567235,1.3173385348546849,0.7404833214755127,0.0
4112638,4658532,0.7013419019639013,3.386791903970877,0.8780641577301894,1.179355301693699,0.6426742221494567,2.1556034061795333
