member,group_id,r1,r2,r3,r4,r5,r6
7529320,479728,0.0,0.05844279490512483,14.451386588793609,0.5873311058751376,0.3349707626479843,0.12794967745874547
4069505,479728,19.765267506414528,0.0,0.5374011635879964,0.9487777126703953,11.36402269780725,0.01885882894683279
4722210,479728,1.716383137786517,0.0,14.451390943335443,0.6209763480916235,2.7661325417034353,0.04358554401225652
