member,group_id,r1,r2,r3,r4,r5,r6
107828552,479728,20.448210861907835,0.0,7.283528646421489,1.495311662582412,0.15080094166985364,0.854852989992946
4069505,479728,0.0,16.655484959849534,0.0,0.04194501463510286,15.843879477451589,0.23142338251623823
118750732,479728,20.155315785999612,0.0,10.516548436748787,3.0054539611797653,0.16155514244402944,0.0009641057508108341
5274599,479728,19.650895090933037,0.0,8.019808018047895,7.231802550359933,0.43157479254066267,0.014817852971057198
