member,group_id,r1,r2,r3,r4,r5,r6
4069505,479728,0.0,19.21200304801418,5.069988769168206,0.0,0.0,0.6208578231018759
2669090,479728,12.10933739791441,0.05874832654823152,0.023116137561912473,1.3495407098453889,0.0,0.06942004630676553
4722210,479728,0.0,2.183923328823497,0.0,2.9837798074332187,1.7680953621028364,0.0
4444590,479728,1.1619819391159132,0.07768718496607767,0.03328565099037893,0.0,3.96652161885682,0.43717151575813
