member,group_id,r1,r2,r3,r4,r5,r6
4069505,479728,0.1507721076777055,30.218884514263717,0.0066419442873802605,0.06722728693519728,0.0,0.0
186532742,479728,23.75633608060924,0.0,2.5454415693157526,0.0,0.014024459572006065,0.5425301191983266
184995082,479728,7.978351813788618,0.004271111976645363,3.54824495872625,0.635529581379844,0.30181272523904923,0.033071674586552496
188053299,479728,11.90329233366503,0.0,0.7922157782427093,2.4460675381907735,0.03552002551211303,0.7790897477836157
182580409,479728,11.904077500302082,0.09580412873528557,0.0,2.6662893194292274,0.01644622599196871,0.0
188969983,479728,23.756107043302933,0.5028891083788817,0.011438037177102074,0.0,0.24511096398177865,0.6444838968744544
