member,group_id,r1,r2,r3,r4,r5,r6
4069505,479728,0.08353754354757564,9.076526465355608,1.3410923395920005,0.9520580751506422,0.0,1.8993726102787134
4722210,479728,0.20872434046545987,0.0,9.876452836158105,17.382155600300965,2.1414058543691734,0.014282412721294857
13166572,479728,0.03441159391817584,0.01317409686354874,0.0,17.393837291568758,4.750068239809113,0.143084427565697
