member,group_id,r1,r2,r3,r4,r5,r6
48112632,479728,0.021148501833933315,28.442428325623364,0.0,0.0,0.0,0.00015808024747972357
4069505,479728,9.461003684993452,0.0,0.11998725462673997,3.869030342763938,0.029278468474394317,0.0008408798850408014
5274599,479728,0.03201806958258817,28.411441712558084,6.7521068278100375e-06,0.0,0.10770603218134493,0.0
