member,group_id,r1,r2,r3,r4,r5,r6
45644582,479728,0.0,4.185726009224958,20.869150997058895,0.5297316234877686,1.8368529122086548,5.728366431892335
4069505,479728,16.54176485046298,0.0,0.0,21.192152788006144,1.2818532263439717,0.0
27500542,479728,0.0,4.3637413719942275,2.261956943306253,0.26890419014880057,17.526443541665458,6.159589602559132
