member,group_id,r1,r2,r3,r4,r5,r6
4069505,479728,0.48913669465941645,31.372253856876913,0.0,0.5559468645781556,0.9844372823623856,0.005810047060379135
183959656,479728,13.932730184470417,0.0,5.321250652944565,0.0,0.0,0.0
2660205,479728,14.03025753212462,1.8115973356882382,0.0,0.0,0.3199499184049372,0.05669810372201449
31675032,479728,14.747118399751674,0.22839632219582043,0.0,0.0,0.24021931139297653,0.0
182580409,479728,14.095539819078239,0.04567170878016542,0.26911676202279206,0.09522543614849346,1.646381517568,0.007317598392089351
183853306,479728,9.332682526378692,0.021890000888436588,0.03706305137136228,3.3290034442305,0.06769383150511006,0.0
