member,group_id,r1,r2,r3,r4,r5,r6
4251814,479728,4.497778299414658,0.005460325606335098,0.19161998365054886,0.015579723560125257,0.32067087830608626,11.242743300324522
4629992,479728,0.09037806473720997,0.0,0.3442179739981303,0.0,4.354537520284663,0.0
2660205,479728,3.56031399667696,9.084948945310757,0.0,0.0,0.13514837410630715,4.553535282230433
2859891,479728,0.2773618414872876,4.640364702537325e-05,0.0,14.805830400113077,0.00010661054718244325,0.0
4965753,479728,0.0,0.0,1.445889958264806,0.037221586231402454,2.1932154124195824,3.039248047142759
