member,group_id,r1,r2,r3,r4,r5,r6
4069505,479728,29.60328718051072,0.0,0.0923272025058328,0.060185114248210006,0.1378165613844378,0.0
4722210,479728,2.9066512231570254,8.369237496322166,0.0,3.646192377010774,0.9081772259724463,0.032402051718233016
9854090,479728,0.5951656029535817,18.841534554149867,3.1838349480415693,0.0,0.8457762654450982,0.08923524379000133
11120780,479728,0.047812658374364256,0.3682719291788378,0.0,1.156983238897235,1.4034299534489487,0.0
11276626,479728,0.3959302532740157,12.436248848399941,3.998113869074223,1.3357232403175348,1.1031590834644538,0.0
3697620,479728,0.28793591104627514,0.38891444120774094,2.1103294128459167,0.0,0.13142773639072608,2.4680649961813925
11235988,479728,0.9557029040073242,0.0,0.07727354342556172,0.9981820205327049,1.3888804755946653,0.0
3042488,479728,0.06821878473686357,12.46960523945755,2.265092598493001,2.2219624266775595,0.04188090345024091,1.8694175318472241
8176154,479728,0.01538056042531694,0.38157183893282876,0.0,1.1613836189951146,1.4038775142097097,0.0
