member,group_id,r1,r2,r3,r4,r5,r6
7529320,479728,19.4647204793876,0.028593878239042667,0.002709889528661264,0.7226301443125182,0.8084726245314139,0.0
4069505,479728,0.9702613770048981,13.237422921626967,0.008825034415585943,0.09130126221100163,0.1960056071693715,0.04242160976744451
4722210,479728,19.518580062189347,1.3050304119456628,0.0,0.1323322031229676,0.2140175954652083,0.03849787416320265
