member,group_id,r1,r2,r3,r4,r5,r6
9976640,479728,0.0,14.360119713480573,0.0,0.1743957122687459,0.24348002517912307,12.652743905595806
4069505,479728,12.607056531198353,0.0,0.0,26.80402794746336,0.0,0.0
4722210,479728,1.4210523712716103,14.23958402193023,0.1858201901590469,0.09518918016000624,0.0,1.6190282087121368
4251814,479728,0.8753700704552357,10.256606846054652,0.14277992904485173,0.38903119533485964,0.0,9.905527760707196
9696752,479728,1.1686837911822203,8.90943774919837,0.7843592725824119,0.35620693452404295,0.49598710498848236,2.074934770272027
