member,group_id,r1,r2,r3,r4,r5,r6
4069505,479728,1.4020970775366943,17.402544668746682,0.17826651479423672,0.22757763995248553,22.762604808500853,0.0
4722210,479728,1.607512374009868,1.9769496267779056,0.0,3.4248480630801486,1.584906993207232,0.07101454041782512
4251814,479728,3.3381944117053672,0.6902881903935245,0.00036056084915221995,2.5260931868221084,2.1362105217267664,0.06507261579262809
9696752,479728,36.911710056603404,1.9826115784490832,0.05502278224523566,21.256666445749357,0.7929359422035573,0.03564941509812321
10936280,479728,30.418966800049787,0.0,0.08257150860871927,52.479990118124284,0.19457146514647802,0.0
