member,group_id,r1,r2,r3,r4,r5,r6
4069505,479728,31.010210330982236,0.000687030445537787,0.0,0.021500307375426055,0.0,1.0469938051776428
14405329,479728,0.00640436930298748,7.405952710797617,0.0,0.030540157033478565,0.0,4.297349200548557
