member,group_id,r1,r2,r3,r4,r5,r6
4069505,479728,0.581711099547426,30.12415002771764,0.019148653660878957,0.002147802355248723,0.0,0.027262890165121848
4722210,479728,0.8562895212472724,2.755267606729837,0.1137393084797764,8.191068279546482,0.010194393016880413,0.5315889953083957
4251814,479728,6.775486583871338,1.4319565792009847,0.00240687986009879,0.7582767537645441,0.0,1.1114086572683932
360326,479728,12.428215808583616,0.0,1.721049155966766,1.572101194917547,0.545439047110811,0.0322736042113506
6348970,479728,7.406397651774138,0.429058283557153,15.851484341358077,0.013017098453585715,0.0,0.00010567115797647657
6613002,479728,12.411050931360599,0.0,1.8461197552197264,1.4848786415616908,0.47757262213713164,0.11655278065151226
7994071,479728,24.815026468416438,0.2601164897716418,1.1312249083815404,0.0,0.086093778693537,0.0
9696752,479728,4.918000399267729,2.2088048383795553,0.35560549852261003,3.9082092992313746,0.7683081907567124,0.7398418940232129
11276626,479728,9.47044600383251,0.2558548255328676,2.1842521320181976,0.01989320857808137,0.9195261097341249,0.3280360144430221
3697620,479728,1.60526643215913,0.2765893323757587,0.3651076068481942,7.923595293422326,1.0665950647550058,0.015913647595321996
11829303,479728,13.17354830889221,0.0,0.10672838838561065,0.0437425078410057,0.0,0.19261192682578224
