member,group_id,r1,r2,r3,r4,r5,r6
25144322,484784,0.03883907021819917,10.393835140902995,0.05621702831875899,2.248299934280236,0.06674147628418352,0.0
9451427,484784,0.12112339600256057,10.41830758814531,7.319984327152049,0.0,0.0,0.034067003951147305
10437540,484784,2.2299054846779525,9.455091620549787,1.311170005592716,0.38756357030427807,0.3096433577873863,0.33364152201991215
10759398,484784,1.361814705236879,7.981836880853286,0.08302312562384627,1.1525928468850561,0.3295308268203298,0.31706950081180973
3871942,484784,5.566405704792384,6.253706814895624,0.2478077456443171,0.11440877228117652,0.7751254379460861,0.27780720389990393
36191722,484784,1.3308979504902145,7.11804988512368,0.8028379820921281,0.10327310283282282,0.8969033058909083,0.3573370337746796
1750988,484784,3.4242524725435923,6.929167050699425,0.06700894435152925,0.3178814957059704,0.8921076875654612,0.0
84284462,484784,0.7044621971003467,7.460029387844502,0.03932398140727172,0.3638144113909687,0.9810185381196859,0.08456219544057902
5180463,484784,0.372289363812919,7.323107918315794,0.40817879064910245,0.19574233588839204,0.9472723407859465,0.3637962431637702
10051760,484784,1.5221469508002914,9.826160721724138,0.15968904904825598,2.138953905022447,0.009152492803004304,0.0655700454778223
8691986,484784,3.4568108049042126,1.8932568028190182,0.0,1.4112837028618979,0.20507727329134098,0.3247946634999166
382098,484784,0.014232178136318748,7.44915587393164,0.5053472442126348,0.21534530790718068,0.9644671400516928,0.299211069706911
9366484,484784,2.5693921615129125,2.2807740938309116,1.0727293164014564,0.9445980835485829,0.23546313150109371,0.3829298348029653
14505622,484784,0.26290707430763094,7.337376736563838,0.10527924659301503,1.7843956250335085,0.3496264581196477,0.2369805099286524
11770263,484784,0.5117918063522474,7.5650772966916255,0.06545443919714436,0.39893387440748507,0.9972599880957503,0.0
3415066,484784,32.60430601403401,0.01825101273330882,0.16432645853221015,0.04780941458206586,0.0006035753426546478,0.0
11354525,484784,0.08766527742398467,1.223615841867265,2.4446314495277357,0.6132547905361344,0.3894811659562636,0.3071382441501816
