member,group_id,r1,r2,r3,r4,r5,r6
26844352,484784,2.0400363424295813,3.061461555822978,0.2772977429981651,1.4273297809424732,0.2885760335511449,0.0
10371747,484784,0.06842293414095724,8.309832693336743,3.420960941953316,0.7847198876534794,0.4936473759472598,0.11463265448892468
10437540,484784,2.1867872317500447,0.9865164878275683,1.9198907820712152,1.8453108409397883,0.015297797783275195,0.39811844602379876
3871942,484784,5.456200869766667,5.6704177773228714,0.3734593880427115,1.1304862459626412,0.3852799354254585,0.81160471088857
71843432,484784,0.0697375382310174,8.247231597460871,3.2741662894350223,0.7923103988439147,0.47541028904323873,0.2367742912080884
11189707,484784,3.2020282908069473,0.005083210537045828,0.19631753280232037,0.0,0.13327351163238266,0.0
7869101,484784,0.0992779358256901,8.126104727790882,2.9839689215190406,0.8148306030256853,0.44336047948501206,0.4519024300783055
37887792,484784,0.6542503489414764,12.502098952863996,0.8804114073081009,0.3775853418313434,0.02821232822508365,1.2417329657232596
8429233,484784,5.450872016883268,20.17394586114914,0.0,0.189489121008162,0.08205849983327318,0.0
75210672,484784,0.24018327308574838,2.05417640993701,0.06510693726173393,0.0,0.18344634153102082,0.0
8691986,484784,3.3860999502929117,5.079921165189411,0.05103788509279736,1.335723166983923,0.417062484005311,1.0449635662761805
9366484,484784,2.5121775967429443,0.6666148769970793,1.6788267624692703,1.9843658071985992,0.0,0.4862280796820565
43445552,484784,0.2078246609114719,7.878139825980881,0.0,1.979486937475976,0.5154097631533657,0.0
3415066,484784,31.957061136031303,0.16149274167688524,0.14498228834474888,0.7513285225052518,0.22200075262677624,0.08306668669712006
88528092,484784,0.0785633670740118,2.1659589286715533,0.06443405745777785,0.0,0.18506007122928347,0.0
878685,484784,0.0,3.4016840506793735,2.593171087655577,0.06509554977553329,0.26829010913907925,0.0
