member,group_id,r1,r2,r3,r4,r5,r6
6009761,484784,9.828151277540522,0.029239062477284732,9.004587098376671,0.0,0.0,0.3912881252373245
6629567,484784,4.481507429914066,0.4358222494067538,0.9590229223431378,0.0,0.0,1.884582402026703
5807873,484784,27.76401912038106,3.0104988793058656,0.2803488792352109,0.0,0.08591103730766877,0.20281722790692475
16276071,484784,4.535182368547926,0.2685871669050541,0.46182061782324463,0.07681305907062899,0.0,1.9129342986800189
6400554,484784,0.17917960955146506,5.540653632212605,0.042716302273749444,0.1639897441135022,1.178309650158726,0.07780051309654439
11189707,484784,4.268803544412434,3.144357954886539,0.0,0.39928935020143264,0.0,1.4597370472725653
7640270,484784,16.472578717880452,0.07173930466621602,0.5934165766640203,0.0,0.08795639885461783,0.333628755663564
5180463,484784,4.502586020520221,0.3779017537005293,0.7600388917730553,0.0,0.0,1.9802585712458063
2595088,484784,8.25211318155881,7.92837966690175,0.9482309206776455,0.939374566655111,3.7432193999902927,0.0
8429233,484784,4.152736803109159,4.286327877685961,0.033381032742379746,2.241327763284633,0.07303182924732474,0.0
9336146,484784,4.578102810199638,0.0,0.2497303430639381,0.03182590341487999,0.055051500568448195,2.0078967422085574
4589783,484784,4.544053102398697,0.060099270904795804,0.654761503644854,0.0,0.0,1.9728339838627529
11961497,484784,4.415382609878141,0.0,1.3798127290288793,0.9295655994670817,0.3954302007924067,1.386675666509898
3415066,484784,1.7499408095368023,33.91773385739684,0.0034402618903581496,0.5232282238313706,0.0,1.0231633237388298
9295741,484784,4.318069657030062,5.346197841619146,0.1333903911818385,0.0,0.12039382857697298,0.0
4069695,484784,4.412161332264921,5.231800552915885,0.1282287013348733,0.0009321667522148246,0.11742733179693196,0.0
