member,group_id,r1,r2,r3,r4,r5,r6
17470601,484784,4.596275150966107,0.0,0.0,0.5354382582299425,0.6004286120498368,2.6143014119547803
2595088,484784,3.7338655694685907,11.151081998796881,1.1351746938454375,0.2035717813657694,0.9835134270005159,1.5455532938073453
8691986,484784,3.470818360367006,3.4718197542998666,0.36970695746139015,0.39004519756992495,0.04083243478830506,3.101534259686298
7005714,484784,4.334244820367377,0.0,5.634210738985999,0.26779016345283846,0.0,1.0980811747362649
11961497,484784,4.351332056750944,0.7579636162721789,1.305997583542812,0.2704187270018192,0.033516545600740334,2.606810337009053
3415066,484784,1.5922693441627938,34.97332289918449,0.009140355800133356,0.4136077911897856,0.1868807931848323,0.6013619831220406
5359531,484784,3.6603813496992297,0.005448728480951473,0.5503936714489548,0.34514845619470896,0.0,3.3809888399365216
8429233,484784,4.091238369673645,5.22295258325756,0.004734633317522046,1.162396437286034,0.107028770024273,1.6301890436516264
4069695,484784,2.516430285967639,4.796283593933346,0.014697773534949249,0.13441298130529694,1.7614225517036715,0.023727991592221834
8493248,484784,4.32927099805236,0.18433684770516795,5.470135306021267,0.2570466378002598,0.0,1.1764238465626795
14510788,484784,5.379187664825807,0.6545449565929097,1.640494061707263,0.0,0.0,1.5518714776281057
3992519,484784,4.458511603281152,0.1495844230294436,2.957508517855668,0.0,0.4189881876404264,2.2488196665004616
6731464,484784,5.797960090345067,0.0,0.5536247839903148,0.0,1.361200183711761,1.6735147239603676
11189707,484784,1.896272985939647,2.595013488012697,0.09596177811671543,0.9199600550602438,0.9311436620839928,0.0
1750988,484784,4.245022030861561,2.8992036366131537,0.01413860805188327,1.1976394725226116,0.04825173643246101,1.7974978128628047
10936280,484784,6.218037976461196,0.0,5.1111260203399596,0.0,0.5206777349641359,0.0
4088553,484784,28.346141125767055,0.15329759226574013,0.6250856359500598,0.0376324138437375,0.0,0.02953607788393666
6357737,484784,4.468389082395691,0.4969013199988537,2.0248782881847447,0.24735421731200946,0.5678241831693126,2.203181416457564
9295741,484784,2.466967701666471,4.999218663123778,0.015822098130715105,0.0016603243223104532,1.7754294096615937,0.15917200519189462
