member,group_id,r1,r2,r3,r4,r5,r6
5807873,484784,10.525238602328645,2.663047105087623,0.0,0.03832729087124187,0.07765876034131744,0.7944600112250958
3871942,484784,12.376174577613554,3.485944510124494,0.5418699314293319,0.5902754137665873,0.0,0.4763456883148462
8692040,484784,24.789997403063612,1.645846074603126,0.0,0.0,0.0,0.8639748005774062
7922665,484784,12.357801128299537,3.928205782026576,0.47986380728965533,0.36777356864324184,0.0,1.2916076712627567
1750988,484784,10.464846582696563,2.9231952502154397,0.09509010722571908,0.16074759232918695,0.0020162162963462114,0.0
2595088,484784,11.009983105637936,9.728353034750917,0.41516507292908006,0.16634910100317077,0.0,1.5236759431686504
8429233,484784,9.915368494780239,5.2092467423185225,0.06453035327558272,0.12271058613047647,0.009091848131255704,0.0
5566303,484784,24.775718303911013,0.0,0.010775127539972368,0.0,0.0,1.3427452019609327
3415066,484784,3.3514257717086253,32.901278925545355,0.0037148156987217374,0.07672336673672424,0.036859045110855755,0.0
9295741,484784,3.8489807082873924,5.1083710768003225,0.02507424871159139,0.05307405524229424,0.0,0.20270600936736485
4069695,484784,3.9346713995828875,4.980860623000514,0.05627493261149646,0.026449860796813916,0.0,0.158576711418665
