member,group_id,r1,r2,r3,r4,r5,r6
5807873,484784,2.8619479785870054,9.397319619711281,0.6057881592086287,0.0076271015015741414,0.7464205468675184,0.09164913627854351
14510788,484784,0.5411142260934283,5.137060425981218,2.017581349067873,0.2446736189562282,3.6350772776802116,0.0
3871942,484784,5.189568667956378,9.893354648682527,0.6770730836240415,0.6854993490232365,0.5275944023276408,0.0
8692040,484784,1.7311347762650535,12.404438867092752,0.6860169513375118,0.7324139152122257,0.3777203121278927,0.04383062451917862
17470601,484784,0.48283360040514606,9.894287253093706,0.0,0.07525202091628434,1.009273711305783,0.18503364111698495
6400554,484784,5.755638709675714,0.2706879263261662,0.003794424467750412,0.8173467463874533,0.09644738853118207,0.615156827908599
6731464,484784,0.39232555466407737,7.483351550594714,0.6783861749326563,1.7907797321761583,1.4613401897493437,0.0
1750988,484784,3.1987950788166777,8.991595562246053,0.0004519351321050539,0.0,0.7521883667960173,0.2049914442847123
7922665,484784,5.13426058482526,14.416156595376352,1.360204506319199,0.63143360613705,0.0,0.0
5359531,484784,0.18528848994704614,7.788493418683626,0.5107266206874495,2.5268844926625857,1.0211757482504042,0.03797949692524473
8429233,484784,5.197138273908988,8.349723466325608,0.0,0.0,0.5486096312318878,0.2056841088831014
8691986,484784,3.2103978277092446,5.754334420803784,0.29423208424859676,2.3727087185756734,0.9923936135010734,0.0374322425700866
6033811,484784,1.0605922214118733,13.821780543978047,1.3563727676270037,0.6957098094001384,0.3701011500578877,0.020941185669783733
12454101,484784,0.09252218186133951,13.171272618549507,0.44221609434496706,0.867900279455093,0.5428152073337922,0.041224113070304796
10936280,484784,0.10344015224563607,8.34242818937996,6.719154072185457,0.07285135724846746,0.47233558697222594,0.09686368173974098
3415066,484784,30.402919771211835,0.18708352507648632,0.05119806690160829,0.15726500892246584,0.2527198904715881,0.006810674307159676
9295741,484784,4.83397313173293,1.2717226627142977,0.02389694318630861,0.7664431713531552,0.0,0.5495120524705958
4069695,484784,4.731662293432036,1.2983055740389438,0.02035019275189852,0.7265517644276057,0.0,0.5706695547187851
