member,group_id,r1,r2,r3,r4,r5,r6
5807873,484784,2.9376751892331345,5.9901092908885305,0.27050234719704574,1.097281953699064,1.2295059976177216,0.367005147348992
3245979,484784,2.912727715803034,6.1356883002462554,4.472486138044081,0.6649778189230681,0.5560582489849922,0.3018692043864198
8223813,484784,0.06311860419442603,12.836561272321212,0.1598610945788129,0.40829317381052754,0.3449053779955851,0.0
7990503,484784,0.1465066551307188,6.545142706812045,0.7836490700951065,1.079507358735982,1.2997269909640727,0.38223961401615214
6357737,484784,0.7491572487498653,12.56213705787677,1.4638516534795596,0.0,0.06086896210128849,0.07862534292946606
4545386,484784,0.8312038832276928,6.417037672103331,0.9164642717898955,1.057755434111513,1.2399547334419874,0.37602843283102527
6400554,484784,5.913241785447579,5.422405783819004,0.014859759748158778,1.0878383860490706,1.120972481392855,0.3190205929179716
6632942,484784,4.441721848157803,4.421078629512031,0.0,0.39882061534233276,1.801301413868675,0.0
5687247,484784,3.356314366531524,11.426031537939561,0.8259419026829449,0.14598877590526407,0.012733504237679846,0.1220171216619709
3794576,484784,4.280671991966636,5.735030652148109,0.34120456630119644,1.0738855545126262,1.1456959328123204,0.3526147296471008
3344209,484784,2.0728226648598205,5.645262859956069,7.795347368080216,0.0,0.391421609069021,0.001078575200083206
2595088,484784,10.28489086347538,4.556726595338957,0.874602968400492,0.9405069580017043,0.6943571043744423,0.3700917667288158
4594487,484784,1.2786762919633217,6.318077614161654,0.2640791321999221,1.1179915879304831,1.3308142162157564,0.3637212579366656
7539704,484784,1.5779081675292776,1.761175501696559,0.19867863696310173,9.055511202942212,0.0,0.0
3415066,484784,31.24748226383866,0.1120723185613695,0.12168657953134039,0.2718319731020949,0.06357765437688444,0.0
719099,484784,1.4130747607907577,6.574648972381451,8.470128625241903,0.27574375342085206,0.008129898338161409,0.2218405860500392
5932188,484784,0.14232155822430342,3.238708972650443,0.00239599014031711,4.144075753852599,0.07524063691410435,0.8985632090471851
5096862,484784,0.19900732670529497,6.5300977390102855,0.2611185114458586,1.1319946506629421,1.3943554336100081,0.3647700223947566
