member,group_id,r1,r2,r3,r4,r5,r6
1834404,484784,15.678571427498955,0.0559404840840786,0.343422446208518,0.18169512242476993,0.513893254124153,0.03383103591451188
5321479,484784,5.8748678553958245,0.017918017174644942,0.020369865548450345,0.35432027737127075,2.199209917815012,0.4545828126293964
758762,484784,6.77106798959734,0.0,2.050879292021884,0.34645465459350094,1.0832426347673376,1.6950530037600038
155231,484784,10.532061232821201,0.1908632679310409,0.13106901022537368,5.0041256636770095,0.018045958588380796,0.3075179521389272
5092271,484784,3.944466264174114,0.3043465703626414,1.1317081256403214,2.685588814444468,1.7023931776998609,1.1107619388970995
2595088,484784,10.754682916681299,12.0164576734022,0.6933618610079727,0.24958307254098838,0.0,1.1119977094669087
5687247,484784,13.113538129724846,3.840592651758141,0.7995121226523935,0.37009684680879623,0.5073885928181571,0.7608989170387834
5566303,484784,5.395323420485607,0.27329081054675153,0.2718843783865215,0.048338850346112315,1.9892020418057368,1.318647291638606
4594487,484784,15.126435248002206,1.450372597002839,0.3585482071922264,0.1765039439250645,0.46114350679542254,0.0041605475818004365
1572824,484784,3.719626498590347,0.3122428755730168,0.01449281932932732,1.1670286592910661,2.860468637763728,0.0
5692921,484784,4.85892124673116,0.38142968204470246,0.16013109173274678,2.5042862034720965,2.5526130939413325,0.0
3415066,484784,1.2223521483781359,36.61979636093971,0.060239730496943936,1.640083476002491,1.1709293198479709,0.0
719099,484784,6.208295390608076,0.6784892771489472,10.559883796874164,0.0,0.2995589345207028,0.007984386796034994
5096862,484784,7.34235116638799,0.08045487773704116,0.12466069942982057,1.4811705146394527,1.4133452737876295,0.6118091417721352
112223,484784,3.7391824706103978,0.3401476802909345,0.019876730667703714,2.4396410111186837,2.3697052954108653,0.4093569903582547
