member,group_id,r1,r2,r3,r4,r5,r6
3871942,484784,11.563290978046423,5.217138127102256,0.908438165049919,1.2368464959149639,0.14907744086997599,0.019953053476766344
8692040,484784,26.411404257101726,1.6056415054588569,0.553241979287887,0.0001267606208962556,0.0,0.01087325544606832
7922665,484784,11.512047284613413,5.03642960583495,1.883905646647362,0.8332644187338609,0.14034835280915828,0.03306953053729036
6400554,484784,0.0,5.873553554251956,0.3060515503403644,0.6595161212000721,0.240402414121189,0.009338866298862814
11189707,484784,10.326093444294761,2.6227059033545714,0.05828171748313324,0.2931980885343795,0.3784435667843563,0.0
1750988,484784,5.491378564130503,2.8938541612443656,0.0022615205363964138,1.4430397893542466,0.34507086605070375,0.0
15049321,484784,3.969312535684845,0.0,0.6106013193220489,0.35070101300553824,0.014738169689839013,0.0
2595088,484784,3.3701157065151617,10.375616778488046,2.4012102768692185,0.260789348837581,0.20138013184490366,0.011639990607896484
3794576,484784,5.139998398273722,3.9695449788405486,1.0644289250590977,0.9763480709744158,0.2821387625098832,0.0
8429233,484784,3.4721598977746972,4.802819888803896,0.0415537928567952,1.046934975278943,0.5239827078652974,0.0
10018998,484784,11.615332975322529,4.9891735591023725,0.9088390724079866,1.236345794356375,0.14889160114748362,0.029130864435742396
5694808,484784,12.594047807284637,0.029993628680763773,6.372287081970459,0.3566759169477476,0.0,0.0
3415066,484784,2.460167128005881,33.256873407071666,0.2802802822708223,1.3234723967391402,0.08483334146259992,0.0
5932188,484784,13.134327566595063,0.024726613749685166,0.19754451756532468,4.1362284111821745,0.0,0.0046635222320733395
9295741,484784,4.084069800175855,5.16364262976136,0.23725821939286673,0.17659742549112734,0.0,0.03146225583582888
4069695,484784,4.169797104540227,5.147653751073313,0.2269885859682588,0.22612843051205922,0.0,0.0025156916582272444
