member,group_id,r1,r2,r3,r4,r5,r6
5807873,484784,11.291206982838258,2.274462553759165,0.17899995182224834,1.6915210677074002,0.0,0.9515342459983629
14758111,484784,10.125792217201793,0.0,0.0,3.8742698153024966,0.038824719882106215,0.0
11046756,484784,9.711692964386916,0.0,0.0,3.9970481770770876,0.0,0.39006651656222197
3871942,484784,27.296378766915108,4.762382671034417,0.11549818924123402,0.0,0.12730171338509555,1.1340898300588815
8692040,484784,9.501698961615244,0.9051001167641369,0.18788735038018134,2.685286360222496,0.0,1.0968907477613556
6400554,484784,0.0,5.187330129319043,0.15260341834997782,0.47946168533365713,1.097355006535976,0.23863176408954045
5832332,484784,4.762855827581324,0.0,0.0,2.185729147631186,0.0,0.20250302207724957
1750988,484784,11.021231229040968,3.2890465335593,0.001906818519457938,2.618976225305436,0.3682797626407783,0.0
9156686,484784,9.97983498284107,0.6031092706866663,0.0,3.3455972213136578,0.44547409470741156,0.0
8429233,484784,10.485644327379024,5.48780310691472,0.00975101598502067,2.286733997354375,0.39229454282637544,0.0
10018998,484784,9.071790107666201,4.46802131794492,0.22051894066691038,1.5037013558731824,0.0,1.1612557806920851
6164024,484784,9.058924585063334,2.5945013226460616,0.0,3.3498707381831436,0.7211321491389334,0.0
3415066,484784,1.9860086538547972,33.59629210695021,0.08890635130377737,2.3880468334873117,0.027642308411500786,0.25466238087402415
9295741,484784,4.227059740956951,4.859800287165971,0.04048811630947827,0.13860345656703985,0.32174392747225083,0.34897521631359113
4069695,484784,4.277200534372568,4.732985644200282,0.014053888965564294,0.3637568291948717,0.48320514682372184,0.24806111055006896
