member,group_id,r1,r2,r3,r4,r5,r6
5807873,484784,7.524641109782367,2.500688605508482,0.46697912280308757,0.3278769196515682,0.4419152756606501,0.07822348628582357
2595088,484784,4.197848990323802,10.54719045521176,1.2099627087604639,0.45389787323718656,0.8384687096149531,0.03903809347485416
7144977,484784,4.623719804570368,0.383662039379868,0.06792835544888624,0.5043228027437681,0.006851482181000662,0.020357482899690717
6033811,484784,7.428563564563884,0.4020148567104551,1.0738344683124503,0.014489525709487139,0.5580720702948166,0.08249521491930467
6266007,484784,6.216791344046763,1.274929442494043,1.2729288290552576,0.5891336148436015,0.38031761221443505,0.0
3415066,484784,2.094253329620522,34.15409587343439,0.0,0.7955957185489253,1.1522334694526064,0.0
3245979,484784,8.587687408885552,3.3439485118975414,5.9908791210187005,0.0,0.0,0.0
4850461,484784,5.846131704936845,0.6925205750658401,1.1634019119921384,0.5576967503054452,0.7256808097433622,0.07236644390201023
5092271,484784,7.903378103997591,0.0,1.7981084324222025,0.11037520952342722,0.5404724814982511,0.011256718307132395
6164024,484784,5.701525645537241,2.272097554994728,0.0527023644668618,0.8488293761673547,0.6017377435814596,0.0
8289854,484784,7.705114241881402,0.0,0.1786783833797616,0.23100722763158452,0.0,0.0
6888009,484784,8.649756862811463,2.575224779027626,0.2143414883610186,0.2626314709954058,0.47950494271751126,0.061230806323626034
1750988,484784,3.801181604738382,3.3420020696339807,0.03289596146123501,0.5152064384837517,0.0,0.05710426018509716
5687247,484784,7.760461618831552,3.010852112281478,1.199041127196075,0.7024697428189519,0.04968484793794667,0.145592176568538
2450520,484784,14.891914226649586,0.9867661103026483,0.3195269340475637,0.0,0.1251989618619615,0.026746883443936897
5694808,484784,8.105267979747234,0.4505700151854281,3.4810119909092005,0.4651179017924958,0.08550149632079158,0.016643466930574943
8874593,484784,7.7090256586538235,0.0,0.3570481692704254,0.1590840322923304,0.0,0.0
4493666,484784,8.222589515514946,0.0,1.4972725350348217,0.7750602066247004,0.0,0.09407610129293806
7922665,484784,7.062633978951174,5.090851821362226,1.0354956930007058,0.23259166730726458,0.4668725903590097,0.11270034502520818
6632942,484784,15.686575727609075,5.013703703318868,0.02898957291826554,0.1641447864048071,0.0,0.0
7539704,484784,4.287231320936266,0.005910566074442355,0.5033719511421746,0.6512661185497455,1.4290811951870952,0.0
