member,group_id,r1,r2,r3,r4,r5,r6
5807873,484784,2.863502572802354,8.212667480956906,0.4184815236936243,3.0850923537060146,0.020387575193822102,0.03203370066224841
3794576,484784,4.169958134561475,7.1180505401192775,0.4987103720180681,0.37317581582043763,0.4838983148816172,0.18601358197286866
6033811,484784,1.0497938340101034,8.022758888298746,0.9766813827755987,0.4261150203045334,0.6645605661961996,0.14399841933345434
3415066,484784,30.478865924352302,0.0830946382992546,0.09680303710378638,0.0,1.0069190641852408,0.0
1906594,484784,0.8055016235119558,8.099609421756414,2.381995132915183,0.03996243336042725,0.6349441883355414,0.177567917714899
3742892,484784,0.690766218925294,10.752113841526262,2.854241653472756,0.0,0.008067746356224571,0.0
10018998,484784,5.0181381882308145,6.668801109325028,0.5127772266783176,0.7675042988115408,0.6781914306732001,0.033591135241028115
6164024,484784,2.822326414078366,7.381540826909147,0.004290611960033126,0.5932725484286848,0.5068885298114397,0.22141785640224584
4069695,484784,4.742447623633718,1.956462718876621,0.058744772757392906,0.04064785557251717,0.0,0.8915349847357911
4102340,484784,0.6362007334993237,10.578812082410979,0.1717060597669889,1.0367884644960816,0.000961924888000225,0.0
9980869,484784,0.19534478227130045,9.432154645786188,7.767101647283294,0.37989966583131457,0.0,0.14854456898386173
3871942,484784,5.197922954330091,6.613879511760994,0.5103633361686901,0.7565859604269274,0.6614876637687688,0.04089223603864405
1750988,484784,3.2077835006445827,4.968377199847315,0.01208075066787446,2.1671409803195205,1.2550308052422763,0.19088557589139496
5687247,484784,3.2547338685741933,9.673560244430856,1.1346485459040043,0.09673733321322929,0.15813891516940448,0.0
11046756,484784,0.225054316159552,10.494860631204446,0.1804856036591536,0.5827438502217847,0.29260155535826315,0.0
7922665,484784,5.1336103213236886,7.756999377707283,0.9824767594452609,0.46691392150803895,0.37988989458929623,0.019851443630435298
6632942,484784,4.337391180462575,6.965306571549776,0.0031740941213285333,0.5031000419367644,0.42583203821326,0.2350253075325138
3233394,484784,0.9754467861649726,8.48194262650698,1.8471801791732814,2.431822338921161,0.3798858134838199,0.0
7539704,484784,1.5535716942679876,4.397677569381718,0.4389872682419295,1.6460917158537822,3.328989230570163,0.050148454891283674
9295741,484784,4.8451681659530825,1.8981717246393286,0.06107970859131045,0.03773761913045833,0.0,0.8828634710513668
