member,group_id,r1,r2,r3,r4,r5,r6
9894816,484784,6.995855967942473,0.05802933408059478,1.420187613882176,3.5758112162064606,1.0999489433425726,0.001704027694084506
52400122,484784,6.923093572141326,0.0,2.901437246378227,2.69793284998315,0.3188553133465348,0.4740471309276576
8429233,484784,30.565719299073756,6.2267661959832905,0.0,0.0,0.0,0.0
31500662,484784,6.532282514942739,0.02898080452504622,5.0072447633822135,1.3157620207664271,1.0313905320816623,0.0
3415066,484784,1.0479559267323941,37.33305473906958,0.026736804318579305,1.9034554815746743,0.010492947731553445,0.01491989586495349
73825502,484784,6.516819521448257,0.02905574954317673,7.320317301922524,0.1375792388568618,0.2455013206008584,0.0
