member,group_id,r1,r2,r3,r4,r5,r6
5807873,484784,8.363339200601729,1.5641256312989935,0.305839363201403,0.5061593557159964,1.7010706283105905,0.5036762313294604
3794576,484784,2.7364658419949732,3.0833378599293373,0.1773060543090286,0.6775782692181901,0.0,2.162132089907068
2558612,484784,8.987295356615627,0.0,0.0,1.3917419529049313,0.4062326265119603,0.0
3415066,484784,2.534171319409793,34.2210106482107,0.2252696247077629,0.15148753093974734,0.28841493393372347,0.21003771660156506
6400554,484784,2.5572254539155725,4.577760514203376,0.06792733735480468,0.12578151476405636,2.3264343957598697,1.0909680486506717
8429233,484784,4.582383304812509,3.68254698319981,1.2022848104378874,0.0,0.4981703554787301,0.0
10018998,484784,6.181245650787981,3.923613071623952,0.6998471967935876,0.6722544163692109,0.3304549786419193,0.7491169954923823
6164024,484784,6.432673090212141,0.9564070323967815,0.8678742177202298,0.0,0.8013791882561753,0.6129113965083227
4069695,484784,2.3960825661390652,4.538271612292497,0.013268260354658125,0.15593164431103532,1.6850410463591365,0.0
4102340,484784,6.019960811123073,0.0,0.46058978222212293,0.40623919773468536,0.0,0.0
3871942,484784,5.489373370447813,4.3321627295265355,0.8544158742729023,0.692824922802365,0.22178294589410144,0.12378667440673864
8692040,484784,6.556601526158999,0.0,0.813335224445347,0.6562042923737083,0.42861212950311717,0.625396259074957
1750988,484784,3.0314569207465882,1.6762585090924205,0.36319467691332685,0.0,0.5189753941977674,1.714618393865431
5687247,484784,6.382123090963622,2.3358145127951415,0.6050377366707304,1.5022843090992306,0.0,0.6268371484995615
6357737,484784,27.671634715184684,0.8512935468741258,0.0,2.0351644562282907,0.0,0.0
9712106,484784,4.6722994940393665,0.22710295609241068,0.1618367719061767,1.5822533499922669,0.0,0.0
7922665,484784,6.167633368639429,4.45302900717123,0.5836428477360389,1.3057294200035412,0.0,0.725663710135954
3233394,484784,8.787122249876766,0.7852305009301728,0.09428476911905138,2.4328759458221043,0.0745026185884936,0.2964257610254353
9295741,484784,2.3493590231774735,4.661830409816654,0.00979545673815392,0.17068061708876442,1.661168275257998,0.01843646375308982
