member,group_id,r1,r2,r3,r4,r5,r6
5807873,484784,2.799534785612048,18.966464954870425,0.7675133923474063,0.0,0.0,0.2004447299276056
4493666,484784,0.5401343046039466,8.517584064107194,2.9390016394272993,0.33720420418633074,0.002053357364093703,0.0
4102340,484784,0.6169966206785096,8.12420928002229,0.3520860755019271,2.0121133518307985,0.003956191958319583,0.0006399673650343396
3871942,484784,5.1323133278811515,5.3962961405109615,0.46635696369722246,0.0,0.080198153187277,0.6271170190165146
6623271,484784,0.3680331864831848,5.185789654397095,1.0549046436831384,0.0,0.04023936175184198,0.2780566170942867
6400554,484784,5.692159462430898,4.52765633268998,0.14642763711138518,0.4612222585073121,0.4173104365477247,0.0
1750988,484784,3.153940332842797,7.4196984458025685,0.0,2.0875285725387878,0.002740351699558031,0.0
2595088,484784,9.901157613342145,5.985583841998462,2.4711656699331743,0.0632952669188329,0.019047244982465347,0.0
3794576,484784,4.117546068601896,7.234261276787955,1.079650146313652,1.31537123214119,0.003022797645074053,0.0572790277774763
8429233,484784,5.132663688952214,6.901665423744671,0.0,1.9659668267042925,0.004994177313024405,0.0
7965306,484784,0.3117665135013033,8.604481635004657,3.1314203965214435,0.22494294589492742,0.001120223707307342,0.001825659315982259
12109880,484784,0.1845869397554456,20.8253502179701,0.0,0.8408963306553534,0.049730925944977064,0.0
3415066,484784,30.096205227556148,0.007064994507786431,0.32261450460245705,0.15557647495240182,0.0,0.0
9295741,484784,4.786950853271078,1.8179064271193572,0.2537913182658785,0.46592005119475804,0.167278089167654,0.0
4069695,484784,4.685372130594041,1.8761825748312593,0.22814944072673418,0.4925902769129793,0.170625121321955,0.0
