member,group_id,r1,r2,r3,r4,r5,r6
2450520,484784,1.0626260473097155,1.42714223892808,0.0858233516999673,1.236761554205725,0.539058945870938,0.3244717270631628
4493666,484784,0.5631561963406495,11.622498013981279,1.4003102875168263,1.3193215365673627,0.37003457817722246,0.473757424249071
4903590,484784,0.9279354034534364,0.0,0.5467551513834848,0.0,0.0,0.06989883482420903
1750988,484784,3.335775197097405,4.773357760067287,0.004281825618644779,0.8926198141511936,0.5551308070575418,0.0
6632942,484784,4.507411662733374,12.296664992339695,0.0,1.0733602525456418,0.5491691370559633,0.0
5687247,484784,3.401738531164516,15.7023504490733,1.060250134072715,0.4578385578487511,0.002676627498292778,0.5952192744361566
2595088,484784,10.439912611324438,5.368529037193246,1.2077100489185488,0.0,0.4828861910374589,0.44701159555120235
7144977,484784,0.6075783920067952,6.27501160149185,0.0,0.9487192797179186,0.6566351431524364,0.0
8296879,484784,0.10397758972949377,0.3663687091649625,0.2092809857188802,0.18253421042288823,0.3270545401249096,0.2611202183290245
8952974,484784,0.02391308026858641,0.348727868232049,0.04483179665973842,0.5432742126149671,0.438842317084292,0.0
3794576,484784,4.34397431403223,1.9292119713577058,0.17562564307051717,2.8270230092319975,0.0,0.5724266867528817
6266007,484784,1.7184534567731946,8.632332241822054,1.2947959424516786,0.6240149723419542,0.6566025007695216,0.23873567108784932
5694808,484784,0.6781787876374985,8.834054251214182,4.149002014802022,0.0,0.0,0.0
3415066,484784,31.735829686002806,0.32988051160450854,0.09608378171809631,0.003237980476504049,0.0,0.15793307565260914
7539704,484784,1.6194907228582704,3.3605415129296277,0.04263136348623285,2.232761885701033,0.604699535503537,0.6279274993440108
4850461,484784,1.7218529838234244,8.192322073305146,0.9013965601832705,0.7392781863515575,0.7677709012242203,0.6647976287759646
