member,group_id,r1,r2,r3,r4,r5,r6
8727809,484784,0.21947930485325923,3.2147620654637907,0.5873130565839378,1.2396342676265635,1.0173511505957653,0.13137982729237135
6132803,484784,0.9157785293382191,5.996172717869037,7.437509345645289,0.04493594721294449,0.322111031354083,0.04616711159731319
6887460,484784,0.007055890686102728,8.013689579676472,1.572525186185904,2.8399876849908643,0.37606846275424793,0.047571129383987665
6623271,484784,0.3764971385337118,7.831138317835536,0.5254428140905162,3.1872861655891795,0.36221317338354125,0.218039239451942
7922665,484784,5.291236964533391,3.960554818923562,0.603929561364227,0.0,1.5077003458567875,0.09776600620768214
7994071,484784,0.4577711437625559,3.0379452586219036,1.9936338146246992,0.4176951191302012,1.1801421928682778,0.0664582285340216
1750988,484784,3.291897949991733,3.1988853765281267,0.0,2.8799240127102945,0.1363149029942431,0.23934632720428525
2595088,484784,10.320180980618618,3.1035288639183145,0.9754829277880831,0.3408240917625838,0.9371942289722403,0.0
3794576,484784,4.2969002619926195,1.188866558882695,0.39015989798036416,2.5380867178821234,0.3060117170351644,0.5992227555314132
6922324,484784,1.0765772088122108,22.386293606483648,0.0,0.3667403104298591,1.0450078979226238,0.15819135592728428
10018998,484784,5.173759161274837,3.10311170526534,0.06788159583321483,1.4278133623690654,0.025311381287595764,2.7956502294542034
6266007,484784,1.7034395636470383,12.892483485821415,1.2691822277237572,1.0968920676950278,0.0,0.0
3415066,484784,31.37152336054025,0.057991583955489395,0.1159790257175446,1.3128556026581124,0.03382221490274379,0.2259043821889534
3245979,484784,2.9241673100279253,5.500374479733854,5.868661438705359,0.39649573874539457,0.319436454631036,0.28721112792734826
6671388,484784,0.08860974988695705,3.5349967248421703,0.032838609177094,3.3859110377956148,0.4059060330438671,0.0
4034301,484784,0.40224457142097564,7.7413347591227275,1.2611971041267147,2.8958073113599077,0.48753370030010934,0.18924811938690378
