member,group_id,r1,r2,r3,r4,r5,r6
5807873,484784,6.209251025184438,2.1559818436267197,0.3259621882236808,0.14655650829095462,0.7079015586727241,0.4945246010685536
4903590,484784,3.7524469717091677,0.0,0.2033736828958056,0.13148362597125196,0.5438697339425874,0.5719034150586841
7032583,484784,11.105408443443395,0.0,8.008843110724186,0.0,0.035096799100363014,0.0
8692040,484784,11.059296890805724,0.6133756816908161,0.38476618868010604,2.828881463615832,0.24694670933445068,0.5728727729569872
6400554,484784,2.3937097201339883,5.54610672846747,0.052159240931346024,3.3092523408537713,0.016059432310157305,0.2643956602909401
13863498,484784,7.836373172013001,0.0,0.10899313651776227,0.3947274776160073,0.0,0.0
1750988,484784,7.2423517284413546,2.990714787710869,0.07779689826571311,0.2572794981141704,0.6525267786393496,0.0
9156686,484784,28.3753302431451,0.9592954550718356,0.08072001284861617,0.0,0.0,0.0
8429233,484784,4.59983795293151,4.900528623802038,0.06979601440309806,1.217317006693062,0.8092570262649628,0.0
7763602,484784,5.0204296761623075,0.0,5.581597738954777,0.0,0.0,0.16794319092503743
7965306,484784,7.671510724019305,0.0,1.7713256095207668,0.0,0.4382999461924383,0.0
10018998,484784,5.361543401207979,4.866679232393632,0.21010058979267227,0.0,0.013408943918441829,0.9361860962515448
3415066,484784,1.6338057023815904,33.66016230094023,0.04087256572196461,0.4064162786470602,0.6972333868599785,0.15369071708426912
9295741,484784,4.417843157341345,5.192822694172442,0.018572628143572648,0.015317784894673352,0.0,0.3412569755177499
4069695,484784,4.507015118978676,5.276383331078927,0.12312148312233225,0.02973730654281348,0.0,0.10934068474929996
