member,group_id,r1,r2,r3,r4,r5,r6
8691986,484784,10.544251812452524,3.48399059385021,0.5158172611541347,0.3693543885177451,0.5588921922967878,0.3107891049755023
6520725,484784,11.292005336583168,0.0,1.791592523912231,0.3876666658047323,0.728591810970103,0.0
3415066,484784,1.5269079278291033,34.89784185052093,0.12858634976416392,0.1860805461333259,1.4677554583864634,0.27917359275748377
29130142,484784,1.4422306873233206,0.05307332402206162,1.761803381300827,0.07610330404424026,0.18326465766727285,0.4538820005168518
10437540,484784,2.181322056931725,1.4344780016434708,1.8717160446708045,2.2753481024437274,0.0,0.0
6400554,484784,0.11361540669821488,5.884136615793402,0.07319137192025996,0.5076464548227307,0.015295203399181818,2.748921942021326
9112239,484784,6.747591539874761,0.03034216523776977,0.24973343433339862,0.14316133149328897,1.6108068784936866,0.5276681870076978
75210672,484784,1.427190358885034,0.0,0.0,0.6090927371116522,0.7445090059107334,0.00787159265979061
37887792,484784,11.173540907580175,0.41762494165338404,1.4266965473754365,0.6587284705750482,0.58569838633871,0.10557229248857594
8429233,484784,5.8316453834882225,5.6838976183898415,0.0,0.3106669794044791,1.4021233881516824,0.8399357091272159
117663552,484784,6.497560916673766,0.13836918195049872,0.41707220268129275,0.0,1.6305403581751772,0.0
3871942,484784,9.779628046067707,5.481721775564319,0.645671809044603,0.9705859157874622,0.5024206966894155,0.4033309824904061
8692040,484784,15.733232990863188,1.9843808150680975,0.8130601015886681,0.0,0.3252658975176975,0.0
6888009,484784,15.199813786409484,3.2294964694274397,0.28411744587405585,0.19099358061163246,0.43070060459641296,0.007362448150752426
11189707,484784,0.11395401531942882,3.1229071055153037,0.08550230236962926,0.7157810621924546,0.49895792065392325,0.4179493625432174
9366484,484784,1.9021345253391477,1.6859708216225782,1.6121428212495128,2.5153801335352304,0.0,0.0
5694808,484784,6.564155883821591,0.5031716041533054,4.7388658610014796,0.0,0.3985520603385647,1.4444803117919987
492251,484784,10.934398713864157,2.0545681692215365,1.1236217636644208,0.19640474738537378,0.49620869693830416,0.2986883103343474
94437342,484784,6.742938563860236,0.08183310402905515,0.0,0.11757034219890676,1.715597042307494,0.47097941291376355
10759398,484784,11.141977029536779,1.321366070486414,0.6552111822758175,0.26267463446015243,0.6553386877622793,0.12783296999657778
