member,group_id,r1,r2,r3,r4,r5,r6
8493248,484784,10.599591956549455,0.16659850598608225,8.45606878589036,0.0,0.04582092252006366,0.0
5807873,484784,7.765704560383194,2.584454242341075,0.47224847127206343,0.0,0.5942758312461964,0.5527365979289891
6629567,484784,8.186107169606075,0.0,1.309188052131826,0.0,0.43071327347901034,0.41627481213553913
3871942,484784,10.311271550215247,2.019966597576747,0.4099182725392472,2.537416557555503,1.0202073483513874,0.0
8692040,484784,26.357297522650484,1.5349199964819853,0.7637925214939859,0.0410424744612057,0.10240020542084263,0.2640384229564498
7922665,484784,10.21119479277218,2.293963624101055,1.2383091567082571,2.2991662366294023,0.8734227074577169,0.0
6400554,484784,2.78278082036699,5.893715992837355,0.02494086798495428,0.0,0.0,0.4443505794088362
5359531,484784,1.3387657856219146,0.0,0.8076958200671781,0.0,0.4580009259737992,0.21909145430119334
1750988,484784,10.195547935668035,2.9475285258256574,0.0,0.385036543590918,0.9760611921412216,0.0
2595088,484784,9.741522340957484,10.149400932169689,1.6597729730306374,0.26350604950803375,0.17815956181906623,0.44461510323469294
8429233,484784,7.311187912968338,5.654886435874857,0.03933956062596923,0.0,0.8601198794276379,0.053364493409147826
8691986,484784,0.09435657549081425,2.707336831002021,0.34232623016057806,0.2071960533224863,0.32133021333639333,0.5403004682869049
26614872,484784,1.4520015692281973,0.0,0.05886884198578243,0.1150513228124322,0.9573956478400345,0.0
11961497,484784,12.379136487739128,0.12233009720676416,1.8307880081659609,0.2570032652108775,0.4290072253683524,0.35495299179739487
3415066,484784,2.7083941732314143,33.057146263839414,0.06978240071186112,0.14621253890088437,1.196575628312342,0.18106144307994054
8039452,484784,8.418260158277441,0.06890164970997704,0.06131350896271553,0.0,1.0368622987281244,0.0
9295741,484784,4.095695711371854,5.044011459048124,0.19728287645230694,0.12689808713055228,0.0,0.08864593971076326
4069695,484784,4.175833234960676,5.092588175888022,0.24029806743561496,0.07585141974244415,0.08093793162035706,0.0
