member,group_id,r1,r2,r3,r4,r5,r6
10437540,484784,15.955397466977491,2.5334678338811973,1.4582904878674952,0.5722841836486733,0.0,1.0778781651605491
86347972,484784,10.513754630189466,0.3310285529518126,0.0,3.370160826365154,0.00897608065408305,0.0
8691879,484784,11.486046872222323,0.0,0.015191525167546117,0.23294886039442111,0.12063983516725617,0.7247988252821206
8692040,484784,10.897392375565598,1.768292875563274,0.44358457048578975,0.0,0.32433539308938913,1.0484766722219117
2113690,484784,10.364727640958042,0.1352951199508108,8.084403733413005,0.0,0.22498387169052986,0.0
6400554,484784,0.18483872875339463,6.484107866105551,0.08256296074423386,0.676019540962757,0.4599948114465149,0.4009375876591635
10497643,484784,0.0,0.09689787461284245,0.3860115818336599,3.1145856662699267,0.0,0.1982556686424608
48567642,484784,2.2169998419585797,0.0,0.5201555711012823,2.014295296575676,0.2608010062243337,0.9752761767727689
10051760,484784,10.151567488355315,1.6578995758001795,0.08641815509803243,3.3189100139539174,0.016826315091527815,0.0
53014162,484784,4.529046300556031,0.09172181125253497,1.7021804155839,0.06683859244121243,0.0,0.8327797595815806
8691986,484784,5.278126631492694,3.3346195544878467,0.28219375974309596,1.3876845202842296,0.5216313304913802,0.9268987479946016
9366484,484784,15.802364706406104,2.9038884671895575,1.2846079705467246,0.6730998360708479,0.0,1.128015887635946
5162101,484784,0.0005404079582478751,0.020884159135424622,2.4443986293885773,0.5412497414380487,0.0,0.7503160672646586
14615091,484784,0.9435710858236638,0.14426090986250692,3.858020749681876,1.2476656803647783,0.40062375131811423,1.225192704182434
3419991,484784,1.117074679477557,0.0,1.9558098539458226,2.0644449045488873,0.055717398379003184,1.3353329407144465
3415066,484784,1.4218298573057682,36.634469748574865,0.0,1.4291393959757561,0.16070056468844285,0.0
4069695,484784,0.05451426010584283,5.700033730604298,0.11551468723769164,2.145031890405255,0.0,0.17331862753254373
