member,group_id,r1,r2,r3,r4,r5,r6
177708322,4866792,0.11996075657976298,5.721809667851707,0.0,0.0,0.5470544280719276,0.8250301837448191
72171172,4866792,0.0,3.3706850859060484,0.41622844938488995,5.513896536254635,0.0,0.0
2339468,4866792,0.0,1.0898388861108466,7.805256542436399,0.12289725259749153,0.7178467672851433,0.0
8831891,4866792,0.009720765777236942,1.303676823281736,7.222625405140692,0.39803842933783795,0.4580165761857946,0.0002492887182392924
85524212,4866792,0.04231737393910596,4.388557629748207,0.018308443495094345,0.005522263245068364,1.2937698226474055,0.0
170387892,4866792,1.8496710582468332,4.6298684683600895,0.10435829879239139,0.0,0.0,2.5106458982838276
50104662,4866792,0.4409904875987533,3.1987030537998535,0.0002805776964488349,0.05793932613271154,1.3166061217940175,2.1370469032391797
2358808,4866792,13.369362729543928,0.0012874269725611871,0.03516045700883864,0.12797266743867278,0.9327407408744918,0.0
154902332,4866792,0.0,2.2995217445577567,0.062168105945491624,3.9114813028659285,1.5089044432748995,0.0
