member,group_id,r1,r2,r3,r4,r5,r6
13558756,4883732,3.8675260845900636,0.0,1.4096366697839433,0.0,0.6700510942804394,4.634503882097578
13739789,4883732,5.143026696561111,0.5550119205191164,0.0,5.1337079444887115,0.0697651270313732,0.1881860121514186
61997182,4883732,1.0370530994380092,1.281079783453358,9.411540049875141,2.268204969859394,0.10702159584817876,0.3625231494557537
