member,group_id,r1,r2,r3,r4,r5,r6
97364002,491667,0.4996611898738075,0.8810976380962333,0.3818930994207109,2.7005473976814964,0.5577275558632017,0.00027146590368710353
183259746,491667,2.132053545948362,2.389698927958121,0.3428493441828119,0.023634555289664055,1.1058534664747983,0.0
108182632,491667,3.4277198381903964,0.8003116296614787,0.0,0.3524015326706799,1.1126998299797113,0.08646314899068244
146711922,491667,1.5186971165976595,0.009909645474724078,2.318575963665653,0.09290778398052452,0.0017625536619054138,0.021806091413016204
108798772,491667,4.8746046924996245,0.03245767748415083,0.23965911766798167,0.40268683526722615,0.0,0.03729912282319975
93812382,491667,0.31477168344649903,5.1264088479327405,0.0005485673081781244,0.0609752257604951,0.0035302012412958134,0.17389837817025633
