member,group_id,r1,r2,r3,r4,r5,r6
62084352,4983442,4.051857359076499,3.8396826783824602,0.06810174574701124,0.06675588094218651,0.0,0.0
61945062,4983442,0.9027790365571977,9.37653173286536,0.030635227223014084,0.3228679893574725,0.0,0.44481951658129565
101404712,4983442,4.673787284762745,0.027422944955729358,0.14734212752148862,0.1586844477655095,0.18519867364412923,0.1973536805720689
181877162,4983442,5.116347990054332,0.06250079537148992,0.059920753076248535,0.0,0.006047360794648125,0.41392390476392155
61948042,4983442,0.8456296843668468,9.933723090128902,0.0,0.198433599285341,0.06300275641015296,0.3763201168030656
8803949,4983442,3.775279393152086,0.0,0.1619409631385911,0.427153629670322,0.20157354519267492,0.0
161039662,4983442,3.877204332899335,0.013382395401248075,0.013004927683541622,0.4856389628323141,0.0,0.23064358704889842
65247822,4983442,6.807721318897988,0.0,10.34734605154513,0.0,0.0250175958514421,0.0
183635121,4983442,3.8253801911887835,0.2896293125510905,0.014551192347402207,0.475713164570206,0.0,0.20067809975273965
132148722,4983442,5.3783860064389835,0.866582231611973,0.04683277470398922,0.223875551908623,0.0,0.15653036317325839
182807538,4983442,4.048379172832211,0.0012239789239509784,0.0,0.6064350240260682,0.0,0.16840238908523725
116628822,4983442,4.930380169947286,0.2400081297568803,0.19567581817654453,0.0,0.29031692999128156,0.0
183106294,4983442,4.048379172832211,0.0012239789239509784,0.0,0.6064350240260682,0.0,0.16840238908523725
113685942,4983442,5.374304154264373,0.03415070957579197,0.03726345919646748,0.29059884051288265,0.0,0.23669857459272753
164424092,4983442,2.282305524683045,1.0416830655233529,0.011189135554665379,0.9517384250054601,0.2043201667562184,0.0
