member,group_id,r1,r2,r3,r4,r5,r6
120495522,4995352,4.8416225271573845,3.3046583429802983,0.0,0.3970808682295112,0.0,0.0
113915462,4995352,6.235203372216279,1.688802111511509,0.06503790860329124,0.551902618993437,0.0,0.0011400077510346919
115572232,4995352,5.462201900201302,2.1442869699113847,0.058098120266508575,0.6469344905859594,0.0,0.0010189331595384632
10863656,4995352,0.062478981993480814,6.447353249401198,0.0,0.30287617380181725,0.6290017828827298,0.0
157577932,4995352,1.479975592684191,5.331824539646624,0.0,0.7981680958210783,0.0,0.0
132580302,4995352,5.526618369913356,2.1063301962408176,0.05867717607070973,0.6390152593432167,0.0,0.001028995198864096
177664112,4995352,3.5297075527738606,3.282943562631584,0.040726853388843194,0.8844945787658147,0.0,0.0007248999720989374
185019891,4995352,0.029008029058688697,7.332482836737559,0.2524740656507757,0.0,0.4344534621742971,0.0
133252312,4995352,3.8517899686077914,3.0931719416043557,0.04362202541745882,0.8449028491494026,0.0,0.0007731535980586667
177930302,4995352,3.465291069607067,3.3208978868370345,0.040147818983137594,0.8924129246891004,0.0,0.0007152492469064703
154022972,4995352,2.370216251263991,3.9660979715819535,0.030291667505999143,1.0270166180875009,0.0,0.0005547336978180215
61997182,4995352,8.787358785017167,0.0,5.291895634408076,0.0,4.6725733370215125e-05,0.0
