member,group_id,r1,r2,r3,r4,r5,r6
79764872,516512,6.307731266402718,2.171449386032926,0.0,0.6309590330638825,0.0,0.0
40648392,516512,18.767332543742302,0.08024775133069495,0.0,0.0,0.2133676250625453,0.0
5938254,516512,9.409883490496505,0.27959437595408876,1.584424910823757,0.1429319107998,0.0,0.6450634115790828
84861072,516512,6.860182713842461,4.0514712948181285e-05,0.003287197985942209,0.7339003082886804,0.0032061305789211707,0.0
46288432,516512,9.601408440943896,0.00015508450886928787,4.367403457873567e-05,0.2922392730779322,2.12181894329611,6.167134756592344e-05
86433522,516512,6.849757038618668,0.03986318833009228,0.006941282094501827,0.7323052039444572,0.0031167855511008056,0.0
84875162,516512,18.76201810781225,0.0,0.0015973506824444308,0.0011269257670491635,0.0003041586940986393,0.723051620266965
5091165,516512,0.35566569304469037,24.421476602587603,0.18873233835333378,0.0,0.14520587095724913,0.23022280518796365
