member,group_id,r1,r2,r3,r4,r5,r6
7651521,516512,5.078533155135667,0.07875988227816053,0.0,0.5739364746415038,0.003416129928228222,0.2001108564404582
10521697,516512,11.539460002723754,0.030998312693839278,2.554661122642709,0.29386911967751145,0.0,0.0
11065829,516512,4.930602548812163,0.9108348853117016,0.0,0.583204455761819,0.005175271370270567,0.1662060511548327
137406342,516512,7.568799651996452,0.030303147113174996,1.1526164000028345,0.0,0.49378678454461283,0.5629729867845735
79764872,516512,4.716071208560301,2.1174613706583942,0.0,0.5962530079228768,0.007731334768871907,0.1175775112932312
127592842,516512,7.535081253652053,0.09854248221956721,0.0,0.3669656699045974,0.9275549243041351,0.0
5983832,516512,7.571498537342932,0.019549916886657377,1.1032097263882383,0.012546105723661301,0.5164666260200886,0.538039216631593
49800662,516512,5.0801944458440484,0.0,0.23488444507203896,0.28136111324561713,0.0,0.6155129322046119
69182392,516512,11.55963321485977,0.14752092267903472,0.18075050396216594,0.04222981851873456,0.020793870967023075,0.35205280048803295
139788282,516512,7.522197097413997,0.5521899461701995,0.0,0.3016097988245947,1.1746842802023802,0.0
151463292,516512,5.086436243515926,0.0,0.012154569713495333,0.30124540370196884,0.0,0.5767043261118089
5091165,516512,0.42327618600574274,24.74334014605625,0.011836989361849628,0.5648148624285949,0.542376923314367,0.11138659925008491
