member,group_id,r1,r2,r3,r4,r5,r6
79764872,516512,7.3647430382674255,2.233936815841,0.8727553637532206,0.0,0.0810644705482618,0.0
103250152,516512,10.760656891361991,0.014507203555502573,0.056415576609341496,0.0,0.0,0.017540730423466728
103579912,516512,10.742784943095803,0.0591894520368806,0.05717405750566347,0.0,0.0,0.017302534800334834
98548492,516512,6.0775179996666004,0.21921899142664714,1.3891294388618909,0.0,8.256736594576765e-05,0.0030672848759709798
9520175,516512,7.644202873277476,0.09434647697443882,0.1377861286673375,1.021277007409552,0.0,0.0
12917879,516512,10.862307171382446,0.5951540605384281,0.0951085005736442,0.09018124452335322,0.06345791370239669,0.0
5091165,516512,0.5314199848278082,26.456994736174863,1.6258376260315999,0.06377128043760406,0.0,0.0
