member,group_id,r1,r2,r3,r4,r5,r6
11632358,516512,18.914164599405332,0.0038653817199229027,0.004516100353512522,0.2597050082224486,0.038576554315802786,0.472967323958498
5602141,516512,4.6509766774750085,5.829360318131781,0.10195139332008671,0.0,1.198053071600221,0.07365870005328529
5378701,516512,4.687546387595665,0.16803189395557347,0.05171867883761893,1.3827421608036308,0.3049212326731436,0.04217675237377417
12779150,516512,9.139233872731758,0.1052160364623152,0.06978687095966461,0.039622730356401986,1.1259334460757797,0.0
8510099,516512,18.91176576845205,0.3276222453562731,0.023084118710539264,0.0,0.32843345657081574,0.0066904373693262974
13056888,516512,9.141841997839338,0.054671178089602035,0.057066462249337965,0.33698019407591107,0.8027803267576802,0.45656912305857744
5091165,516512,1.5177650596278331,23.774885419004086,0.024400335261391085,1.1000209059386488,0.0,0.47854085755297837
4358783,516512,5.959957914144446,4.758347965749558,0.08165533707547126,0.06565419284111235,1.1362422563044199,0.0
