member,group_id,r1,r2,r3,r4,r5,r6
136962632,516512,0.03939371086191201,5.795828570345965,0.7924655012923797,0.005104014171969236,0.018571477873006403,0.41487676186739125
79764872,516512,2.2084253108802607,7.109495371119599,0.23063725719969322,0.0,0.0,0.17715673411317123
129115242,516512,0.11966456268355001,7.741112886821073,0.4065641688957123,0.01431631813811874,0.003771140247048997,0.10997853578997041
141152072,516512,0.039325976297499725,7.765402892489465,0.4132841170212175,0.01589561428250859,0.003984947686680053,0.10728721207728348
127592842,516512,0.43899241679193274,9.46205598368268,0.0,0.0,1.264551472859702,0.0
67580082,516512,0.32057930053277534,5.726853301162227,0.7679586513432775,0.0,0.017112641183622154,0.4212116647758625
139788282,516512,0.9229378232897336,3.040220235727997,2.2038955680727135,0.0,0.35698373887505597,0.0
8848667,516512,0.036975672602873474,9.647936692463533,0.0,2.27577755914951,5.589154881265762e-06,0.0
139155452,516512,0.11973245378127256,5.776121355329606,0.7854636159648203,0.0035286142550510664,0.018157312567358013,0.41670019284839316
5091165,516512,24.10044188453204,0.0,0.011667248015403043,0.15023912479435314,0.018068141773639867,0.017843897676122225
140712702,516512,0.11973245378127256,5.776121355329606,0.7854636159648203,0.0035286142550510664,0.018157312567358013,0.41670019284839316
