member,group_id,r1,r2,r3,r4,r5,r6
11065829,516512,34.38786233980736,0.0,0.6312713765167622,0.1577252174860123,0.0,8.413949090311835
17177481,516512,34.33676599377258,0.0,0.009483987284727383,0.16322425214023478,0.0,8.57102810313023
5091165,516512,0.33129950476085773,0.0,14.914147429537444,0.01746782900453117,0.010177591332030647,1.0555283731186706
18249951,516512,34.340853701455664,0.0,0.05922697842329196,0.1627843293678679,0.0,8.558461782103784
