member,group_id,r1,r2,r3,r4,r5,r6
8360649,516512,2.668742546471264,0.5010290551503778,2.4250689416233278,0.3040493748459981,1.0794600056162058,0.0
5602141,516512,1.2590036970479954,11.088839856247244,1.9323320064597087,0.10252588604955273,0.30950856651967823,0.0
8387729,516512,2.6240190793735785,0.0,2.4904438113556315,0.2636953825801447,1.2523951338160286,0.0
5569620,516512,7.675001115567993,4.227113144633084,0.0,0.04826257757584161,0.889012563756404,0.0
1776853,516512,0.004657015698383906,0.06984389992191042,0.13200393825055937,2.8581722474724334,0.10356709595057784,0.008528660706437048
8369208,516512,1.9425682093974423,0.025429845539350016,2.973264709592004,0.22242244859476426,0.5456519518421427,0.3649193754045118
7164379,516512,9.16273551812459,2.6027150931100933,0.5301307127154274,0.250617987999576,0.0,0.0010237705975241903
6899196,516512,2.791059637353037,0.6315126720241611,2.7166788204506025,0.8363400215681556,0.0,0.0
7300349,516512,5.476293033667878,0.10761790397585648,1.5116759021639397,0.17954000505830578,0.8428047588871086,0.0323428358791082
4358783,516512,1.8784201217160164,9.052349907059499,2.6208060006745875,0.0,0.0,0.007013513038026856
