member,group_id,r1,r2,r3,r4,r5,r6
9052656,516512,1.4123985266980383,7.994266557626196,0.0,0.0,0.0,0.0
5335088,516512,0.0,2.5583035866491377,0.39947437420944176,0.05207023561411833,1.4358574720767259,0.0
5569620,516512,0.0,2.5583035866491377,0.39947437420944176,0.05207023561411833,1.4358574720767259,0.0
