member,group_id,r1,r2,r3,r4,r5,r6
89898912,516512,17.729499066696654,0.0,0.17584015388531127,0.0466680696534398,0.0,0.0
5091165,516512,0.02790897245712438,0.0661763205139608,0.0767749906090509,0.015182743397272694,3.7044336242884817,0.0
193960190,516512,17.729499066696654,0.0,0.17584015388531127,0.0466680696534398,0.0,0.0
