member,group_id,r1,r2,r3,r4,r5,r6
4350348,525706,0.09521417782209292,19.088065292380247,0.0017589854200004186,0.016121878238326906,0.029894103551156223,0.0389419308693046
5029006,525706,3.964664171048224,0.15378065523196222,5.274312660836756,0.6619839414430883,0.39141192379083534,0.0
4044432,525706,15.627891864260643,0.0,0.961770218872719,0.0,0.0,0.5592806780967781
7345681,525706,2.3046541531064113,0.10690077405075325,0.5785696659748781,1.3715733506893397,0.4905502323994968,0.9969075189013341
2676380,525706,3.9748999734417203,0.11078592157918284,4.447731287692478,1.0093849233580643,0.274990740909017,0.5486117610218488
4243249,525706,3.219340777714388,0.002256360837060564,3.2435443890786266,1.3679962286330312,0.3606149592922606,0.8419728296445478
7084337,525706,3.994110898220841,0.008525017241227801,0.3441412968592962,2.3134473400764555,0.3019882802443663,0.4398035743486519
6357689,525706,3.2144276446496827,0.013759535031937989,0.0,3.311524756703244,0.2846006336298471,0.10670434663207372
7387968,525706,5.333593371096034,0.061063841840122056,0.0,0.379615035809285,0.3258093049790835,0.0
7501505,525706,3.9962062714213396,0.0,0.07891177579699711,1.0476622765769081,0.4590756122643226,0.0
3837637,525706,3.990690477041796,0.032474577410550924,0.2198996059303123,3.47852987996301,0.0,0.8292440408487596
4388424,525706,2.008306872373206,0.20785479217033892,1.945716530766402,1.0264911135915546,0.5363405967963789,1.153888240996407
5231436,525706,3.209231453287084,0.06218723812099804,1.925291999180409,2.061675499160434,0.28958832012674424,0.8774090888701263
5344723,525706,5.276380493344263,0.008702312274885445,0.12710323479002184,0.2985273154378105,0.3170161462365396,0.21259562136413537
3998426,525706,2.3145256641148917,0.06741570862491925,1.3524728163169681,2.3411637473923568,0.28881379637581134,1.3670790915677795
7507819,525706,3.9960513444289845,0.0004023577370966354,0.0,1.097647463977908,0.45118265263542456,0.0
2393582,525706,5.291066978687688,0.21883806722220023,0.07740230134452646,0.3067229333307923,0.3253028693363451,0.0028602474155298343
6863473,525706,5.2760089559735865,0.00715068534226647,0.0781745424483921,0.396534490973154,0.34101373042080263,0.0027460317813920035
4885240,525706,2.0208031861320865,0.13367857418349557,5.095949333070941,0.11482484603442851,0.7518379207000893,0.4418361258996794
6859007,525706,3.194900272341409,0.16851062975406012,0.23470307023088138,0.0,0.3911795506822524,0.6754058811151975
