member,group_id,r1,r2,r3,r4,r5,r6
2884706,525706,3.6586491872666187,0.0,1.0615290206456447,3.5741495249469994,0.004362151555278745,1.1212014116883264
2923877,525706,3.6350301099268534,0.004785172752894286,0.0,4.392790905215827,0.44095039944687464,0.03420764267012842
4388424,525706,5.014674021846323,0.19251217427105505,1.4522922524882085,0.2540083386988221,0.5774377604984133,0.8465415610418935
4350348,525706,0.1121605624299782,19.104753056619554,0.03707235710533704,0.00013271180517741572,1.1667237598264362e-05,0.021403154541247246
4395660,525706,2.52012638166351,0.10260843075961175,0.22813471252212006,1.0248616185185466,0.7691510582451578,0.8902730423574201
4214615,525706,0.040053443581639876,0.0009295020149392246,0.21856658656880476,1.4133645365709153,0.8390158630281362,0.32663734388262455
2393582,525706,3.733324075244023,0.20965226690319372,0.0,2.7927310675045383,0.7382890405309863,0.0
5392493,525706,14.743783348490101,0.0,0.6224319284409449,0.1942615463767451,0.20657994368194035,0.1326373119326509
4389175,525706,3.6394299609143013,0.008386875538104726,0.004498941294858957,4.257518918785745,0.29389461802155553,0.40206113874868826
4885240,525706,7.475365043916228,0.10893172782607943,4.2523199338582485,0.0007670185520480875,0.21322243767794075,0.4121854031612459
4260153,525706,0.03306759962677955,0.0,0.0457710550210388,1.6380659586745543,0.9748487837250398,0.0
719099,525706,3.701627913335821,0.0171939390068461,9.675848204531547,0.5149455738513263,0.4212003735100306,0.0
2676380,525706,14.748052484572929,0.06660802854199657,3.3728094930243686,0.0755704421267553,0.03286433482324021,0.1429010438095736
3966526,525706,0.05889095066712953,0.038916140913297405,1.819476074582578,0.22054503714460633,0.49992488836988136,1.1747086301770993
