member,group_id,r1,r2,r3,r4,r5,r6
11297056,529399,1.4142078920288599,0.0,0.0,0.8242959325116562,0.25237686260043773,1.4352528781941183
9735745,529399,0.9613490374764668,2.8060801011283014,0.3451425381821269,1.4802859750327133,1.063790101576114,0.2745664934651167
5592225,529399,0.7077109050576181,5.741146350838699,0.12779180862141104,1.9953062699085775,0.41718251556267255,0.0
3881057,529399,1.3085567411639603,0.81023627365143,0.18811205119722813,0.6937525379930545,0.15226197815166592,1.4782412162037764
10257411,529399,2.047170162978639,1.0688260279708934,1.7464014938569348,0.3319426256947813,1.283094852364759,0.5425673660925251
11493223,529399,2.8154926650180387,0.0,2.538855633519674,0.01677028299270207,0.010444735295806327,0.4560127410363819
9596680,529399,1.559769150033078,0.25177467203086457,0.2990916224286709,1.4592591787807776,0.4754532249161935,0.5200957753345472
12454668,529399,1.8355486868486952,0.0,0.0,0.34220493781707534,1.4500168697375893,1.446451555672602
824589,529399,1.179825898832137,1.7522626313109113,0.04230317128864227,0.4915100042455045,0.15329746211929318,1.688298832813641
9696237,529399,1.614663343784507,0.24141286431053663,3.4457208739378626,0.267356961056803,0.6181216154697659,1.1327245332926565
10579824,529399,1.3964789840613956,0.1325950784646109,0.0,0.8004712878187207,0.24915819110051549,1.450071042980277
11664944,529399,1.8109897452246628,0.13119771433948607,0.0,0.3182868715420579,1.4493419830105454,1.4697304195914431
10863251,529399,2.6256208367925247,0.0281136962652308,0.25509477976785006,0.0,0.0034359879006858065,0.7118049347831803
5953279,529399,1.3251517960433743,0.6746544867340252,0.6030902815493295,0.7025646977885147,0.04093783481645914,1.4110001529931915
10863384,529399,2.622799185815645,0.028224520309909504,0.05091389013990377,0.0012848680031956085,0.14233138016323957,0.745587173915958
2513917,529399,3.005681414137205,0.14928504813539556,0.8415140954492079,0.13099817676230768,0.6830694487065314,0.0
9971870,529399,1.0826612158368045,1.0449312838180556,0.22298294378961828,1.7292670836449326,0.7632489671963615,0.6801630512826361
4130943,529399,1.5149630024469392,3.6463632908611685,0.014130088944069221,0.0,1.4455538793353806,1.0144911937096996
