member,group_id,r1,r2,r3,r4,r5,r6
127022592,5300812,2.905385608611304,0.0008570116695639132,0.11600579020395337,0.5842721954681931,0.40417385639162395,0.09261770589231666
127627142,5300812,7.17911143844412,0.22039709786955608,0.0,1.9798842639989223,0.02724145935563198,0.0
120270732,5300812,3.999654898414654,0.006037950710367167,0.006925540340872428,1.5599747871677143,0.3309238214496277,0.0
100786322,5300812,4.643430986568275,0.02534222422786999,0.2830911325628039,3.330286007408436,0.0,0.618026071698557
12213395,5300812,5.332213979162813,0.06093951417479488,0.2528857331982003,0.02516419026333126,0.20206175618113645,0.3491076950475566
111576622,5300812,4.017741966311751,0.5527479015721062,8.426306324504715,0.32853465279483574,0.030797007669654188,0.0
10539439,5300812,1.4115004357570202,2.6897354938111477,0.07012099974032648,1.7850884576588302,0.4842625955905813,0.6608043965019241
69846832,5300812,7.88638927093328,0.0603039070732445,0.04714519474663193,0.03884054553102431,0.03881513245692422,0.5058438275818621
126084402,5300812,2.332452382795542,0.1720504525137141,0.0,2.6399265366065428,0.4816646446837788,0.0
14530868,5300812,2.815628853374056,0.48417943188874685,0.4479882544772667,0.3155219116016124,0.29646824138902517,0.42323058604464864
121210562,5300812,2.8876532557662853,0.035594161659460964,0.07105304247507885,0.41093973043043197,0.31351147962553716,0.49308541644775594
57903822,5300812,0.31235110736730887,15.823173814176199,0.14439066669157763,0.264256013171757,0.3142499416540792,0.1376894069526133
122215502,5300812,2.8813080995070512,0.11246080384798664,0.9871068910824258,0.23661886141394167,0.31949604458543973,0.35683754059765993
92569422,5300812,2.76358425003419,1.1211231321460975,3.0753845678499805,0.2851016026652064,0.24173264794620625,0.39253076849739904
11667410,5300812,3.428344543203695,0.24638620021590216,0.11634295702068938,1.3255495995772608,0.38914867385503876,0.07593491673531164
30344792,5300812,2.8282271502924208,0.4306915319096532,0.0,0.50882105677708,0.3476406025854281,0.25562958266276775
9614952,5300812,3.396743721928126,0.3281033193863483,1.1530270290573046,0.7351571385536347,0.1958171871795263,0.7896973548608937
52870122,5300812,3.471901308450184,0.0,0.00532964256279742,1.4066668356507253,0.41720984460900573,0.0
60223482,5300812,4.003818244531086,0.0,4.2646946236262755,0.0,0.1179113106235718,0.45311063972492704
