member,group_id,r1,r2,r3,r4,r5,r6
38994242,5300812,2.678191835449129,1.6164211499071783,2.6196830634333232,1.8895268686500999,0.5224418806480692,0.0
9158693,5300812,2.8975041553256773,0.004942029011941862,6.3837976087179715,0.004818477555931256,0.003982277936244276,0.5276999962164562
9614952,5300812,2.880872764304548,0.2631520605717609,2.2843180510312457,2.253190026967813,0.556933755017299,0.06587472775496095
64570312,5300812,6.133936030892599,0.5757273931164136,0.0,0.4869264318863697,0.0,0.43091185189663855
57903822,5300812,0.43856657094966905,15.872491198736373,0.0373677361261829,0.0,0.2636608695810503,0.07265988447843023
13640946,5300812,12.218628377184686,0.15178707693055773,0.23073160808614526,0.10872335665385537,0.13952727697695227,0.04849963176217903
14530868,5300812,2.8644309602675686,0.2920365610721697,0.8863003361611523,3.1238505558218193,0.29651831255539113,0.30738685733086674
60526132,5300812,6.397283391849419,0.0023176155182260123,0.4952017753347447,0.0,0.34491917716866904,0.1290097192809851
12834744,5300812,2.9125298958338814,0.0022402933976391004,0.5521213234987741,3.3328341986457266,0.4123977890957768,0.22645780989952938
9506043,5300812,12.219700211559244,0.7678708403208695,0.0,0.1344417332228657,0.0,0.09443946911978952
