member,group_id,r1,r2,r3,r4,r5,r6
188399950,5318972,0.015844954940930953,4.470703816679979,1.1462457877130183,0.0,0.0178059204594312,0.08955315985712585
185524884,5318972,0.11163488074869864,4.4250176502420215,0.12312899593415363,21.643758145158902,0.04180960486904682,1.21674921690228
49743672,5318972,2.698041900129736,0.03596874292361907,1.1136067668247545,0.0,0.004163098115073738,0.009837900329666647
11664857,5318972,0.013300098593346805,2.192103170634832,0.03604579087114336,4.220341753493386,0.48056629109778426,0.21357306730906142
189223677,5318972,0.005433625578267109,2.202492779961582,0.705277897879694,51.72260933857242,0.23436779591364254,0.2707867158698878
