member,group_id,r1,r2,r3,r4,r5,r6
49743672,5318972,8.588212021135423e-05,0.07340185532584526,20.105568058377624,0.015603685267774265,3.4435983766027976,0.0
195894005,5318972,0.021182668286341976,17.37948384855195,0.0,0.29377336851250135,0.0,0.060579125312357304
