member,group_id,r1,r2,r3,r4,r5,r6
8438144,5333152,2.6741794822208766,0.38839421925528744,2.91197497690135,0.5853588978262626,1.68159895848614,0.0
57759622,5333152,1.4451758555496181,11.467101328110964,0.0,1.5164476908822684,0.0,0.0
17192911,5333152,6.719081525083325,2.3892527465670983,0.35266560307076716,0.0,0.9599517845552119,0.4160810490710637
81157872,5333152,2.5584337521463594,4.2079839499801075,0.0,1.7888416184980422,0.0,0.0
81004592,5333152,2.725667563655917,0.0014287564807639317,0.6312455594086865,1.2196109339481842,0.0,1.9798900501536334
86290482,5333152,4.697256944466358,0.0,5.3080601335537825,0.0,0.0,1.3479097809902152
80428412,5333152,2.520864427480939,0.0,1.0241557794419327,1.1376226454603136,0.0,2.1333893603930187
