member,group_id,r1,r2,r3,r4,r5,r6
81157872,5333152,8.594251315151615,0.0,0.0026589911774915886,0.001290724962642585,3.492314276828346,3.725378987799282
8438144,5333152,5.333650154906191,0.015530940192902484,0.6496298873660494,0.47308711963929145,1.6121785198580092,0.12770062489141143
57759622,5333152,6.12637587553214,5.37337551357532,0.0,0.0016370568010845787,0.054232437731739976,3.826168663729867
17192911,5333152,6.6021146398275565,0.17800530018034955,0.47680395806223935,0.06359617930271988,0.7387581010127727,2.452583229633736
