member,group_id,r1,r2,r3,r4,r5,r6
187537858,5333152,3.0097469673606256,0.03671817030828019,1.4182386586087015,2.197072894960623,0.0,1.6204842380801827
187505509,5333152,3.016086397700686,0.0002916515977985881,1.7714082647337561,1.693081167487754,0.8162344712794025,0.011453181124314765
12548966,5333152,1.9676867353684355,2.7099462725610852,0.008871174024045641,2.204404737909507,0.4672021678345933,0.21694392455684347
57759622,5333152,0.341063717089018,11.414378911392445,0.0,0.638813223260233,0.0,0.0
163417102,5333152,4.788597670526645,0.05235451844129463,0.0,1.254165873082859,0.0,1.0235878238435858
24314102,5333152,5.924111698899557,0.16498921063082522,1.4587548845756455,0.0,0.0,1.7487525226067173
34840632,5333152,2.9871704559904013,0.21616762963174802,4.932131359866312,0.10615317832065745,0.8234294936040318,0.0016859162580769743
97302042,5333152,4.802082156964319,0.03353845706716422,0.8786348838484183,0.0,0.7467093359384012,0.0
