member,group_id,r1,r2,r3,r4,r5,r6
182244162,5367572,19.55598076894768,0.0,0.06493420236228074,0.0,0.0,4.6327889047091375
9980869,5367572,19.072357231236012,1.212162627010589,0.007140194123274416,0.31726349087467975,0.01569710604789072,4.687839520933372
11523881,5367572,0.0019227817367232782,0.44906737039275085,10.031394665322624,0.0,0.019897024082910837,0.4860325103683012
5874319,5367572,20.004781443392176,0.37772024191719433,0.0034333404646799074,0.0034318775515266528,0.7241546883027361,3.400622082917848
13699354,5367572,19.33467986795966,0.9645580895548279,0.0,0.04976095988737538,0.0,4.726501537363368
