member,group_id,r1,r2,r3,r4,r5,r6
178197632,538504,5.9868754798236266,0.0069824086149058735,0.0,0.23429739660591473,0.08973631447778621,0.8239417962842164
11941953,538504,5.988574999847866,0.0,0.5139462076690781,0.0,0.8633867372069322,0.3051169844330923
159776322,538504,11.943490637147443,0.03193227273799447,0.001060671223306481,0.11588430095515481,0.5665286022339224,0.12655286874208815
178978792,538504,11.943867198311048,0.09025111075539101,0.3238888521219257,0.20347001117190222,0.6739900882935129,0.005156044471518481
8311402,538504,0.6765549224048893,16.70017454053079,0.0,0.5967674722336236,0.0,0.20586510559938884
12607786,538504,6.311847795404297,4.596800376409417,6.461167103592691,0.0,0.007029321895257956,0.0
7845008,538504,7.867443384067226,0.016268329930708727,0.0,4.5276528644872265,0.0,0.020789335273774374
179526962,538504,11.943647633745273,0.04937959092666081,0.04265010324933158,0.009752384915273787,0.0,0.31754063166244895
