member,group_id,r1,r2,r3,r4,r5,r6
137283202,5423812,7.699033902517488,0.014700307085063515,2.479820044416018,3.4813031441675966,0.08091371077929932,0.004830587397909111
165180932,5423812,7.713515247665727,0.015681065124529703,0.5277954115638481,4.086674173863185,0.04552058742486775,0.0
141784362,5423812,15.36981060323333,0.0,0.0,0.9000046135709644,0.0,0.029925695797886332
1754635,5423812,15.369763066450727,0.0034847395483394122,4.718771769023129,0.0031924671995392957,0.08468862208547323,0.0023146367940740176
182198322,5423812,7.69942383810662,0.02478785503237755,4.040110089896654,0.42585616663025627,0.013325725584206034,0.22965781383872394
66378772,5423812,0.09308313921752263,23.076375231475645,0.00021684581390769413,0.03507997828292679,0.0003946232683222792,0.020892106495526634
23855412,5423812,7.6991463286386645,0.0,3.8014122605197613,2.0402224609715103,0.09647392651779171,0.10228640111330912
170173372,5423812,15.369614514151738,0.6797463155680137,1.6016239179190974,0.0030936506865292483,0.2426465190746553,0.07762514976832165
9187900,5423812,15.369663631714495,0.028611327317097486,0.7105623378774494,0.4789232186639072,0.13717547383589915,0.0865105576199679
