member,group_id,r1,r2,r3,r4,r5,r6
2757025,5423812,16.285370474123958,1.0097444981349455,0.007515593385992852,0.006085862804533762,0.13038156503032894,0.09329789603481264
12832425,5423812,8.17331790624553,0.024113876782926886,5.1273810241112106,0.016785420031824077,0.11214739800277099,0.0015081769295073198
66378772,5423812,0.1561383246251724,23.040356790354434,0.19356804692421237,0.15412267492803536,0.015204285419070065,0.02207157909046216
48038932,5423812,8.154905825920395,0.020614127779480528,0.08679896686625299,1.1491905315676338,0.45623325340161885,0.2101115276516435
9278901,5423812,8.172252322818633,0.003272640588428523,1.0951653960587164,0.34329730104316925,0.6270665215654199,0.0470748758381142
105255802,5423812,16.285418783823758,0.0,1.4611056328112815,0.006267477392276513,0.10694079045688336,0.19268269318809284
126852922,5423812,8.147235103677133,0.0,0.0,4.076467879035999,0.0,0.0
91432222,5423812,16.2853874284762,0.16882509899775494,1.8418919295257823,0.0,0.0028362328768395608,0.26260300234630257
