member,group_id,r1,r2,r3,r4,r5,r6
34550432,5423812,0.0,0.0,4.621317040158624,0.46215377689710174,9.162136155353355,3.683364010880838
173025572,5423812,0.0,0.0,4.4175163905270605,0.15492723793949198,7.567429134723516,10.686941181488129
177748372,5423812,0.0,0.0,4.679130491304328,0.1554944617708797,9.750539540786212,1.5208721819544686
66378772,5423812,2.3920345160443524,106.03055763126714,0.0,18.96022264898614,0.0,0.9859374955033423
170766492,5423812,0.0,0.0,4.623238000469949,0.15536709669361057,9.32009297165698,3.4326798261067406
