member,group_id,r1,r2,r3,r4,r5,r6
146133272,5423812,41.95739535915616,0.0,0.031027935791619218,12.557807339774802,0.0,0.5386275847480105
183041692,5423812,19.670003280268066,0.0,0.0,12.005287453001362,0.01303766077901718,1.0967259566615017
66378772,5423812,0.016205951175948155,10.164995790908714,0.002390861290147182,0.11158556816119926,0.0011667136839915075,0.5769331546314226
182883824,5423812,20.25568408495472,0.0,0.04975947893070334,9.599564747040317,0.0,0.38796452213833765
