member,group_id,r1,r2,r3,r4,r5,r6
2757025,5423812,16.84547195131495,0.8823180260424186,0.6532536099310007,0.0,0.1068314359435181,0.09291374824184029
9313317,5423812,8.43685889741608,0.03519437856091522,2.126349435849934,0.0,0.028627555014907873,1.1004194573406225
50084392,5423812,16.845930215757946,0.004215646607947537,0.0,0.1483062458090886,0.0,0.024565020544262163
118465642,5423812,8.470082229113686,1.1312184802136084e-05,4.00727775877559e-05,2.4219444671440793,2.5584338685582023e-06,0.0
66378772,5423812,0.19000923213938278,23.04414475633653,0.0003625629492862294,0.26555159172473347,0.0005069674877490128,0.04507711096143535
72357242,5423812,16.845228499613405,0.0021750136931435,1.8021411139100292,0.07979800930495055,0.0,0.0
