member,group_id,r1,r2,r3,r4,r5,r6
179481122,5423812,24.082394072367805,0.0,2.9866322564979746,0.017110789483078287,0.16341975603652328,0.0
49101972,5423812,48.163787708974084,0.0,2.156832110720418,0.026823636706757237,0.0,0.0
66378772,5423812,0.18270871180900597,6.370233183058679,0.8054502708233328,0.0,0.0,16.440936767960302
11595898,5423812,24.04956640223927,0.0,2.3071003422730896,0.019814863382259806,0.2269815831861073,0.0
91432222,5423812,48.402460930473175,0.1827638676375886,1.5242683899242881,0.007098627801532241,0.1929724698827488,0.0
