member,group_id,r1,r2,r3,r4,r5,r6
2757025,5423812,5.688768818255565,0.992373946359761,0.13779699869923834,1.1881148190158604,0.6102645364150159,0.088389629400403
100985732,5423812,17.022920011399833,0.0015788916675664314,1.8678768888377626,0.005821954046975146,0.25981807191221734,0.0
3378662,5423812,5.935697947583224,0.007661654548508344,0.2591118223261018,0.9994956205766653,1.1313946097912546,0.0
159614122,5423812,5.931364809751013,0.0033481752025069345,0.0,1.8236733914809615,0.0,0.0
66378772,5423812,0.21173588888312153,23.049805592861876,0.08148465934412151,0.11490749356470396,0.014224511052674355,0.002906010638302269
155468792,5423812,17.022952293419404,0.3500149415159672,0.05045318001484219,0.016131630786320385,0.6572834185903258,0.0
14019613,5423812,17.02282789387757,0.00035668105472186167,2.53447443821326,0.0018277832175900579,0.0,0.004872538021020285
