member,group_id,r1,r2,r3,r4,r5,r6
10586336,5426252,4.120690351227146,2.164389818682463,0.010941126255062945,0.16900731962125184,0.0,0.2662642619534594
132931712,5426252,1.7262267294934759,2.3581485942471407,0.1529936624552202,0.0,0.5541949937274291,3.7723424063926005
7988420,5426252,7.543606657413881,0.0,0.9201412591025379,0.0,0.44471237788414225,0.0
5716488,5426252,2.9722389529221216,0.6182253269397731,0.7506403016442847,1.2450162991089173,0.7166315396621717,2.379153693956475
82685032,5426252,1.9010919860994027,1.4255755617106713,0.3291399891803232,1.820289070547066,0.28587616528476345,0.8331896792644086
106395882,5426252,3.479867023539619,1.5589381555799902,0.0014151753773271774,1.2785090735183895,0.0,0.16774233877848904
183632136,5426252,0.5471236846591525,2.8885365447740234,0.0,1.355898932895319,0.0,1.4219942018556408
186354858,5426252,0.11111193669909489,4.004791656311606,1.101600474622293,0.012646157209822134,0.1773355411660633,0.6006263160257463
185122894,5426252,0.03668690711507235,3.0189801761591806,0.7650947801184937,0.8928204770700845,0.0,4.943196955413822
12258127,5426252,0.0,3.102272388052961,2.8574257552076605,0.7001044197252974,0.0,1.812431634982138
153560862,5426252,0.6388620489899598,3.704682867526238,0.0,0.3920510325660826,0.0,1.0771940850215358
119076632,5426252,1.3729766111687687,2.00129892089444,0.00261004254681782,1.9547741643732959,0.0,0.28107763358552695
135366812,5426252,1.2796594352267099,2.5492674798960766,0.0,1.2001743885189777,0.0,2.0537461854716677
125781982,5426252,1.4615702588461887,2.864508014533658,0.0,0.7183264844253446,0.0,2.860648781270946
