member,group_id,r1,r2,r3,r4,r5,r6
10586336,5426252,1.878354093886866,4.331537050732049,0.010996147781518825,0.6302431448189224,0.31528821268270146,0.0
7726016,5426252,1.5142356722513084,0.012377985905797735,3.168708598275684,0.0,2.104551611897421,0.0
132931712,5426252,3.5267459060631574,1.0469706594468384,0.05755292438760985,0.0,0.0,1.0217343516439492
7988420,5426252,1.243634274854816,7.851455115065594,0.9585553138382403,0.3776277282887382,0.09352810542782874,0.7366142019011566
108489572,5426252,3.793151393856654,0.08153888767003355,0.0,0.006436948469144106,0.9927015835054256,0.0
10619782,5426252,1.00089910369771,0.0,0.34829984731764724,0.022335636001788433,3.7012334278587153,0.21284412354562193
5716488,5426252,1.6661357794075313,2.198159683401295,0.7784604737990899,1.132332079649725,0.016942676535113433,1.1270064199296752
23702921,5426252,3.6441326994470193,0.89869016837407,0.0,0.05231309255518901,0.8521940244672108,0.0
106395882,5426252,1.9813187392012,3.5221092744529146,0.0,0.919340013967921,0.06906911458230007,0.0
67373292,5426252,2.4360144988886168,0.25317481720186685,0.0,1.0988727290460603,0.3825706492320976,0.0
9515216,5426252,2.3290515102675227,0.6477685985226097,0.3765564985902526,0.9205685936896169,0.08972396045735163,0.8656837940350144
119076632,5426252,2.7247617208116655,1.2741458361405658,0.025563309449337136,0.3533402256290723,0.4407236911951654,0.0
112442002,5426252,2.3260794724877933,1.345776835137602,0.003338768409905416,0.9000836969386191,0.4343698183677967,0.0
8237778,5426252,2.520486930215425,0.18687849808100918,2.386881582371435,0.826129962306116,0.0,0.35737553185912396
101970452,5426252,0.9926511682577951,0.031932030654685487,0.44417281006909287,0.03858670300030581,3.757759563177888,0.0
112613112,5426252,2.3784892863260474,0.11115302111308964,0.0,1.248558595643338,0.32608159898714895,0.0
125781982,5426252,2.241049409762902,1.2048380206739049,0.0,1.0517450084532742,0.38173093595713675,0.0
