member,group_id,r1,r2,r3,r4,r5,r6
1768320,55272,0.06075510576339317,5.070203783590037,5.677616127791206,0.008018096133098809,0.7309759063247656,0.011437993090122268
8701345,55272,0.03163183818937383,5.196801600584886,0.09661341006852774,0.9495695036488381,2.162636800486003,0.13281114799424312
8727361,55272,0.005912287403742181,5.0666454779794385,0.06491503708400226,0.6052431560409074,0.8503431253361478,0.765034206420648
9081824,55272,0.3787436223969075,6.30629554899905,0.0,0.2343517512827081,0.08585211662437832,0.7687371148788231
8741095,55272,0.3533802899552048,3.5050505611957488,0.01164642537025475,1.2850364333794828,0.3478056248697141,0.43328524154775805
7070665,55272,0.016846180404240556,8.000304180679285,0.06395445090569814,0.02194973486555683,0.1462086851982912,0.8476795905663764
8787118,55272,0.23285284606126563,5.890032274757491,0.005917516802030121,0.27170633700605873,0.005509610978287957,1.0221312287481148
8548750,55272,0.47471162297989883,2.6394362563241502,0.004492623346097961,2.1543482009488373,0.582291523652211,0.05369158245237601
7092500,55272,26.2436059623855,0.0004917186007131593,0.587592647847851,0.0,0.132236646775991,0.0
8602932,55272,0.8383128217167757,2.6019094656796473,0.0,2.150933489454975,0.5823306938064491,0.0
2650644,55272,2.0507301282321033,3.0501957747551556,5.044660631541503,0.6454492943110142,0.25535834401174745,0.0006525928932450436
3409975,55272,2.215488231756693,3.4409236027148133,0.7605015246925927,1.1823716375826145,1.2404602176434556,0.13201472060687997
8792856,55272,0.5798459724935527,4.143196799014921,0.09673584379267597,0.979180288088541,0.5523668964563272,0.6111571346180932
6751572,55272,0.364472859229019,15.5037015788431,0.047089697217212984,0.0,0.1200752933047173,0.05306481360664544
8888762,55272,0.031236145055613625,5.190996702170774,0.26250532940648763,0.9615542420180354,2.132688473272755,0.09223026196959128
9072405,55272,0.013283662006124726,6.389375825340026,0.22525854300708506,0.26176971560823936,0.015887541614167732,0.7317290494234171
7914493,55272,0.4181279676863748,3.087654124194949,1.1127769744577627,1.5819573013838584,0.0023708918177640635,0.19449237357721322
