member,group_id,r1,r2,r3,r4,r5,r6
2884706,559762,2.4562442995290947,73.11419023914554,0.5659825440874663,3.0763380338186646,0.0,0.0
64090572,559762,5.649995852586861,0.0,0.0,0.0,0.0,0.4795913586702741
4576146,559762,3.5262075611670265,53.44284119469826,0.33660668917556763,1.2931566041368823,0.0,0.0
4898260,559762,3.1744515338865695,60.61451187137262,0.4018354016566504,1.716797401009322,0.0,0.0
4584030,559762,3.6269877322121267,51.48575932230542,0.3144003050282362,1.1505165579166987,0.0,0.0
