member,group_id,r1,r2,r3,r4,r5,r6
2884706,559762,1.757055979774932,82.22806268719103,0.000333228516635906,0.030679442717364395,1.5089547131990013,0.7640391889896941
46733382,559762,5.103595209707018,0.0,7.83330736897818e-05,0.0,2.4222199608811144,0.034018985687469326
4576146,559762,2.750615031919475,57.70390878663079,0.0003540016860197116,0.03589435724767331,2.0103308485340885,0.36413982867544675
4898260,559762,2.4113805093416127,66.05654875329242,0.0003507629154273703,0.034711537949495434,1.8885541917901625,0.4640687735886704
4584030,559762,2.846049700609859,55.34861528685877,0.00035354708197489465,0.035419967654476595,2.0572472727143336,0.3310063806699028
