member,group_id,r1,r2,r3,r4,r5,r6
2884706,559762,34.91498506702749,11.676530167225158,5.392033719651287,0.0,0.030258608745648452,0.023529163408038484
4898260,559762,24.783423438001098,20.257373090842524,9.567962981052617,0.0,0.0,0.0
4584030,559762,17.642440344305935,26.862739602333292,12.080462723326137,0.0,0.0,0.0
4576146,559762,19.216583113343795,25.399602744222115,11.530808918757074,0.0,0.0,0.0
