member,group_id,r1,r2,r3,r4,r5,r6
2884706,559762,13.778946207309303,0.0,21.674052119169005,0.24108206627187728,0.6907509928070155,0.38734774744179695
4898260,559762,14.746179242427687,0.05867347842012573,1.3575612777613393,0.0,0.45511786121862835,1.1918810652491363
4584030,559762,12.510918507675479,18.341714277460902,0.10457147176310012,0.0,0.013316843687706408,0.7872637526488844
4576146,559762,13.053940334093003,13.97006362663682,0.18149212677634782,0.0,0.0719354439449717,0.9044984722135627
