member,group_id,r1,r2,r3,r4,r5,r6
126406272,559762,0.0,34.290918112389846,0.0945131626224957,0.4174802801713532,0.0,0.0
2884706,559762,29.790069344816608,0.0,11.673084275727655,0.0,4.5891739186829996e-05,0.0
109637962,559762,0.0,26.351914497774512,0.22048566614382104,1.006017525391914,0.019181424780472755,0.0
112939742,559762,0.0,26.828136057521707,0.10296464198607988,2.3187249477455696,0.0014146129829741719,0.0
4576146,559762,22.216823842030525,5.792001012211856,0.634150472183833,1.093369814324262,0.0015019643086897519,0.0
4898260,559762,25.436481887767545,3.3503397818677176,0.6670908823543233,0.7484115917234675,0.0037675194715498773,0.0
4584030,559762,21.304099330025068,6.4905396342279875,0.6521612529614891,1.2080588854732242,0.0006006185934651081,0.0
