member,group_id,r1,r2,r3,r4,r5,r6
2884706,559762,36.81008918641082,0.39371940751116624,0.9317820521921515,0.9475134542189175,1.5270036420695263,0.0
4898260,559762,30.833590012320396,0.0,2.352851909581667,18.70155877679901,0.0,0.0
