member,group_id,r1,r2,r3,r4,r5,r6
2884706,559762,28.64696549380899,0.0,11.93071131449543,0.0,0.0,5.128588186025617
4898260,559762,31.21639310827856,0.0,1.2698265676082148,0.0,0.5460391109438605,5.008118625489687
4584030,559762,27.21463018989747,0.9466795266068005,0.0,0.0,0.11944890478238897,2.1261114799005534
4576146,559762,28.370199858021465,0.692691830035565,0.0,0.0,0.26371045862229164,2.86087342447745
