member,group_id,r1,r2,r3,r4,r5,r6
2884706,559762,9.828594056079803,0.0,6.275503733699833,1.383830274434427,1.9263580474221111,0.0
4898260,559762,7.75865679569681,0.0,24.413609214277272,0.4536740286626487,0.15126130062995352,1.1403518192279594
4584030,559762,6.050707806719987,0.0,42.7651837861241,0.0,0.0,1.4428952553000378
4576146,559762,6.508830284224595,0.0,37.9484415779081,0.0,0.0,1.3838695401878316
