member,group_id,r1,r2,r3,r4,r5,r6
2884706,559762,26.59784732742218,0.0,18.20258680552291,0.01210456198153214,0.08570487224314631,0.0
7353295,559762,0.0,23.57719302891981,0.03795529019088087,0.13024607068855729,0.07684040360027278,0.2745980953879293
4576146,559762,23.670587826793035,6.355157423954911,2.1410113184922666,0.7069472961006003,0.46551852086818946,0.09720795554793443
3191635,559762,2.536197240680137,24.509271504966677,0.03368720597652084,1.9278509713124647,0.7571716819058377,0.0
4898260,559762,27.65594496015365,19.644888594488187,1.3588571377540672,0.0,0.0,0.06855279956749614
5635675,559762,0.0,44.08617120398877,0.0,2.042915430638026,0.009005297902330674,0.01333198443410216
4584030,559762,22.660103645936847,3.946732316756282,2.1719691659216616,1.1067681793286812,0.2548790804048942,0.09768139760071652
