member,group_id,r1,r2,r3,r4,r5,r6
2884706,559762,0.027257930603612427,13.250637454255044,0.32563675969786354,4.547246456133761,0.021415992389943614,5.109637585900428
46733382,559762,1.8359245154345127,0.019771020843881812,0.0,2.8707992005840834,0.0,0.0
4576146,559762,0.5637749692638406,9.572773400077034,0.23530082694780763,2.485011453726505,0.013840532360416685,2.1050807031751866
4898260,559762,0.3807181750218551,10.86379582529901,0.26779177132610016,2.9493553307465756,0.015995751166404545,2.865593090664847
4584030,559762,0.6157051829140552,9.21185562271187,0.2265348593275383,2.30636680884715,0.013241492375952672,1.828760450842128
