member,group_id,r1,r2,r3,r4,r5,r6
2884706,559762,17.08464133716723,30.911798330920085,0.0,0.0,0.0,5.714261635641578
4576146,559762,16.777023779635016,0.026014504421236477,1.6012308875350278,0.0,0.035135316711015455,5.852906167964539
4898260,559762,19.193370785736025,0.06555308630849586,0.43742367774890345,0.0,0.0,6.685037637460473
8310457,559762,0.0859228715785242,0.0,9.643116692589805,0.008362913928820605,0.127980225404594,1.96436975534553
4584030,559762,16.092736747972445,0.02705018121196325,1.9265128169263053,0.0,0.0793445750151084,5.536396458484785
