member,group_id,r1,r2,r3,r4,r5,r6
2884706,559762,12.07364414915588,35.58009982480142,0.0,0.0,0.0,0.0
4898260,559762,12.219644607576333,0.2919620545901935,4.347268469713896,0.33982332615864674,0.0,0.3931390959625611
4584030,559762,9.85304668141498,0.11354881945868966,11.879654937504169,0.8445930013974767,0.0,0.2382648140722904
4576146,559762,10.374603803321474,0.15241996942386096,10.218278651972424,0.7337057891406821,0.0,0.2569170568642007
