member,group_id,r1,r2,r3,r4,r5,r6
2884706,559762,8.026190835395191,8.843333826606697,2.4778265237541195,9.043066008461562,0.0,0.0
4898260,559762,13.85638152075473,7.627187441033731,1.2341567571225829,16.68254185240141,0.0,0.0
