member,group_id,r1,r2,r3,r4,r5,r6
2884706,559762,1.0678193027591014,1.8377423960357449,0.0,9.356712695705962,0.0,0.0
3191635,559762,0.0,2.737998405755953,0.4808981287830506,0.0,0.0,0.04984083551803964
4898260,559762,0.8496629577594018,4.675708905985681,0.1692107178664292,0.4710145197518555,0.0,0.15764513536984617
4576146,559762,0.7073301292436012,5.182707750048996,0.22227815224685418,0.20746466346168757,0.0,0.1589502148878865
