member,group_id,r1,r2,r3,r4,r5,r6
2884706,559762,26.531819612844696,0.0,2.881216659824359,0.0,0.0,2.4162813339933384
10793860,559762,0.0,33.10041929548485,0.9404304973172722,3.441193560713026,1.2779141347787262,0.005093914199989861
4640302,559762,0.01621435627140832,33.142049079038216,0.7519926626144109,3.4297751966457133,0.0,0.024642618389959913
4576146,559762,22.884139989335083,4.061021017220912,0.16338079586274806,1.3904082951175945,0.08671030158068502,0.010525793491069097
4898260,559762,26.205552935985658,1.5131546522895216,0.6130978501775873,0.5662205483794371,0.0,0.0041851033050413974
20544541,559762,0.0,33.03318777710951,4.751861688746925,3.47431334340733,2.7614959858053574,0.0
4584030,559762,21.947992710676974,4.7824130512408125,0.000856702814949928,1.633254942652875,0.0,0.012171158807286149
