member,group_id,r1,r2,r3,r4,r5,r6
2884706,559762,38.2365018320973,3.223733501852606,22.653878948310997,0.0,0.44765012317931774,0.0
4898260,559762,42.20530177871479,1.3402995711464794,8.338331821660972,0.22842810831483631,0.27920862617798725,0.23275849853443667
4584030,559762,44.40543924197988,0.0,0.0,1.3411369742497188,0.23831029462552164,0.39332546511812744
4576146,559762,44.34690868371283,0.1509368514916029,2.1266488390613287,1.6135551351914332,0.04621892156870061,0.40667530096691984
