member,group_id,r1,r2,r3,r4,r5,r6
2884706,559762,29.996467002288917,0.0,13.334064100574164,0.0,0.0,0.0
4584030,559762,22.306115902245065,7.810318756251933,0.18733798683747546,2.0480658958869857,0.8359542896485314,0.0
4576146,559762,23.224126144925048,6.960651477316351,0.32432046094213335,2.1205544720454497,0.0,0.005820351326328352
102859442,559762,0.0,35.29271013837281,0.18310784229475233,4.422620515911181,0.0,0.6278665065358263
4898260,559762,26.48996357993213,3.7176471053836484,0.7406936539821029,1.398909724904945,0.0,0.3169540374137646
52535262,559762,0.0,35.84414266480141,0.0907876585687593,3.881764231047781,0.5998221997626295,0.0
