member,group_id,r1,r2,r3,r4,r5,r6
2884706,559762,28.099619886334086,0.0,16.32612946938999,0.005864806810926267,0.0,0.0
5089092,559762,0.0,27.909325134916358,0.06083508370503945,0.0,0.0834723711386232,0.7684008167563954
4640302,559762,0.0,28.937987145492247,0.2567211274843411,0.18720116105469142,0.06137759416932458,1.1764272712530903
4576146,559762,23.53059800881318,8.798748601505206,0.16821446327314463,0.23233444249876206,0.021587176860737998,0.3101232021505834
3191635,559762,2.2288947453089256,22.215731641824654,0.8389987870353162,1.571943519149377,0.0017573572978589556,0.0
4898260,559762,26.881459010430344,5.793638794371201,0.33759100991374963,0.43243523371454917,0.002022365622766243,0.12939005855863456
4584030,559762,22.53412318739969,5.489367785024906,0.27344176505125034,0.09722072443871554,0.0690510661327069,0.7237067550496085
