member,group_id,r1,r2,r3,r4,r5,r6
2884706,559762,50.650453107185456,38.45407834645614,0.13558858553716643,0.01271866155983191,0.2902835454610983,4.939834752758431
4898260,559762,52.55199448251379,5.067700019813286,0.3520632229027943,0.0,0.0,2.114159063579572
4584030,559762,45.358872170147954,0.0,0.3758063231312515,1.6306518756415542,0.0,0.0
4576146,559762,47.90221062303869,0.0,0.396115929669902,1.0548879783397653,0.0,0.0
