member,group_id,r1,r2,r3,r4,r5,r6
2884706,559762,0.0,41.78368597947798,1.7161278621985019,1.1314028928447042,32.79549039418253,0.0
4898260,559762,0.2802490861543814,41.86164186400652,8.739882421699797,0.0,11.373663555134696,0.46292274236304215
4584030,559762,0.33446203465833213,39.00789175835432,17.572232327135218,0.2307069498477211,0.0,0.6748514600284733
4576146,559762,0.0694227801247468,41.3497598953556,12.05501406057737,0.0,0.9601407682559817,1.3734260531598712
