member,group_id,r1,r2,r3,r4,r5,r6
2884706,559762,18.960675511677923,5.989495794196828,0.0,0.0,5.383469800085573,0.0
3191635,559762,2.5284758215859564,0.0,2.921290042934311,0.2340730526389337,0.0061039895358317425,0.0
4898260,559762,27.42441804556224,0.013739999762831934,0.4649521864677932,0.075068216713808,0.003565808421309426,0.0
4576146,559762,23.969609174117235,0.010540304784012066,0.906785129961101,0.0,0.0,0.0
