member,group_id,r1,r2,r3,r4,r5,r6
2884706,559762,2.932659561360436,0.0,31.695592655678215,0.0,4.123861430757326,0.0
4898260,559762,4.80080447825635,0.029136926795910175,2.636707855957088,0.2130525453547119,1.4767328672743427,0.8813662113803562
