member,group_id,r1,r2,r3,r4,r5,r6
2884706,559762,33.3595168101139,0.9959427861369774,1.2266235698910541,0.0,0.8371446194429386,0.06526503976561096
4898260,559762,28.96840335278774,12.926028417945613,0.39724563798700285,0.0,0.7628049024220397,0.03970943512280837
4584030,559762,24.577937056753317,23.555853121380828,0.2519445219046825,0.0,0.5127086879253818,0.03125945145138862
4576146,559762,25.528380979059538,21.235913512901433,0.2929535657050164,0.0,0.5702329125282749,0.027713470627587666
