member,group_id,r1,r2,r3,r4,r5,r6
2884706,559762,29.867899232897937,0.0,11.269107648842548,0.0,0.0,0.0
59909932,559762,0.0,32.74522100164513,0.25195474748612734,0.026792195905821693,1.621867156592158,1.9010724323479324
7264847,559762,0.0,21.904076123975404,0.11349148189260116,2.8594236575025263,0.0,0.08136804366786099
4576146,559762,21.865257565287223,4.992648723327001,0.43937125016128753,0.9521777499854803,0.6037242158153101,0.5138237329535359
22889651,559762,0.07493094771843449,21.73406069967207,0.8508333136727362,2.439091286364314,0.6690977572610086,0.19167942751303393
4898260,559762,25.03429237055036,3.018500133066769,0.42232874245710234,0.39702159886408045,0.5803529841124816,0.9208037769923336
11307004,559762,0.0,21.767074062992293,0.12042851060350548,2.4566413472133455,0.9038025567110141,0.06893685867663718
4584030,559762,20.978374409414485,5.569905104074413,0.38577249171329875,1.1627162186589017,0.4331098932443864,0.46195888867590795
