member,group_id,r1,r2,r3,r4,r5,r6
2884706,559762,29.24485208686566,0.0,0.9133138652459876,0.0,0.1903629304997157,0.9928354193661676
4584030,559762,21.41584998774834,6.0124733094912886,0.07207402417009424,2.146154905815811,0.005488266133572315,0.02210212971427531
4576146,559762,22.33897994100767,5.378888473065394,0.18140832959646994,1.9211140751906488,0.0048811573108970266,0.0
4898260,559762,25.59565900827084,3.142132935117045,0.45669531757125514,1.1206250252275236,0.002896781667151914,0.016860525901812563
125381402,559762,0.0,32.65006178820392,1.284381791132899,3.5406936764899677,0.0,0.05137294078255111
68711132,559762,0.00021804461719799248,32.61655030451966,5.120579455694322,3.570157100624129,0.0006944690397597341,0.0
112466462,559762,0.0,32.65024874827534,0.0,3.5798733488774963,0.001584606749126544,0.0
