member,group_id,r1,r2,r3,r4,r5,r6
2884706,559762,40.020803538622935,0.0,1.3324601336838542,0.7391428181460823,0.0,2.167955950656885
4898260,559762,41.1264447755669,1.3048114328585463,0.0,1.0306816728096564,0.0,1.1757422860816023
4584030,559762,35.129827165495094,5.680986265076868,0.0,0.08719856385787388,0.0,0.025694878598665885
4576146,559762,36.4497224036623,4.717956675437849,0.0,0.27306833607592207,0.0,0.3017230207938119
