member,group_id,r1,r2,r3,r4,r5,r6
4445443,565564,61.36464015496373,0.005877058382722168,0.005416509830350703,0.004148344799643079,0.0,0.0
4477636,565564,0.55752603997514,10.260170459956065,1.2457444691877257,0.2468487368618753,0.3253197292698213,0.15607926969841407
4605479,565564,11.015494452389518,6.156666770776591,1.9266543120777613,0.0,0.0,0.07723684193409625
5323479,565564,1.680278833699914,16.121289557344667,0.0041730240134097984,2.0394640315253634,0.03937714557502407,0.0515634538506332
4859723,565564,1.259304433848564,10.544101458668807,0.9302677572803492,0.15760258503420577,0.40981647742387445,0.35339251227541196
3921195,565564,0.08543032180322677,13.940717216057175,0.28550354001445855,1.492190056807887,0.3464464902173552,0.07265564318114441
4985581,565564,0.9507358976811191,16.083831510661202,0.12836937502610696,0.2092097550596374,0.0,0.1833923306548962
5266736,565564,2.027732657174136,16.66739728173196,0.0,0.11684436188122227,0.295285219736924,0.0
4527508,565564,0.9019164097988029,7.4178390705717066,2.14260820400311,0.0005423931579831304,0.36909525417641437,0.11448649739124188
4525398,565564,0.1503840538134054,10.723163539375252,1.0004246893171242,0.19890699467076983,0.3229744581618814,0.3560160876858207
4964407,565564,0.18237942978149427,16.00669084235384,0.005371891261884593,0.02822365739789861,0.2734363896667992,0.3732792172657064
4118586,565564,0.3189088316787795,10.881240338562895,0.6601353188321327,0.456179525602742,0.6650834524737889,0.3373555840523702
4913468,565564,1.3253546377855656,14.264182132872287,0.36392838719093346,0.17836925166172443,0.0,0.29144903136444245
4949821,565564,3.277825484220679,14.19512574574323,0.2614168940828552,0.10987757965001968,0.3121567267232948,0.004076453392617933
3540766,565564,5.498641795251177,13.742613147071996,0.27671076501143893,0.0,0.0,0.20008553124874706
5033055,565564,0.7298679532888996,8.442679371234316,1.7248657499016138,0.0038754360197389504,0.3723171226212405,0.14055877211237316
