member,group_id,r1,r2,r3,r4,r5,r6
1345633,5717192,3.398197053833431,0.4786328764130638,4.230348808563882,3.700775474655452,0.0,2.3772175096995296
30196322,5717192,3.3709829598494667,0.033885801957625854,0.5440593728441636,0.9089291786922012,0.837355784619022,0.7336069659539871
11287779,5717192,2.02701152890472,1.3896228905017054,1.858953287899802,2.5952026073425696,1.491698535695788,0.0
19525091,5717192,0.0,0.7608650020098542,0.0,3.1351789109118418,1.0366511547764259,4.112892113542762
7124389,5717192,3.575544082456647,2.1597417022281697,0.48272243135324633,0.29551790146869983,0.3462415667529117,0.9444771770574804
4174693,5717192,3.595076507267446,0.06692902071468898,4.752655370739312,3.25374722919799,0.0025177210395295937,2.3170644098641993
3163465,5717192,3.730565216323738,0.3162910433485766,1.6663355647794527,0.19250593006241365,0.9537839379503583,0.0
8404426,5717192,3.201172116666106,0.16417038644902418,0.01148743545008613,0.8486025726059218,0.17902279005998067,2.4930843575500745
12105998,5717192,3.6391220258761665,0.729074655714689,0.9865761203498647,0.3644748088415075,0.7708015417567331,0.46061332001234073
51401652,5717192,2.569775677656628,0.8856697769531472,0.14130714076959425,2.2746777847442985,1.1405185293027684,0.6888360319156601
6253909,5717192,3.7085562239805645,3.8313291229054824,3.6760080251919325,0.028727870454350452,0.3103981821881955,0.510831478589176
805238,5717192,0.7432196359037346,13.360099469725071,2.212511041471052,2.6326042012069446,1.176016622859924,0.0
79627802,5717192,3.758299778827125,0.0,1.5187549840614711,1.3031422212386252,0.2036368585594414,2.1351629149416387
