member,group_id,r1,r2,r3,r4,r5,r6
137696682,574925,48.96155927441183,0.0,0.0026728579386596134,0.0,0.0,0.004325363034527115
4497611,574925,0.09702251397179215,25.156345818618792,0.0057387442907823666,0.0,10.576680091234644,0.05797500670834373
257766,574925,48.967954010420826,0.06447320282965097,0.000315120936378764,4.8032558499185345e-05,0.1310432962713035,0.26674484499482065
17121111,574925,48.9730651612727,0.0,0.0,0.0,0.0,0.0
