member,group_id,r1,r2,r3,r4,r5,r6
45219712,574925,0.0005998085611832475,29.772996935860572,0.057852802507566116,0.5323436012365721,0.010419432046462836,0.05421022900694365
4497611,574925,0.5418982336843851,0.06395209685259855,0.216623583715323,0.2586385951844427,0.03686795768990064,0.08816901046875597
132074852,574925,0.0008093536637904205,29.77165530556715,0.08563214478020763,0.5309119874013005,0.024688713753455452,0.033363350519388456
5063560,574925,0.0030129833074630115,29.774917505514175,0.0046443385104529035,0.5351853030493271,0.0006350833998162279,0.010076189327395617
