member,group_id,r1,r2,r3,r4,r5,r6
11630010,574925,0.5268962138836383,0.45301958223259753,23.46660187806366,0.00028084893370379987,0.0,0.0
4497611,574925,42.45407368206472,0.0987122378827386,0.5693319180202713,0.033694990252926674,0.0,8.954487699370246
85347372,574925,0.8438067213640416,0.4540236173470025,23.293889284170113,0.00024341268173756853,0.0,0.0
101325902,574925,0.11677463235754892,0.4517159862583341,23.690111637465886,0.00035395811975730176,0.0,0.0
