member,group_id,r1,r2,r3,r4,r5,r6
68173512,574925,67.23307476419808,0.0,0.0,0.2687897197296601,0.0,0.0013884767943822488
84539882,574925,22.57132331625293,0.0,0.0,0.1884212753360205,0.0,0.004564391454688679
4497611,574925,0.2229869939769337,41.44012720028308,0.17188623303879502,0.0,7.364399706732931,0.009691885275161674
46236112,574925,22.54545235910768,0.0,0.0,0.21827669400623634,0.0,0.005009221204381404
84403792,574925,22.4895424440481,0.10773352463906616,0.023704655180681166,0.21324455134045836,0.0,0.005085101830993409
