member,group_id,r1,r2,r3,r4,r5,r6
4497611,574925,0.37465910402840746,0.0,0.0,26.609625674910525,0.0,0.0
6244726,574925,27.352318411454288,10.955457107106767,10.606045259645622,0.0,0.0,0.0
