member,group_id,r1,r2,r3,r4,r5,r6
4497611,574925,0.26698386952629827,9.22442471659431,3.480258499215882e-14,0.0,0.01113356921416364,2.726769037452832
6244726,574925,41.446927783768146,0.0,0.0,0.0,5.77829279693183e-14,0.0
