member,group_id,r1,r2,r3,r4,r5,r6
7737189,574925,11.76121744584846,0.012288710101153674,2.514191787261536,0.44744642115011807,0.0,0.0
171327432,574925,34.81505508993487,0.014752062226338295,0.0,0.040760375184449915,0.33109663938543643,0.0
4497611,574925,0.21936038683667833,47.960655816286994,0.1154939136476435,0.03316435965869839,0.0,0.0006656397066160692
132653452,574925,34.814853460665766,0.5170128604954185,2.127517352966055,0.0,0.0,0.1557512105466318
85347372,574925,8.835795971583533,0.844723788043877,0.0,0.015981216177426302,1.4391634772640678,0.0
178802992,574925,8.987084680974077,0.008477700043287177,0.020856719871604285,0.01955715939902246,1.471659717441764,0.0
8197972,574925,8.987084680974077,0.008477700043287177,0.020856719871604285,0.01955715939902246,1.471659717441764,0.0
181581782,574925,34.81508911005946,0.05110255362403814,0.69140040467446,0.04776137295800467,0.11329092379518123,0.00728284243647349
173313912,574925,8.922785982049353,0.3637745329150672,0.004480266410479294,0.01906641782009153,1.4596809524983525,0.0
74316282,574925,11.750857684456085,0.03482006992278591,0.8314633827749472,1.0040808725899744,0.0,0.030199805037862848
163763932,574925,11.624757022962674,0.5567683613755354,0.4540255735032679,1.1104894521607103,0.0,0.020097827848094843
