member,group_id,r1,r2,r3,r4,r5,r6
11630010,574925,0.0,9.836614124688323,8.860900023933866,6.2723971941127274,0.0,0.0
4497611,574925,39.13520482203959,1.2571299832662537,0.06609332215990811,0.19194332093941355,18.678671849072888,18.900265830753032
85347372,574925,0.0,15.453654567468641,7.255288380737426,7.200456199968205,0.0,0.0
8301797,574925,0.0,2.856059850334401,10.86120575226191,2.3847464004183636,0.0,0.0
