member,group_id,r1,r2,r3,r4,r5,r6
7268016,574925,86.20403857675055,0.11887182140115457,0.0,0.02304681318169397,0.1766882070751041,6.524941505669194
4497611,574925,0.0,0.006334746607749328,13.695022644443277,0.0,8.032343021581788,0.0823453108608008
