member,group_id,r1,r2,r3,r4,r5,r6
15318201,574925,9.563638943188595,0.25226755949786195,0.0009623864826717993,0.46662560716631885,7.006002426369858,0.21844110270465403
4497611,574925,0.0005572452739790435,75.19774077422858,0.00021574836934416827,0.003176650666331687,0.2010758099703637,0.7465841662816082
