member,group_id,r1,r2,r3,r4,r5,r6
4497611,574925,0.012470927389998384,48.956880761962275,0.0003279730530723601,0.6769952249843915,0.15369556872712278,0.6269537603023274
4598318,574925,5.665059819332891,0.2945699700582839,0.006179724174219338,11.628078031566524,0.0,0.2478262167729007
25064372,574925,11.400123915482938,0.036018361866811545,0.013018274524699324,20.55471546219254,0.0,0.4690545543682068
15318201,574925,11.523081110072864,0.14884578843358964,0.009492690139589671,16.342435750553626,0.537107163278382,0.972571287848441
53663322,574925,5.699049542778796,0.017874041423567744,0.006161722119348452,11.625360683522086,0.0,0.25121536100892156
