member,group_id,r1,r2,r3,r4,r5,r6
4497611,574925,0.4070593980164549,0.0,0.0,84.97989657750162,0.0,0.0
37629142,574925,88.02977666786258,0.2861896309275624,2.2230001099976926,0.0,0.3556495449606931,0.0
