member,group_id,r1,r2,r3,r4,r5,r6
8981889,574925,13.887137216245799,0.0,0.20079323862849416,0.3634423397416941,0.9267221408408409,1.3305873223425468
257766,574925,20.79947851002463,0.005137554464220567,6.399209505543029,0.009395485898783687,0.000774548648233539,0.18759908047741702
4497611,574925,0.14137313004241792,47.97727307644751,0.04218883744816106,0.0795631638201726,0.06658600544827167,0.021360822511903466
12541291,574925,10.428133420539687,0.005035889857043656,0.0,0.31823615932208027,1.2627618852300373,0.0
8503373,574925,8.334701796156486,0.06490599165373839,0.11951127971327749,0.6114445663863455,1.0927619506891775,0.44399069192678453
11572016,574925,5.973215661529843,0.25328094134558793,0.1902662923641187,2.7200377924921972,0.026406325790101152,0.4789376655886244
6751380,574925,10.419069817524354,0.04233414423049277,0.11659722381380752,0.2595071844690924,1.269559409273472,0.045077114250924075
6244726,574925,41.36577383895785,0.4587186846657608,0.0,0.0,0.0,0.0
12639806,574925,20.79742799994874,0.03106308451216492,0.00014578707022498466,0.14405490412614366,0.9613047907790081,0.0
