member,group_id,r1,r2,r3,r4,r5,r6
5063560,574925,7.871664180928751,0.09182394161011685,0.7294533332497729,0.015564915362532497,0.0,21.65043699208772
4497611,574925,0.25547193032842563,48.0861690805783,0.21135465832845332,0.26631401105621805,0.09351747508717369,4.30495365439111
4598318,574925,7.868340634858724,0.11277810211825533,0.7292295311342276,0.013743616601451288,0.0,21.65538994668839
13225620,574925,7.8961082816795365,0.0,0.48256715836082786,4.1455691831552075,0.03180759540431023,0.008278290742428447
37629142,574925,45.894267139225036,0.01719507224045183,0.03060319736000668,0.005579509377009326,0.0,0.8853360130994657
6244726,574925,7.831779344171887,0.3433215550512277,0.7266324651159587,0.0,0.0,21.677374915531427
8490013,574925,7.8948696977962145,0.0,0.291315951130223,0.10024734847434554,0.0,29.11372157340554
4882078,574925,7.857251289233506,0.16788150125737925,0.7405436814899746,1.738976633157598,0.7092381337950412,7.767648320350647
