member,group_id,r1,r2,r3,r4,r5,r6
4497611,574925,35.62115534131818,0.018456714334115606,0.02716213978055761,12.00769545385679,0.0,0.0030882115191330113
37629142,574925,0.07716734964620822,58.48570742652468,0.0,0.0,7.52766191549733,0.38414424980369893
