member,group_id,r1,r2,r3,r4,r5,r6
8061576,579207,1.9601840299374147,0.19074807402067429,1.7227352699712886,2.8844089195250238,1.0496296205592177,0.6683886150767572
8006665,579207,0.0,1.0452641903658548,5.009203531891673,0.972935206868476,0.8104380337695614,0.0
8005647,579207,0.07490995019183844,9.443880381803455,1.8449368053765987,1.2783637617661865,0.5983826880487496,0.09516528295982604
7092500,579207,2.748238591387706,0.18285979983520662,2.799573499436762,4.077006401204304,0.2020193803251523,0.49529093861725804
2358808,579207,12.194507637913663,0.44803261181253107,0.10391261058242965,0.2460374462148954,0.0,0.0
10400665,579207,0.1871817115362273,0.0019343539224596865,5.297020741535253,1.0281763835617466,0.7490929411506421,0.18961159484203785
3550492,579207,5.899032477960521,0.0,2.040273805272889,2.846661658116865,0.1890844030085308,0.24541859036191996
3083940,579207,0.49835060838490947,0.26858539177837504,3.2078767363162144,1.1796143067997453,1.0812052297490977,0.4669867151239667
9748912,579207,1.5200542183949142,0.26049563995164354,4.673509178936655,0.26631745917138505,0.5506253763673189,0.4878079898393107
8789174,579207,1.4614801969795157,1.956376476898399,1.3812165656469257,2.49017845099704,1.29087310102724,0.5424527502016394
3042488,579207,2.1944786543600094,0.21488528213361105,3.0867296815923324,0.2559934610164109,0.6984379695045049,0.8004150447175681
7337658,579207,2.1256553833484206,0.5926799704387703,4.062314664133306,0.0,0.39622228876358084,0.7852609559239676
4608575,579207,0.06611547939042875,10.376280470904348,1.8847980243561124,0.8928422607938369,0.6562587627685755,0.0
3871942,579207,0.3777907555405832,1.0455300728505588,2.984989453393235,3.990635682098561,0.7618676713287799,0.19350122791737762
5740117,579207,0.04115551410126188,4.691900718732884,3.6045463756063842,0.35758191326193556,0.6598285916155314,0.029732394050002928
7990503,579207,0.7856954533249422,3.6256861240941007,3.2359011605038965,4.05823223720278,0.0,0.27781337416358215
6245998,579207,0.4911934439820178,1.7439528719320152,3.8737175611904093,1.1918470023923642,0.22641703472135,0.5136672011566444
7258865,579207,0.26469555409037027,8.394402551596164,1.7442562133632753,1.4920811352123644,0.6283121460951956,0.3007547461949259
5679222,579207,0.3479251380951887,0.11166171711963142,8.518877040459982,0.09791517844901629,0.00042182641775200176,0.485768747732118
