member,group_id,r1,r2,r3,r4,r5,r6
65094272,579207,3.0446090910535317,0.06575332701080269,0.57522172343368,1.2047477294234485,0.7891187318417688,0.7350043007079036
7379363,579207,2.2359647825005706,4.601328105854315,2.128228088974498,0.7701059705995236,0.5424295091577288,0.7951951080186033
160613862,579207,5.394677660673421,0.00896533127090171,0.5060544050403506,1.6076220687308123,0.13622612822791735,0.4427661633324681
3597159,579207,3.523070175283397,0.04651756971474261,0.6454434330980645,1.4214941239689984,0.14258232682550137,1.2002035576851906
144845002,579207,2.963106584185337,0.08295011915606262,0.0006423172086909091,1.1586057030242298,0.729698830673204,0.4070060726035522
5992237,579207,3.5188795665514374,0.11962547498180268,1.4302293491090095,1.2752285258258782,0.10972304052380223,1.0445295714918357
32350862,579207,2.3528439557510583,0.001066646384164563,0.10848568990400316,4.160689064484218,0.03247600353825635,0.8894907779617169
8005647,579207,1.1308686451854624,8.30828248944741,0.0,2.127031173107736,1.8965889817543107,0.0
5799632,579207,1.293828487283566,0.40036182712195856,1.7581726841977197,2.7458775610844026,0.3767576533264023,0.8329987249720945
7258865,579207,7.191470524208862,7.436730842811815,0.0,0.0,0.0,0.2375087275517133
183242964,579207,6.164717076262006,0.025699338169063085,1.1629466811279487,0.9383824622058843,0.2963298137949704,0.008321006523971922
184497684,579207,3.0151677253830558,0.031070378084195528,0.07937695414590272,1.1886686363333316,0.7563371823404257,0.1069368712511067
2678583,579207,5.332704450392506,0.00014127516389750958,1.5731540782913604,1.3837831708118242,0.05936115912504239,0.6389044887226512
156205882,579207,2.2277510000772436,0.03599625484995235,7.547176521755319,0.011471001619884236,0.006378971762657225,0.17644242427660697
183982078,579207,2.776083703307265,0.18542940436011882,2.330747119396077,0.00837514362914287,0.5997266262264132,1.048185391993092
4608575,579207,2.066259151824161,9.10382559147992,0.0,1.3748281968828333,0.8621317086082622,0.0050456166669526955
