member,group_id,r1,r2,r3,r4,r5,r6
8659841,580789,4.505831711189102,2.096210772727703,0.1397013535344441,0.33364308207097,0.06595747500789889,0.034636829917300056
11055554,580789,1.6444969699266458,0.4476933241749009,1.6090785743456257,0.485197802755263,0.7940314911132648,0.570496996032412
11048712,580789,2.692204640670281,0.029094663809525568,1.8617735844210175,0.24064941916106122,0.6800042824924386,0.037465519184948094
11523881,580789,2.206590531440571,0.0,1.64157482111146,0.47886728089291,0.19037675118217182,0.3255889478128941
9851883,580789,1.4565684775077223,0.04608141090553842,3.275112092210411,0.09325399391793784,0.0,0.07219088218556899
6067532,580789,1.9051559085294238,1.7185845631528855,1.0483474215542807,0.666848398016776,0.8996147742125241,0.3769760588245003
4573420,580789,0.7898776186578353,10.792585737933734,0.0,2.2289352267985123,0.05454457656099409,0.0
9991694,580789,1.690304187025634,0.5352719971557952,0.39689731699353503,0.7080277184596834,1.87751279084579,0.13091040361314013
5923339,580789,1.1283540095188231,3.191340058293272,0.8416402815338846,1.5969634338161032,0.026507507967644655,0.45144268164237117
6923185,580789,1.2970058727584461,0.3447991738750145,1.80232330994755,0.4311504199476123,0.7345205099257854,0.5904547175158606
6428017,580789,2.2928739952275197,1.4758946642752389,0.2142033929084383,0.6991125036036531,1.297124213971393,0.05164259709958014
10786484,580789,1.6959844596213296,0.117260003102613,0.9535492171384506,0.8511475512194033,0.8613932403667136,0.2517312108034715
3892758,580789,2.3358523228301253,0.0,0.0,0.9624842676197464,1.9778031049144609,0.0
4638168,580789,4.658975115563196,1.600751075014792,0.1341368043735593,0.37661385895703076,0.0,0.04348617137415749
5042714,580789,3.549927448976038,2.281096831330131,0.5906043625678886,0.0,0.6956884885338022,0.23078005203710925
11612316,580789,1.4761595270127092,0.12236792802792798,0.0,1.685570563121619,1.4654427789336226,0.0
1524733,580789,1.2204601758271905,0.43397462892116456,0.07375751139963262,2.414183421429661,0.9573097686856845,0.0
10504637,580789,2.016565810443818,0.06579939119751846,2.716575599350557,0.27929153423814235,0.23454828580057682,0.005768191147452245
