member,group_id,r1,r2,r3,r4,r5,r6
3862209,582365,1.8801526364556689,5.525830573671204,0.6198130326635708,0.5390194099629189,0.0044208926360444585,0.7522545534237308
1202787,582365,0.1311911615271569,3.63306752633911,2.8463969711273363,0.29052747731163797,0.4765310642143668,0.7383174432787162
6293127,582365,1.0414826802590742,3.609087024327912,0.48409055782170757,0.4286235659161946,1.0612648443730648,0.13024380843795222
6735464,582365,0.44530578319704195,3.52208637766322,0.0,1.4170720465406061,0.4494494805712862,0.0
6651817,582365,1.5714537488868028,3.06931140575733,0.25561108371314817,1.2708308275709874,0.490370243843688,0.2506173973510016
3995723,582365,1.2140411167458782,5.792468521902929,0.04897820436558182,0.9832476999421159,0.0,0.008596055027588059
4626542,582365,2.0133418067448177,5.998638912486063,0.311859110799889,0.0,0.4497165593336016,0.42276407337135874
3435343,582365,2.7548574439941005,5.709049382277476,0.061611164665763975,0.29696120527622366,0.4089638474880132,0.0
5313616,582365,2.3409166081218364,5.35049663580393,0.017269507617778648,0.7813251212400768,0.0,0.6124277116434328
3417557,582365,0.02428801438093096,2.0542419494236674,6.525254199955532,0.0491868361552256,0.20190534026648313,0.12057204424962224
5455931,582365,21.447533069428506,0.002161264713077297,0.09743174025091197,0.4104010468469118,0.0,0.0
4064923,582365,1.621333924426896,3.373357508006395,0.0,0.6826470526893007,0.9819383773074609,0.0
5313695,582365,10.013363773053428,2.8160878963902163,0.0,0.6071067680576795,0.39876129176084163,0.052079005862931356
