member,group_id,r1,r2,r3,r4,r5,r6
12424387,582365,13.375434877108166,3.7897803059143014,0.6874052891995478,0.0,0.0,0.8638311431971948
7256581,582365,11.521586612643148,7.259158525521086,0.41418076228785766,0.0,0.0640790725902937,0.5242718701850506
9713734,582365,21.276811615927315,0.0,0.0982125124016268,0.0,0.23633226971278815,0.2841493079646442
12908711,582365,2.4514824701027,10.897923547659992,0.6564112542409298,0.0,0.8771023923782462,0.8142389707943539
139656872,582365,0.12509496551657048,13.13925532788662,0.33276864634341574,0.0003526219143167777,0.8169104539931762,0.4148316753380231
5455931,582365,12.537608775701909,5.790879936539461,0.25048667150375553,0.0,0.9765930407234313,0.30654970187062053
162408522,582365,0.0,14.730367472087716,0.10108664908529309,0.0,1.7206205844132547,0.11689054822029223
14858891,582365,8.526705711264029,12.457192094648425,0.3079462076845266,0.2308658907023051,0.0,0.0
10304445,582365,16.3364733472172,3.0929126803471445,0.0,0.0,0.8223990680110829,0.0
40809332,582365,0.8134423481569624,12.719344338285106,0.31570804727315993,0.00021237773858556746,0.8149983504953175,0.39420079188873997
89976022,582365,6.110498898007123,6.25821348982747,0.9576976560411787,0.0,0.6100081567429387,1.1979262824531993
44778872,582365,5.113493350628332,7.550172501858314,0.9020197247051464,0.0,0.5250502868550787,1.1281231657786217
10374938,582365,1.8073155229964284,11.498200267061932,0.5223741760346543,0.0,1.406405429533369,0.6422270854751498
10813083,582365,18.997746123296935,0.47706825629278127,0.2905317412353836,0.05232477931572578,0.4473304104070461,0.23932133752929588
7968445,582365,9.88361986221151,6.904107237870187,0.5407579536015565,0.0,0.3067095696174293,0.6812277966935154
63848702,582365,1.2597185705860259,12.950084790583933,0.22377121432688798,0.0,1.5300879944850452,0.2847645607209702
5313695,582365,5.8430452843857665,9.351641194681774,0.4201169725528242,0.0,1.244750146634879,0.5159752165798585
