member,group_id,r1,r2,r3,r4,r5,r6
7256581,582365,12.003208752956056,11.148587346600484,0.0,0.03261086290271964,0.0,0.0
14858891,582365,8.716363193833143,3.9729206809736803,0.2191075750835929,1.0082686189609817,0.8354905035307172,0.6376578775551364
13755802,582365,2.961984505900283,5.7157107559080975,1.2861717305265654,0.0,1.841308210282766,0.343576793894613
10374938,582365,1.7586099725213267,12.844174780406425,1.2951108983153994,0.0,0.7001059687804783,0.0
10813083,582365,19.76209688525694,5.3603208611485105,0.15443757123913948,0.5755720191620534,0.08839097955878823,0.0
5313695,582365,6.045088716182435,13.258489358862668,0.1612986817245972,0.0,0.2746861831613038,0.05099982816469532
177567992,582365,0.0,13.42094932359963,0.9544462570907106,0.0,0.1238404188024817,0.15592623291689198
12912042,582365,1.952627494263531,5.631785134889019,0.2852594847536174,0.06255810487506756,0.7238336127816898,0.3717654153668244
177321642,582365,0.23770997808538682,14.273890857013686,0.04855175203097191,2.4114671838504287,0.22511351627584197,0.03600371820315196
101381042,582365,1.9976164076563667,7.209977406278041,0.6476199793623925,0.0,1.4810324699790467,0.6141009528254258
7968445,582365,10.202385361179635,10.02877917601733,0.5843823930745565,0.01539536775178482,0.4777946602899611,0.0
10304445,582365,16.86717776321661,3.185785694751412,0.4962632224200967,0.0910348076022527,0.7396571847456185,0.14339122939754176
12424387,582365,13.79925727951722,7.254861255616949,0.6891366862551489,0.045087244949165606,0.6450828248207031,0.00339234459209926
9713734,582365,21.245624260456818,0.0,0.023084848294065423,0.012899741995869001,4.51084549550181,0.0
101678152,582365,0.0,8.104499068583259,0.8699545363986482,0.2705302525065961,0.7265417337530653,0.6153784193898519
174499282,582365,0.0,8.06788754489524,0.9160557773116078,0.7430612251522193,0.2239744590060113,0.5927506024601713
89976022,582365,5.923586680442887,6.368283490281087,2.096401525333113,0.0,2.2191993011622704,0.1020069638563511
2557920,582365,0.0,6.828461486741826,0.4865058210521686,0.060831192818811206,0.2438769291156913,0.34794382283325404
96449652,582365,0.0,6.835830544766938,0.46900304548416694,0.057627869004965374,0.3659332827287457,0.33574024337588515
44778872,582365,4.995633779528236,5.919386994582833,0.8069870231987588,0.0,1.6800363284731115,0.516677670831006
63848702,582365,1.153026660802963,12.934852154292559,0.7681258571683488,0.0,0.8932032885174229,0.10015910600894494
