member,group_id,r1,r2,r3,r4,r5,r6
65529602,5833742,2.775540975415905,1.8913386545390278,0.018155725452513555,0.4294987883195135,0.19894748269790208,0.7786487282148763
94650882,5833742,2.129187499425164,0.0,0.04535759470632313,3.9800184601472886,0.3999237652762148,0.0
71986182,5833742,0.0,0.2772119368658454,6.938399406109013,0.5176511123450227,0.06779591696495454,0.4322487110289686
91413192,5833742,1.4871851943901764,0.0,0.0,0.6555151709055861,1.524592993602683,0.0
91777192,5833742,1.335006348237032,0.15586775118146212,0.9235191763656279,0.3472388155471592,1.1337770989227647,0.27515648454618774
3380938,5833742,4.200604983980163,0.4564337413747531,0.0,1.1757051496701683,0.0,0.5893094749480168
79327112,5833742,2.2524038567086726,7.516603977697669,0.05666075883225374,0.2036474221165193,0.12226354417795768,0.0
11636298,5833742,1.5025053259794632,0.19854150112217653,0.40428895915167856,0.47920149950386143,1.012308025422376,0.5010330492649759
98769502,5833742,2.3759177626739594,0.3820360669020092,0.005008470280670682,0.7482706654722089,0.7811143021125695,0.17361968205679384
95660462,5833742,3.095947887622484,0.0,0.13779025142956977,0.9881939794728732,0.5160895810969179,0.0
11860462,5833742,2.0303388622671985,0.022104331869428968,0.02328588053560058,0.0077294864733123345,0.7467589784704803,0.0
86837842,5833742,1.4871851943901764,0.0,0.0,0.6555151709055861,1.524592993602683,0.0
88460372,5833742,2.8837947671631388,0.003186229892700614,0.17432592426199545,2.217751431063656,0.23545094718566695,0.0
89970102,5833742,0.960302666602268,0.0,0.6762330202093993,0.581339085757702,1.7061271157826479,0.018375572591043277
91256982,5833742,1.4871851943901764,0.0,0.0,0.6555151709055861,1.524592993602683,0.0
7733848,5833742,0.12485032520585275,3.51463566574403,4.805660957576627,0.00065035679318657,0.573096043975349,0.6828438331968635
23732541,5833742,2.0598363204578813,0.12768850357046865,0.03588175072489873,3.684455684628734,0.37980294899494366,0.32159084103941843
11933310,5833742,0.9597292991657655,0.4562275016218966,0.5211774869698552,0.0,1.5538010881441964,0.6820127937624847
