member,group_id,r1,r2,r3,r4,r5,r6
17651361,5863982,1.7850838874951451,0.0,0.0,2.5097401170843234,0.020363362415843092,0.0
35189192,5863982,1.3105622904692484,0.4315245910187375,2.1300177714453095,0.5792239855582533,1.4392313177417944,0.18606154930019586
55165932,5863982,7.337922391742033,0.12614113362680537,0.01705283379164745,0.0,0.0,0.34200674096219796
7670766,5863982,1.7395046121964346,0.31708739734998126,0.0,2.4515342986133017,0.0,0.0
13621681,5863982,1.6995172689728293,0.4194290708624399,2.816316042101367,0.0,0.002660633385179183,1.7369730196388793
2318068,5863982,3.926799683571805,0.3202074117617485,2.008513125230265,0.9473296751431608,0.0,0.0
3198870,5863982,3.927107517133898,0.0,2.222668582522008,0.900652251786776,0.06185001653906607,0.0
85097502,5863982,1.7824016317799773,0.005682751390905375,1.6790198574487745,0.9940565708938033,0.3254599155560074,0.7318757954774299
27008182,5863982,7.338249018759152,0.02112262499332359,0.020216026658817964,0.006286110659737217,0.02837501206999108,0.33223272517159147
52332062,5863982,0.31573122845528434,9.729758902857332,0.0,0.1580427516268521,0.1651433380072041,0.0
