member,group_id,r1,r2,r3,r4,r5,r6
106129792,5863982,1.0360863253555905,0.8219454122703213,2.021210925803389,0.06154411904988591,3.2747786610728147,0.12343126963920163
49627522,5863982,0.0,0.0,0.19573285904084822,8.979733584874385,0.17106821397242578,0.0
194398622,5863982,0.3011764657518384,0.0004347902965079484,2.7994374426036632,0.39170669648016676,1.5569117898618106,0.18849686260247672
29190882,5863982,0.29176536317564483,0.1546758038265978,3.7326458288758992,0.09975079910851369,1.144497481684385,0.0
3766371,5863982,4.421959693964446,0.136837497408424,1.888312273963006,0.5888968624966492,0.0,0.47559353614675215
189243099,5863982,7.790589567844274,0.006498874467646408,0.01745438233744637,0.10116035811390195,1.636883993908872,0.14174512123753327
11945383,5863982,1.3314603540155063,0.9321130902955502,2.057691264430303,0.4930118841181334,0.8740301624237102,0.8296637190947443
4981321,5863982,0.4734455655453332,1.792658267374213,3.2865841063479357,0.0435035340956156,0.6079333787229034,0.5452299773815587
186354858,5863982,0.48292896023719767,0.038343226322477164,3.6264440753835068,0.1364810604261943,1.0281325824465257,0.15452985429744845
121232142,5863982,0.08771873345695423,2.229135880580229,3.110252794422639,0.029245705001772555,1.4054216772598154,0.0
194830737,5863982,0.012789116607139711,0.0,2.9530538538392856,0.36555441858536203,1.7281292717998467,0.013472071049281682
7366994,5863982,0.1101137717703791,0.0007875688809480521,2.854106809159795,0.3860436961407104,1.582158397054878,0.2305824885613458
194488466,5863982,0.012789116607139711,0.0,2.9530538538392856,0.36555441858536203,1.7281292717998467,0.013472071049281682
12340946,5863982,0.2980935657952517,0.0377547399604029,3.681582103881696,0.12406488023220172,1.0367551041007887,0.21481042110509935
122560122,5863982,0.0,0.9100127459831695,2.1275103577930907,0.12932023060366363,3.9844645014676625,0.0
4922138,5863982,0.6823341538436424,0.0,2.4828529264724253,0.4758911220537606,1.1855465921064399,0.7126457412364774
52332062,5863982,0.10561055979659355,10.723740583181023,0.7977952066436474,0.29238750932317986,2.5903464532649547,0.0745633469489176
