member,group_id,r1,r2,r3,r4,r5,r6
31529472,592049,3.4064574435415476,0.02544374507950713,0.9370567046312616,2.3722621753696473,0.9410627063925201,0.269311149542769
593189,592049,9.527999147302186,1.105683873130472,1.117584563752234,0.0,1.1593409092450353,0.11259259954275487
14137066,592049,1.8788547640976736,7.979037341459609,0.120887451120966,2.6199520916075207,0.7733350994764565,0.0
3742892,592049,3.4103923277979806,0.2103192362636643,2.364068551782808,1.8167212023536434,0.7516840415372789,0.9393234788077495
2440493,592049,2.877037661082809,5.005235796602275,1.276514649024385,1.2563886807398996,0.6694574425727601,1.6532209872577797
2814764,592049,1.352085155384786,15.51098501475015,1.9691532686422726,0.6040031202983889,0.7902608598674701,2.0122340653250754
56967472,592049,9.53163618316885,0.9326796295745626,7.190290043207008,0.016053549527432712,0.06194663354581959,0.0
8554163,592049,9.52507058542158,0.06767587545955915,1.2350936003588233,0.08407985295485537,0.6400159943455676,0.623736928910098
51823222,592049,3.3537226593057246,0.36499816098978266,0.07860247472910561,2.6694436828192782,0.6813955012294768,0.0
7129178,592049,3.2875891760736478,0.9406658187693345,0.0,2.6709579981481113,0.0,0.19266144567886798
3245979,592049,3.47454897493613,0.0,4.834363509602828,0.9591029318952757,0.2380828913774513,2.099648468935016
