member,group_id,r1,r2,r3,r4,r5,r6
12563168,592049,2.3218184510652624,0.06470877109253054,0.0,9.62821183794814,0.22868721789382188,3.01923877162043
39488032,592049,0.6967662369259287,0.422912314718635,0.25547231595414005,4.717925654577781,0.41122560116613016,6.744088348651753
83080482,592049,4.9324490765541595,2.1082581929526656,6.156909206275811,4.103721283278185,0.48289345472843187,1.1835929701928758
14373827,592049,3.800534144206222,0.0,1.643831661048007,1.4215608496147938,1.7059325407344088,0.7365526198896124
144499842,592049,0.0,0.060548520328647305,0.012181412986273217,5.039262633874935,1.2038396624489633,0.12011009591443035
2978534,592049,4.44874243506675,2.090531237832768,0.9505012715446118,1.3261713662703034,0.3401727540582519,6.915493193464436
6261382,592049,2.455676604803637,0.5838826273940765,0.0,4.139750878941108,0.0,8.953257982645088
66934602,592049,3.2712692675315425,0.22990890251424692,0.25880282321431997,4.867592603598727,1.6076783073882654,0.0
2814764,592049,1.1568047620800004,17.41550896779375,0.8659612675473243,4.261056999701951,0.7638922261227404,0.23590551975279694
114358222,592049,3.4337710346563575,2.978890040738174,5.95857438762583,2.221343311557826,1.3268301840096857,0.0
9047537,592049,0.005456105627432069,0.2130845984598075,0.9201907247187522,4.505606715066825,1.3618014628702895,0.17721432103724455
3719477,592049,3.2899007411434606,2.797528190189661,2.6156979898491146,0.0,1.2566734328450464,1.9546583693222088
11463254,592049,0.0,0.09617376367650836,0.26375084743244687,4.887481972388408,1.2832669833407235,0.14015084514264897
82125592,592049,4.823942732618746,1.6333305174600132,13.280165406589028,0.5409333325001404,0.14747861798383674,2.040971093578793
20815451,592049,0.5449601666119598,0.5199392709106146,0.0,10.452803527854131,0.02619978756458341,4.0070150810694045
123626462,592049,2.2330816134196385,0.3900542445874954,0.0,3.1966591966576443,1.5423820305400358,1.7338760900010832
