member,group_id,r1,r2,r3,r4,r5,r6
101057032,594011,9.699905615175357,0.00021295510335336295,0.014277256847476182,0.41587034342711865,0.7774035264057534,0.0
12948778,594011,19.387093287444586,0.05797026914153824,2.3725990967829844,0.0,0.07005737151834941,0.0
100381292,594011,9.72797925223547,0.0,0.45043141456637326,0.11951123120089781,0.07156014144515889,0.7812036310880501
2870447,594011,9.709725930369792,0.0,3.471731819566855,0.011759618716961288,0.10532831140711743,0.13460395051507493
66378772,594011,0.06899242207985815,23.10693572653966,0.09902568497070867,0.07861014567204455,0.01404026298444393,0.005011499497987003
95986102,594011,9.698017798296384,0.0,0.0,2.425150346728893,0.0,0.0
