member,group_id,r1,r2,r3,r4,r5,r6
89931872,594011,15.62113624303375,0.0024432759763193825,0.10508625469781674,0.09094951587180539,0.41226949901620696,0.1681700084115921
4583137,594011,3.927854404166644,1.6767368351161175e-05,12.894285913300044,0.001049693546396186,0.000361318146924739,0.025881011378350686
192599211,594011,3.9173427697377883,0.011792777052583716,0.0,5.043778313862292,0.0,0.3563234073299214
192534732,594011,3.921868806435684,0.013259865465564132,0.32490208710344237,5.012369146581678,0.05683548198534597,0.21448081743521805
129011792,594011,7.837206179689251,0.0010029898669708089,0.0,0.04174453848949104,0.0,1.09182451283974
66378772,594011,0.03971152313020667,23.11495504226915,0.0,0.003172149475746667,0.0005715556015567801,0.0
12710644,594011,3.92765905485671,0.0011601067836984876,0.20965282210832797,5.079399864147816,0.5027729794344347,0.002768458438837179
187889238,594011,7.8201502392670985,0.11808943527133722,0.14339022510510557,0.0,0.9750592995857337,0.18948017366433773
191013688,594011,15.621179623428194,0.01484572648631082,0.49392578044294366,0.056785297749238864,0.07732902231545012,0.19191610187119457
191726427,594011,15.623754162349362,0.03658347045570796,0.2930178151309075,0.15945091735113584,0.6873479120839686,0.0669630969061026
11371068,594011,15.625208321628625,0.025680302361287575,0.5501069241883897,0.19996715708534527,0.97177262194601,0.0
