member,group_id,r1,r2,r3,r4,r5,r6
8493248,594011,0.03152627966351111,0.021446234861155124,0.25825036946971175,19.129681423042584,0.2708792039304645,0.09039976836188232
31668102,594011,0.0,0.07696534492081739,0.017989368260901348,10.0951184895544,0.0,0.4271019945171619
14280040,594011,0.043869669299970805,0.0,0.04718359701413832,20.100805562341083,0.24509563111401353,0.16561537169948728
103264462,594011,0.08768227586605241,0.0,0.0,10.159674493334645,0.03293400627395833,0.40987348733990825
66378772,594011,11.185938362597073,21.309693414156847,0.00621378239805316,0.0,0.06474198614241147,0.0
