member,group_id,r1,r2,r3,r4,r5,r6
75711592,594011,4.463268118789213,0.1457944796030732,1.309586350089308,0.19379490486676998,0.1854723614956386,0.565670400606608
75067882,594011,21.870724692651418,0.04927989300125708,0.0,0.7358223441840227,0.1476997813919577,1.2810718999839252
83417232,594011,4.476327651227561,0.07022472522176329,1.2880149552553941,0.5219875787906897,0.12089525213245755,0.634881940226209
86889072,594011,4.45730653100129,0.22478557633770355,1.5000662357690444,0.0,0.0,0.0
86467762,594011,4.4947150424413085,0.006456428484248518,1.4430689865064856,0.3447556544517602,0.0,0.0
66378772,594011,0.14382737273611138,23.238826607463785,0.4111571218956959,0.3908206296584325,0.03032072957587356,0.23496475534123384
74050262,594011,4.459673069319212,0.004970648575297622,0.7051162489489174,3.6954340054553625,0.00438879645074097,0.5465153710484729
