member,group_id,r1,r2,r3,r4,r5,r6
12036615,594011,0.004338552301846004,2.516392407927607,0.06511930480337204,0.0,2.9879212310274887,11.220858028013385
1548842,594011,0.03132975261239851,2.3197015889083454,0.09186209200402601,0.0,0.432661993015972,13.454337926021596
127214832,594011,0.10708689392499839,2.3523106324601866,0.07250007300823133,0.07696420607134574,0.3082387222846534,13.512871222554908
173537362,594011,0.043349979810133936,2.535845383496097,0.04668721991464413,0.5813453566611817,2.83469111691967,11.283750520222183
66378772,594011,19.77638552582399,0.0,0.0,0.0,0.9407767521647815,0.05285677465092147
