member,group_id,r1,r2,r3,r4,r5,r6
18863511,594011,4.293979381450542,0.0,3.3194880034726166,0.818180915491576,0.6689013319029967,0.6012335449671267
13770435,594011,4.307132691562499,0.08388666477085223,1.002497124800366,1.6362816440847876,0.5192742445976096,0.3499547051149314
47724712,594011,4.351653421604849,0.0,1.0350044292487552,1.9242884088467986,0.4286884920520623,0.0
185879595,594011,7.153310390796352,0.003954557391442351,0.745026211974145,1.358336046792921,0.06253088677341195,0.5978027659526418
185804236,594011,7.198021103889626,0.007057079396420161,0.8659897380810975,0.6632267752372885,0.42035342581172436,0.0
11663694,594011,7.19067320799724,0.0061730466347195935,0.4955830247356203,0.7179755752957079,0.39662052933064407,0.10406626152814623
186397551,594011,10.703298006811673,0.3118738632124066,3.330558093409412,0.0007015832199295143,0.0,0.9616754533162039
186270512,594011,7.199825119120476,0.00721641332922107,0.4303416461837886,0.8114093597629392,0.35903627891054657,0.0
186032496,594011,7.194221068759872,0.010890785134623517,2.5819683100807063,0.41266934372833225,0.38545509223050806,0.0
66378772,594011,0.1769978035086841,23.06979236305466,0.041082140157113194,0.3043760033819711,0.11704629185295763,0.0
147606132,594011,7.19929018134685,0.009438960193314461,0.0,1.4621067618123669,0.0,0.07171340623080692
186221559,594011,7.1974308984899285,0.00707296636816505,0.9524210477831588,0.5857375533218335,0.4499967884753694,0.0
12589048,594011,7.187743830887847,0.011153263766149207,2.896921132054282,0.9216451175202073,0.1444100081865765,0.10530283471610159
186296027,594011,4.344175324375046,0.04366446395083816,1.1161567397664045,1.8999711117129165,0.42206233742351595,0.0
185972317,594011,10.78719543900787,0.05124067137376559,0.6848602637088765,0.5824321509849744,0.11768505996510861,0.0
183040414,594011,1.2503666914703697,2.1024951793612705,1.3506753841930963,1.1092817512797888,2.9426654106987855,0.8885468031714895
