member,group_id,r1,r2,r3,r4,r5,r6
60796222,594644,3.1300377974250733,0.3005638706304139,1.5866157538383805,0.06354820179400376,0.7669611972913312,0.44039912717092217
83080482,594644,6.846334139829884,5.181330719698555,0.06017335365656339,0.0019384806438857791,0.9372980814656604,0.46548442937839024
186780067,594644,0.5396752433656457,2.290803923853257,0.8592335326586967,0.9427806622306208,0.0,0.0
9339326,594644,0.19257542414325196,4.221324876245167,0.34251480742343765,0.9402232109138332,2.433163945572522,0.18278741109210558
12865796,594644,0.3638300658784338,2.4199577737116154,0.8448335223813921,0.9496718603270857,0.017536006933414748,0.0
2167400,594644,0.1879479565616749,2.527032381429429,0.7894657811290138,0.9458365454914502,0.3210968854571575,0.0
183756331,594644,0.6356289338039331,10.974079107938365,0.033918640146683714,0.03384535525373869,0.0,0.19949021379302787
114358222,594644,6.4943004622694795,5.50734002554461,0.07073350325469449,0.021483129503964565,0.6938727161506874,0.4806937526082557
13149935,594644,2.194140486508273,0.8599970356411104,1.5923576686722096,0.006293201033881154,0.8652070309924835,0.5523465515702575
13194286,594644,3.3648704436529524,0.1035150819925325,1.5976670296140725,0.047879410514734044,0.7238110116970053,0.5208972930409709
10247538,594644,3.5969194673149234,0.006691893251402154,1.6208301437809518,0.1358752672918761,0.1422454180560418,0.49149210077761984
195754483,594644,0.0,4.2548969447151235,0.0008671555535621602,1.7826427472742676,0.0,0.0
183126551,594644,1.7103662501833823,3.0503494647539893,0.5318118029620676,1.13479701002539,0.2495572457734301,0.4651225541721186
82125592,594644,12.80688850554074,0.10194215883999869,0.0004078399909536952,0.5953287506529893,0.032598470849195385,0.05270951695886636
135798362,594644,0.36480805258935634,2.2709166469581157,0.8258094593434931,0.9099651439656005,0.0015590018227508863,0.2770120179254537
174933982,594644,5.8310358470017665,2.328257699165569,1.2082079676962019,0.032701059666309706,0.3117811291306353,0.5170963217654877
