member,group_id,r1,r2,r3,r4,r5,r6
5257445,595236,0.5191706983488561,6.797441829215924,0.5099775198134703,0.07707416810218899,0.0,0.0
4299399,595236,0.31829603050479016,7.649635601027599,0.7377916582701024,0.0,0.0008972071290182383,0.48765288000857837
12335144,595236,2.7626947838978726,0.605768367523605,0.18820909347002493,0.0187175170888068,0.35123461378052384,0.26940108360309534
4985675,595236,3.762085681400305,0.0,0.5976523962077908,0.0,0.0,0.0
4886865,595236,2.9982795174606487,0.03999257285047123,0.011615169373263968,0.02191641612806685,0.0,0.9784784725210578
11958485,595236,3.6622076399689196,0.0009593351067307687,0.243102427229212,1.1290060534080175,0.0005450247460397974,0.0
5949757,595236,2.1284479991452674,1.0185900204343035,0.6881433474342121,0.013480392592422253,0.0,0.34970098837753716
5177597,595236,6.424074504032317,0.0,0.0,0.0,0.5384041850183079,0.0
