member,group_id,r1,r2,r3,r4,r5,r6
5500898,595236,0.0,2.114124492715456,0.36553983324649464,0.40776505201587876,0.30767081981248506,0.10155895376716315
5257445,595236,5.989399412206341,2.254030285257587,0.0,0.0,0.0,0.1155867454983914
4315687,595236,2.1172896327918047,1.388947639827657,0.7758334453202135,0.0,0.0,0.11594784357032244
4259720,595236,3.627755233776246,0.8607869952269739,0.9466120880902664,0.8478205943347968,0.46411246757716135,0.0
1589640,595236,0.08568378109796441,4.146131170079679,0.5246165262036182,0.0,0.47623640255791205,0.0
4818186,595236,1.3053115040012395,6.332260834016431,0.0,0.012234079790129979,0.22653230357380705,0.02533971392357036
3522035,595236,1.5578371248940457,1.4596235486293472,1.0282779816069891,1.8217130683768126,0.40970172785322667,0.0
5803188,595236,0.33867459281463386,2.2083392508705297,0.8046276516733398,0.0,0.0,0.10294815167134036
6360756,595236,1.2003010036682147,5.881657059440807,0.21830981693861484,0.0,0.0,0.029240016868620596
3755030,595236,6.550032948901976,0.007172436234824863,1.7851559903961105,0.9402293370319084,0.0,0.011614395961231495
6019927,595236,0.06984987687242479,2.7173062155145162,0.5779019613230996,0.0,0.06994276492684315,0.10702340322528534
