member,group_id,r1,r2,r3,r4,r5,r6
120086852,5978852,2.1088193331645146,0.18123925449144418,3.604538400600832,1.3927368865308696,0.7706173482930865,0.5252841605055969
78801832,5978852,2.1385575388761207,0.0,2.7555528762632973,1.967484126493569,0.8451996122913639,0.2795935231027306
157733432,5978852,0.955670465492976,0.19959092533594155,1.682113543520668,0.0,0.34694052350820886,1.7711802111591726
183639213,5978852,0.14844305247581752,0.09798386255858142,2.3370029498470224,4.409011218075641,0.6390118451020568,0.0
91042672,5978852,6.135749905128198,0.24408127482641967,0.01516782382715798,0.0,0.07250619925773545,0.015373656572682783
78716402,5978852,2.189238023258893,5.477647230490663,0.0,1.4164481933397808,0.08349909380382767,0.0
68307602,5978852,7.987711504885952,0.0,0.0,0.0725936953935393,0.0,0.0
10214004,5978852,0.4552586993992707,0.049432208753166666,1.271362372178509,3.2977410228138955,1.0274802555401963,0.0
70668822,5978852,1.05084891992329,10.348208968377401,0.0,0.02633889780915679,0.0,0.0
148072662,5978852,0.12947189357278985,0.0,7.7645572536590866,0.4788416492552132,0.0,1.656798375578488
46758102,5978852,0.19376308935360437,2.364752100664613,0.0,2.018912249650191,0.0,0.6862874333294885
