member,group_id,r1,r2,r3,r4,r5,r6
64889922,5978852,1.2107234865693473,0.0,1.7952712549028487,0.0,2.0260408609170635,0.0
176258152,5978852,0.0,0.10929270652911635,1.4434345421767811,2.1212584398184466,1.8153839604445474,0.35538242492672245
7624269,5978852,0.0,2.361901131459735,0.27763691813114383,3.145828394445866,0.0,0.0
13625266,5978852,1.318939752750256,0.03744404858544034,0.3936484792474285,0.08906118770233584,1.0056970032043044,2.3298683217102143
106183032,5978852,0.0,0.7615756919993028,6.156832135054064,0.008372484964484521,0.0,0.007861438059074917
8645372,5978852,3.302308932378698,0.4109173262957878,0.0027227019476432643,0.0,0.7896791929976044,0.6165717601034599
185964669,5978852,0.0,4.898746450382263,1.3800616301141038,0.0,0.0,0.025373721745815293
