member,group_id,r1,r2,r3,r4,r5,r6
70583522,5981122,8.359860170768556,0.0,1.3004607670886104,0.1483691838483586,0.39228054130473683,1.0562420079852872
37047172,5981122,0.37574805056442423,21.402975255270114,0.6108441082827698,2.301023645921998,0.34801394449784884,0.37362979854013106
189472581,5981122,16.998903590601365,0.055159843712667044,1.5041926215857242,0.0,0.0,0.0
32399372,5981122,8.517485746614584,1.5869840329580018,0.0,1.2709841504411146,2.5243311298416886,0.0
187532438,5981122,8.419624175155676,0.10009614108828715,1.3130449326602156,0.7879860603660913,0.008363714093257667,1.3206233646225387
87268342,5981122,8.541169436968188,0.0,0.4124476743033025,3.537012673540222,0.5468144590103609,0.011600753332516114
134803192,5981122,8.605371887700652,0.10838024958337843,0.0,3.5347663464206094,0.0,0.0
188999676,5981122,9.309750293568912,0.034875834330043785,0.04610388537606103,0.031747615421542724,0.026661800512631513,2.9340391431348127
