member,group_id,r1,r2,r3,r4,r5,r6
83179232,5981122,0.556081825696447,2.5878359361258076,0.0,1.379885643865156,1.5739744079335378,1.417599580329619
117000162,5981122,0.10527076635025374,9.286370098212862,0.0829761151481004,0.32612635834689,0.378527132652378,0.0
37047172,5981122,20.217730416275792,0.26095390049962,3.3185674650783783,0.0006255860001576675,1.4526371200017583,0.009338596447610403
110144292,5981122,0.22208125480072963,2.7116502570926584,1.8278629649067355,0.8959597766880338,1.6849228044469455,0.2877790497471723
89710502,5981122,0.09728562528681615,3.0841810923193917,0.0,1.006442052013841,1.6361966085995252,0.0
117976772,5981122,0.0,3.0520726808082257,1.1593975545227704,0.9050128711906005,1.6551718247871503,0.18354493170253497
13855146,5981122,0.05167501638307332,9.34019033781402,0.8048297352783464,0.008247559535293983,0.37840033473571294,0.0
32399372,5981122,1.6842429553522882,1.4707880199613683,0.0,1.2972331433185147,1.784609147662779,2.2862313743573037
2797596,5981122,2.9348648296931263,0.002020006113762421,7.672953650783008,0.14875693518346167,0.0,0.802913303555394
57434542,5981122,0.03389067377467948,2.9363641882717335,0.3258404703936711,9.314799857972856,0.0,0.34610532493644036
106241232,5981122,0.17374596401729375,2.785992256145464,0.12852948332183808,0.9955016396073861,1.6950778471626624,0.2851772297758675
8283987,5981122,0.0,2.9590953168071827,1.2707977567289022,0.9750819040782782,1.6300266643737238,0.484811766023696
61744212,5981122,0.11694901300827158,9.237532559996389,1.6013925627434937,0.0,0.531904444406079,1.0073988541917782
115190422,5981122,0.0,9.336468775229934,1.6554253754639825,0.6382987407158236,0.5843143364788548,0.251373012075255
101027222,5981122,0.15485791030934243,3.1230328498069233,8.322601783738426,0.0,1.5549001506047444,0.0
106281052,5981122,0.06289549799928291,2.93198688407649,0.920758920149137,1.0320228347377747,1.6239498802603023,0.5370115722558271
99214142,5981122,0.0,2.981684528968874,0.8890925766498176,1.0001716700615875,1.634996343124,0.4022577141124342
