member,group_id,r1,r2,r3,r4,r5,r6
37047172,5981122,0.317734842099281,22.07883739425131,1.1081309202528233,1.7243884898429729,0.355433154851088,0.012951520220888902
110144292,5981122,3.058700489602623,0.3380082133415813,1.1730286584874805,2.863699632469058,0.5336641703288348,0.14407885241160595
112362342,5981122,2.9634797622693383,0.058313427204000956,0.6096720774882805,1.9857122232678706,1.0341894497235238,0.20625070492383565
111273802,5981122,4.4279300312910275,0.051171473588712706,0.0,2.9398778081355594,0.3668154655488877,0.0
82447402,5981122,5.18409314892501,0.2432950653592524,1.18314515302206,0.5934310748093156,1.245312182902721,0.06349163291028295
32399372,5981122,1.7049559983366336,1.6091008245148375,0.0,3.7471776969285666,0.0,4.930912652622803
101027222,5981122,5.462424901074034,0.16398960729194453,6.760314964992289,0.02425937446950558,0.4335264486498238,0.005477362079568196
57314102,5981122,4.204136501273148,0.0,0.9039437063864758,1.355992367434352,1.175424259780431,0.08315264078252046
99084822,5981122,4.168947013374273,0.10169146103265055,1.0072891022523742,1.3524832418084032,1.1574175037880823,0.2711676273766324
7115098,5981122,18.885182177798182,0.03907146374958819,0.7109841625353396,0.2651442464517985,0.0,0.03317368135285216
68217532,5981122,5.24767714061706,0.03558403287012821,0.2256778323286238,1.0229752876573064,1.2007686460775615,0.0
99214142,5981122,6.893035223954627,0.10004304377503893,0.0,0.0,1.5029507357736138,0.4962248887594321
