member,group_id,r1,r2,r3,r4,r5,r6
162975202,5981122,2.900554868856077,0.0,2.553774570876794,2.8258892071977755,0.7770931606453864,0.12874224606619503
37047172,5981122,0.2366996317705986,21.788658344777737,0.703352861076071,1.7072806069974726,0.08115984968767463,0.041735034352015865
175549932,5981122,8.597794951867826,0.0592659225323458,0.0,1.0982714635991015,0.25911170258964145,0.0
32399372,5981122,2.458722059770891,1.663240120872154,0.0,2.712319898918565,0.0,1.927445640594044
176597102,5981122,17.22226012543866,0.04809994202008401,1.6942166682489503,0.0,0.4104300860242655,0.007232829575490851
78006062,5981122,2.7483707739593473,0.22156528266423237,6.504467303838136,2.1599330058005464,0.9900005901798035,0.0
122802132,5981122,2.984801553795014,0.05682053746202821,0.14044450593834468,3.157438336568829,0.6828539534337384,0.0
112208052,5981122,9.25806638476257,0.05485783858122155,0.28445274704660567,0.0,1.2274670546070847,0.0
6341814,5981122,8.473747693735396,0.0,1.3564922410632991,0.5094765726252657,0.42536255174331583,0.07267603639886967
115190422,5981122,2.9484964938922693,0.0,1.2878003396095503,3.008461581913888,0.6927893510033993,0.18878729307724024
4224250,5981122,8.649771224897956,0.05459937211557953,3.218565441377938,1.3128006193556685,0.1827678887017925,0.0
82233532,5981122,8.779399916416756,0.03582311743967354,1.902005967637602,1.9655003470319325,0.0,0.019305857308374027
138785822,5981122,2.9705342140896005,0.03347471171013603,0.654192147607486,3.0850100577184882,0.6668897224837415,0.14541238662256303
