member,group_id,r1,r2,r3,r4,r5,r6
133980032,601995,1.5702009898962124,1.5422107488347891,0.04037059383008283,2.6890620743230653,0.25384556857646473,1.3899572197300516
66017602,601995,1.4258751963061058,1.349144571097932,0.3176532822586046,3.2878303577022265,0.26736721016612386,0.0
79304002,601995,5.182089448309464,1.920124428374873,0.9481752696584906,0.19178174181895444,1.6082776677524704,0.0
190274025,601995,1.7674411552788178,0.20196802035859546,0.0,2.932400304007856,0.23123240872200734,0.9093420447603471
4054218,601995,0.33356369657101126,10.104510797387457,2.439501097132047,2.0281675590877875,0.0,2.5924437585474727
192886455,601995,1.5835219632054298,0.041420693614837675,9.15380642463027,1.1648326129206654,1.2977054738501927,0.0
191549260,601995,5.111865433783227,0.0,3.978489684865728,0.0,0.0,5.660741063330869
128721802,601995,1.0405688020551127,0.05750228940044079,1.6794215057659967,0.0,2.033202581809022,0.014792604392058706
180753742,601995,1.3377055200629495,0.7264042246373468,0.31152389528166874,3.376224698870832,0.2354418887423514,0.02196141379628815
182551530,601995,2.6687114485951793,0.12522744613623255,1.226493503660414,1.156494111290389,0.5548467970131259,2.2296900113798146
192312112,601995,1.266381668427854,0.7322212375663952,4.040691526359089,2.688039043949047,0.5244566220529667,0.6806961364640157
185722412,601995,0.3129091579011612,0.04072628018566658,1.1728220350175333,0.4009579759047511,0.8955946773975094,1.7220604249714366
173253842,601995,1.6235462552402236,0.8251777789661112,0.9208796330021101,2.5301459224293983,0.5529427803852334,1.200669799599133
188429687,601995,1.7462430910579863,0.0005813646440405767,0.5334950774057997,2.7691485108874514,0.5505747282027073,0.8951437571270905
