member,group_id,r1,r2,r3,r4,r5,r6
14482136,6032482,0.8871686896294209,1.8784749963339866,11.067041046211237,0.47912860792874346,0.0,0.0
155363772,6032482,0.012187679051778992,0.07707222524348711,23.009027543624306,0.2634463400173129,0.041910773182914654,0.17497119736280334
95454462,6032482,0.010210096203932985,0.012453905706440416,13.199591451930553,0.21143625395055363,0.11929421973732017,0.10662474600911966
3177511,6032482,3.820674839392442,0.0,0.0,23.529796142168074,0.021688918733015955,0.03895015702158421
