member,group_id,r1,r2,r3,r4,r5,r6
118277122,6032482,25.26160977171547,0.0,0.07693323703199416,3.1521675209756417,0.09948240874996357,0.0
3177511,6032482,0.0,11.870035237816706,0.0006380149301724999,0.0003494927851126718,5.394862549537416,1.912497813046523
