member,group_id,r1,r2,r3,r4,r5,r6
14482136,6032482,9.299048067308899,1.4066574558407607,1.0488087960510455,0.007884444022678735,5.288904899318104,0.11387440251340322
183187522,6032482,9.16712015596896,0.0,0.5920939029275772,0.016993699299207722,7.610811039158857,0.6863898313430239
153225512,6032482,9.299917818758935,0.005785597051651033,0.6673334683144928,0.06435450843928922,5.270859315428054,1.2600669334604322
3177511,6032482,0.17972232684789094,9.50255100180905,9.557449677832857,0.0,4.335150576522999,0.13432310143097706
