member,group_id,r1,r2,r3,r4,r5,r6
12948778,6032482,0.015067392451209609,0.0,0.0,0.5827913079063108,0.8667587473901979,0.0
3177511,6032482,13.321958902888769,0.5949926994533845,0.40841586209256553,1.7728232270980848,0.0,1.334561920588836
