member,group_id,r1,r2,r3,r4,r5,r6
14482136,6032482,4.05370800876371,15.505682939045927,0.04907450529899476,1.540646849032798,0.0809452933033952,10.316764294214675
121238382,6032482,0.0,18.72364320139476,0.0016740549967859696,0.08479693865405795,0.025223533626239438,12.886948171117893
3177511,6032482,11.39191856536045,0.0,0.0,48.527784921034744,0.0,0.0
