member,group_id,r1,r2,r3,r4,r5,r6
14482136,6032482,3.2799505762091825,4.111895173657646,0.40862067543632885,8.954684466321254,0.07225266488960834,0.022253704502995617
194021579,6032482,0.0,4.158539494194612,0.008172359299958982,8.878900993007504,0.337896113121345,0.001560597855508749
3177511,6032482,23.636876242219433,0.0,1.050776060747888,0.0,0.012848715097991532,0.0011413330273585323
