member,group_id,r1,r2,r3,r4,r5,r6
14482136,6032482,1.010691434773235,4.942367262059645,0.22716816926094593,3.9626304016180613,0.0,0.0
3177511,6032482,7.830440929615078,0.7104050526589979,0.16225919297520883,4.713680937802315,0.0,0.0
