member,group_id,r1,r2,r3,r4,r5,r6
14482136,6032482,0.9075239877063761,2.6740417320276,0.025640449215374367,0.6045272925906748,0.0,1.9150012893546748
3177511,6032482,12.791861331697644,0.3539851273204339,0.024237949752478668,0.5182205262757158,0.0,1.9063234975595427
