member,group_id,r1,r2,r3,r4,r5,r6
14482136,6032482,0.9409628079665421,45.118698504179086,0.0840958012935093,0.4870592902661973,0.6614967117797487,0.0
3177511,6032482,10.963586450621236,6.458749226933737,0.0,0.3174782254040637,0.30510939650994456,3.5765096754727472
