member,group_id,r1,r2,r3,r4,r5,r6
66378772,6118722,0.4565381273440775,9.452201264181305,7.081898338798275e-08,0.0009848690337161067,0.0,1.5970290108312606e-07
111642022,6118722,39.600616315783334,0.0,2.6771091926073516,0.0,8.880187609986127,0.0
