member,group_id,r1,r2,r3,r4,r5,r6
9402432,6118722,0.0,0.8304643418630708,0.009611880492275803,18.41960914539347,0.0008024306735591157,0.2705653129990776
66378772,6118722,0.0020300674483713223,0.0,19.6699310493443,0.13351685217114345,0.058294769161653555,11.469119984866378
