member,group_id,r1,r2,r3,r4,r5,r6
66378772,6118722,0.06571242246073741,9.589035164954709,3.935633740614991,0.009316960338111649,0.013684517470785017,0.0
142609302,6118722,11.780718239562347,0.0,0.0,1.7940381108014318,10.94539404293942,0.0
