member,group_id,r1,r2,r3,r4,r5,r6
66378772,6118722,3.7004777805216556e-05,0.0007207984441789275,0.5667793344273627,0.0,4.223790007461044e-05,4.896831555716127
107962372,6118722,13.024306841546261,0.8053040675579816,0.0009594060831168232,0.0022510417768472797,0.0,0.0
121378622,6118722,13.02430685668422,0.80529725319053,0.004129498361262359,0.0022674077350483103,0.0,0.0
