member,group_id,r1,r2,r3,r4,r5,r6
66378772,6118722,4.443214466914744,0.0,4.161002940184854,0.0,0.0,3.0093845026256485
107962372,6118722,0.016392248272367464,28.10779521269986,0.0,0.07000955938190372,10.103721402024872,0.0
