member,group_id,r1,r2,r3,r4,r5,r6
12107751,6139352,5.327563712672151,0.9968681873770572,0.0,0.0,0.08549100190662304,0.0031604044717673595
108938472,6139352,1.9698836087696259,0.09191519623850095,0.029851452139847433,0.724173191278121,0.4523467071022271,0.0
42231912,6139352,2.708079490909397,0.04780472544102689,0.021254660470623646,0.32739798747458987,0.5480164819348835,0.0
150253322,6139352,2.755778683160166,0.1013228519123466,1.0995367421363593,0.42004599425508976,0.0,0.0
11751054,6139352,1.8327424873971483,0.6152016931299972,0.8407304931524738,0.7139058670668016,0.0,0.5492005310509668
173523442,6139352,2.711310165640502,0.11404632810107661,0.0,0.20223617003540562,0.741784427895239,0.0
71818612,6139352,0.19806453168464674,7.1942376783911905,0.8600115591653714,0.49015469443621323,0.22360232070155023,0.0
67575412,6139352,5.253994418212657,5.360958785837177e-05,1.334129635852431,0.0,0.0055189492732250316,0.8331510196409344
180155062,6139352,2.721093929672171,0.0823463999835656,0.7775281430616674,0.47708447847806496,0.0,0.23840049319890955
97891032,6139352,1.9926013708374446,0.0,0.2562609135105103,0.7841330854393013,0.32924478642093047,0.0
