member,group_id,r1,r2,r3,r4,r5,r6
71001602,6270302,0.0,0.8752033862092693,3.5769883671077003,0.0,1.244406491141003,0.0
6594626,6270302,1.8289968264138747,0.0,0.034808084784048975,2.488024964532693,0.018245210840405743,0.7235145185397327
10493191,6270302,4.152084333190663,0.006935130473916138,0.026102337812806617,0.0,0.038034513599300705,0.36928412202991473
9843599,6270302,0.00021779634093802935,4.820385075599605,0.030102268860927532,0.0,0.006326857152976768,0.9193053897538189
57010622,6270302,0.0,1.4737248223308652,2.94819574002965,0.0,0.0,1.2858740639272621
75898142,6270302,1.137753903437769,0.0,0.0,0.5690267262999303,1.3144980768917371,0.04169173119907242
