member,group_id,r1,r2,r3,r4,r5,r6
35911712,633017,15.256624896248551,0.0,0.023882421323762414,0.0,1.0219237891067368,0.0
5777066,633017,10.205865517660854,0.06094506427430494,0.05132977625117822,0.0,0.017927912847674442,1.772445885712062
6242767,633017,15.260671994194839,0.15623068377299135,3.522841838686953,0.0,0.37419511380586784,0.0
4840880,633017,1.325968242067205,26.388864590932204,0.2554765855374319,0.0754311615628825,0.026752662607276188,0.6817876816484141
79705712,633017,7.7297074797158976,0.0,0.017335450599096438,0.6345753319102978,0.30282163399901696,1.818014591807427
73334902,633017,15.263164569339583,0.1851416005709788,0.0,0.0,0.0,0.0
14482136,633017,3.449145516187367,8.73305441991285,0.6533358875854967,2.425192692126671,0.03494775235651039,0.19804452058079006
46018712,633017,10.203546014478247,0.09431927842696229,0.8073012814070661,0.6169639331432806,0.41839218659609034,0.7997574965206982
