member,group_id,r1,r2,r3,r4,r5,r6
36278622,633017,22.40876028756917,0.07267280705385168,0.8647788430274926,0.12193979147776643,0.0,0.16806340548584284
194798146,633017,3.913703350709631,0.06283650721208754,2.2511795307071125,0.9872371074709004,0.15324637512176542,0.17028166358210048
190044837,633017,2.594766175550941,0.9276423325759929,1.2907382786712387,2.4484105129587124,0.0,0.0
194361736,633017,7.506399022832013,0.0011590132318452303,0.09590053081143396,0.059733376986743796,2.256904995817976,0.005885881358734764
190023528,633017,3.9461001205864186,0.023915711778562807,0.9357270795366119,1.700596010417409,0.17454139862111268,0.4112602845285417
194922282,633017,4.6970434688776415,0.04291023288625995,0.0,0.9815585490992295,0.30765819001693234,0.6577435635119624
4840880,633017,0.6531016071163771,26.33872892597206,0.01047781687733389,0.006864331411510541,0.3166945938412741,0.04281597873681482
161879902,633017,11.615284880588968,0.12814826642656652,2.051510301619157,0.05360892581491121,0.7243479498652433,0.2951140254951233
194838866,633017,4.498932014487263,0.0,0.3488076131549917,1.4694733745345216,0.1143815038197024,0.6180059465566877
141824532,633017,3.5024904675331965,0.02682551098548642,0.9988887593481753,1.7689887566706555,0.5896389197849758,0.12520965126662595
188465558,633017,4.4606119316801145,0.28359660718623103,2.0012015272373156,1.253272416563863,0.134927568593628,0.2466432309730461
187882455,633017,4.703431170984545,0.0027133833141567932,0.15866382257275374,0.8904550194453982,0.38497064948873216,0.6069458565153489
14482136,633017,3.398683738826738,9.06729424240338,0.8270481104950349,0.4492465249032471,0.0,0.6111394551340287
125246842,633017,11.614832409708555,0.10331648608879612,0.21189762117856387,0.3736826795415567,0.19057417320082115,0.815005092267206
191728668,633017,3.157085141927068,0.1265484856923921,0.010766228240552428,2.1088511920884923,0.01907375269400866,0.4376073478731553
45209182,633017,7.495885942575306,0.036284676207603485,0.1478459472447485,0.18529898951701804,2.112365940135766,0.03439864321560104
