member,group_id,r1,r2,r3,r4,r5,r6
3999526,633017,0.06083796029576024,10.052765226367963,0.17651525732607284,2.2788459089780013,0.0034682280541259106,0.03978242065525605
7859944,633017,0.02874511978887816,9.888461962066378,0.0,0.9792171433794589,0.48416217411508106,0.0
7575112,633017,0.0212028569803031,9.902408565026924,4.346526780729269,0.0,0.24869865169516214,0.0
3334058,633017,0.12004348070930448,10.073805484245833,3.5075830307586653,0.49614730301276144,0.0,0.3448442849958678
3398380,633017,0.8102845496668035,3.398051423836103,0.0,1.0972473067352198,2.145874944599865,0.0
7752046,633017,0.027882648682940943,9.896552697702708,0.5147818779648426,0.657990158598534,0.4475275803851178,0.22775875399866952
3064494,633017,0.09380418291197498,3.7884066328361827,1.1887089784642364,0.0,1.785303624515809,1.3775769926520172
4840880,633017,23.826328266131178,0.0,0.3283233445742363,0.0,0.005096584771798504,0.23497848148425673
3582414,633017,0.6461679683541918,4.3555164749861275,0.7971215839857742,1.5527872653240047,0.9573157057646146,1.0526289111300309
6242767,633017,0.8023942850422823,7.739222990938278,3.5278704662492113,0.31572813035207087,0.505349850134523,0.2814036191870624
6611734,633017,0.15905701054823063,7.4777121212497875,0.14741468012119188,1.9773305808046675,0.544601678767819,0.19964255485702198
2598646,633017,0.41989325465896776,5.075093167905122,0.0,0.3978717703352506,1.8029647776120739,0.0
7763384,633017,0.02901793820986316,7.9701755025475824,0.18197013503657647,1.6961217727149702,0.7009971100827544,0.03293186568265585
7985305,633017,0.09594795960402852,3.766227996695566,0.0,1.222127861481845,1.9700352392379377,0.0
6724122,633017,0.06248762929663973,5.14630167963294,0.1608753637369413,0.280084961947297,1.7242103422292754,0.5385004998348913
8271867,633017,0.06280163772007319,5.149220940399195,0.0,0.42030365863208674,1.8454006720908303,0.0
