member,group_id,r1,r2,r3,r4,r5,r6
2689060,633017,7.297747316995371,0.0,0.14417767848736768,2.008058991928228,0.0,0.0892716912434391
32707462,633017,7.293659454046482,0.03600213605911946,0.45196117420448656,1.7657189217464517,0.0,0.0
12656967,633017,10.64841786283882,0.0,1.10213389369877,0.030861831787754868,0.0,0.09070549355274232
8122872,633017,4.862878999702133,0.1619270847352522,1.3018676951688206,0.7642762273822491,0.041490221772323095,0.674472314787995
34103722,633017,7.248744674721904,0.16441837459290573,1.4091557868313218,0.7515060581823918,0.2865952250974477,0.07974946477725078
13855819,633017,10.930332967304745,0.20871581286377108,0.0,0.6352580671385095,0.0,0.18766394660445118
10774924,633017,10.750184522380154,0.7547924802664818,0.7594828926042729,0.0,0.0,0.0
3398380,633017,21.26841958118605,0.8100974826356603,0.0,0.012032757260442619,0.05995332015935141,0.12955605272396944
14482136,633017,3.7015026290838633,8.909615470349687,1.0402390256873357,0.4749911932110617,0.38489570754197683,0.0
4840880,633017,0.9010199737411688,26.331655120583186,0.06927745945178206,0.08401346983811313,0.02734784802126115,0.07011001154716565
12640632,633017,10.636809188988096,0.014904117796255584,0.30456491248633627,0.914835380227961,0.037069082983297426,0.0
21506271,633017,7.243884789856641,0.19708454840457965,0.9528731112160617,1.1331337906377748,0.14099338781115084,0.11206433631767078
