member,group_id,r1,r2,r3,r4,r5,r6
69234752,633017,0.2510300321737877,7.997229141629505,0.843448094143012,1.7765041235363745,0.15489039005742367,0.0
52945922,633017,0.3146531819366348,10.673535445268445,0.45373308591718325,1.8590057605654506,0.0,0.0004013027408357086
12121028,633017,0.6064257823363337,6.225118796155589,0.171264764589268,0.4529025372495601,1.7363965073077932,0.0
7534249,633017,1.7567838477063702,3.349563415911788,4.581156707016872,0.18760311252224665,1.444393051940661,0.00015790965160869362
5777066,633017,0.08527296790669602,8.645923023742903,0.2908468152350743,2.4194039619167382,0.18370605420282213,0.08785735856609451
58642762,633017,0.5421626468809801,6.710703203905026,0.0,0.7522201464093065,1.2680491492843649,0.12474372628840603
12145933,633017,0.544569608605303,6.116809017242311,1.0092974266232988,0.12987500346117176,1.0765250516597982,0.6702622444047657
6242767,633017,0.8107811869199577,4.601909983086276,4.668816887409899,0.7603951881568886,0.26250054310912885,0.1992433666891603
4840880,633017,24.039616419808716,0.002979613099363847,0.062193648949628165,0.0,1.176615448464381,0.0
58908432,633017,0.14800782270522186,10.940676462401925,0.2924155924074059,1.0776925267832436,0.68112501846024,0.09445963003880055
43855412,633017,0.7084372830737454,8.337012928409475,0.25365790932847976,2.3270442507270173,0.1312664995073596,0.21137908241779013
13987990,633017,0.31334100819582605,6.608442995660874,0.08458916278224117,0.572483396654851,1.2547113592412988,0.33575253619044254
14482136,633017,8.312964247489354,7.3957652861604775,0.6968399869499242,0.36666640573424747,0.0,0.7798692599661977
46018712,633017,0.31271489834942456,15.125840123211495,1.9091054508042433,0.0,0.03937973894139255,0.12574499654174667
