member,group_id,r1,r2,r3,r4,r5,r6
69234752,633017,15.307871332398532,0.0004085589294983179,0.1457019367701484,0.0,5.35657022309392,0.0
71832902,633017,15.311648807191178,0.6918013265975274,0.0,0.0,0.0,1.6314116329092005
58642762,633017,10.258973184259645,0.44182466609958615,0.0037116488571094625,0.47077548448681605,0.0,3.3277760234157046
13350543,633017,10.383144189542932,0.0,0.011937436840086024,0.48949377730841415,0.0,3.0496194490500494
4840880,633017,1.5949829083554758,26.539011861811,0.1555780738128025,0.2543759374779174,0.7283315365236773,10.230295465858237
15142741,633017,15.311821693755443,0.0,0.0,0.007652652220025176,0.03602425110468563,1.8591964050667926
14482136,633017,4.079424060537687,8.678143014970177,0.9557536261780707,1.058727067895134,3.7647434072254726,0.8957568518906323
