member,group_id,r1,r2,r3,r4,r5,r6
69234752,633017,15.41575200921937,0.1269695706838429,0.4895355486441162,0.00010290596741354893,0.0,1.3401402666729159
71832902,633017,15.440491445736122,0.7562268542501583,0.08161258785325794,0.20959447235232104,0.15549874555436302,0.0
7534249,633017,5.499870728049587,0.06579196239212012,5.584117680830278,0.009467813788041965,0.03801218959281507,0.3299995057576282
58642762,633017,5.610296577567578,0.3663889719678247,0.0,0.7577023322067561,0.6391913776880097,0.0
3398380,633017,6.651238100730778,0.7144370082308233,0.011408373932949247,0.8975568803571149,0.4985452957284485,0.0
13350543,633017,10.471478211802587,0.008939636711844544,0.049182757461194056,0.1762292739500167,0.38935741229693566,0.0
4840880,633017,1.4197986551941648,26.7791440370863,0.11504586400279923,0.5644336147074325,0.5566684687078011,0.010503469765260282
43855412,633017,10.836273794745239,0.8106132824963537,0.0,1.2015200435493434,0.0,1.052229242626892
14482136,633017,3.068899191511278,8.930554630809018,0.41988217620809865,0.29033508145571346,0.697497327059143,1.4502033009186481
10948729,633017,6.761759038803513,0.0,0.011754125754181721,0.7319663464868673,0.4454063531956891,0.7929950214610633
