member,group_id,r1,r2,r3,r4,r5,r6
833440,634419,11.351931848650912,0.09040835610613214,3.030723577422234,0.0,0.004261653386019649,0.046620371148835583
4846159,634419,0.0,10.199950426603015,0.36285366681122466,0.02144301634034605,0.0,0.0
2820048,634419,0.11252613604037759,0.0,10.010233780633374,0.0,0.016262882886692743,0.8335412128789257
4059125,634419,3.1629787367017963,0.1492442136073202,0.0,6.269442380943919,2.660555051935607,0.7034199858817116
5784632,634419,0.0,0.25116267198529546,2.02844722493758,7.050442692450811,0.013162456000380622,0.0
3749404,634419,0.47833138593124325,2.0075466792099297,0.00857514097755507,1.7365581228023645,4.994443063144532,0.08061567705122172
