member,group_id,r1,r2,r3,r4,r5,r6
7587073,63782,8.256180448647362,2.5935778906580524,0.012428822077467643,0.5881018043715504,0.7106678151675765,0.43536810284602817
3105029,63782,2.214736534390103,3.4255640517554298,0.0,0.01033780825366737,1.6000232115298025,0.4992135857187179
3279622,63782,2.3898017605758577,0.0,5.083484776769447,0.4826461179824377,0.0,0.09777932546187679
4317127,63782,17.68142756584745,0.2137368326248475,0.0,0.15332813376500892,0.10236259655176594,0.0
2284332,63782,1.4860425009798248,5.119226519358609,0.06826015795221446,0.9531148170653273,1.0598835597832572,0.6851888667460863
14487468,63782,0.1985485465117071,5.786054310694722,0.19239786828033068,0.3278560040606972,1.354210460546097,0.4328588104349847
2285900,63782,0.09031231507534741,1.3332152391632506,3.4700196311237574,4.159978767476911,0.0,0.2781221895408714
8494865,63782,1.5708872349799063,5.146733536182213,0.17249253508749626,0.18653038891360013,1.094477533850635,0.6661212821136427
14349874,63782,0.11059171226645166,6.266510533761107,0.28279757308752496,0.1556494119012604,1.5805049547036008,0.0
13306451,63782,0.02443722953071617,12.066818771264542,0.15647814827076656,0.0,0.38242986783727184,0.0
6116311,63782,0.009580235020935506,0.12938610741202444,3.147011005909379,1.0108474775394034,0.3414937527812729,0.23597052888757605
7365785,63782,0.34701840084106633,0.15967068501401996,3.6463756065728488,0.06530766841524653,0.47724343312252576,0.0
10477405,63782,0.4918775733273123,0.3102123250417195,1.518951338676374,6.975660459047328,0.5994537281236056,0.0
11675167,63782,0.19821504855488933,12.690217940451822,0.0,0.06576329321435465,0.0013904984140874971,0.17739660071575203
