member,group_id,r1,r2,r3,r4,r5,r6
76675192,6395102,0.505009360762967,2.496104842586022,0.0,4.5057930942111994,0.0,0.0
24217202,6395102,0.33932931202135347,0.0,3.6251653047306798,0.0,7.618710437661003,0.0032167260819023877
184550706,6395102,0.028779808683796284,0.6956564638286341,7.559624266589186,0.05114059729835726,0.6096848726714849,1.383056737815673
