member,group_id,r1,r2,r3,r4,r5,r6
183131232,639910,3.9255129693991067,0.10980236159388652,0.08562378061436737,0.9669560847119335,0.548059640892971,0.4841479211063266
60128612,639910,1.714848692236867,6.545199205709834e-05,0.4087753639537128,0.5414945872330144,0.5789075051220125,1.6525675732684861
11384902,639910,1.6556455504191576,0.4217373816882462,0.017304644527825888,0.5831423259157746,0.434948000134198,1.7801465711340418
13462918,639910,1.7049543315514093,0.08606911712313556,1.1147583640029115,0.41608592575835696,0.9541856537933773,1.2067565124910444
70115852,639910,1.6948707653553128,0.1554718798538167,0.7169560666138814,0.5278624604783861,0.8824097557799961,1.2643202677395975
184348471,639910,4.997103223353851,0.053123930395143654,1.9400548701898883,2.96894215269225,0.23280665686820318,0.024197496242908283
36353712,639910,0.8884530099645376,10.754535067936477,1.861109328358778,0.516852731821784,0.5221394774545343,0.59502664771267
3974737,639910,3.838563937696802,0.5410922946171912,0.3287947967439936,0.8526018048853302,0.695547526657118,0.3111069344157673
23134451,639910,3.867098207137109,0.3962397593061366,1.6252675119484457,0.24965309874017438,0.7696826092803023,0.37763979482766474
52540982,639910,0.8798689999249701,8.4420471705761,0.4239789898082581,0.6659029640948602,2.13238551835817,0.0
10315638,639910,7.456021009424468,1.6675318744824537,0.0,0.0,0.0,0.28608849154343824
8475158,639910,1.7141321542152899,0.012079037484325835,1.6689246777764057,0.2170041644764253,0.9273542453843137,1.3000275252468634
8480982,639910,1.1830272171491594,3.8088583640401508,0.0,0.0,0.0,2.233015293176952
33025022,639910,7.470944387656998,0.045336959336005164,0.26948368356430386,0.36111465399339665,0.38664638628127695,0.0
119092382,639910,4.997358239379496,0.04063018843696837,4.82830100595053,1.1824878126923932,0.2158635430133736,0.3931578852604305
54059102,639910,7.470338169659811,0.04507550178414307,4.77429108564772,0.030990700368261993,0.3318090620491355,0.043920388736300546
