member,group_id,r1,r2,r3,r4,r5,r6
8278498,639910,0.3978745173674645,5.747672565273135,2.139845946405733,0.0,0.028672277960967385,0.1925966649532922
185986151,639910,2.274771567277207e-05,4.367888436880645,3.5289663601867365,0.12112351749520298,1.9642504628462976,0.0
36353712,639910,10.828081462112744,0.0,2.9460631062119718,0.6401770462466656,0.0,0.02411121163816946
3974737,639910,0.5199786815438882,4.049145255176802,0.0,2.767042259843585,2.0865372225029852,0.0
52540982,639910,8.524883286074518,6.105500631403608,0.020829423793559478,0.0,0.9767883755424158,0.0
187504153,639910,0.0,4.4332635709792125,0.5908002515836077,3.413024381385542,0.0,0.0
