member,group_id,r1,r2,r3,r4,r5,r6
2352242,6412362,3.6758905218483826,4.883847465376822,0.0,0.0,0.12026579507653962,0.0
124165252,6412362,0.7556789210699856,0.0,0.009770599665907357,0.019609819533022908,1.901512224022444,0.0
74239502,6412362,0.6974188292872562,0.0,0.5284522741068947,1.194437905768265,0.0022141088098484776,2.521231016082615
