member,group_id,r1,r2,r3,r4,r5,r6
72978242,6459572,6.34945674075718,0.0,2.4113268624807187,0.0,0.4637956661083526,1.3700484858240842
153627522,6459572,6.33871499750048,0.0,0.22621758543257536,1.2017415927428945,0.5127767885684434,0.7414555876201813
82638182,6459572,3.393305355452341,0.08721120797326737,0.21859625814973643,0.1615223935895164,1.153376857925422,0.050902052028491594
40352742,6459572,4.845700643125219,0.002006979320761088,0.11599636060403785,0.07176904047261157,0.9073170259652044,0.01243939362115323
12347304,6459572,4.848025502601719,0.004380671238959618,0.07740039061214242,0.0,0.9011338191249508,0.3673481302612927
144710232,6459572,4.762126099237474,0.05426473163057354,0.006712186394300396,1.2652108995863776,0.684978894862005,0.0
154794962,6459572,9.673350469185069,0.05429516038923961,0.0,3.1175201500440504,0.0,0.6369530229165602
74669972,6459572,9.499062355115845,0.46301714516501036,4.806671090491981,0.08661382650404573,0.0,0.0399015780610346
14600949,6459572,4.780897882380918,0.2922663674114377,0.0,0.11774152856650248,0.8881782027183847,0.0
6520725,6459572,0.19354672101234632,21.30917467651972,0.4008107635656581,0.4384188847347044,0.3372540843766724,0.3887707380560402
40195702,6459572,6.379354819256616,1.0499184080059913,0.11005603328550365,0.41907705897578773,0.5977204854631156,0.12501741684626344
83384502,6459572,9.505801521216068,0.09970312383634974,0.20706670813629485,1.1749570239220778e-05,0.3898641674565067,0.45398860697955745
136142942,6459572,6.671695418656955,0.07758684093268586,0.6198043301170006,0.06247953971399925,0.6409791689509025,0.5585923088792386
