member,group_id,r1,r2,r3,r4,r5,r6
191729786,6459572,0.0,0.030103796983620364,0.0,0.4913816148735101,65.94224282684861,7.017250435840347
6520725,6459572,35.25940466851146,0.9081760871906279,0.008674712068902772,4.030970355871308,0.0,0.0
