member,group_id,r1,r2,r3,r4,r5,r6
182932171,6459572,0.06494677528308192,8.317993349323212,0.29267468026905274,2.3700083232667013,0.8605571063529177,0.09323165818918269
74669972,6459572,0.6182420236704866,7.9687284408681105,4.8042199092311675,0.16297830850733339,0.1460788165395077,1.235401988424595
14600949,6459572,0.2737962870671474,11.645052446435717,0.011229784497632319,2.5854587235860125,0.0,0.0
6520725,6459572,19.31256013953203,0.0,0.29071524900773354,0.0201017955387085,0.022740322557168628,0.0044632062289289105
40195702,6459572,0.9686733227808834,7.900918542445225,0.0,2.5164371310980886,0.2412692499237077,0.5789518727597808
155694652,6459572,0.05325641108099616,11.778325734562145,3.030191916227697,0.0,0.7583441404071319,0.0
