member,group_id,r1,r2,r3,r4,r5,r6
12955349,6459572,0.36750281466465723,4.386695321058361e-06,25.839503247190034,0.01345825287192568,3.157134783573166e-05,0.0
6520725,6459572,14.325618418619863,7.2090117107112315,0.0,0.0,1.988157518069475,0.3857195327539885
