member,group_id,r1,r2,r3,r4,r5,r6
178460372,6459572,0.001176553580489605,0.08087773036559988,2.191675061627344,4.864530156083872,0.0,0.01737663096488213
6520725,6459572,5.530112943233957,12.716015964993026,0.0,0.0,0.16175953998256185,0.08608342408930084
182991262,6459572,0.05018981186014476,0.19592734126370848,2.1905780003373745,2.071409482209898,0.4893017392913121,0.0
