member,group_id,r1,r2,r3,r4,r5,r6
190247184,6459572,0.0,22.37988574050079,0.014030858514116909,0.015016392630421083,0.9319902548084609,0.34193172472137745
190608985,6459572,0.0016207075845269148,11.239666035026081,0.0006542016902334823,0.0007722735237505235,6.142968155423399,0.0
191144404,6459572,0.0020334366484433606,11.313154484233767,0.3175235880021635,0.139283573117382,1.153835432744738,0.09135497179040518
6520725,6459572,8.647941019962392,0.1136562395342181,2.6645104143323453,0.048168389362400144,6.7205254829265995,0.12031936855148612
