member,group_id,r1,r2,r3,r4,r5,r6
2905504,6472872,4.619855508509498,0.0,1.058317366987507,0.0,0.5876097721385675,0.4315314418506614
75048772,6472872,5.421043592085918,1.40081434706492,0.41510287107840177,0.18329918379820664,0.0010665698554504822,0.0
186206085,6472872,3.189393773044135,1.103264805547874,0.35977938023476413,0.3603582783834071,0.0,0.9374636678197765
8477797,6472872,1.9908887188039395,3.6273936101412954,0.0,0.8741058495410414,0.02132841460410855,0.06112302491788221
186829246,6472872,3.6577879333741214,0.04310549697185966,0.0,0.0,0.22134336948684843,2.1488064859529916
75086942,6472872,4.033645233926494,2.0768963088645944,0.5859905139615644,0.17341078153910428,0.0,0.4235826153778599
2167102,6472872,1.3546358612066214,7.557301631610914,1.8872113021753736,0.0,0.04491769854394413,0.12649380053176817
