member,group_id,r1,r2,r3,r4,r5,r6
174509602,6520582,7.618784344446592,0.017469627912627662,0.0007617586525939062,0.0,0.9681102354553452,0.3612222033625842
108431332,6520582,4.484593688721376,0.0,0.28602521237624207,2.138395848323876,0.3746660448162686,0.6062514711503263
33931912,6520582,4.28124935334674,0.29233566664038624,0.12479157604988494,2.160633781646295,0.06546450705351203,1.811701746319853
75088462,6520582,0.8961271999381294,18.25064284061573,0.2208997441207887,0.9920932949943035,0.33327029566951716,0.2955392324709647
104235472,6520582,15.025886806202081,2.7126180321429922,0.0,0.0,0.03824119267833239,0.0
151258032,6520582,3.5038787333993815,0.69145202935941,0.0,1.7971245473080197,0.8554916445842627,0.0
9863901,6520582,3.9818566667458293,1.2548825904213388,5.747784517997112,0.04229014358056531,0.026591835351117563,0.05435601190013519
