member,group_id,r1,r2,r3,r4,r5,r6
99049032,6520582,0.15324656082593088,5.0945721431282776,0.0,0.4990325527942166,0.0,0.17608123255496475
90582282,6520582,4.155069520292281,3.8369799934584563,0.026065472753387733,0.29985914642066885,0.0,0.22125326737897058
68521452,6520582,0.14618666718279508,5.132883220106739,0.9030782029017109,0.14215900399406933,0.31676489083145304,0.05847286715275695
75088462,6520582,17.16099689036847,0.0,0.0,0.0,0.6175699818635887,0.0
85354992,6520582,0.5425077127886343,4.479981439936925,0.15112453453339977,0.7174684937767384,0.2720494219253941,0.003915209991502368
73406132,6520582,0.6349913362227438,4.260414436449475,2.6218820133171823,0.0,0.0,0.0
97044732,6520582,0.48367214368067246,6.164682808748879,0.0,0.0,0.0014360722248116361,0.22612723059108666
98304222,6520582,0.15468026364822376,4.543814816322088,0.0,0.874221357947638,0.0,0.06139237866712409
