member,group_id,r1,r2,r3,r4,r5,r6
78819552,6520582,0.08730792391646511,5.236158351484651,0.6528382554019924,0.5120561710680432,0.5687505467754524,0.02887745181724804
125082272,6520582,0.029612219229264335,2.66595431344487,1.617142332460924,0.0,0.0,1.217584741159867
12662210,6520582,0.4834982687635772,1.9951536641657677,2.038314091824455,1.9352064288780733,0.24935142792731163,0.0
13568069,6520582,2.473289730752875,2.2288226932674764,1.4139645359912778,0.5767200323074656,0.36737921090220615,0.4326302784514683
82993222,6520582,0.22949410384531457,2.6291953398207477,1.5622893723349836,1.1271437620616138,0.678496210820915,0.16002408265186657
78974632,6520582,1.0669431658622133,2.506168125929913,1.4573213599124824,0.6287136460337138,0.5584387163204818,0.39851835914206
90582282,6520582,3.8857579725074487,1.7242066064434163,1.494038775590952,0.0945933089768015,0.09091161687910834,0.5054247131907292
90954892,6520582,0.5502419230989211,2.5875514984210937,1.537789370334137,0.1307017801458145,0.24476431661992648,0.884140435692114
1071981,6520582,0.0,10.51558683242429,0.0,2.9408012809481057,0.0,0.6784630457091616
75088462,6520582,16.058520875968632,0.0,0.0,0.4651124613299914,0.31235762262498107,0.0
120305902,6520582,0.6608091545529702,5.085829411859081,0.5930355456098564,0.02901185215857888,0.09377524146864225,0.7876056037362524
104235472,6520582,2.4292935530059387,1.9197863303320535,1.6856864863066583,0.0,0.0,0.6508037273619759
10904753,6520582,0.18069354618134711,2.6385414008954147,1.5795033292560436,0.7335178989951932,0.47490322877676433,0.4851392078284654
3310900,6520582,0.12004124231338512,2.6408323040783106,1.5761160578077718,1.6103708655862727,0.7335374555919273,0.004550498594690733
121074452,6520582,0.08163546748449137,2.6580456465270434,1.61033554546018,0.0,0.0,1.21751673505864
108736822,6520582,2.3733531911752874,2.2472682470600835,1.4334563580362616,0.0964911981278582,0.15848169804586126,0.7810802602643728
105093302,6520582,1.702415805723178,4.282178795904502,0.7147373967814419,0.133623584915333,0.39093681944492736,0.32346825121916445
71440542,6520582,0.029612219229264335,2.66595431344487,1.617142332460924,0.0,0.0,1.217584741159867
