member,group_id,r1,r2,r3,r4,r5,r6
175301632,6520582,0.12224466497494156,10.49255302716169,0.30970352306013516,0.0,0.0,0.41829544132437196
183765121,6520582,0.031976528366215874,2.480750286274523,1.9252070497678964,1.5929607918044846,0.0,0.19867939801560466
31685762,6520582,0.032054160148496984,2.4780588220228097,1.8304230037501257,1.6586350990915288,0.0,0.07722188573566675
13568069,6520582,2.5456736543235263,2.0831104735744383,0.5023520391090058,1.6872572084469122,0.0,0.0
109335782,6520582,0.3535046803852559,2.347955267743845,2.062371769136527,1.1636899477640326,0.7967929133323012,0.7048614425274279
40445222,6520582,0.7806646315596122,2.360050163861016,0.3150055538457142,1.7720352479938881,0.06769013382167109,0.14483718023491715
78974632,6520582,1.1015458295080738,2.3147452950243435,0.5119606886776561,1.6369628669083185,0.03395582787791519,0.3754298767972055
48282412,6520582,0.16998479022845706,5.038037205002938,2.3932620545151937,0.0,1.3163380365965591,0.23054504882960522
153623532,6520582,0.13897451555584847,2.4564617390064685,0.12190065070783558,1.9031149799071068,0.0973011846676677,0.0
75088462,6520582,16.50400976731141,0.0,0.0,0.6252369188346492,0.05225811809691445,0.3053175440486487
151258032,6520582,0.6203185472154581,2.3815803938951627,0.11043363036237527,1.8732532311905787,0.07710042096780863,0.0
159047762,6520582,0.2993358464281001,2.431647697966115,0.0004069905941604686,1.9011593019661346,0.10556069648392738,0.0
158158782,6520582,0.08547227256874004,2.4736073783091297,1.2830332096841228,1.6220613785980977,0.018445416818976428,0.34590662381765586
108736822,6520582,2.437910530875403,2.197224197960792,0.0556263051895788,1.6316255692978843,0.48904903389446625,0.0
9863901,6520582,2.842695035553734,4.772219395252791,3.708493992274839,0.03418884111737343,0.4867381500295851,0.20437288857162403
183555230,6520582,0.19315218169087048,2.351370339499023,0.0,1.7459562224699121,0.8752877395495914,0.0
