member,group_id,r1,r2,r3,r4,r5,r6
7550753,680702,0.13182663795282398,14.349581566917879,0.32758475858164454,0.12991397087591555,2.3171346269315536,0.0
4684056,680702,2.834667593339707,2.812259694904561,0.0,2.4675471209938094,0.0,0.0
7724481,680702,0.0021869916673909404,14.357772017227743,0.45724083331510573,0.12586075880036454,2.3755622293488106,0.0
7014858,680702,1.2048024674653766,4.879315877650004,0.0,1.4794617682800382,1.60341116198262,0.0
2091594,680702,0.0706851684798815,14.295066278333142,1.1587495732345119,0.01369632262309637,2.636618993411124,0.10224884504768889
6106864,680702,0.11369064332517041,11.461235987903098,1.8669537815776776,0.11783258206739328,3.135360603084787,0.04668796032713886
7782166,680702,2.4914160621137778,9.8053522572221,0.7104834759621986,0.7989093723033084,1.4772500887402245,0.09705513465721341
5048824,680702,29.55711209973618,0.0,7.219172974354356,0.0,0.0,0.0
3749404,680702,0.6272608206279083,20.44227750186626,4.60802592271649,0.3890909777868229,0.3223163000975916,0.0
