member,group_id,r1,r2,r3,r4,r5,r6
13228098,680702,7.1644545656902245,0.1087105769604866,1.4183146263377908,0.245621064161275,0.5664598045592398,0.05393896233757072
77942882,680702,7.165799292482371,0.028177579117875315,0.5030453798345437,0.5500460702644085,0.5352449515925052,0.4224399254456704
8776137,680702,27.194427615692756,0.34663943212137804,0.014657670022255096,0.009509092350062101,0.0,0.21495585410599674
65879882,680702,4.9335269925142535,3.4848020289156105,0.0,0.8309738964452595,0.49726394239125016,1.0495317762824272
87137162,680702,13.834319194656638,0.07741871410946694,1.1017487889123374,1.0476747189943942,0.08977155041165125,0.0
33036012,680702,6.993111750944719,0.7206551685471004,1.741199630852651,1.6205818001746335,0.009918688412941976,0.3280593549525803
14482136,680702,3.9081583454605515,2.9645690549549975,0.22381018237497674,0.5299013508251713,0.5209275905417909,1.6591511482304306
3871663,680702,15.005191477847369,0.22488158802757988,0.30415692564046437,0.0,0.45378878784612603,0.0
6046031,680702,7.09922482083399,0.2226560982080612,3.42250764638521,0.86498356043599,0.012601957274023598,0.021181990123448725
64546162,680702,5.000826743653828,2.9924640076182043,1.3996668280031441,0.4578314479111814,0.49460333476092627,0.5696707568738303
7574831,680702,5.660223532663765,0.3050867599098921,1.7269112816977388,1.4729517227008433,0.02499003526717066,0.7190793047239764
48504532,680702,7.458850254365755,0.0,0.33424617202353635,0.7618350111660513,0.5175155280664407,0.25383528897743096
12955349,680702,5.991662387841184,1.7293716326699975,2.0592175648445856,0.04116669030761058,0.47842827998193244,0.5636341345470008
5048824,680702,0.8382744747077214,33.484897069472666,1.0832554004443067,0.7845428183286263,0.11232992866160971,0.008140430813388383
61489722,680702,10.53754261125155,0.2459249575607452,0.542321471820616,0.8731561714178261,0.3446615403936459,0.0
100619292,680702,7.169380356859881,0.0,0.41492694501782634,2.3204029453852,0.0,0.048856753867455825
