member,group_id,r1,r2,r3,r4,r5,r6
75704192,6822952,14.154380462140741,0.0069668691547066335,0.0012028078336909333,0.021808376312083287,0.1251241715264682,0.0
106239912,6822952,1.1211029613401107,10.60616912158597,4.734910229257225e-05,0.04897680771329316,0.36763725934249586,0.0
1207469,6822952,2.7746382475468137,3.5665409617208583,2.710609398185165,0.2006249495929826,1.4039024129669222,0.0
13890546,6822952,1.0130209617976969,6.997478672432091,0.0,2.6283465685414704,0.061133438665184524,0.009189892419343641
29130142,6822952,3.3436642182479783,4.647228142912449,2.294991613782743,0.5711987375732349,0.0,0.0
1217695,6822952,2.8330346461401508,5.9355083055794235,0.3382175773727925,2.0960760909236833,0.0,0.002437363674989593
