member,group_id,r1,r2,r3,r4,r5,r6
75704192,6822952,14.447349232251684,0.001166624061684216,0.22303288136745125,0.13120928321905712,0.2495221834942488,0.15519958136743128
48300192,6822952,0.6148729088689984,1.5888436415254752,0.62849370231406,1.7327476826201869,0.0,0.0
167316642,6822952,0.3170365806984298,4.127543065843274,0.0,0.7046908764653905,1.1217244209123087,0.0
9274981,6822952,0.20404249190954069,4.300038920766163,1.7912015766867035,0.17966673286821075,0.005152350528249975,0.042024817713962215
47148902,6822952,0.8966234971436291,5.147189508425315,0.2083811487788561,0.0,0.16908227335515444,0.7745374545747309
106239912,6822952,1.1392390290713998,3.128705780021352,0.3890967835508443,0.24706749483263135,1.400883521679562,0.44547989816862
1207469,6822952,2.83044246273649,2.0690195890881364,1.8305803990641205,0.0,0.7378195319733528,0.5932008197892322
120427822,6822952,1.1942573628873756,3.4712495542239767,0.5326409902112081,0.3656058993794803,1.0403274709425774,0.5688741656000073
13890546,6822952,1.0185291935983156,3.671070297636516,0.18212691610484813,0.41974176258477636,1.1770876166495199,0.5523245267586941
13900179,6822952,2.1698830413079757,5.187799047846656,0.10910280278689116,0.38268591329399376,0.0,0.5840503722375954
46312312,6822952,0.7883060514489062,1.7552588547320254,0.012358911409258527,1.7025129087408535,0.18182090682432908,0.3253370079050245
158443962,6822952,0.5487951931041096,4.389407565922008,0.5657142492344112,0.5571171858824772,0.6312283178304967,0.04592890033296959
29130142,6822952,3.4080267788214615,2.2779525053166196,1.9451184762071556,0.17799735598714328,0.37854832704651475,0.40906347325268644
