member,group_id,r1,r2,r3,r4,r5,r6
75704192,6822952,14.903283445514377,0.014621429331411598,0.09884331345360228,0.5775268672179139,0.006361553768750921,0.0
5374368,6822952,0.25072729096986673,5.637473025088621,3.3198137834068,0.08535147483063815,0.014273201761744823,0.00041036133334274483
103943202,6822952,0.025190027710538347,4.875788602486771,0.1322335948839396,0.0,1.7280417717085619,0.05904745392795092
59583012,6822952,0.5709971468778269,3.990310908368083,0.0,0.7521678924218321,1.212906360186792,0.0807653606774713
104843442,6822952,0.026139562849100424,4.90812574747018,0.0,0.0,1.830401374112144,0.0
13900179,6822952,2.2474711870778927,3.3092943194916775,0.3081358487897785,0.9121413664049192,0.1295063645059946,0.47229234112531326
46312312,6822952,0.8099157077561916,3.9134474019235856,0.1657865461875193,0.7235007908522525,1.1774012109589844,0.09397103672384556
29130142,6822952,3.4938277514779332,3.461655549016275,1.7827803966384737,0.0,0.01100261896235313,0.6872043306940109
1217695,6822952,2.9663219555877096,3.1352512407447897,0.5255164666004386,0.8408171470879213,0.20541393557601628,0.4039889212367189
