member,group_id,r1,r2,r3,r4,r5,r6
75704192,6822952,13.994990842690907,0.0,0.07120600550973696,0.9847734944656977,0.1505214892540085,0.0040639580727993875
131166112,6822952,0.37168377929253754,2.719416552288914,0.0,2.2545517138410274,0.4339840780234427,0.7542442970494823
158070522,6822952,0.37267266568387303,3.0200802130752744,0.0,2.582300319423715,0.0,0.0
9641254,6822952,0.15102225590719073,2.5684315820561423,5.049196648311447,0.17636113241131554,0.26491197981501574,0.0340146231261494
106239912,6822952,1.102918561093105,2.614277008922396,0.42066544707041587,2.0085204043246034,0.3155122672646706,0.7926743658400326
95093342,6822952,0.009749940265428508,6.822734905511098,0.0,0.8778489616499279,0.0,0.0
173165612,6822952,0.3723070728863631,2.8191911881169736,1.2187831640390194,1.856639747703554,0.17043540258626497,0.45941197716121446
13890546,6822952,0.9902322002846923,2.554365474893431,0.3556230150164059,1.9687194300652995,0.4446047280339342,0.9524617744494484
13900179,6822952,2.1285277305553914,1.0546545326102206,0.8044793752016236,1.5744182800304702,1.6470569882341464,0.0
7622292,6822952,0.010192050911776277,6.778457200396936,0.3314537223904231,0.6677062782704737,0.041168765598178725,0.0
158443962,6822952,0.5408251428051325,2.9659455292368646,0.1949018125243122,2.4139072285288394,0.0,0.25329349971669324
29130142,6822952,3.2980490799604505,2.2799711047922244,1.699408272453626,1.3194191499854298,0.0,0.5826797131389193
1217695,6822952,2.73622280329284,10.00147987360154,0.35936090017251504,0.0,0.0,1.3565694271471702
