member,group_id,r1,r2,r3,r4,r5,r6
75704192,6822952,14.424307308562842,0.006366636377794216,0.4038753818491061,0.0159410876640497,0.0,0.50244920683553
5374368,6822952,0.25492505542640925,5.141657358304983,1.8967636641109475,0.0,0.08581805662692177,0.12789079481178567
9641254,6822952,0.11738456030971353,4.830153158431796,3.633070068940238,0.6443659967741041,0.0,0.00040147541914666983
106239912,6822952,1.1485781367941263,4.899652957704979,0.0,0.16667814040595322,0.14830679753828796,0.0
1207469,6822952,2.81549787177568,3.9540499496048724,1.23295664663131,0.4285984666402796,0.8419617355363893,0.03804975769180593
120427822,6822952,1.205712950953806,3.5893969202483467,0.2911541875371767,1.3572749716029275,0.4073030785267121,0.29394582259226404
13890546,6822952,1.035492936512681,3.629019280498494,0.000585440391294663,1.3878226465097812,0.5041879108755164,0.21915913400863127
13900179,6822952,2.193995057250416,3.328536984568605,0.08054455094208708,1.2689993782912798,0.19699365466249866,0.7252159460545007
75296922,6822952,0.9178317475411448,3.665364855982643,0.13069603485670436,1.3608736340480734,0.5448485862623971,0.3012167976376397
29130142,6822952,3.3964601814363418,3.434889088312824,1.211911402186061,0.7480871782656036,0.21547345197425802,0.0
1217695,6822952,2.887850478066758,3.1345680183651523,0.23886823589973577,1.183021278355003,0.34320859739536236,0.41134488687253945
