member,group_id,r1,r2,r3,r4,r5,r6
75704192,6822952,14.158112072968677,0.0,0.4187711733651871,0.04873442995427748,0.0,0.04594275013187978
190750373,6822952,0.4157296523441954,4.424177762954528,0.701343294108965,0.18028480278148787,0.9996857708655593,0.411068484086546
185447880,6822952,0.0,6.4916270533096965,0.0,4.0226257314336396,0.0,0.0
184492522,6822952,0.8144592432499279,3.2701331223384456,0.3018916383052345,0.31029073108769173,1.6377459176100555,0.0
113490032,6822952,0.5309275147712079,3.954677801268787,0.0,0.45152958053694586,1.433677463591133,0.0
63843472,6822952,0.3585553774229506,6.247308315892986,0.41608738450710914,0.0,0.5639217784797915,0.08749649825098227
13900179,6822952,2.1320333932379993,1.834578604747851,0.04694933196117792,1.5789564506535323,0.8793727821043965,0.8111750851155913
4848884,6822952,0.08175189509722616,6.747936615394138,6.668730226458995,0.14902734704232518,0.0,0.004632635908950944
191962651,6822952,0.19658087582964734,4.476082645209155,0.0,0.03876068730939463,0.8403998803589188,0.3319578035895552
1217695,6822952,2.817946473196079,3.4444498123098493,0.35955758700871787,0.0,0.5752360136129915,0.6779946556878682
