member,group_id,r1,r2,r3,r4,r5,r6
75704192,6822952,0.797032383429427,15.55790728534895,0.0,0.4187572033075614,0.043474032239916326,0.0
48300192,6822952,4.930058157478338,0.3237274261293313,0.0,1.2720714063388439,0.0,0.973861134417397
59583012,6822952,4.946995786242312,0.0,0.0,0.808674839396669,0.5897922755084022,1.041202615310365
137268012,6822952,12.136457828284614,0.0,0.9221054849534424,0.014431353431034806,0.0,0.0
1207469,6822952,2.879473189747685,2.6382240150256564,2.1784896956717374,0.051681656232397497,0.15220992533912608,1.026486494639249
120427822,6822952,4.923308669023543,0.6426803119714936,0.8798432870318057,0.822807945763113,0.5159471424773434,0.2273589986599809
144040812,6822952,5.116031307988602,0.022732213495869395,0.41821873786879327,1.5541290655079434,0.0,0.3735147584536849
75296922,6822952,12.1323342279598,0.8577890571583225,0.4272805137416401,0.0,0.1385592911823858,0.03769683460613735
