member,group_id,r1,r2,r3,r4,r5,r6
10083650,6941462,1.9909682329982252,0.1161178769979896,0.2859857789315972,0.17419734816620902,0.16753032016210756,0.5995370449141908
189958403,6941462,2.007304434833339,0.32931645008884713,0.0,0.17577585505309898,0.5141976048183601,0.09733929825231326
1988165,6941462,1.7708455925605726,0.049222182763892584,0.011268406484376808,0.7391166112226216,0.7270884836422891,0.9371504357420961
183261705,6941462,1.983089062028455,0.4863745718801475,0.01186458136955881,0.15717149071589934,0.5618431752617171,0.0022718576957917254
132732042,6941462,1.8730394279212677,0.052912040019257395,0.5145874078235121,0.2939251622614407,0.002095078305345637,1.319949092181772
191143600,6941462,2.0528285502669275,0.00020988941073599268,0.2153864553110747,0.40734728381852087,0.0,0.0
8917526,6941462,1.887638484382989,0.19339821246583855,0.5639979660976298,0.18530804116857452,0.4315292677414364,0.24237274831018102
83371452,6941462,1.2189186677077724,0.0,3.973770042733426,0.0,0.0,0.0
183735614,6941462,1.305444207232664,4.460559056903231,0.33248755924269646,0.0,0.39846138423313027,0.02810934287282443
