member,group_id,r1,r2,r3,r4,r5,r6
7379363,7078212,5.731772788298961,1.9351855188372529,0.9221673424828558,0.0,0.008037728095684524,1.6316007402894275
28840452,7078212,0.7517528226339806,3.9781587419872766,0.061916564103472016,0.0,0.14452262957408038,1.4718188592231176
9697516,7078212,2.051361521838523,1.5578517080483847,0.9030735343128325,1.0953446125954507,0.2145931431887139,1.8265210024884144
81833492,7078212,0.0,0.12139223283178799,2.7872252902982795,3.0298303576989496,0.10336007347112748,1.8904330549057673
14611607,7078212,1.0483739313309222,3.3419994245734763,1.5258628143489268,0.23909268184002988,0.0,1.33618677569199
