member,group_id,r1,r2,r3,r4,r5,r6
5698827,7175132,0.8754375315157924,0.007068586613859593,34.18435019595611,4.754720668630033,0.17788070916906878,0.0
111576622,7175132,54.36153444507832,2.540731255124736,0.0,0.0,0.38293671298178195,4.162557379263104
