member,group_id,r1,r2,r3,r4,r5,r6
183580089,7175132,0.030670527426950894,0.0,32.56386310560433,0.07315635724961957,4.015906201526103,0.5723887393785496
5698827,7175132,25.882392337739155,20.046315796355586,0.0,0.0008637895386822672,0.0,0.002374573896079865
48487022,7175132,0.014767614351022636,0.3318409636750644,32.31554895216776,0.0,5.138470409324974,0.0
