member,group_id,r1,r2,r3,r4,r5,r6
121210562,7175132,0.0,34.73388348103273,0.0,1.0046650140311246,7.362919848441131,0.0
5698827,7175132,40.08254581303033,0.0,0.4899881929107701,2.2985464474749144,0.560481816484764,0.0
51145022,7175132,0.0,25.008745228672115,0.0,3.0710141896496355,41.10832240548427,0.0
86272022,7175132,0.0,34.839180405852744,0.0,0.34511272116399394,6.997574471597839,0.0
