member,group_id,r1,r2,r3,r4,r5,r6
184873305,7175132,0.0,12.852341414098584,0.0,0.3480851764235313,0.015641234929325804,0.5107720728201688
190602097,7175132,0.0,24.652478605401015,0.0,0.3477652619352427,0.1657656878607029,8.9621900026737
5698827,7175132,3.672456353515161,0.0,0.4321976660351121,0.0,0.0,0.0
182793812,7175132,0.0,12.417547563640385,0.4340210013239227,0.42183645517401963,0.06493708802640097,3.987142103590141
