member,group_id,r1,r2,r3,r4,r5,r6
5698827,7175132,0.6926411738585287,17.36242166261487,0.12675494570181114,0.12586342386100768,0.0409446865176664,0.5621241979136462
13371559,7175132,0.0,0.057242121424870285,26.038490073136774,0.0,0.6036730611900704,25.22364993190808
