member,group_id,r1,r2,r3,r4,r5,r6
5698827,7175132,3.732831447822766e-11,62.66901261187456,0.0,0.0,0.0,0.0
102205212,7175132,34.1765923653874,4.379429863766577e-17,0.0,1.8388291417803648e-16,2.2338107080379044e-16,1.5992651493821375e-15
