member,group_id,r1,r2,r3,r4,r5,r6
5698827,7175132,30.828905483376808,0.0,0.0,0.0,4.711065823517589,20.317314653589385
102892252,7175132,0.07231625129642763,1.5033573894053998,0.0,17.191189821095453,0.09883779266069069,0.01337189964503664
