member,group_id,r1,r2,r3,r4,r5,r6
5698827,7175132,5.71173468005929,0.17355777557991356,0.005790721110911026,0.0,5.462164150731028,0.04657955263080448
27437932,7175132,0.04480911203498203,22.25087432791628,0.009752275945496226,0.0,7.569656497892311,0.0571649540206162
49246772,7175132,0.0,22.235226523034044,0.004103925236919312,0.0,2.449496516167955,0.44525807365498776
