member,group_id,r1,r2,r3,r4,r5,r6
27437932,7175132,0.1982871111079012,9.351873043505497,10.652647173611365,0.0,0.0,1.4901168696196272
5698827,7175132,21.429377129687225,0.0,0.10990151453640334,0.0,0.0018535972692924317,29.869854287675157
22403211,7175132,0.004465162361016362,9.586478141747563,10.021468977779831,0.07152806976333863,0.28377296656973033,0.26836749085390404
111576622,7175132,0.5151065976297038,10.39965236781323,1.4208464429874774,0.8032954338242583,0.3719955668426112,0.24278048641269548
