member,group_id,r1,r2,r3,r4,r5,r6
196931832,7340392,0.1030863801188326,0.20236000158883144,0.02646924625859561,0.6685956983452429,0.8315258724438661,0.09396827609716428
148242822,7340392,0.14229420222390327,0.7528649528859248,0.01287417152398136,2.8271390251725674,1.0768798871184728,0.08742425392508472
196198438,7340392,8.661851967086879,0.9321588581202352,0.044562749638590145,0.008632565579246439,0.318620811105415,0.0
79829992,7340392,0.21048788303973265,0.7742260065596461,0.1592778083735744,7.099908435920217,0.0,0.21742434150882145
195117356,7340392,2.987098319357376,0.0,0.047558928384646815,1.8193037542578134,0.0,0.15326049435789546
70307502,7340392,0.1660812681406681,2.011151866011082,0.2949206751769679,7.443520714804447,0.5015343491060933,0.0
196925263,7340392,0.10783745719361588,0.0,0.031024128559687777,1.60647942059141,0.4561865778570752,0.13169733265806105
156371792,7340392,2.2775485581545505,0.35518248680305714,0.08467827651890246,3.2281571606636565,0.42258337562131165,0.24928809877029542
196564112,7340392,8.674058339850868,0.5202672101194329,0.05438949124579094,0.18311348246838424,0.0,0.0
190612051,7340392,0.28691233939446403,2.7070854129814905,0.021613305412154515,6.586189207047219,0.4146337712294461,0.1391696561225383
120568692,7340392,2.9389342691530356,0.0,0.12185316158874694,2.0616461994807564,0.0,0.07538924079426035
195794709,7340392,0.31545708530888794,0.16392266424132254,0.0,1.3415073297711042,1.7256848232984683,0.013025956628226117
77289942,7340392,0.0002741411389603054,8.769414143250822,5.353626307292729,0.503343858375927,0.3443917513150269,0.05126349036982792
183111924,7340392,2.9925653750267567,1.2482335421317106,0.008759212270643161,0.0,0.012313809701452192,0.5434812597564146
173205112,7340392,0.25570142230025955,6.860029920469314,0.0,3.224259136481453,0.6664957135904708,0.3894721323654047
89103162,7340392,1.6131683108832744,1.8715528864757445,0.1461289526980295,5.149955124861792,0.09147964459813632,0.3994007207322362
196057214,7340392,0.14712581522630022,1.1699734313350043,0.0048471429556416635,2.1110870389995,1.022901931657155,0.1851257395999055
