member,group_id,r1,r2,r3,r4,r5,r6
79639652,7340392,0.8481815112670963,0.41235150379369084,1.8715154757434613,0.5913331113028383,0.5743354060319625,0.185595219425701
96321372,7340392,0.6049535979469861,0.09191310794245512,2.3080426130474003,1.2403748213240215,0.32190496386921813,0.0
99289832,7340392,1.7690383030823407,0.04772273240488422,0.9616267132274549,0.6836223718313338,0.0,0.8108599115046743
20274281,7340392,2.4420452393401733,0.014714172096174708,0.2506189799182369,0.0,1.5601005771205814,0.13778453470879296
76460622,7340392,0.599564496766466,5.165618977821464,0.22976388314013824,0.0017435037698840478,0.2465465080768151,0.04185232254989726
22860911,7340392,1.0705572793965348,0.21531321607824475,3.2988912675422064,0.0,0.42178975397125856,0.09376130256052477
79021392,7340392,3.150311321527484,0.056505768678238984,0.6976444173785368,0.21281165088760828,0.15310930141443427,0.17330930358829957
93648622,7340392,2.0208985905912566,0.7817751101401377,0.4448179690876495,0.37439119511529867,0.05593678573382345,0.7430680040370824
76384242,7340392,0.2469597125827527,1.3732773191099927,1.8898554310623354,1.234611561083888,0.0,0.1988250869539545
67318002,7340392,0.1842945309159183,0.8240729060896268,2.415509863078773,0.958695857101649,0.07055237495068416,0.2615485764800273
72436632,7340392,2.369172967557318,0.747311358677009,0.0,0.029104711580360224,0.23175431643810254,0.797293886916162
68753532,7340392,0.7022253390174374,0.0,2.232312007978423,0.8042614611961965,0.5718843695751847,0.13242095291257822
