member,group_id,r1,r2,r3,r4,r5,r6
137822312,7383372,0.0,1.6226914126052592,0.0,0.0,1.4706270749269619,1.6601450157881237
20516401,7383372,7.129508291026842,0.021517491424851407,0.1488181448612572,8.418519745174551,0.0,3.7516349171482917
71931742,7383372,2.2328997811302886,1.1341184992706004,0.030945922576332722,0.05376269166347945,2.85154659502877,0.0
