member,group_id,r1,r2,r3,r4,r5,r6
98911492,7399062,2.6678579117363266,14.161169559797866,0.0,0.08045267004861441,0.0,1.2907008512601186
82731492,7399062,3.703055707778204,7.176876725906452,0.007288807733222879,1.4907529324474795,0.0,0.15943541187514232
107989382,7399062,8.489018204111083,0.04650593439230582,0.0033636529380240863,0.0,0.0,0.9973366724599332
110401722,7399062,6.8380743234760475,0.0,0.4664857614901692,0.24554217096155917,0.0,1.2683775104952237
12819274,7399062,10.893811269657894,0.07634385704015349,4.5544079719211945,0.0,0.0007997548708658192,0.0
93434602,7399062,6.703354336190089,0.045909035391089814,0.044195022830493154,0.0,0.0,1.6325210168305768
93436472,7399062,2.343987621992678,15.508678634945388,0.502436607528328,1.0814645757175199,0.0,0.09906741273777692
85426042,7399062,6.370554084539144,2.541425335371483,0.0,0.17441551666563357,0.0,1.01322003213605
109310622,7399062,6.228970793518826,0.25774459874184213,0.1744236365521297,0.34348816163778323,0.658539792306194,0.15813140575355905
84875162,7399062,5.116917254614518,0.8505929276900733,0.47037313546299947,0.9933118416862204,0.29284247313173006,0.37214096801972835
