member,group_id,r1,r2,r3,r4,r5,r6
116194552,7399062,5.26138309872221,4.495697143725282,0.4971708142626332,0.0,0.3768106278473694,0.3523100756834917
51945792,7399062,3.3604009367378427,5.693085405557829,0.5261456372656633,1.2334305938083345,0.3830813975045512,0.8572420300696684
89082562,7399062,0.020003931499757648,5.012662028750853,1.2431514978288927,2.2499384931938398,0.6967400831069123,0.0
82731492,7399062,6.934430530122679,1.6648254067807455,1.5236566946373613,0.16228013231558774,0.0,0.17472566250762134
98911492,7399062,12.745507672630337,0.3455440266658658,0.4140662490637876,0.0,0.07408952914393375,0.31848119461188895
6091366,7399062,0.40785123806449175,8.906161670498724,0.4508223672287351,0.3082491335993821,0.46822864084784566,0.42516339943152465
12951428,7399062,0.19202919796481027,12.103970239915613,0.0,2.6329575124738,0.0,2.0727468112913376
120716792,7399062,0.10738578857474716,4.871088925263724,1.4728669608635003,0.15693226694345402,0.4266287895792868,0.9317461335924365
122680522,7399062,1.0691311240098558,4.609219033373965,1.2809941911259044,0.15471646950325935,0.45889462331124653,0.9303545147087292
9742189,7399062,0.19089408712378844,4.905840657234661,1.3312967273177356,0.9437154806984543,0.5870244109072477,0.5090076160428615
38795662,7399062,2.2525230432541217,3.375944127619354,1.9977411672752552,0.0,0.08895515095084126,0.21161269383845827
11184787,7399062,0.23093893515592873,4.8126014847743255,1.5010710794610218,0.0,0.3404845158727616,1.1256890961992343
30298292,7399062,0.4134931702029654,7.977993094795051,0.6173943138575604,0.44923067197320843,0.6105264989839022,0.0
93436472,7399062,14.293956746905039,0.04652705244726576,0.0,0.4462223917542716,0.2724051294127412,0.0
85426042,7399062,2.3394516712541464,3.0223114710008567,2.2069814767990894,0.0031357988600650226,0.016570657534993972,0.0
143736382,7399062,0.029675495065574962,7.556431653937946,1.0336799274007735,0.0,0.3764203162880649,0.6790975803112492
84875162,7399062,1.2881440184544597,4.032095688260947,1.8507615323748385,0.4786087830859247,0.281823964154247,0.12817616320266506
