member,group_id,r1,r2,r3,r4,r5,r6
51945792,7399062,5.0191860200766545,0.7678374542747741,3.275823577486835,0.1954830546616075,0.04932101123843031,0.5088088900057439
116194552,7399062,6.9519382942749415,5.563952788777553,0.0818516094087825,1.6121306898816177,0.0012662514777659574,0.02009860529231713
122104032,7399062,6.483986664809109,3.0770702371807563,1.1396585147307543,1.558924039677175,0.018614985501880493,0.11258528792019887
178350392,7399062,8.017827536172904,0.0,5.025268042118435,0.0,0.0,0.01366057639939861
98911492,7399062,4.292880261868774,14.005919299061016,0.0,1.3586430226302952,0.0,0.0
82731492,7399062,6.723856980483549,7.311329115382056,0.4150476085955808,0.2241772959659452,0.008134447911316612,0.055042280031697914
108077682,7399062,7.546678090083068,0.0,0.5132511985693865,2.9469700720380714,0.0,0.0
183029431,7399062,10.752980714494985,0.0,1.333964312615573,0.45331912228764093,0.0,0.0
93436472,7399062,3.370182027470361,15.09605551022684,1.0545623983864725,0.3599439763035194,0.017373695454636955,0.10561880550737704
