member,group_id,r1,r2,r3,r4,r5,r6
51945792,7399062,1.328063296189865,20.404488361457663,0.05154656223464629,2.545682037477254,2.8099707459920866,1.6822858822340367
98911492,7399062,4.481740627887215,1.7929407970001607,9.369951217029042,9.6946343815221,0.0,0.0
82731492,7399062,3.964740229512897,18.1195830946574,0.0,3.7789758885962423,0.4883479671244333,1.825653146265584
93436472,7399062,4.267246125243199,1.432606713850721,13.684885884813854,7.7426016693376605,0.8154636958165882,0.0
116194552,7399062,2.3244382936916383,15.142386757483953,0.0,7.493033350069334,0.11158707246484607,1.6826452287285074
