member,group_id,r1,r2,r3,r4,r5,r6
37957792,7510642,3.6043670311311864,0.019667634844418164,0.0,0.2925398401430656,1.9331203696119332,0.0
38611012,7510642,2.2674830750837187,0.48285614818528516,0.0,1.2540524124410206,0.6987141770640086,0.585590255059452
5851786,7510642,2.523511938650954,0.16802067664786685,6.464692133376456,0.0,0.0,0.7582091959312699
39333482,7510642,3.3753895782738375,0.38274765140439776,0.004134579813607065,0.1514034165270418,0.06134732730479903,1.7622874445209937
89955722,7510642,4.670497281766224,0.19609216284053088,0.01854237573942952,0.0794150142879649,0.16819741394061893,0.785018841724661
37911802,7510642,3.602897808197737,0.0,0.1505814108403155,0.23990011062326655,1.8928144326256153,0.126387149644571
89655182,7510642,2.042655351999364,3.652376115016549,0.0,0.2958263653913334,0.7636728220478166,1.6548426997440366
73017552,7510642,1.2355219381815226,8.152268808649893,0.9846668131447208,0.4250459927892751,0.16920693545175838,0.19609439111926869
100076912,7510642,2.2671816385408516,1.473237083891215,0.2841531532828177,0.23115559798496751,0.012499485768831472,2.849432299485736
90086162,7510642,2.149154382325757,2.151001707155229,0.0,0.7500192073662783,0.7328769785433955,1.1475832611342747
92916722,7510642,2.3991400606438287,0.0,0.1381421502162081,0.7278741200752309,0.0,2.238991581361066
82921012,7510642,1.2490984843111654,8.133932166117798,0.23298003133079775,0.6089812483197174,0.21467924446228345,0.0
92474932,7510642,2.3935561182995646,0.10266507962389027,0.0,0.7847765252341372,0.01346172817371197,2.0669701938992926
92513462,7510642,2.1166229447380798,0.24046864866277068,0.012814972301522804,1.6346794491519783,0.5533660089977653,0.0
37917272,7510642,2.3469672929130674,0.5532725813015725,0.2878710027915046,0.5106584948399964,0.0,2.5173037522528814
85133562,7510642,2.2135345829710933,2.9792592261930224,0.01091845729849483,0.5017589244443064,0.7640443155084012,0.7774502237881239
20149981,7510642,6.83967018250865,0.0,0.15585340769540817,0.0,0.21283513788636366,0.31943492160273157
