member,group_id,r1,r2,r3,r4,r5,r6
3677283,7540362,1.5790031963686033,0.45353349225443396,0.8243060850693594,1.2591895179239279,1.2774742747972037,0.35942427112411945
2648808,7540362,1.184780311638655,1.2321244380525616,0.0,1.6522592676338757,0.7478227792601673,0.0
76705962,7540362,1.0191080235866359,0.0,0.010771792654409341,1.1923978679053266,0.5546388290451731,2.6009642527997796
78269802,7540362,0.4988465728433481,2.1890582900431963,0.0065772860990925,0.053202519205243916,0.5482534506664253,0.0
185517581,7540362,0.20737868928197503,1.9730142777035753,0.3430801340428176,0.0,0.0,0.18005667503233616
7955214,7540362,1.9287390338411272,0.6246649649417727,0.0,1.1510711138601835,0.6896986468938544,1.0464109765268037
12102637,7540362,0.25225078320948147,0.18351354260117622,0.10954026504275703,0.0,0.0,2.3556639756733215
131280912,7540362,0.1375322724840279,2.7989615952712357,0.5095595977545342,0.6491962992510861,0.0,0.0
3557300,7540362,4.822439289411883,0.22291678930008066,0.09134894213163385,1.2160360880735035,0.22231620446190561,0.6452997547686209
84107382,7540362,0.0,2.098666120286351,3.4076492951091275,0.15717658948709176,0.4541113231262107,0.07203375260146233
991895,7540362,3.22030961348817,0.3253231623677718,0.0878744237756732,0.0,0.3634882497040495,0.3311453214640216
161296122,7540362,1.0063465620078016,1.4743259740451429,0.037610580333547805,1.1849325428136175,0.4072183973436586,0.8156564148687666
2330749,7540362,1.2125231869954423,0.09768550814388167,0.23239566955481897,1.1240247499148808,0.18964393656498688,3.0568364613702386
