member,group_id,r1,r2,r3,r4,r5,r6
3677283,7540362,4.960586705140556,1.5545567997520735,0.28288101725428844,0.014450900199887115,0.00037241218454839065,2.110579471727136
131280912,7540362,0.11604372512570821,0.6696522642880433,0.2883661773952082,0.09846722772946781,1.7763568058339245,0.0
3557300,7540362,14.205805766443593,0.002236279684087998,0.0,0.07756894955010048,0.3010743466705919,0.30515059520837895
84107382,7540362,1.4937054979154714,0.1634362205634778,0.0858400205052988,3.2901274992590404,0.10430462473744928,1.1055830406096634
2330749,7540362,3.0854447835720777,0.41024377193515627,1.5366642251504297,0.0,0.06897815776384689,0.7635461145543462
