member,group_id,r1,r2,r3,r4,r5,r6
79270082,7650522,1.9578953461989201,0.0,4.469338563495687,0.06359915330834691,0.5471516783285135,0.07253122265286141
62211012,7650522,0.9576185204645781,0.2415665485988182,1.3734968612397742,0.8032528904157966,1.6741738706295732,0.746568793650765
5706842,7650522,1.198605219868551,0.9331225838543074,0.3717868073407137,0.5169476028253536,1.2645197627824472,0.6624073956045554
137610852,7650522,1.2801916492282428,0.16234667572117945,0.0663486439293456,0.9847947471174203,1.669860897388999,0.07533521716159032
60737542,7650522,1.2153825503801772,0.15026760826951427,4.703382671175884,0.14070276683258753,0.5660003442371561,0.11723770449429753
108284552,7650522,1.2201199348006384,0.14773493492340037,0.0,2.4934737312527275,1.2273670131303343,0.5370575925526107
120471452,7650522,1.5718360071194752,0.9210241142840787,2.330038242040491,0.7010235434761235,0.4037085295020049,0.822824789535106
17950652,7650522,1.2441800992572742,0.23390941744137622,2.221678552069165,0.036408535553769404,1.3681013453564184,0.6191269715967898
9703851,7650522,4.97187171981724,0.0,0.0,0.2462781217383771,0.20719794329659014,0.4276941250846205
73071852,7650522,4.962873830908792,0.24038553722142425,0.724804097130291,0.0,0.0,0.6893835275406077
9297190,7650522,2.5514899972215868,0.0,0.10125129937565452,3.054657520784574,3.60673733013051e-05,0.781131981830112
11018610,7650522,1.686955340509863,0.27374140235317634,2.659198117972741,0.05373785128420456,0.1678183983767936,0.6567259698694389
63904692,7650522,0.7688418989249718,3.4362858775440834,0.06092843842239946,0.6663097088725523,0.628167622971331,0.6968457570390788
81358132,7650522,1.2807706942340014,0.0,0.0,0.9615915136355151,1.7010660974360001,0.36152934002688325
137578712,7650522,0.956677659537102,0.18694286896445714,0.05653612143592028,1.6619737113308992,2.0430419561121624,0.0
110107962,7650522,1.7540122316630995,0.04370413836774239,0.9001024300930762,1.272410940835472,0.3926135306669701,0.3319391279446337
36572252,7650522,0.33566876894105074,7.38603661203102,8.582458796926472e-05,0.0,0.14100105180680766,0.14429598430628648
133478462,7650522,1.7486431682577357,0.035521519941140264,0.04008685948866581,1.715210723757774,0.41095366506860004,0.520126561444694
