member,group_id,r1,r2,r3,r4,r5,r6
1882178,77614,0.14597126848530728,3.550775645536177,1.0171624785084772,0.3881887071734114,0.007684813709147006,0.0
2347013,77614,0.05722056541826581,4.148250589035332,0.2426505623832696,0.0,0.07322927678164777,0.0
2293574,77614,0.06546342953484485,1.4428919161072138,0.3832816616097564,2.773281721819414,0.06630021183677777,0.0
2328094,77614,1.173604055876768,3.415281787814469,0.002129129557184867,0.3070607360592422,0.08237562656248322,0.0
2522044,77614,0.48169155952699527,3.1818199864785557,0.0004658423415016641,0.9804765877926058,0.4387883725120868,0.24602482140231907
1775471,77614,1.0988725411602174,1.7869126416086225,1.788781646301499,0.5002666052887937,0.002876098245760218,0.0
1978160,77614,1.360297534325146,1.340321057168789,2.2961929871960876,0.026435096974260906,0.0,0.0
170513,77614,0.321779389452674,2.6767927345890143,1.3874881077983139,0.7339515411382601,0.0,0.0
2131250,77614,0.06447955192607174,2.763260691520531,1.4460429662579726,0.722184073594972,0.0,0.0
1904083,77614,0.321779389452674,2.6767927345890143,1.3874881077983139,0.7339515411382601,0.0,0.0
208724,77614,7.528792796351214,0.026519681334637633,0.12340612928372906,0.7538734117813546,0.0,0.0
1974709,77614,1.1006107503954363,1.5921961045136739,1.9801471348773318,0.3740561592497963,0.004083056712764931,0.0
2105811,77614,0.758920482575852,1.5617780778174775,2.2465119349955414,0.24451605382762978,0.005747858011277255,0.0
2433430,77614,1.0029447351853242,3.47088155521625,0.8158508895895039,0.23593607361204644,0.0,0.0
921500,77614,6.232553418044568,0.00038836099131226283,0.2802301677418839,0.00293556674404889,0.9141615879091527,0.567715757622054
186685,77614,0.13814876616798222,2.577205059314861,0.01204322622579733,1.571176918544582,1.0726460502995532,0.0
2141470,77614,0.06447955192607174,2.763260691520531,1.4460429662579726,0.722184073594972,0.0,0.0
