member,group_id,r1,r2,r3,r4,r5,r6
194593781,7777602,0.02705740715874489,0.0,17.00073739246357,0.0010941366656226402,0.0,7.241250944498153
59616222,7777602,0.5997237770639289,3.5781347563948316,0.009417856554595254,0.005312087761468807,0.10196224898853466,0.0
