member,group_id,r1,r2,r3,r4,r5,r6
187955882,7777602,21.510500814794355,0.13713743580421778,0.0,0.0,0.0029199639857309364,0.15499838761037832
59616222,7777602,0.09121833915349967,0.24241759509424574,3.862368323070675,0.0,3.1104779544459284e-05,0.0027556274058141515
