member,group_id,r1,r2,r3,r4,r5,r6
96215192,7777602,0.09059044337887788,9.046730617370932e-09,24.455375043747434,3.2344787758656004,0.10082343759257792,4.3422830812880026e-05
59616222,7777602,31.37023442168628,0.38379575135092503,0.0,15.53470406461957,0.0,0.0
