member,group_id,r1,r2,r3,r4,r5,r6
187359298,7777602,0.02350459029426205,32.73770715652218,0.07626401363984377,0.15623312464620395,0.134761404027789,0.8851939226510244
158555652,7777602,0.002767898158880649,13.296485703110145,0.005976271996872088,0.06876047282605711,19.475601589326853,0.005208425297643368
187955882,7777602,0.0034032643282269,8.620092353281612,0.005570230710242034,0.27511489631161795,0.6942524344855479,3.1819012240091458
185185131,7777602,0.0,16.049913100247714,0.0,0.297020586393976,1.7173771108316553,0.5651564140499397
59616222,7777602,30.01636799465854,0.0,1.463682564386032,11.10446511642224,0.0,0.23216264713622317
