member,group_id,r1,r2,r3,r4,r5,r6
187359298,7777602,29.411768718010947,0.0018857587432738704,0.06465165430072144,0.010849423327745642,0.6775293855973993,0.0
59616222,7777602,0.0,0.4245574271981801,43.92362407917418,0.0,0.0,0.0
