member,group_id,r1,r2,r3,r4,r5,r6
111358432,7777602,0.0,0.20999155134067715,33.210366313979826,1.1367221090757735,0.0,0.004617806132289972
183130776,7777602,0.0,0.053290908077048164,32.57434671839365,1.1311137649811296,0.0,0.1146056232797769
59616222,7777602,23.132654872724817,0.0,0.09844666079820298,0.0006203022353746923,0.7268840909301372,7.347759713804008e-05
