member,group_id,r1,r2,r3,r4,r5,r6
32377442,7791652,1.6754497415553475,2.249404642696405,1.0243268841599624,0.9337289215216314,1.107220025605588,0.0007916218746765759
162735522,7791652,1.8178519049763153,0.03228357910523354,2.305769533499344,2.3283660637738386,0.27480645480568855,0.00020756812451331046
182953790,7791652,1.817440028381954,0.8389643550283483,0.0,3.7654617256072043,0.032977349571617354,0.18483818465483506
