member,group_id,r1,r2,r3,r4,r5,r6
2884706,785794,3.764638936101184,3.4884696734754175,0.21354762936218988,9.480055170791749,0.29465506650315504,0.02746532543492232
4898260,785794,1.823674315250019,0.0,1.832355377285809,13.074732547902183,0.0,0.0
4584030,785794,3.8218752126814404,0.16527990448692195,0.14703454387825915,8.145060264347052,0.0,0.3406201390740684
4576146,785794,2.460098575153265,0.0,1.3036497255212354,11.884214361671138,0.0,0.03719039644221841
