member,group_id,r1,r2,r3,r4,r5,r6
2884706,785794,1.4858452917968301,7.841651406957518,12.785167296639875,0.8251592435205746,0.0,4.706033604858876
4898260,785794,2.9007711076762566,7.830021737937178,6.777538422818463,0.6062698940445944,0.0,2.7835398405813043
4584030,785794,2.0982339128616503,6.456804324259587,7.894174565346924,0.017809912775711884,0.0,7.390244141276254
4576146,785794,2.8695608767948824,7.211436277339361,6.23220658642592,0.3493200804592189,0.0,4.132617075191294
