member,group_id,r1,r2,r3,r4,r5,r6
21581571,787523,0.21330120550486537,8.760371581863636,0.15869223083465792,1.2296754643158359,0.2346677763870082,1.3036112083359945
6160516,787523,8.680855280406716,8.52118489757223,0.0,0.3406286911923937,0.05722434087840613,2.915173286839825
14450282,787523,5.3238889161689285,5.705052534897402,0.0,1.8272523948999526,0.0,1.5852158270375003
10875769,787523,10.576702227426777,7.626242678462616,0.05652487876986934,0.0,0.47159684969228505,2.6156162984859512
9715601,787523,0.9944572008441898,8.336030100127578,0.3690822320596063,0.9234183677658344,0.8312684386505123,0.6658150941926544
11660017,787523,0.004486019329657004,8.81986762495139,0.5640289081165679,0.984841948344267,0.8059639287542458,0.4461879836740507
11479320,787523,11.208208358873273,3.429745216342542,0.05779081212472191,1.0015379997427065,0.3920940786129773,1.3660304442770992
6258809,787523,18.84253928000989,0.0,0.17255320509786257,0.2918245972909167,0.5026177022339714,0.0
9257402,787523,4.60372354134131,10.417743370053074,0.14662337636642706,0.7002315705337537,0.29683449351183916,2.7677812165563713
15906171,787523,2.0921433174830812,10.308183296796768,1.3073047848941284,0.16684839679764243,0.7231065712462689,0.0
12831294,787523,0.8026809019481421,12.62127926038181,0.030258177181492554,0.0,0.0,8.721261418477901
8043071,787523,3.2927559277191154,10.679740512180928,3.1888594460775224,0.0,0.004547094566154216,0.0
