member,group_id,r1,r2,r3,r4,r5,r6
37986402,787523,1.4182653871725286,7.444571539948948,0.0014173916249698424,0.15373417252287333,1.508944878370015,0.0152199985293859
6160516,787523,8.486662932718602,5.644152962414417,0.0,0.18719537972542857,0.5108723137379851,0.0008632511366246058
14450282,787523,5.1956595949627244,6.232101538323512,0.0,0.11473137909094962,1.005553035225365,0.012099646475811843
31075882,787523,4.709051007185088,7.34316415679959,0.0,0.14884579443244045,0.8433233296729485,0.008260451827062256
45661422,787523,0.6325955019347314,8.215250729745023,0.0038873935122975428,0.08049018860234405,1.4087338447223012,0.020934199005046904
10875769,787523,10.430161202775471,4.738298670376983,0.26485004202263995,0.15368110973342178,0.3433190065451023,0.0015890892812425877
37967662,787523,0.03374951572748596,9.4456395245052,0.0117003024710991,0.09849137209048973,1.2545978545844498,0.0166517540935555
46309142,787523,0.03270989313078404,11.678365355855501,0.06304126440053157,0.08653682452353084,0.3049231162953548,0.0
11479320,787523,11.028992981640485,3.668757531658837,0.25925437041966504,0.10887028111794907,0.4933742814587708,0.002017094154178347
6258809,787523,18.50837379395635,0.06211012063397621,0.4479400348778867,0.22235860567303758,7.568431329598353e-05,0.0
9257402,787523,4.557776335964862,7.383324701963206,0.3282657754824306,0.08425238248120233,0.8595159282984687,0.003776323753402644
15906171,787523,2.191739422061915,8.16367492896063,2.42053208940157,0.0,0.0,0.0
12831294,787523,0.7812325854706774,1.8656218200728891,0.013824472069114255,2.370412589928214,0.02471612879447191,0.0002748043354279522
