member,group_id,r1,r2,r3,r4,r5,r6
6173059,787523,2.366627187146812,8.698115983028334,1.1642787060313566,0.0,0.25037828080120056,0.4557437835034334
6160516,787523,8.976450690626864,4.712761824078183,0.0,0.13092494734922389,0.0,0.3378722352231602
8798564,787523,0.23102032944837605,7.119787484381459,0.5667650844892769,1.3664534741730905,0.0,0.24565318465808478
8980708,787523,0.22765498917780735,15.338404174561585,0.05730669719173209,0.002635815694919842,0.055266425776382584,0.0
7654293,787523,1.9729536272377954,4.223525182370966,1.009713118484663,2.1753979564095345,0.4526610584555084,0.0
542454,787523,1.6951872332005473,8.038858804160377,0.006669682980481003,0.5033437422941134,1.733896572362045,0.1618531974139408
6258809,787523,19.582117527699783,0.029245148171760667,0.4415739498716174,0.0233308301788531,0.06376425019830657,0.0
9257402,787523,4.822154000503364,4.835452763249611,0.22706812152472677,1.1587643242160592,0.7696520152259506,0.004378686627290802
7220797,787523,2.210207552544761,6.131353384225763,0.0,1.1505492856180666,0.39621395521211106,0.1521151878311941
9571166,787523,0.5475695080834985,7.737268238096412,0.0,1.013338732990137,0.2358515607598904,0.26663093172446356
8043071,787523,3.3957863940081134,5.841862262193581,3.7545947312394734,0.0,0.0008143703084798734,0.5677468287033478
