member,group_id,r1,r2,r3,r4,r5,r6
6160516,787523,8.895249137516956,14.376437856355391,0.0,0.006174063180954763,0.0,0.0
11479320,787523,11.429811292235797,4.308658031823865,0.3897796598381952,0.756047075068663,0.025452342916459415,0.21684512936589836
6258809,787523,17.292487516420387,0.0,0.3120627436852953,0.0,0.0001309038975838684,3.5732731173095442
10875769,787523,10.803320904637053,4.738757185453313,0.3842448876358279,0.8157056061346618,0.026509148418947553,0.21264604609605875
7220797,787523,2.170214103987957,11.157461521697929,0.045451482106203644,1.7943076185226525,0.0,0.009814532893506735
9571166,787523,0.5247392052622366,12.386828181384713,0.03314626854464128,1.9504555096841785,0.0,0.0
8043071,787523,2.9333234416239944,9.878212585437222,4.363181679603244,0.1737374268001673,0.03664985946650742,0.3420831130330992
