member,group_id,r1,r2,r3,r4,r5,r6
143083712,787523,0.04374143031508603,7.812979776555851,0.0,0.4267351240104707,0.32522088313864916,0.7347566439795344
177914272,787523,1.9441261222699229,3.406427302248359,0.120696328288364,2.241192864759107,0.31852150755928904,0.20342464647552516
182855681,787523,0.5674151530836345,8.130554032160605,1.4528054622130048e-05,0.6027738349367646,0.0,0.5172977723063884
6160516,787523,8.357981460116314,4.682713299078328,0.0,0.14380917222053427,0.048556826749686206,0.4871338408018561
11071590,787523,0.0,6.432150726420303,4.445485184289395,0.16055315070580692,0.018449418524159628,0.05991708400088652
118494982,787523,0.06909080744473016,6.04866917180903,2.0089252741771078,0.008501752608403444,1.6666372907125362,0.5623143003763221
165536712,787523,1.6507065377156513,3.5343874466069805,0.8399098470130569,2.2944005496266975,0.06508310055678056,0.005214141377564718
183023846,787523,0.19829250194563827,8.25070514096676,0.0,0.6382368300218282,0.0,0.5164612842558948
96732052,787523,0.044911137116435636,7.808479662587247,0.1833342431422217,0.4404034966158698,0.3191828658797662,0.6535947389376726
159326422,787523,0.09690746069652723,11.148066661182895,0.2115131548284039,0.0,0.19503709995175225,0.0
123392662,787523,0.19829250194563827,8.25070514096676,0.0,0.6382368300218282,0.0,0.5164612842558948
11479320,787523,10.881987265243481,1.1088040312340348,0.10301270789023502,1.3042012964287257,0.5019341613516857,0.0
6258809,787523,18.26038788465738,0.10983707369494038,0.3200800888341911,0.0,0.0,0.13837090681669217
10875769,787523,10.291342865049868,1.2600705476662697,0.10539585171883115,1.368596570878714,0.48918653795304434,0.0028446604603288746
154492252,787523,0.045797485916756885,7.8556316943508175,0.5488589695940416,0.46319066438321954,0.09342099125593269,0.5681045137057514
