member,group_id,r1,r2,r3,r4,r5,r6
89056512,8047932,0.6426636390956111,0.059536582092816474,0.0,2.8357014548781607,8.492455554816258,0.0
90334282,8047932,6.246563173447221,0.0,0.45947008115381865,1.603418513510039,0.0,0.0
92522732,8047932,2.254177641968075,0.0,0.0,13.244098814757267,1.03704406128473,0.0
88832232,8047932,5.8190557853022,0.012659148050098224,0.0,3.2636927298044793,3.0520214434996165,0.027898955782633992
