member,group_id,r1,r2,r3,r4,r5,r6
89056512,8047932,2.0446986955449447,11.449325270597706,0.7918877964130309,0.2538498928030064,0.0002022392647039914,0.3302119156621116
110376322,8047932,0.9091414225848912,0.0014573330664398845,1.6988335294287542,4.726615017423496,0.08652713981333625,0.006629428190115683
88832232,8047932,3.005589336488896,2.6903935607447407,0.6994708503987638,0.41545386480880137,1.9781378857879952,0.09063354817938361
88969352,8047932,8.48280393836524,0.528999533623597,0.0,1.3222191213744965,0.053156903677999946,1.7931579949748535
5006346,8047932,2.5466033141422546,7.809486520907007,1.132392090463269,0.0,0.6254744009017519,0.47343861069792637
111596652,8047932,4.485812211952843,0.008224058172019617,1.0315350286571932,0.7963966689939969,1.7149778960110151,0.5854296791254369
56178932,8047932,3.1804147526725375,1.5811395126862304,2.4620254306312477,0.13868346414109606,0.24878744945926745,0.0
94663292,8047932,3.2600245729560746,0.0,2.1259831555659168,0.8804395413081237,0.9904040577308717,0.02512661861702152
5153023,8047932,3.2111851296555787,0.15966229009002642,2.2803730918159406,0.7635754722671048,0.5156946170157186,0.028907615353733547
