member,group_id,r1,r2,r3,r4,r5,r6
33421192,8116802,8.261868935767598,0.15802630651822364,3.154316253530832,0.06577276668183862,0.06620706373168884,0.22158018677608654
16873761,8116802,4.954936747815273,0.6803123901736582,3.1778728703623536,0.0,0.06726751010123001,2.473362325229573
89781042,8116802,1.4591602737393263,0.0,0.0,2.1920354816330687,0.2924006168217447,0.0
4287004,8116802,1.1608737733754977,0.3039008201199502,2.0679033727500684,0.018893499351355293,0.8823972705574702,2.7940848992847225
