member,group_id,r1,r2,r3,r4,r5,r6
89781042,8116802,0.02312982971313293,3.3409526376633147,3.964513668774347,0.0,0.0584929644635452,0.19514419254524645
55646932,8116802,4.84822569943482,0.033810930221506365,0.0,11.571001168713467,3.014844615513806,0.010021976106778192
