member,group_id,r1,r2,r3,r4,r5,r6
5018077,817274,1.8370092882336369,5.3061467545608085,0.015907733925047927,0.0024243025936948924,0.06885293636896206,0.6077381044904684
5677569,817274,1.4982297570484295,5.480488308981342,0.0325291049233374,0.39856367464639525,0.31492034458606444,0.0
3414979,817274,12.382486610035139,0.0002805482208513047,2.532103475847147,0.0010119665929280625,0.0025873716323407624,0.18937026876260155
7876395,817274,0.15448741982521663,4.012102943242266,0.0,1.3516018889183556,2.332941619145166,0.0
2597560,817274,1.3068314814799797,4.337699100041027,3.5228693761758243,0.1535780019628713,0.330544158989551,0.05324245595634107
326011,817274,0.9005373791663254,4.507981357690597,2.075581625680695,0.7148222574588763,0.16281741050746934,0.5789538537627984
6303837,817274,3.3672239273670668,4.61407863864875,0.0,0.46743200167283994,0.0056442017121597675,0.0
6161919,817274,0.6142375605709662,4.65271183308778,0.0,2.4340755320907475,0.29133813739754444,0.0
