member,group_id,r1,r2,r3,r4,r5,r6
4576146,818238,0.47568311099217436,14.311708128484021,6.540480745456328,0.0056116579466390926,0.04295361889913873,0.03064238692330212
4898260,818238,0.213670458949149,16.592007882808872,7.581167444382898,0.008653469954347829,0.055110629753765766,0.03954031364981949
4866436,818238,1.357164322110235,6.0663666419192666,2.7715523556061696,0.0023279218237001694,0.0028083987935299134,0.009427685586267304
4584030,818238,0.0,12.091485173382146,7.112640343687407,0.0042448223351124114,0.0,0.054796122490926656
