member,group_id,r1,r2,r3,r4,r5,r6
2884706,818238,41.0490473242236,37.54639090084912,0.9439333685969389,0.18296477230796487,0.27204169815697243,0.0
4898260,818238,45.56974480087215,19.679361571801277,0.5084287833375556,0.0,0.0,1.106192129697173
4584030,818238,38.79386005889095,48.03703049181446,0.402715914956147,0.17363954071199944,0.10259800232367054,0.0
4576146,818238,40.55201970726005,41.46262730423585,0.44550419033752225,0.0,0.3381066831912796,0.0
