member,group_id,r1,r2,r3,r4,r5,r6
2884706,818238,31.7795179100274,0.0,0.0,6.1545512798152835,14.59922762664085,0.26559758406877926
4898260,818238,36.10407532329974,0.014201724756409795,0.7727886598665028,3.4670535085340397,2.298564363872979,0.21969745794963297
4584030,818238,30.92108576142126,0.0,0.0,9.655188286119289,15.47971242587735,0.036134754110699566
4576146,818238,31.997146128353265,0.0,0.0,9.958857035888864,11.466318744499505,0.09369711062180472
