member,group_id,r1,r2,r3,r4,r5,r6
2884706,818238,1.1252689787915218,15.050732972985113,0.16156710271429686,0.40248498188935666,1.5326340641137532,3.1667103518526525
4898260,818238,0.15994553490648578,15.89954223218461,0.20477438834238573,0.2422901350184683,13.16028082265574,19.073748654489446
4584030,818238,0.2427206347528325,14.01194125657964,0.9588636006713052,8.207817005707419,0.0,0.0
4576146,818238,0.31979597380461444,14.676284566152965,0.6700512899199882,5.417209571868797,0.0,1.9692291600326275
