member,group_id,r1,r2,r3,r4,r5,r6
183769177,818238,15.669054682890993,0.0707141592525943,0.186472175160231,0.03738911057345476,1.198088284089259,0.4157458698553892
187080960,818238,13.069508690188279,0.0,0.0,0.0,2.143234241843675,0.5370758477228855
2884706,818238,4.949290737749851,23.053707696164825,1.3511773981538013,0.17368099217317484,3.0099848394432147,2.008166425274819
87506152,818238,15.679205926531091,0.022868865634236596,1.332775280557008,0.4388020847229652,1.2453440036311128,0.20424658017680494
191727051,818238,15.67262127081717,0.05241798573339699,0.31266332710746186,0.0,1.0736648258351615,2.110647122824036
191315212,818238,13.069365867987921,0.0025746552023302484,0.5070021361583344,0.008772762714790272,2.164064807112365,0.0
140747822,818238,19.57946152956078,0.0005879448929882773,5.795979250337302,0.0,0.0,0.009056492414291843
4576146,818238,4.976531450807726,22.664896409302596,0.37180668792387805,0.08546655581704049,3.022892192835995,2.6329371870213363
4898260,818238,4.724785999595484,26.295760273389323,0.5910595556109798,0.05560612129375436,2.5711176669715696,2.141700689607077
182772692,818238,13.060493535300354,0.06569187254908938,0.2917948421021063,0.04546533433102704,2.2154656085752373,0.11420706223098648
51598582,818238,19.580353956939508,0.005022043149543014,3.493556706125234,0.4701602033509188,0.03985802651894128,0.017850793209316224
13414105,818238,15.67972992751292,0.008310719335261486,0.3994021934358581,0.0035891695323012752,1.1598588970051662,0.22793287029997655
4584030,818238,5.04059457223122,21.741191251179448,0.3384553498495103,0.046235838734047234,3.1152536107720405,2.785354992962316
