member,group_id,r1,r2,r3,r4,r5,r6
2884706,818238,12.08438192662247,0.01808142672353185,3.0561325946168503,1.420636952130311,0.6807061901821714,0.11835689118630024
4576146,818238,11.801648186031814,0.01472664914627839,3.1852543805193445,0.4439140826047108,0.8752014754013795,0.15533113325675812
4898260,818238,13.768595957569662,0.032739773594514805,2.2755935891319763,0.6622044641638906,0.8183340253194546,0.1436076675556367
13378426,818238,0.0,0.0,8.652286211781242,0.4900224984828316,0.4428572439552548,0.445435416283391
4584030,818238,11.300269010547131,0.012747673646823209,3.4172143198354936,0.36534456373009394,0.8918954470670459,0.1591285226325535
