member,group_id,r1,r2,r3,r4,r5,r6
2884706,818238,31.555671641033907,4.5774818229423975,0.27100856298230513,1.0422595017222454,0.46502604633285577,1.2259619986182115
4866436,818238,12.26789581506459,27.001175369502832,0.5571395452814435,2.0553044641034783,0.9828953473059099,0.1291941834420471
4576146,818238,30.715164146764906,4.846508189196223,0.3668359123296772,1.980273573456239,0.6889157389844197,0.506341849822639
4898260,818238,35.05836460017001,0.0,1.2359081172594648,0.0,0.5389799138547285,0.4958071958421372
4584030,818238,29.405136625370748,6.390133928569634,0.3973790977055989,1.9374515496873843,0.7269048398352201,0.4367755257490429
