member,group_id,r1,r2,r3,r4,r5,r6
4584030,818238,4.82904815647166,6.0050425992180045,5.481276589374123,0.0,5.282223092320343,0.0
4576146,818238,5.10774943334245,5.424857726968629,5.093902391074539,0.0,6.160769670074143,0.0
4898260,818238,6.254142395878919,3.2020556978199046,3.5200029210175825,0.0,8.767240791443834,0.0
2884706,818238,4.729335049115642,4.625605183497323,5.538536093763768,0.0,14.35665724595827,0.0
