member,group_id,r1,r2,r3,r4,r5,r6
2884706,818238,38.954399733428076,3.670443371422198,0.006650491744222306,0.3916563532608974,0.6377770490958315,0.0022915597621771026
4898260,818238,36.90140807619145,0.0,7.5035393113390185,0.06733896246042363,0.05763411235938551,0.0
4584030,818238,35.98299195233739,9.959991687344658,0.0,0.6518923852221677,0.15308049704559043,0.4711302337767978
4576146,818238,38.03699861385929,5.189790911926555,0.08386729530041959,0.6108482161094254,0.23252126223839584,0.0
