member,group_id,r1,r2,r3,r4,r5,r6
2884706,818238,6.593057495506667,22.74540534793356,1.865844573713782,2.437655737944453,0.0026862488127838303,0.28902128117870524
136509282,818238,15.651022314606355,0.025815171455813683,2.228386523270841,0.3186270051565365,0.002142608299356214,0.2987017250969429
145859652,818238,15.648520565368873,0.06381573498356266,0.3406568100033276,2.1856704133214766,0.0011627459054858527,0.02120307827848986
166059492,818238,19.54839961054048,0.0063237753998741045,0.050693960004577196,0.0,0.0,0.016589018980949683
4576146,818238,6.6305196125834485,22.380490743311935,0.298275486539881,3.6263138912392257,0.0006125874438726364,0.05646953032716549
25663442,818238,19.547046806921994,0.1276331818327858,0.607090173209497,0.0,0.0015523520493646312,0.07979714463771982
4898260,818238,6.295442501231346,25.95471448814586,0.516922294707794,3.347652710000774,0.000877862727349331,0.0431728593212481
46018712,818238,19.538438689346776,0.08122254146309194,2.0661155603247363,0.0,0.011599308477693988,0.3446734120527388
125381402,818238,19.548040392151528,0.007594323823660085,2.496035759544378,0.0,0.0004374134571241047,0.002523441650233312
4584030,818238,6.7162872855678195,21.47578720419002,0.21194164403235885,3.7661638693881243,0.0,0.0
