member,group_id,r1,r2,r3,r4,r5,r6
2884706,818238,1.954753431106578,6.274288651024104,0.011058918672185192,1.1059971762549161,0.0,0.8263494111338725
4576146,818238,2.1403364545865946,6.171129269761818,0.005164452517246376,0.4253362020550762,0.003786564872035111,1.4764640937208242
4898260,818238,1.1996642035168723,7.155084724617895,0.005583163210162984,0.5611387016102388,0.001588734854146894,1.3043909311793986
13378426,818238,7.850683659606441,0.07986533074047389,0.0054153949110917095,0.46003532122932045,0.003163843650616701,1.712548128260088
4584030,818238,2.3822156824201324,5.920764237455927,0.005036814113920352,0.37281079811525675,0.00476031757242785,1.5337396057434378
