member,group_id,r1,r2,r3,r4,r5,r6
2884706,818238,4.018833973264248,23.14254135157892,1.467698150157668,1.2381765794989519,0.7939042807646187,0.37683915151040326
158091842,818238,9.938099471224227,0.036438794908279434,0.08841150639302466,1.587947585135935,0.007163035130297398,0.0
195395940,818238,8.84386792306004,0.012823264421101028,0.0992539764857858,1.7981706523455736,1.201526191817602,0.0
191583816,818238,15.879371287449548,0.022483967706683355,0.0,0.5268625028027032,0.11964528008001102,0.0
195438575,818238,11.352532701017878,0.038411524511419784,0.29130866412872464,1.3202604072497333,0.0,0.09867205830931322
4576146,818238,4.040996385409511,22.755379688935903,0.10274820315894005,1.2536107007218018,1.2490397184632913,0.19173348848295765
88667282,818238,11.355360294308241,0.016832750866719138,0.19578252698391638,1.3264315041301231,0.026869317754167597,0.0
4898260,818238,3.8372690885300247,26.39017159849303,0.30623561264430504,0.9593774597200199,1.191016023866203,0.12946987290934872
185213522,818238,13.24347807079697,0.0,2.6377209390649456,0.9011093094926234,0.4060993027242766,0.6007476498141789
186768053,818238,15.871320753216843,0.002261061668328618,0.40000415076264983,0.3815134021760791,1.3682553594158995,0.3112757444850142
195783382,818238,15.872010701140729,0.002073451595979972,2.417345746722435,0.44410756200713664,0.09540971747522543,0.0
183769177,818238,15.871836611584992,0.06647379211170101,0.22218197448301347,0.4486112619870988,0.1398723251919549,0.08876287375692825
3662618,818238,13.232084111353238,0.0847434112262853,1.642295748594048,0.8679296252708436,1.03433033566668,0.3184518104363005
195075803,818238,15.882905656949491,0.001894678828032396,0.0,0.4489932348305992,0.2814038261883317,0.0
56407932,818238,19.83381444645599,0.003936940488158535,1.6577846737659283,0.0,0.0,0.7347822889679224
4584030,818238,4.093069895090776,21.83054397947337,0.05264224388326387,1.3280047651323799,1.2719900618298137,0.10326211951831497
