member,group_id,r1,r2,r3,r4,r5,r6
79533992,8204422,4.637015447268914,0.2155254363426538,0.20165165847386554,8.214209433165895,0.04246998845063966,0.03229248806628729
67428532,8204422,0.0,23.976532345324287,0.20446503038416083,0.0,0.3983888829362162,0.0
