member,group_id,r1,r2,r3,r4,r5,r6
105490432,8311202,1.9988222565970177,0.9569137891556635,1.6861970311471417,0.3817499000224345,0.539540710997856,0.8830268773688151
103737442,8311202,2.50052557838197,0.9106822697135531,0.8678068504497046,0.0,0.7938692915526302,0.18367519663670337
107666562,8311202,2.237169342012166,0.1663639016585257,0.9074961652110645,0.01100368020148503,3.157386479658036,0.0
60284742,8311202,3.176168856382908,0.02923122065053375,0.0,0.0,3.9444630417401267,3.237035421014871
103892012,8311202,2.000105709369494,0.6935908447921971,1.4917061331826158,0.0,1.7626204657512752,0.0
105628652,8311202,2.1746728575178076,6.608788827189896,0.7543680171217153,0.0,0.0,0.5430170974739161
94285262,8311202,1.5837608076985665,0.8517661950750386,1.941563486445092,1.2282109684702163,0.47646796614414066,1.0743441591816647
105931182,8311202,2.8821394979108113,0.6826927054143863,0.6438116371944115,0.0,1.048735688672962,0.19540209835318506
102225052,8311202,3.1968664055861455,0.0,0.008161403691025403,0.3011328345186711,3.7375844573686714,3.2746067035489164
106470292,8311202,2.241092637409726,8.68777957874568e-05,0.921611245812343,0.010932668368458624,3.2009413182085122,0.0
92912342,8311202,0.9320034839247905,9.52328797857459,1.5702161575417197,1.7002089443051773,0.2647590199540148,0.0
106375992,8311202,2.419814404055722,0.4416018738965395,1.3000482866327583,0.0,0.5139018775236619,1.3048974754706757
100628252,8311202,2.8474758964209808,0.11016129614494206,0.265505640461402,0.0,2.7832142887171383,1.9112147697625772
69775742,8311202,2.7304485979940583,0.1359970455986745,0.6855262815542784,3.155094480980396,1.8817551664233425,0.29470661678101034
11666047,8311202,1.1035845916041673,6.046936488345484,1.8802586764103564,1.4656812815862281,0.35284038428218917,0.32496826898995984
