member,group_id,r1,r2,r3,r4,r5,r6
91697332,8395382,4.505904977324842,0.0,0.6756231590912344,1.9703567561712532,1.4737799880465885,7.723171114616164
180429292,8395382,0.09001842843035497,15.719143767779478,1.038123648485408,0.09842534110115274,3.645513632780462,0.00014310771398868454
