member,group_id,r1,r2,r3,r4,r5,r6
101001062,8401072,11.795794920828206,0.0,2.4693646768263685e-06,0.0,0.0,0.14747756591103414
34036782,8401072,0.28326825295597285,0.05297825295199803,1.2163586319760393,6.7064908443785285,0.8002274104143828,0.03978466707274429
135348842,8401072,2.540648561014674,1.770794522137523,0.0,2.1514934901108,0.03184617173691175,0.33105403497918745
