member,group_id,r1,r2,r3,r4,r5,r6
194339653,8401072,1.5897344694599156,0.0,2.7080006381456356,0.0,4.589851989468493,0.0
12009033,8401072,1.0567453996738134,3.2335994491645774,0.0,0.8675155067549211,1.3339500733754308,1.8239169137377274
194047661,8401072,2.315348750018387,0.13672344381053772,0.04068780466239608,0.5666139952217032,0.8840403934880199,1.7830698548692516
188462798,8401072,1.130429701871839,2.3890272995774176,0.33623749179461787,0.7658292200396747,3.030123560737907,2.110983936755128
33960372,8401072,1.1802077005862386,2.619708972924293,0.0,0.0,0.0,4.2435976514041185
152274012,8401072,1.7862913533549492,0.19956453116022482,2.016688637603364,0.25138767752002533,0.0,1.7653972086207026
184213501,8401072,2.2547017360131343,0.12389757227689356,0.4092144241400562,1.292023548984736,2.1887219158578253,0.11013760615998619
