member,group_id,r1,r2,r3,r4,r5,r6
102441312,8433762,7.988471319304018,0.0015130401771809904,0.0,0.7333668164655893,0.31583429239993965,0.0
7889856,8433762,0.0013521242518471585,2.994676556125267,0.3159114568509786,0.3584838966835611,2.379573017444792,0.0
68034592,8433762,1.3205382687544605,2.458700861010559,0.1325782357855677,0.46891048669507857,2.0494385703757882,0.0
183201635,8433762,1.8346910748321499,2.695297238603739,0.0,0.9423553331674779,0.05332175874322438,0.0
102790692,8433762,3.8315314973859618,1.2500536668614797,0.5154504382184364,0.6847969889380368,0.1909340964888379,0.29000487098443084
188392227,8433762,1.37315755649676,2.897331053485731,0.0,0.9580294719201194,0.03363331871897035,0.0
108413062,8433762,5.914535740326838,1.8091031828725228,0.004487276886469387,0.21103620576923493,0.0,0.006472895975097095
162473732,8433762,3.980183899328077,2.9462532146914917,0.0,0.0,0.2989017823945308,0.0
12965766,8433762,0.7127072055032,2.291790291796972,2.24177190467086,0.20333148726908473,1.269309904677124,0.23260445846196043
183471465,8433762,2.989416868044912,2.4504093124355055,0.09933450722688772,0.5270907027575443,0.0,0.1404694397137826
93551822,8433762,2.2056580378775092,3.1540536553371448,0.0,0.36634210837351877,0.4940412436215813,0.0
8763794,8433762,0.0027431450439057187,2.9929202779112125,2.650305515974808,0.0,1.7543493971889366,0.016577590247746687
181514932,8433762,2.8346803645588285,2.257557306359424,0.0,0.9083946992034206,0.09598004546244232,0.0
194452502,8433762,0.7549972302085022,2.5207480759779934,0.1676890208655012,0.829692072389172,0.14241400872727408,0.32666414919439
189280153,8433762,1.8346910748321499,2.695297238603739,0.0,0.9423553331674779,0.05332175874322438,0.0
55068252,8433762,2.4420204305265782,2.850564066362112,0.04456646796676904,0.10281918132390705,0.31755647550330013,0.252800160728382
192742430,8433762,0.9885477686773839,3.065693817824222,0.00018645384536236632,0.9710696753901062,0.017123189351544412,0.0
