member,group_id,r1,r2,r3,r4,r5,r6
38994242,8703642,2.3352420716451374,5.467588950729421,0.01881128961425723,0.0,0.7975271567467961,0.3550655384033532
186985187,8703642,0.35544149745414877,1.454157620969969,1.2460576608738974,0.10180322777408535,0.0,0.0
195825356,8703642,2.408516741103005,1.8784010288847126,0.2839095891537202,0.9241256644024457,0.18532524515890467,0.09348471509921442
196068173,8703642,7.235193350568502,0.0,0.5204498530123683,0.773262032950649,0.0,0.41862531043380835
195794899,8703642,1.5597175042448437,0.31690655176132565,1.6225292057703085,0.0034737410098598914,0.043979939005071626,0.0
195794709,8703642,1.4605022115090034,0.40002653610543903,1.6047903067924818,0.0,0.07044723434798966,0.0
14586138,8703642,4.202070022346908,0.09744625120378238,0.0,0.8843165272277291,1.0469916894333586,0.0
195794621,8703642,1.5608249915969805,0.30208718508980287,1.6102097228517438,0.0,0.1056379940522099,0.0
5795454,8703642,1.6605955924516078,4.999391575995427,0.0,0.18287308509379613,0.08845038977098775,1.419167049236919
