member,group_id,r1,r2,r3,r4,r5,r6
171777632,8885282,3.3479300842911925,0.0,0.0,1.6534168841135877,0.0,0.5031170547732603
89171842,8885282,2.002101728571181,0.0,2.51055083377214,0.1771933265431119,0.9061307371633757,0.2978527183573595
44969002,8885282,2.3874250933611036,0.5222216557696566,1.6262598869286946,2.5706155533815296,0.8787199959876805,0.19330379824441557
11230701,8885282,1.9847125913317005,0.12149149833934886,0.647877075590485,0.9395775984019802,0.6842886886126722,0.39879518688850685
77697422,8885282,1.239894886432228,4.1369803297411165,4.091767729719039,0.4373075888070884,0.14629451786885816,0.4412409200683852
87090512,8885282,1.90996102034516,0.27857874760318174,0.08677017580789859,1.0909691339826537,0.2510213792330815,0.6207429233838215
97456082,8885282,0.5088837821847917,7.44868100250909,0.11375373894404753,0.665515087717196,0.1886420621719734,0.6505788389143653
14063541,8885282,2.3675980431023174,0.13668431228265782,3.8445121655739167,1.8022173843265956,0.35865585240748016,0.5025588850574876
11235674,8885282,5.743830931132434,0.20625030176477777,4.494899747658153,0.0019212516677647783,0.2913354034702069,0.0
14051195,8885282,2.454323309889184,0.11327752133634182,0.5186371060339765,2.9467546612964894,0.7299777887469264,0.324448824546109
6594431,8885282,3.0821261225646435,1.435230607630481,0.22877821118849895,1.4983054686208495,0.6272181451234484,0.0
