member,group_id,r1,r2,r3,r4,r5,r6
72319842,888789,2.016138504030783,3.95293880597609,14.913261821134915,0.0,0.18529253572227739,0.00012958496718212483
7379363,888789,0.0,0.0,9.926340618919332,0.7957827428401972,0.12166731145087269,0.0
83548732,888789,0.0625013462717895,13.348682284909653,1.3222792040443812,1.1106954510165323,8.23376043638477,0.0005561287735177879
189404541,888789,1.030117538411837,8.697717538211501,0.003567818768353676,0.005646834496218646,11.655961524606157,8.875727119059762e-06
