member,group_id,r1,r2,r3,r4,r5,r6
72319842,888789,3.171062792958912,12.186556710884522,0.05802640880122973,1.0917837514747841,0.6151493354045737,0.9626754002290691
7379363,888789,4.587577917273677,9.297218890304709,1.0403215754277289,1.7948724952982034,0.013494429484331784,1.6622560240362023
92543882,888789,7.271230015376125,0.40348301326568736,0.0,8.685100717031416,0.0,0.0
64216492,888789,3.4593166101143287,3.9014877099216885,0.17601345247638606,1.6783694613223712,1.5427368232603904,0.02273575654410448
13806012,888789,4.656621199073747,0.0,0.0,2.3788164557830807,0.1364745471588877,1.5705275263455982
182658606,888789,6.256386332612,0.636952712013931,0.13483150964174462,1.3820728469965082,0.9251152660327732,0.24156142997802263
116099312,888789,4.593490025572578,1.6332337300678044,0.0,1.47703773807492,0.814545485777214,0.7774320303374317
4994643,888789,3.1824865415036547,0.0,0.5357439281431086,7.251764053199925,0.0,1.992864835349214
3719477,888789,3.1528729424227975,9.077206698854777,5.0183439764511055,0.02581041228585945,1.5404558482655408,0.0
75106842,888789,8.426628868000964,0.2626143369645104,0.05429392164069711,1.0086889628477886,0.4237797506823476,0.0
83548732,888789,5.776267651228431,2.5535837026786377,2.947271256292929,0.15453596870153788,0.47416455637030636,1.3959529868511396
8074077,888789,3.491032941972397,1.5861914609701775,4.8618734931208145,3.9267184665669284,0.0,1.8243227367319843
