member,group_id,r1,r2,r3,r4,r5,r6
158400032,888789,8.887663730162776,0.17827619618572324,0.10469816485046607,3.136498933057906,0.0,0.0
72319842,888789,2.567256226288625,12.263934755959232,0.06391059226967925,1.339961498429384,0.08451761601469422,0.3660080921191822
7379363,888789,3.3595472612117323,9.374141212008213,0.7351048397067307,0.38477953856770747,1.0275654454081304,0.0
39789542,888789,5.990433971145034,0.0,0.31144585627502414,0.014370882394822822,0.9182140431719875,0.1890264187819856
42650222,888789,9.413315511158228,0.318972429555099,0.0,0.9196348394294801,0.0,0.05389656524105013
117906492,888789,6.296589124191964,0.4912281044807596,1.8089081994532508,0.985032579126518,0.974486269060907,0.05761169481852745
73294932,888789,5.8281296740387605,0.6561205421632685,0.026024741735622168,0.14355089177315353,0.8989377113493097,0.18519618131949311
3719477,888789,2.081676421115038,10.125450096647624,4.669546180791384,0.0,0.03167915432375645,0.05313875916145576
11320955,888789,9.402525639704608,0.27018820052144843,0.0,0.9036962730503036,0.23430251887892323,0.0779866592762188
83548732,888789,5.2195122643722724,2.9101573126425433,2.73075431012945,0.7619159671927727,0.9732666404695207,0.0
3430333,888789,8.872414454416427,0.0,0.42906925162078674,3.1314518037848664,0.19634261762525926,0.0054969441898881114
