member,group_id,r1,r2,r3,r4,r5,r6
88263102,9077182,2.3084793761312126,0.30401379873760437,13.348050829099634,0.007512326287096318,0.37930650382315356,1.3487484942045538
182937048,9077182,10.38532926290643,0.05395281749613165,0.24867451979199365,0.0,0.10087082390202098,0.24727631048611726
3187497,9077182,2.368769377512106,1.996587134865371e-05,5.837947298412391,2.2783991051299686,0.9341251714510495,0.5946144249985377
25822732,9077182,2.379535573083481,0.07301008330148415,0.23893630904036198,3.985670419998023,0.7813594053721801,0.38800307550184654
13978637,9077182,2.679641327203631,0.07957065687368116,0.30304811015877003,0.3696647455616193,0.7523752620352895,0.9820601324563968
38782382,9077182,2.386193868264969,0.0,0.2688994114079563,3.9959635253687074,0.6528792523860202,0.508515637480928
47263982,9077182,10.38471131759599,0.19693262937896364,0.0014022359768601036,0.023055245064510073,0.24670702450112006,0.08267281416816429
77115262,9077182,2.022055807410239,3.4951945781552567,0.04980799789995593,3.62933927064756,0.0,0.3905487206229712
110973012,9077182,2.665650004819572,0.11720569944500017,0.0,0.673338129447879,0.0,1.5291102631899067
128833502,9077182,2.051292008255999,3.2461688166273315,0.03239806485526491,3.5998032546411234,0.635564223791989,0.0
183724884,9077182,2.691630400599566,0.0,0.5376920473225167,0.30273483968293,0.5328575635628816,1.2350243138750543
13681207,9077182,2.2949485851674605,0.8258442248116872,2.8342245468338243,3.0587702292117016,1.1303810280830464,0.1375015909373578
83384382,9077182,2.009040207661938,3.6430571686537365,0.0,3.5905780856423446,0.34036550143882566,0.11733516809649548
8392983,9077182,2.6657937934906717,0.1397208832190502,0.47355399230709394,0.30096136179796124,0.617606575021284,1.124092227261488
71631102,9077182,0.4743542703679118,14.213177541530507,0.17399943298629172,0.033933931734383777,0.7980749964280547,0.009721461678441026
