member,group_id,r1,r2,r3,r4,r5,r6
104868322,9218642,1.6655621158940341,2.894915730331822,0.06986141643088545,1.4173446120174675,1.2734494728137333,0.0
57164962,9218642,2.720547227720954,0.0,0.3867455229162054,0.0,0.47588139766985965,1.5853307916689043
140716292,9218642,4.230557980672991,0.0,0.07200811021391254,0.19865388295100217,0.0,1.2167030251384563
39772262,9218642,1.185627536824925,9.449752445476594,0.16333062053363195,0.8815132779160756,1.0096124521416407,0.0
83978342,9218642,2.6610212082079063,0.5606138691280862,0.0019186860510014188,0.3267547687215882,0.3453711400395058,1.428292227536477
111862952,9218642,3.804941015229821,0.0,2.8439030465212025,0.09020389862446615,0.2980391531604022,0.6303216534777679
76732362,9218642,5.930301618908799,0.22185618327877674,0.7238884081174666,0.0,0.39050097526015765,0.0
109973292,9218642,2.6972563001434913,0.2738185127487324,0.0,0.34118263471048316,0.35401204506607425,1.4360968072805322
71174612,9218642,2.171440911994047,1.1435282734537522,1.6861154365074453,0.8417421089106568,1.0760562191507772,0.17648817238435496
50431222,9218642,4.235145927706822,0.19460072248846932,2.670808966602143,0.7860943334684792,0.0015436832452723312,0.22134391273108212
80813052,9218642,1.7407990737143308,3.7687419189937525,2.7013791332050316,0.0,1.3435575625398635,0.2538015485512738
110330462,9218642,2.8118189132246494,2.3988188540570574,0.0,1.6504215349718285,0.0,0.2291966665957747
