member,group_id,r1,r2,r3,r4,r5,r6
58562402,9267572,10.448605807045512,0.00814273023270114,0.3800915562586872,0.5362831081734365,0.19751314426066408,0.004493523733886867
57007592,9267572,3.5458059325713696,0.0,0.019990283450878072,2.3310516423444056,0.05286442275498154,0.07486165283650645
137756072,9267572,19.58207659205892,0.15266631396031696,0.777021742630774,0.0,0.0,0.0
29071532,9267572,3.3578454928282095,1.0150282712375556,2.755044768516116,0.9185773846772066,0.06414222226639753,0.003870948545371237
106067852,9267572,3.539108202831222,0.16970972565358688,0.0,2.3870148354981198,0.045815782159993476,0.0
83716592,9267572,0.8068600343551037,23.5003007436128,0.0,0.0,0.0,0.0
89774962,9267572,3.528739396524996,0.0,1.0991507722163467,1.8373866702665467,0.06559249826208324,0.001959395251332906
12054196,9267572,3.520078156638074,0.2051313869231146,0.0246003733480031,2.3114260599927325,0.055911315189076445,0.04231964224404675
17981911,9267572,10.453845912337984,5.143057740187707,0.001785049375708554,0.0,0.19374950287691942,0.028368340714660628
154779452,9267572,7.883564739197169,1.6567616194877117,0.9736924912953785,0.08518099673856375,0.12473845224723722,0.16127472131963033
156231742,9267572,3.48350359965344,0.5392705775837379,0.15919912593726995,2.265773688157434,0.04774213793599584,0.0
