member,group_id,r1,r2,r3,r4,r5,r6
12662210,9267572,7.841783891334307,0.04101784183870249,3.2338738303075734,0.03843000249245745,0.09165759929480417,0.0
54934852,9267572,5.658587389830794,0.17267167655290566,3.46842704795331,0.06402898163080316,0.3319665479079484,0.1388273027524024
9664293,9267572,10.555367167298739,0.4254785498864373,0.39973812210468684,0.0323894088048408,1.239283570689441,0.0
20300231,9267572,4.018061698924815,1.0886008410247032,0.9149941948558409,0.17817545982459299,1.3759300039963216,0.7255295321760689
83716592,9267572,1.4172553800320031,24.67628491207761,0.0,0.32875684031263414,0.5372847488778845,0.0
113799922,9267572,12.242025573097617,0.09213547192873638,0.0,0.0,0.0,0.30217878569326967
25216182,9267572,10.258318082818603,4.995648655461836,0.14916090405344548,0.07556866290054974,0.0,0.0
17981911,9267572,4.2248326486307715,4.990569320588632,0.3557170924538079,0.43471575635802273,2.139935837550915,0.2895278420080352
95651992,9267572,6.063024867324105,0.0,1.675324137934366,0.0,1.5255556524883174,0.24719728894031312
