member,group_id,r1,r2,r3,r4,r5,r6
183697893,9267572,0.039463122672579044,7.586441564544245,0.3599997954257897,0.16373403497883082,0.06679262842780935,0.030083861672953884
153362342,9267572,0.25160744055679246,6.036989214409498,0.0,1.478232773525963,0.0,0.0
181018282,9267572,0.08230125678439024,6.078537754625071,0.2815394215482158,1.3698500988132656,0.008085458545206188,0.0
183482925,9267572,0.33363069233514636,6.01043484980779,3.5481204062900424,0.05055790547977216,0.0,0.0
43252432,9267572,0.08050710087159156,3.749832393527658,0.8766867203748402,0.9921266100297478,1.552185400616412,0.2588785097807789
83716592,9267572,23.419694522521702,0.001083096352985192,0.0,0.11808016945479302,0.0,0.0
183792690,9267572,0.0398366075897101,7.589418639900289,0.07024441717144926,0.3408654115468417,0.0,0.0
25422362,9267572,0.039125350593996494,5.98294193930671,1.4676189165424782,0.11626714951683714,0.04107241633138896,1.009963410123432
183470682,9267572,0.08257639023072154,5.97151787977782,0.12297073710382192,1.3282738282855517,0.0017568929720029062,0.09894660991407278
154779452,9267572,1.8968188916155488,2.486230444453428,1.1158574743535374,0.5862467564859967,2.899874830976152,0.0
183960925,9267572,0.08162002433776148,5.973476961996989,1.177074308402715,0.1981461058680598,0.03219688832682407,1.0575398275844305
156231742,9267572,0.5468101469476935,7.4332765028291865,0.4436201003056622,0.0017171099043420334,0.012250318499953188,0.18282576945736045
