member,group_id,r1,r2,r3,r4,r5,r6
9664293,9267572,11.728049083375128,0.33073656197881374,0.47987677402542295,0.28266401525617413,0.15370119930712442,0.12180005116847159
46484572,9267572,11.40573585654988,0.0,3.7920521597734576,0.19610852497291192,0.0,0.11293040706655585
83716592,9267572,1.4251521138130177,23.505461186317596,0.0,0.3405934794820142,0.0,0.13849563662574116
150764882,9267572,11.680525004569322,0.0,0.0,0.06886211174570192,0.0,0.2785587862615455
25216182,9267572,3.5400995968894837,3.978139785995844,0.0,1.4703570463505156,0.10054040295967064,0.641480215182626
17981911,9267572,11.829976562302324,5.054914059264243,0.5306885442613418,0.0,0.1551485990097691,0.0
40689212,9267572,11.544923960416378,0.0,0.7288999023144918,0.009616972691585096,0.07377288284674614,0.333997714358978
