member,group_id,r1,r2,r3,r4,r5,r6
7788294,9268532,3.010790426442613,5.129570163401138,0.0,0.0,0.03763171321734179,0.0
120314792,9268532,0.634960013283053,1.4649383213628755,0.16047060165389568,0.0,0.02670316651978053,6.0703321631976666
61729962,9268532,0.9151239645893349,2.53823560477398,2.643319102929545,0.2815900364531113,2.351823433511984,0.3683287063156951
13563733,9268532,0.2131854725508417,0.0,0.0,4.236326846455195,1.9744103477774813,0.0
72742202,9268532,0.9415808522926261,0.0,0.0,0.37868311818555966,0.0,5.008909718318685
