member,group_id,r1,r2,r3,r4,r5,r6
79120362,9325582,5.612854823256567,0.0,0.7683047960414005,0.0053138587519135135,1.2868228619300065e-06,0.0
29346182,9325582,0.04203961678498731,3.98643573758981,5.2618144258471435,0.09634884891921316,0.06963117229329424,1.3292096836726695
