member,group_id,r1,r2,r3,r4,r5,r6
103726672,9658672,0.6571194202868845,38.43046960621729,0.0,0.0,0.33737751420303674,0.9573890611899442
37047172,9658672,7.49014034967516,0.0,41.58905724865196,0.0,0.0,0.0
