member,group_id,r1,r2,r3,r4,r5,r6
103726672,9658672,54.20931640047455,0.0,0.38703492555226776,0.0,0.0,3.2589825298660693
116068182,9658672,0.03699057660316794,114.92695458566376,2.5519716570366713e-15,3.3371620540518667,0.0,0.0
113187662,9658672,0.7378541292075584,112.40570502724786,0.00503965809512915,3.3237948204278536,0.0,0.0
