member,group_id,r1,r2,r3,r4,r5,r6
61986692,9658672,27.72560362672098,0.0023766228811875805,0.0,0.04744857143496752,0.0,0.0
150102532,9658672,7.176760483433236,0.0009231245661080064,0.03653101367785336,1.1807088470052396,0.0,0.30478708964835965
102074022,9658672,27.725537550056863,0.0005197134403407119,7.234299718094541,0.0014209202204014811,0.004197765356640747,0.0
158134852,9658672,13.872040637202794,0.0,0.3451237778051172,0.620621106951715,0.1017637649362515,0.0
112361452,9658672,7.1582867360495,0.10255255750140976,0.01956419992964824,1.2324743933275246,0.013830620230348409,0.26466543261696623
103726672,9658672,0.15482816881940734,38.617775270907366,0.01164041865489674,0.0,0.0,0.010075815708590506
92539922,9658672,6.982177536319275,1.0826215049467092,0.06182556740397621,1.2797727010613547,0.06480346938178567,0.1175947845199405
139926102,9658672,7.172208559457069,0.02484559731850956,0.019172665196972145,1.2329030162417076,0.013899093796836019,0.2698786114447718
11173915,9658672,27.72554085186293,0.19118952393373478,0.4023198158699998,0.07081998435178896,0.28152557615130663,0.0
13942559,9658672,13.879195534723257,0.0,0.0,0.005770282434781594,0.0,0.7739488696791869
