member,group_id,r1,r2,r3,r4,r5,r6
14701091,9658672,5.3160061798091425,0.060221345330085246,2.613307491363623,1.351391517961277,0.23367801327622856,0.2944276523108326
91134312,9658672,35.33891569901148,0.15528507123982507,3.01161166399014,0.0,0.0,0.0
10689544,9658672,5.2037857376727255,0.9145162828229443,1.5999489530636637,1.4558022183892163,0.2580692699138693,0.31854231755958623
113187662,9658672,18.05271439741001,0.30674822105590727,0.0045164868459753055,0.475199194949384,0.0358217536887533,1.7253583518331543
84292622,9658672,4.622856292096734,0.8647754735598976,0.5964956269344183,1.8031746797534527,0.18212216795674785,0.0
103726672,9658672,0.3009722715279234,38.676726934202165,0.0,0.05502784232889603,0.0,0.1958629383785605
140190832,9658672,5.323842506020024,0.031602408903203795,2.2706631350400817,2.0685382339401315,0.0,0.008135780971468625
79106162,9658672,5.319032678897533,0.03185499412260188,1.6012748140902724,1.3750822805320688,0.31299709289861405,0.32607150247499156
38978612,9658672,5.326438015924224,0.0,0.5837979067684853,2.074855537531244,0.14262093439707998,0.08245466977265327
135801722,9658672,5.315858939471011,0.08419205360514198,0.0,2.568492259697437,0.0,0.0
