member,group_id,r1,r2,r3,r4,r5,r6
12547904,9658672,18.331639951587867,0.0,0.15930911067725395,0.5065368052637301,0.06501276107270695,0.0
91134312,9658672,6.199902013506447,0.041852315173410516,3.8599399299692756,0.2668153793416205,0.5942657783420298,0.051186971612836
112361452,9658672,18.416582282063448,0.15181228637125757,0.0,1.5101472659892152,0.0,0.02213828152556573
103726672,9658672,0.12722101458505858,38.64918661086765,0.00045545002098755364,0.1076409027850856,0.028570104391370078,0.0
109291762,9658672,12.285212816959897,0.025474364242400988,0.06005549001905516,1.679346155510927,0.1977672118939289,0.0
104454292,9658672,12.28582033318659,0.27422576584820446,0.0,1.1359973590281955,0.2299558420329475,0.011537940600239669
58797462,9658672,12.3102006893493,0.0,2.7403672464207824,0.852014680763646,0.02401941084867152,0.5743193223242046
86338552,9658672,12.392292235655122,0.0,0.4412799955590814,0.743869562597362,0.06514265305460301,0.6887638401688639
11394206,9658672,18.29525952727576,0.09764375389154191,1.1168609679577912,0.0,0.0,0.3642747381273248
