member,group_id,r1,r2,r3,r4,r5,r6
175197632,9658672,2.343465636208992,8.71703554743096,0.0,0.0,9.878092508164524,0.0
144532482,9658672,35.41585105219565,4.534172546486538,0.0,0.0016001334157205252,0.6189422044728039,0.0
37047172,9658672,18.208131790703696,7.364700318499998,0.0,1.7089635853764362,0.014430425006656493,0.0
10689544,9658672,19.330345615974647,7.59023397210122,0.0,0.0957140370126853,0.06585458956028895,0.0
103726672,9658672,3.7709348305139403,0.010702540191843368,3.9973522485072093,0.0,0.047409804814997895,6.123501044241375
