member,group_id,r1,r2,r3,r4,r5,r6
12052483,9658672,0.0,9.853875467259279,6.8899160754961155,0.0,0.8016170388304666,0.04951841843897451
37047172,9658672,2.1227093225250893,12.350290798167636,12.440378054473351,0.150945760701602,0.0,0.0
91134312,9658672,0.26958179292996465,13.097394988597694,0.8578912900740021,2.4455853605698237,0.0019014979605345506,0.199305901763952
113187662,9658672,0.5100527865660387,9.78406839345664,0.002390193501011573,1.8022627631724264,0.8447754785333894,0.0
84292622,9658672,0.8655005449496751,12.888839177633765,0.07418886264930358,3.5092300791821587,0.0,0.04436959291188922
103726672,9658672,38.43672554085886,0.0,0.0,0.36730816230873087,0.0,0.0
92539922,9658672,1.1246522454385586,6.466712578701639,0.07312812493329132,3.0929136171065528,1.1861485815029122,0.0
79106162,9658672,0.07283443495267916,9.920786206654071,0.1912665850735751,0.8196244149452716,0.86574134472187,0.1750452984931884
132254202,9658672,0.17651632400651965,9.899965534081337,0.19851650997462553,0.5086087667611828,0.8728189756767498,0.22942586680736093
