member,group_id,r1,r2,r3,r4,r5,r6
2978534,9658672,7.27964477836583,0.07050040576012767,5.122300934046388,1.165610403792782,0.0023940857467964023,0.0
12388108,9658672,7.293822031046808,0.0,1.941446599022608,2.2748056509801207,0.019333229637931437,0.3148803013422804
76984012,9658672,28.75363746891202,0.013637257302523754,0.0,0.13036146308607344,0.0,0.0
13048111,9658672,28.753467319225358,0.00410091315654956,1.7829013225367671,0.07954852444338084,0.17715481982121076,0.0
103726672,9658672,0.09910190966313519,38.62702952560143,0.0,0.0,0.0,0.0
104454292,9658672,7.23587647145276,0.30240132589127616,0.19535213017483002,3.023546408893764,0.0,0.010944155400741982
7115098,9658672,28.753506685861534,0.002547581393847578,2.50517710585505,0.029636847688187883,0.1030783472232124,0.0
83794842,9658672,7.288856904891786,0.016551640386415635,0.4593213842173298,2.9471436609558266,0.058523530757248615,0.0
