member,group_id,r1,r2,r3,r4,r5,r6
47664282,9658672,6.36625854545975,0.09924464568520082,2.329089208478503,0.5443332059300056,0.3175841493586596,1.0478294802104682
125788462,9658672,36.98635594999007,0.02594640112221274,0.0,0.0,0.0,0.0
82443822,9658672,6.374661313401737,0.02922900535419966,0.8716409154858399,1.429848089217993,0.2688142928551542,1.0456227941282839
103726672,9658672,0.205332256297535,38.70803694169934,0.0013538459305892814,0.1139494040303094,0.0,0.0
73144432,9658672,6.394927870927929,0.025590664010527352,3.5996410950645368,0.0,0.00027499514823428486,1.5019708428667071
84292622,9658672,6.2592548522066584,0.7059790611208419,0.6632500600933097,1.5393915896882375,0.4335339834407187,0.12240395111913499
6670426,9658672,6.3832983739899625,0.01944309768169694,0.0,2.340105342708003,0.0,0.0
135801722,9658672,6.3832983739899625,0.01944309768169694,0.0,2.340105342708003,0.0,0.0
