member,group_id,r1,r2,r3,r4,r5,r6
103726672,9658672,0.0,15.18525641026994,22.886989956973903,14.203279291342831,0.971378843223409,0.0
111576622,9658672,11.122806387711156,0.019788617536131013,0.27830236284944404,0.18203002006024357,0.00619767104013669,1.226965105143071
