member,group_id,r1,r2,r3,r4,r5,r6
119598882,9658672,5.003937431072936,0.0,0.06994007261821338,2.305424174893911,0.3734474326198167,0.0
13403139,9658672,8.459800887350765,0.04242016239249242,1.1112590014610684,0.9856174505723365,0.37053816165897174,1.5580160760911437
144532482,9658672,16.480604731321066,1.6579232683351435,0.0,0.9640379691647714,0.0,0.0
97017602,9658672,32.16495947416045,0.3689766513799786,2.362396579484278,0.0,0.07885416301895375,0.05932511130248721
135039942,9658672,4.97013653120042,0.27831738757360264,0.06152693156180716,2.2607419418945542,0.38651293840484946,0.03388962437848071
10689544,9658672,3.280236754859818,0.7957427456973686,1.25914732680657,1.2922299468619498,1.6165096003421544,0.15344341841713774
91134312,9658672,8.448768664976233,0.09697632968554226,2.2838132173560672,0.899386393041242,0.2157562489018616,1.3114088971230269
13953227,9658672,3.5565708620247323,0.5509769884303338,2.9703548431184643,1.0124884771000682,1.3939619360882356,0.5701890433958016
84292622,9658672,16.40462900401556,0.7637832601924751,0.048037519457827096,0.9588418572878019,0.0,1.3202335074946792
103726672,9658672,0.44810027632685867,38.65004756722372,0.0,0.16557776575286265,0.04765874499400975,0.0
92539922,9658672,4.872135176309536,1.0744653213924036,0.096331339058847,1.9594584829417,0.5350925806186143,0.2785192963581706
128218232,9658672,4.9817202701926995,0.011454441873310647,7.688287949887955,1.0406097815338702,0.0,0.0
59860282,9658672,4.997716651657431,0.05389810822770892,0.0,2.335938819499033,0.3281619187418895,0.0
172124732,9658672,16.48048929975004,0.02581817022852446,0.0,1.0521885950447825,0.0,0.0
