member,group_id,r1,r2,r3,r4,r5,r6
97017602,9658672,8.547623505092993,0.30207688413992945,0.6887520826630193,0.0,0.9699523768425541,0.13354224723766728
37047172,9658672,11.338270435945576,1.4768027362115916,14.981405635740462,0.00036547064445100147,0.00030854354551462614,0.002452315619980651
10689544,9658672,8.434589202902666,0.8699859254036283,0.16913827999412195,0.08454292045471064,0.7418146816637401,0.3737597953767514
13953227,9658672,7.069946805729268,0.6517154678388627,1.067858896258332,4.546482872735677,0.6705137987038202,0.12440515099335887
182543020,9658672,11.34031423702066,0.02581771133549681,0.0,0.6823219249250799,0.0,0.9292589536841431
181337262,9658672,11.328456116953571,0.0019894483450267728,0.35721996648209486,0.5898870952627513,0.5401029757268229,0.41708086739182104
103726672,9658672,0.400416111306368,38.618573312402454,0.0,0.019455131566111315,0.0,0.08478362291255807
182020402,9658672,8.625867074234632,0.05178896376082353,0.0,0.015697427768832286,0.0,1.0609528025382244
182537336,9658672,33.30069199616629,0.011997894468599002,0.06004689331652722,0.05517452595678763,0.10231598128513507,0.0007493442285222239
182483866,9658672,8.631441190466605,0.02590556251074626,0.0,0.01686586103360442,0.0,1.0619585989424585
152559612,9658672,11.962521187799213,0.04614084685286944,0.00264121777423298,8.212240690339902,0.05131705360344784,0.13224925569763257
