member,group_id,r1,r2,r3,r4,r5,r6
159115232,9658672,32.18474000312038,0.0011615596768894815,0.24886438296831467,0.0,1.3261257866207974,0.10936128135711241
144532482,9658672,8.445211276811195,1.5301642687754056,0.0,3.060547948849676,0.0,0.0
61986692,9658672,32.18503087113687,0.025728506431490182,0.0,0.19545359558643804,0.025801841738039708,0.0
13953227,9658672,0.7764695437382806,0.730316365287436,5.616992342542177,0.2881107233880335,0.0,0.0466422108350118
84292622,9658672,0.7474437124361446,0.7483432406552399,0.641123439712239,2.9751345068199724,1.1379187474693087,0.8826024098571444
103726672,9658672,0.481745265386444,38.601130641428014,1.3028185953578312e-05,0.0031096742960552825,0.0005161772346007353,0.0
11173915,9658672,0.9200253568510892,0.14433233190486383,1.146434643689276,2.3293588566128474,1.1410545102705494,1.7430166918558014
