member,group_id,r1,r2,r3,r4,r5,r6
6316642,971186,2.2524721369322838,5.910484344735804,0.14573109581499324,0.9329749290588698,0.7812378677181612,2.832901766014396
6257541,971186,9.658786009100416,0.13323430041235984,0.13827811137925997,8.397322777609931,1.110589546259406,0.010750572146784376
6348231,971186,8.42300829729632,1.2818274138015056,0.009235377500685999,1.064824302504704,2.607561026284238,0.9085990972778459
6610126,971186,7.10648675043553,2.2409699949532143,0.018273904269281254,1.0651846952570336,2.297078210619873,1.502831017086793
6284017,971186,3.4883697975203782,4.874170420145366,0.0431139006121515,1.114849100984419,1.4683186639176138,3.1221330801644656
