member,group_id,r1,r2,r3,r4,r5,r6
6316642,971186,6.050967398118026,0.0,0.9519893279377314,0.0,0.0,0.0
6257541,971186,4.557065710273385,1.511574139960857,1.211393481582733,0.0,0.172868211679813,0.1471438885809849
6348231,971186,7.393966487431723,0.6907566701035668,0.5674904649801095,0.0,0.03321712553339583,0.08795194018857269
6610126,971186,5.4040680017072145,0.6510450484877379,1.0571827202498756,0.0,0.003900946916167208,0.19502140871214108
6284017,971186,5.879367130570881,0.07863722493499535,0.8483330502045021,0.0,0.0,0.14802774763540574
