member,group_id,r1,r2,r3,r4,r5,r6
6257541,971186,15.067564756154606,0.007592538481325316,0.0,0.0,8.526617874594415,0.0
6348231,971186,11.87973776819332,1.2642180262205611,0.0,0.034772338177964116,0.0,0.9849333565232129
6284017,971186,6.904205511452851,6.312411292541542,0.0,0.07808979829114192,0.0,0.8494384296291322
14210865,971186,1.3070037080756074,12.030843309681783,1.264570923452698,0.0,1.9397877200794755,0.0
8849396,971186,2.399366549922254,13.485579697246168,0.5399138549323536,0.018199013829965173,1.223433661925429,0.06969815006026583
11759573,971186,11.419535456294792,1.3285522164245676,1.2557727470002953,0.016506374720444878,1.295911909531132,0.3584841495301561
12675097,971186,5.699380163435219,7.474909354317025,0.16233371842139643,0.09436305899866183,1.1588737198012997,0.6455198277701544
