member,group_id,r1,r2,r3,r4,r5,r6
6257541,971186,12.52898939764902,0.0,0.0,0.0006607396298583816,0.23509765356121343,0.0
6348231,971186,12.227813770395157,0.9156832441356895,0.011518026057618536,0.5537324356545241,0.0004481745613384662,0.0
83947052,971186,3.7110881770928583,9.054398366017478,0.02159699326524099,1.60454238622625,0.0010497438635920012,0.0
6610126,971186,10.870882905837803,2.2203604233365177,0.0,0.7329655759849393,0.0,0.0
14210865,971186,1.3111527295478287,13.696682250865395,0.855843149576258,0.10659829772558117,0.005323549172684161,1.2919851814461423
8849396,971186,2.551271740178707,11.920816428867177,0.15133813862690695,0.7398837143390545,0.001117813025649442,0.9022578823047718
11759573,971186,11.489888357585448,0.6988192093103259,1.6031258464928388,0.0,0.009864983949389956,0.0
12675097,971186,5.947058158589708,8.636540225836834,0.021697885588225527,0.4946963478657061,0.0005500479017915175,0.0
