member,group_id,r1,r2,r3,r4,r5,r6
6257541,971186,11.63760142894082,0.003753113606373213,0.004229089393429842,0.2776953068128469,0.8365199611728014,0.0
6348231,971186,12.23274902892297,0.0,0.0,0.13184773884826073,0.045045951325897955,0.05521842972744335
83947052,971186,3.6266638960686532,8.337606476955191,0.0,1.4764164706433593,0.03246632894634971,0.2136668734973794
6610126,971186,10.99519367044633,0.9813519688660067,0.0,0.13858442989540778,0.01671194959358248,0.15158180363486404
6284017,971186,7.2583320135140115,9.553231218772236,0.0,0.0,0.004382097655397285,0.011402739194106592
14210865,971186,1.3035752709907455,13.196540672341841,1.3550186137173201,0.7234837584170168,0.021717923505162173,0.11332574854081899
8849396,971186,2.607674931111709,11.411147879954234,0.43999080056709144,1.4777498194877763,5.169642533426851e-05,0.04893679539310277
11759573,971186,11.790203579401496,0.21264801069598804,1.432539124489951,0.0,0.028665268759736948,0.0
12675097,971186,6.044505610351173,7.604228558783449,0.014382963635208742,1.4293944265078913,0.005637716663645525,0.0
