member,group_id,r1,r2,r3,r4,r5,r6
6257541,971186,12.04368586412293,0.0,0.0,1.1149479213807347,6.897579373962446,0.0
6348231,971186,13.493801427640848,2.6272936507549356,0.0,0.352239329984304,0.0,0.0
8245800,971186,0.741571629629196,14.733631418927157,2.0702618520407063,0.025176136524318025,0.0688921455145251,1.437448799089797
6610126,971186,12.005617435029404,8.818029907429901,0.0,0.0,0.0005542023127127925,0.0
8849396,971186,2.699285220244821,13.03819545668158,0.13565404296958453,1.8630684084996905,0.02966567144937178,1.2046550060546561
11759573,971186,12.829821227475609,0.07012216695723615,0.5299831402682518,0.15049859962567147,0.17268377054250558,2.4926451966568215
