member,group_id,r1,r2,r3,r4,r5,r6
6316642,971186,6.191479367635348,9.39747831823744,0.003068228353890068,0.024725557722328418,0.07977931058288835,0.0
6257541,971186,13.989927452971871,0.0,2.0018215302457656,7.519287652306993e-05,0.0,0.0
6348231,971186,12.829562494460767,2.040048130374906,0.0,0.0,0.041758532568594894,0.0
8245800,971186,0.9483319639478845,15.272652129098072,0.0032851531780036074,0.2805416813681765,0.0,0.0
6610126,971186,11.397608254629283,3.6260898681689016,0.0,6.0105514265702446e-05,0.05213291956226983,0.0
6284017,971186,7.483548277405843,7.961311538634218,0.0,0.0035108731845010024,0.08043633312685851,0.0
