member,group_id,r1,r2,r3,r4,r5,r6
8953344,971708,2.9307599228303878,0.8001883858652481,0.4408651473200413,0.5066263618121445,0.08006979712237759,0.10498571104254481
6316934,971708,1.1001060059490997,7.291637343921217,0.37952291794139253,0.0,0.33970838075888554,0.185560456464605
75433542,971708,1.5543962497472206,0.6147814036937526,0.010525293647654215,0.6991762488412724,1.0502568089480644,0.0
57895432,971708,1.6979846983000197,0.09706194536288233,0.0,0.5401312249029081,1.1731314832873712,0.006033784793916973
57502442,971708,3.9833130592992094,0.5132093023562019,0.07038151891776945,0.36660188166656155,0.2536966365959204,0.0
90111312,971708,3.087495690047487,0.10035218190922261,0.07581011572670461,0.5679064109246771,0.34732831650994517,0.0012424574631948655
14210865,971708,3.1295034833819213,1.5558416907544892,0.818061593389784,0.0,0.04151747102266475,0.3983233348765622
9434866,971708,3.087495690047487,0.10035218190922261,0.07581011572670461,0.5679064109246771,0.34732831650994517,0.0012424574631948655
8849396,971708,0.8176635718621659,7.303838692460366,0.4166930352368481,1.1065108078164163,0.21853352795111466,0.135364973489465
2779063,971708,1.6576808930363789,0.00029846262658663944,1.1452714804510704,0.7597360508769158,0.11265021963059711,0.4186387582567944
10184440,971708,3.1593706989293926,0.39609401015782564,0.22686915377928007,0.5172568944187469,0.4800489524483968,0.05485019182624161
3208280,971708,1.955876747389275,0.7641139951496115,1.2255689045096754,1.045782222830785,0.0,0.24985452357592544
10195676,971708,5.768238574478917,0.09650359535841772,2.056558897547054,0.0,0.22940109114599597,0.0
37328542,971708,1.415608433413165,1.8554036710016848,0.0,0.24693117519211086,1.2725371754755006,0.0
