member,group_id,r1,r2,r3,r4,r5,r6
96234912,983166,0.0,0.047041982327824715,4.8267809976392835,0.04811918395308519,0.018593567110928064,0.0
3608705,983166,0.06692340943098114,3.025932493359869,0.7882728428278337,0.8733873859886648,0.7147272588137611,0.7348173795871807
4890919,983166,12.72638086349954,0.016498976184923457,0.0,0.43011975481411796,0.0,0.2817497679597269
1137931,983166,0.09219353275661787,2.0049520736811113,0.48574436884007294,0.6568330803981914,0.5890127762638772,1.353689596054116
11655339,983166,2.0153395133312393,0.1813788631406149,1.6140207748804456,0.0,0.7731731086081834,0.5326711376822139
97049012,983166,0.0,0.047041982327824715,4.8267809976392835,0.04811918395308519,0.018593567110928064,0.0
4835580,983166,0.30838718560918,0.0,2.032408502798377,0.6914106367652888,0.9744839222194702,0.0
34680532,983166,0.0,0.7573583731550204,1.601400016545639,0.8955446929387713,0.8185870339399387,0.6840112189118963
14444984,983166,0.0679877830948235,2.7153344676736895,0.9231688356897227,0.8665531828751368,0.7434322699007889,0.6438217802183934
9709305,983166,0.09400992022412288,0.23106494795962038,1.490724894316417,0.588969568508739,0.7817598890420483,0.697011883125756
10554459,983166,0.005828651841506951,1.0626781497982176,0.8640889178847152,6.454542246421002,0.43526477943513986,1.1895861003446715
9613852,983166,1.1038063759162702,1.0848964058890955,0.9124365969312146,0.0009829565499250852,0.6763363712842633,0.9173672702892216
39427422,983166,0.0,7.253957139525282,0.0,0.0,0.0,0.0
