member,group_id,r1,r2,r3,r4,r5,r6
26885602,983166,2.2623096841445793,0.00315993699190567,4.663190322555198,1.3067308220226108,0.0688361607249384,0.2005951407422567
4890919,983166,0.9084002227943873,12.315659489390265,0.36707569673648405,1.3273392499511831,0.3519280929603152,0.10514455952321
12895785,983166,2.261244277905999,0.01218070674072521,1.7338923278005847,2.2123059345559053,4.056637930890792e-05,0.5801908237054911
11655339,983166,2.4947651265810085,1.7834518887944057,0.18443912887407976,1.2350740411903016,0.535595634472391,0.1729704205482758
10774924,983166,2.2022217275264135,0.3804775431158447,0.1351025809946702,2.6640557922593153,0.0,0.6603036389088828
12146959,983166,4.28983935788187,0.5123594161749451,1.3117445079716774,0.11545773417653367,0.1835963005018686,0.5822832126579027
12661519,983166,0.14444167782356268,0.7745620225420956,0.6422095257882117,0.15273961753593915,0.06278685515716483,0.6642411737371705
10885201,983166,3.0408181387710083,3.102065301712647,0.1284412508229857,0.6862366887715043,0.32197469608338786,0.4191374828456844
47797202,983166,2.4156066337520397,0.0741233508461819,0.28427054742461694,1.2958722048908815,0.7694856815500687,0.0
8376723,983166,3.0171296146095474,0.18652155597430348,0.0,0.0,0.5568208078788969,0.42180779061665286
12895060,983166,9.96492112637522,0.09675595596768198,0.6555797795200555,0.023952353084784973,0.04749219024465019,0.10264876505245907
8469233,983166,2.1400899780021674,0.0013357668214864335,0.03985099007650658,0.1401850266455274,0.7612276916960093,0.046131821713176646
10527952,983166,2.2613684167864645,0.0,1.7305239669250054,2.191730985524436,0.040908519481371856,0.49309745267414273
7084282,983166,3.958518985819079,0.8073257689986031,5.79446206959679,0.0,0.02272050789166682,0.16404502024348555
14284187,983166,0.44278500519860636,0.0015864008184170197,0.2462278975965098,0.42039768639946784,0.13638631951227898,0.5244968516192925
8697500,983166,3.073002958760992,6.180557469765535,1.0103569849384315,0.16763989098071436,0.00011807962353814461,0.7042137938184384
9613852,983166,2.205590282762364,0.8551865722284459,1.0505378226799047,1.402031799895546,0.6609661743462429,0.08092364275026995
