member,group_id,r1,r2,r3,r4,r5,r6
10575905,987818,9.149198036246524,0.1822339150317833,0.4728584097491844,0.9739769142553673,0.48139031002026034,0.0018613727510878213
40900292,987818,1.4485835494482997,0.25984169629992243,0.15682717688997463,1.485543758481346,0.1933733419966135,0.45952099318813405
8270468,987818,9.222203319140572,0.0003629107208135105,0.47556172072695396,1.0463937392765796,0.3677162323255595,0.0
11864007,987818,18.239683797091082,0.037099640788133235,2.5862891642284502,0.03299909373959447,0.005801733253809975,0.2035788179135388
4519177,987818,0.16270510176828568,24.717484469908126,0.0,0.049477225219423215,0.0,0.016137446474916828
11118505,987818,0.2311533803370942,5.168428772825508,1.0649162149617597,0.15430948807433054,0.1755326876807354,1.0486011364759376
11527787,987818,1.4481408095471622,0.22745218944812026,0.5309494716144629,1.1281731791772336,0.3441638863770214,0.6012451697236706
35466222,987818,18.240222593681956,0.012090665961496121,0.0,0.004140920334401915,0.0,0.4385564319099683
22288121,987818,1.4487453124169805,0.28916025050093225,0.0,1.6549503567634258,0.0,0.448446872746097
13284031,987818,18.240290018575628,0.42754317829195826,0.46906983126673335,0.0315905412277637,0.4937346113175309,0.157738880068922
