member,group_id,r1,r2,r3,r4,r5,r6
1475776,987818,0.1710121057034719,8.123539063695713,0.9093436540759224,0.0,0.842593352864902,0.6304512411726195
8484161,987818,0.38994756427393895,0.16157334935183945,8.841369319359098,0.11306140560734489,0.0009176740367248967,0.08985143285653524
8117474,987818,2.5953705312665636,3.653184664885237,0.4823331938322416,0.0886721407620565,0.5116659637482457,1.3418672558441382
12087234,987818,0.03028296707793058,8.084106752475249,0.0,0.29850874494984225,0.41613786819118204,0.7857350758403839
8280389,987818,0.3876136727809045,0.23635541317609796,2.7695723712940885,10.007927752109337,0.008520128542955302,0.16698317706204902
4519177,987818,22.57668145860237,0.0011416614740284866,0.014228885344271672,0.14508815524640872,0.008592543179879905,0.367294553515415
9485354,987818,1.7280239848832515,0.15101737716740582,0.15681728308894144,0.032591340337625306,0.7607105731966041,0.004236584227906304
8945194,987818,0.03130473966285742,0.24338807059414022,0.28688254422188514,0.39971872523350893,0.5504856566772095,0.12199821599397638
8825581,987818,0.10026903930022897,8.142380197916241,0.1048011246525083,0.5509384220434462,0.672757083093034,0.700837099244044
5344723,987818,0.02382253177536005,3.226143713283052,0.3446132329455542,0.6147507145992767,1.4045506326102173,0.0
2947892,987818,0.4289347268412101,11.732195915812012,0.20843375516491774,0.12767547423446365,0.08950698837918632,0.4277021888218511
11571765,987818,0.0664086964449616,8.071787423339131,0.0,0.2984030649916917,0.41627237259958694,0.7829375602445274
9096886,987818,1.6930390446046237,4.691222065886729,0.08176550331447284,0.328215816623634,0.39573267870389145,1.221146200476923
11683125,987818,0.21363363740429198,9.233040981248456,0.008708086319732588,0.24334811433541131,0.0,0.7497486785418711
11517749,987818,0.2474797473018045,0.0,0.3949007370682242,0.22712191495150996,0.6341528517498631,0.02735678893883274
7752091,987818,5.847046334692112,9.324691555049812,0.07834195215901824,0.19687933015794182,0.23288875994155944,0.0
