member,group_id,r1,r2,r3,r4,r5,r6
8117474,987818,7.936766846179618,2.5705036028880985,0.0790588900212649,0.5464070885473303,0.9734394499958664,0.45734264831428617
2867780,987818,1.2993436886596081,2.2219106261626735,0.13271823757311615,1.1746754232532979,1.5122314287713141,0.0
4519177,987818,1.5102594638005105,24.79756593602131,0.0,0.0,0.0,0.0
9485354,987818,19.432296390966947,1.298189878492618,0.02814754343730037,0.0,0.5990262623389843,0.0
11118505,987818,7.199224750111364,5.003407124187907,0.10059702544255887,0.6549289882401383,1.3606926189195008,0.3633270974451083
12264812,987818,10.763825404823063,0.27674797873611556,0.04918610528375909,0.8028404901790309,0.7388519950082023,0.31434508429289837
9912878,987818,10.450470654922738,0.27313392220132365,0.00781744646347716,0.0022856973100398572,0.21190223988381637,0.28530792928023496
9864207,987818,1.6726878619413277,1.744363718956056,0.11474696262008596,2.4012155308967515,0.702178257232943,0.0
12474609,987818,11.664493035499268,0.002463476897485392,0.0,0.6003833065453774,1.5470492840206478,0.39015739495692564
9096886,987818,9.967368059060583,1.5648810890884133,0.0,0.0,0.0,0.311139270963539
