member,group_id,r1,r2,r3,r4,r5,r6
11150594,987818,7.527304281978604,0.0,4.54025047404796,0.0,0.0,1.30273206576775
2867780,987818,21.26579322241414,0.3270910426092415,0.0,0.21660219204835435,0.10521496431556385,0.0
8619205,987818,0.42968836668226634,0.6355063902505006,15.95958385255091,0.8187145890404662,0.11911048949655938,0.0
4519177,987818,1.0926394052442567,26.685350938078827,0.010092566010932657,0.0,0.0,0.12811094314620566
6348970,987818,5.535315217701707,0.0009431010496929874,0.0023775158024310324,16.808090880530905,0.0,0.023423418613978023
8044138,987818,7.454177666217798,0.25419718854619644,4.113252897364427,0.320601387062571,1.3332440309579527,0.0
