member,group_id,r1,r2,r3,r4,r5,r6
11150594,987818,0.6810968795861353,5.752808899809664,0.17895008576614665,0.39694489199230937,1.1028230858706587,0.567810389293225
8117474,987818,2.7440008593526612,4.528890177899064,0.9227091223975858,0.21457542231336085,1.108420771050068,0.5447697746970559
8198020,987818,0.4549092379691606,1.8121973992093352,0.23202776626703814,0.8467062684897425,0.0,0.7177126022074682
11441895,987818,0.1446857243163341,6.397298035042657,0.12620442468206094,0.9650319820279936,0.7708457828806726,0.0
4519177,987818,23.892814350463276,0.012578969685605203,0.0,0.22820953861653315,0.0,0.0
8044138,987818,1.2430939511701076,4.835014591451737,3.736590505463901,0.0,0.7858841430061313,0.9783391763761246
9485354,987818,1.8282964524347365,5.484016878529382,0.15641304179744947,0.42473093092036024,1.0261716517270654,0.5903903484806179
9539157,987818,0.1472352436566727,1.9476325963541998,0.0,2.0385501735803264,0.09689008773267724,0.0
10561943,987818,0.21359771750667,11.484578365497322,1.648160640594887,0.49581620776066476,0.0,0.0
11376568,987818,0.1831021661712433,7.356200647005649,0.0,0.7891576821076927,0.7462841486785261,0.1815628878115302
7752091,987818,6.187125439078733,5.194853017120512,0.0641063234174075,0.5612074221014144,0.6017061925403043,0.37681688339127023
4882078,987818,0.9063557233920208,7.105255844028739,1.0807241963763699,0.4157060860976766,0.6339917007369248,0.7300576081133979
