member,group_id,r1,r2,r3,r4,r5,r6
4519177,987818,0.009365272893877247,9.515785578049199,0.0,0.024652491252607323,0.0,98.26296857577334
11118505,987818,1.0538309254139242,4.170584215792869,15.22972508715161,0.0,0.24011148078468408,0.5882821793958333
8850013,987818,1.1985756195573598,1.3334563456049695,16.250516515339523,0.2232184669851366,0.21440843933312412,0.0
13698607,987818,0.7788684036156004,0.5782590164496821,13.6269465070124,0.4582815581846748,0.228518015388385,0.1974154145316483
