member,group_id,r1,r2,r3,r4,r5,r6
34383172,987818,0.8532190407564368,0.05474713529666436,1.469152566541133,0.0,1.1741693198381629,0.0
14451013,987818,10.598291443392213,0.0,0.5265232964434233,3.4680288685229,0.010364107115739386,1.1341193700081555
6999461,987818,10.516449273688826,0.033531648747984394,5.458289370106803,0.7939378007801301,0.006064552845640539,0.312865046386585
49597832,987818,10.498627517648695,0.08818399676141975,0.2270198528728428,0.030464111126215155,0.7847410435259169,0.9986018451845368
4519177,987818,0.1474560839838389,24.971864963912257,0.0,0.012913166139181054,0.012243507292221789,0.0
22288121,987818,20.9667655236188,0.2647838911610859,0.013087443062129289,0.29131055797313404,0.0049663309610455805,0.0008922960828692063
11523225,987818,0.08171946402438791,1.950045622060095,0.017511431701273096,0.8427528108431116,0.8963005953361305,0.05731383843402297
53302522,987818,0.8701632445669106,0.07334302057457004,0.0,1.1628564122242349,0.7689752087423354,0.0
11845694,987818,10.548441071686618,0.0,0.22296130737368025,0.9812923201077262,0.7656663013747819,0.0
