member,group_id,r1,r2,r3,r4,r5,r6
4519177,987818,0.5067969333743316,5.377499732841096,5.970696730160369,0.2410022916942937,0.0,1.5611659369964423
2867780,987818,22.740392831947002,0.3781615971545702,1.6914468656033936,0.11945056186297681,0.04395095947359993,3.436431661030523
