member,group_id,r1,r2,r3,r4,r5,r6
8117474,987818,2.572397021032909,4.5426543768456815,0.7316236215927521,0.4455723522613559,0.0,1.080304230398071
8198020,987818,0.42822838984501266,1.6208943965597171,0.0,0.7694942705629113,2.288350620397884,0.0
11441895,987818,0.1384539056930585,5.910221704826331,0.0,2.4475766819533638,0.0,0.0
4519177,987818,22.385792946818786,0.03748287695873262,0.11923247675712637,0.23837796755920063,0.2384431698796674,0.0
9485354,987818,1.7152790283834303,7.795097958231223,4.0566265734011656e-05,1.8499537517335527,0.26331194251573714,0.03408275212910578
8044138,987818,1.1609248184998067,9.928378710823766,3.703303633966575,0.0,0.0,0.0
9096886,987818,1.6807059258084576,15.404404186638168,0.0,0.7153569962271239,0.24827079012587175,0.0
10561943,987818,0.20412510543852652,10.400355195687721,1.6057031165681235,0.6465854587576654,0.5598130983184647,0.0
7752091,987818,5.8010164211356985,10.348825917712254,0.0,0.22665503502914985,0.600398742441986,0.16205600765582104
