member,group_id,r1,r2,r3,r4,r5,r6
6486499,987818,6.786042235181809,0.01034963186823111,0.7601239584667009,6.043694532208623,0.28538598099683715,0.008889572090182905
257766,987818,6.717733372644314,0.2555735242639149,2.115781664889136,5.43651876551158,0.09598157857125508,0.28466763209187135
11118505,987818,4.581094284365047,5.359539144588237,0.0,4.026627152750938,0.4489357083072016,0.0
4519177,987818,1.149952540997333,25.4522993503106,0.11506611337667037,0.0,0.9117312864384365,0.0
6348970,987818,6.640650856171511,0.012105644137924086,16.416819215943782,0.0011283115597071805,0.017365957917586602,0.0
26614282,987818,21.504846389483998,0.026706807983091715,0.2019476368675815,0.010997981457584223,0.0,0.02600932336488476
20527181,987818,4.5709951876382995,8.157663810863899e-05,0.0,0.0,2.081327697302254,0.0
