member,group_id,r1,r2,r3,r4,r5,r6
11599472,987818,4.868180060638872,0.002822935828321388,0.16969712316541904,1.536365840470527,0.005459093690778878,0.0065729348051176105
4519177,987818,0.037925179997940074,0.5573382651413856,23.34800418240351,2.4851345780672846e-05,0.00013532753175753208,0.0
12264812,987818,4.858000826015897,0.006942411900299951,0.352289894087662,1.7503809974245674,0.00428547225180912,0.0018071886141529606
33626892,987818,4.863242752784062,0.0,0.010498326818365534,1.6312578346090034,0.006917137746009345,0.0
