member,group_id,r1,r2,r3,r4,r5,r6
8117474,987818,7.522680965854612,2.5177543198021404,0.5760296561122117,0.21886887416803968,0.3490644701902248,0.4788737716093767
4250882,987818,0.0,0.3138956922685005,3.313540610869726,0.0,0.0,0.2865758569870598
8619205,987818,10.671007210614288,0.028724085584054267,2.8913330036917286,0.07635252167293459,0.3858525663506718,0.030751162426168304
4519177,987818,1.5008995303686836,25.280050728151085,0.0,0.2451687825284982,0.8969801541372833,0.07478819169478378
8044138,987818,10.462110885335946,0.862728475409121,2.8402422076373477,0.4917423403389915,0.03586378407496221,0.5420590986765319
12264812,987818,13.11252374045619,0.19635952922100935,0.2812182605387376,0.0,0.0,0.6619022002086884
9912878,987818,7.621459636527186,0.20700083595225327,0.0,1.2550480042414724,0.312360627990759,0.4339846042034156
12474609,987818,8.009897548920735,0.0,0.679958378140967,1.523378629286889,0.14676294280395014,0.6553137479799986
9096886,987818,7.983018120466323,1.3599622125458917,0.04027337238131007,0.27641334712942267,0.632610994355695,0.0
11376568,987818,0.2715163475612427,0.1967050049134203,0.0,4.497123641995592,0.0,0.0
7752091,987818,10.703032651299738,6.286465244129629,0.026333849863745602,0.10849947479966335,0.0416839467722136,0.3993194749615736
