member,group_id,r1,r2,r3,r4,r5,r6
79493312,9886782,0.0,3.3616137020948904,6.469767472810441,1.9769409123796917,0.0,0.6968112424603737
6520725,9886782,0.00022921490227486243,0.40497285253173193,0.0,0.0,1.6820277482674788,0.0
