member,group_id,r1,r2,r3,r4,r5,r6
79493312,9886782,4.1099350455629535,0.0007300084178446227,4.141649807239127,0.018935077145211907,0.5869624310380728,1.7843369179465722
81554082,9886782,6.22340353100341,0.21586359426603363,0.2990714057482291,0.36465352470458035,0.5490090326589466,0.0
41569092,9886782,6.193527047981934,0.28631679899245743,0.0,0.0,0.0,0.9807624286446655
22403211,9886782,4.193489404678576,0.0066494443679831405,0.7715750381540462,3.6220757197112285,0.13782545621911418,0.023319387039932714
74669972,9886782,6.21271739148819,1.1410784868667034,4.205379346090451,0.26115439950277125,0.0,0.0
6520725,9886782,0.7486249879447624,10.796624546896037,0.5906470879860269,0.14183375107299537,0.5674801267070044,0.0
40195702,9886782,1.3335269216919332,5.020691511434498,0.0,1.0438904199229804,0.0,2.7614863843203015
49169662,9886782,6.218782573715843,0.008938134804344595,1.6989215235475617,0.28242673539577423,0.759998760245104,0.0874104488337911
