member,group_id,r1,r2,r3,r4,r5,r6
141786232,9886782,0.07418481577600336,6.915759529133677,0.0003699852254485777,0.5983791326955101,0.8809317921798802,0.0017759507994426149
74669972,9886782,1.4451258717923217,6.126134211058179,0.5548750727500644,0.0,1.2008112673844753,0.6019735440255544
6520725,9886782,14.881269478704477,0.0,2.5651060985712477,0.3375878007983959,0.0,8.780209759103314e-05
40195702,9886782,7.945085577872238,0.6108394307716789,0.0,0.0156570294342131,2.643233990919063,0.0
