member,group_id,r1,r2,r3,r4,r5,r6
5610016,990681,9.586632737499395,0.644381766486064,0.26725199536132466,0.5457299408176589,0.001038852283657584,0.14868707086956837
6316934,990681,1.7919412070743832,4.314055342573245,0.04825131188252685,1.3007683978846862,0.09872694489926126,0.0
6946504,990681,3.7670682220441516,4.619174262226721,0.12566428317634984,0.00490309783492829,0.27645069014529533,0.0
7018478,990681,11.788612454665628,0.13503881490645644,0.0,0.0,0.003484453122626605,0.8463121745581457
10973743,990681,5.687437040865944,3.4901949654040307,0.0,0.6341762851202438,0.0,0.6958756744419136
5620659,990681,0.4868523599861788,6.519381004396929,0.1586753137254315,0.0,0.0,1.3906369765376094
8849396,990681,3.991304157216754,4.086689045849747,0.017965643923936476,0.7085044158578244,0.07803565649303285,0.6740985205609512
4453465,990681,3.544271865692676,3.788360336367376,0.07550702448466914,1.2319919333720386,0.005437894529395565,0.002966531499050383
70344762,990681,0.033055074053424754,6.469228469012889,0.14220776959029927,0.6915503980043698,0.13020448337124305,0.8953267851789329
31139902,990681,0.0,7.169033324220818,3.4429202890527497,0.16086240049825806,0.016416515409274978,0.0
