member,group_id,r1,r2,r3,r4,r5,r6
5610016,990681,8.485153401322533,1.3881312226624833,0.5035765787278101,0.0018899301489244162,0.2827416727336991,0.22786177501418178
6358817,990681,8.030562164287366,1.404804597687551,1.1122654912070347,0.027683796522511274,0.11788985437490268,0.08687045875523727
6439808,990681,1.0838872967135795,4.94011130211885,0.01162271917717801,1.6192121945890983,0.0,0.0
3761097,990681,2.4313875550351036,4.552059048893223,0.34376067004814137,0.7986997417999749,0.5883930706398871,0.08459702483642705
7433069,990681,2.1335643126020876,4.689034864460622,0.0,1.265688484175024,0.0,0.1996378484940541
7018478,990681,10.441003420246343,0.2018848623402857,0.13469105529766914,0.09225613525188243,0.34860127082482667,0.0
2458351,990681,0.20967189536707156,5.66832830958936,2.6459238165302796,0.04552746906367209,0.3030375755623648,0.2522793802073335
6261326,990681,1.4329976736518106,5.055636933413532,0.0,1.3637881518143202,0.0,0.18963706886562198
6370928,990681,1.7321464485279443,4.611070857277404,0.2925106039132482,1.3850207472319533,0.0,0.015507077792527028
6823005,990681,0.7237122966969356,8.795131784245335,0.0,0.0,0.0,0.0035883548875115276
3208280,990681,0.1661408674753004,5.7002145271833236,1.883326276704278,0.4664760825038943,0.2501118268302179,0.22073953958690065
6728093,990681,0.6308987192509856,5.485190398641956,0.1985185559739349,1.2093380080397325,0.38813164989972526,0.10192261075169921
6968927,990681,10.841475604543794,0.0003541210049154372,0.11891407511017472,0.04368567572664029,0.35011992075858805,0.0
