member,group_id,r1,r2,r3,r4,r5,r6
6358817,990681,8.703328667681403,2.0774510894053697,1.2388402866184258,0.07130868501583214,0.0,0.0
6316934,990681,1.7300623427845745,9.142013119543531,0.39647139296286593,0.0001713712837290538,0.0,1.093561138435787
7433069,990681,2.316197914748525,6.934745339269465,0.0,0.5739042315206206,0.0,0.0
6261326,990681,1.558812455891822,7.502579692424866,0.0,0.6101704427102113,0.0,0.0
7018478,990681,11.250053784343896,0.2528215290272292,0.18812545741531128,0.02977952704791043,0.1836630889337795,0.4133235772313903
2779063,990681,0.4765117464997784,9.63322444642412,1.7252143380556004,0.027666389274601196,0.24034880700870787,0.901322350035982
6968927,990681,11.587568628408862,0.0,0.06720084456978406,0.0,0.524918872042409,0.16216457164875728
