member,group_id,r1,r2,r3,r4,r5,r6
5610016,990681,8.557190446417687,1.189111528502483,0.29816721870803653,0.597331768820379,0.2978309075083192,1.1744046947070117
6358817,990681,8.120397990657533,1.3509197680897085,0.777666099216769,0.7974381001579263,0.12629209717934098,1.0422940186223806
6439808,990681,1.027159390376417,5.800299957203583,0.0,0.15436269850642614,1.3792119546070363,0.0
6907236,990681,0.03661580065319897,8.262354838972641,3.352997633672221,0.14599864464097026,0.003358235726307789,0.0002210447226873017
6261326,990681,1.4637208404817534,7.4319556540399905,0.0,0.7241292210886738,0.002767663441378649,0.0612545197094515
7018478,990681,10.666248485842267,1.9423826489340994,0.15869619618063574,0.0,0.2163055912027729,0.05693692051874735
6370928,990681,1.6394438465352144,4.944072235167522,0.07452225244926904,1.0333692528529355,0.4150856433475415,1.1670747320939765
6946547,990681,0.43516434200936366,7.135244469082962,0.040743624514651265,0.018152629625193973,1.0042479230520984,0.0
6823005,990681,0.7473844945018229,5.966408843705348,0.0,1.5417540202716424,0.10372580929134764,0.018112962283526764
6728093,990681,0.4766308355570468,6.378604894842369,0.11705755372473148,0.5194131000275691,0.4704610946860941,1.4952464086813795
6968927,990681,10.938291278143774,0.0,0.0,0.18836612750897816,0.5437784951882131,1.2563746898230774
