member,group_id,r1,r2,r3,r4,r5,r6
5610016,990681,9.530843495216487,0.43861206251118773,0.19017594556826414,0.378114004179937,0.041423154846104045,2.097241879369718
6316934,990681,1.7713938912276364,4.231538266535709,0.14729608966244095,1.0513222750076707,0.11458720611860276,0.9129444997235391
6946504,990681,3.792112397393438,4.691661081643949,0.5631573882663283,0.003095430106010019,0.20783780339007824,0.0
7018478,990681,11.649128859699637,0.08471778841090671,0.0,0.0318245065553494,0.0,4.141137249678958
10973743,990681,5.716641138292457,3.3572953305471294,0.03222966526232595,0.9218533567216827,0.0,0.0
5620659,990681,0.3547199755671923,6.38478540405082,0.20360735818251477,0.33843267032890384,0.0008770047202068974,3.5578402915001397
8849396,990681,3.9371922176169494,4.102279722176051,0.1669086415207389,0.7548304050611809,0.05659226790615804,1.8669860337206396
4453465,990681,3.554493277980241,3.444330700257419,0.0,1.0763580494620304,0.07573045952279282,0.2591243139455578
70344762,990681,0.0,6.54056853772888,0.4079830585130684,0.8394388539082901,0.0847378243905104,1.3462993281765525
31139902,990681,0.03514168976920834,7.118802061096776,3.390526311777407,0.05153123854003228,0.023981000939479503,0.4926514659707748
