member,group_id,r1,r2,r3,r4,r5,r6
486530,992293,0.625571905498951,18.571384632421054,3.4386215979340475,2.0548511627042787,0.11043539555236548,1.1142129305313837
2876451,992293,5.611086631933035,4.2561775421898345,0.5286937690643612,0.0,0.3511627340000327,1.266589827396774
45934212,992293,3.7705002894900295,0.032241239702942875,0.6047447216079257,0.7059572382743335,0.8040662692252432,0.31765387267410167
53368932,992293,6.2350178015858155,0.014237691105527086,0.24070353170411254,0.26414786001499085,0.6046996957837983,0.25109969599823523
118836802,992293,6.089801927384434,0.08857697110323848,0.06033751197709064,1.1164180170828213,0.0,0.0
13645724,992293,6.23233266183604,0.03379424068928982,10.869290035456089,0.09641388054890847,0.3971013075975565,0.0005184809153512148
39609772,992293,2.521985757805812,0.16275012941924358,0.33704772727907784,3.163656357786471,0.0,1.7045718660063072
45240622,992293,4.503384014331749,1.0268509684253861,0.18195599864851558,0.4137259334435402,0.7482509242779435,0.10796048074930749
109347952,992293,6.283448838198309,0.0,0.0802149196332383,0.8692624660598489,0.20308815121028012,0.09649367486740318
87664242,992293,6.016290962321482,0.20373091754614178,0.34256878272118224,0.0,0.5275814945128895,0.40110808263456704
3222775,992293,1.5752421016224414,2.8032228324064317,0.0,3.601312387471793,0.0008233983624754058,0.8971590112490205
14644442,992293,3.7966593644578586,0.01322453723438507,0.0,1.6835714747241173,0.3260230635768011,0.0
95720412,992293,3.769471777844043,0.0167125754051409,0.5335645615120792,0.70078753008074,0.8067702509023083,0.3615492771614561
