member,group_id,r1,r2,r3,r4,r5,r6
486530,992293,0.11105888595212271,18.08916739492064,0.11557142378750977,0.8984711094202305,0.03669238665882521,0.2058339922359328
11585571,992293,4.856550840271359,0.33339994286486246,4.014809684614613,0.0,0.28734834199779774,0.18231177774910157
41039972,992293,7.2618009917741135,0.11392171992495216,0.0,3.1310987378752286,0.0,0.45459903164447013
4317127,992293,4.989794766730457,0.0,0.056102330819066196,1.586869779181358,0.36887280104242093,0.44095186837583916
6677256,992293,7.253243138591899,0.01622313991145245,4.851972195069991,0.18163894429259292,0.022730958748206225,0.016954632934920368
37931722,992293,14.403893970863209,0.05030148148417657,0.08423817133320714,0.12555212918852135,0.0,0.0
25125612,992293,4.90683085268949,0.026808746498103785,0.39665220491405556,0.46782159575328797,0.60131988498855,0.7689981911350706
19959501,992293,3.6095059456088303,0.3740721170446336,0.7639660202824613,0.020475684227575654,0.5930169603967512,1.227351484918004
11171382,992293,4.935001736394229,0.2190705556477786,0.0,1.8260192980911505,0.41121271474849924,0.0
57079992,992293,7.352862866856173,0.02478860585349063,0.20055691176253365,0.6844063045321555,0.46656670697413755,0.35870558156637117
13656666,992293,4.911696893923648,0.019214471585875727,0.44890189142639325,0.6433585929719188,0.6687346763150919,0.34879200334117216
