member,group_id,r1,r2,r3,r4,r5,r6
486530,992293,0.42422221218581363,17.763454736165315,1.151874513556561,0.8350347741227794,0.6650738534577983,0.0
2876451,992293,6.87110689769555,4.35864610094523,0.0,2.5888429343259096,0.0,0.5010695027135061
8853955,992293,3.5135553925135126,0.1831813156450179,0.04843898595623775,1.3061009502629444,0.9200940693502611,0.1704890862567178
11585571,992293,3.42874412760585,0.31996967176078406,3.8976382890175034,0.20812650496024787,0.47790621157421304,0.17266435712313638
6677256,992293,5.636257257719555,0.03085019271656907,4.635091328143301,0.001562399451014275,0.028915779087037984,0.05137700478751328
51615182,992293,13.638552365505058,0.03963841296370317,0.2938883631663543,0.01585149031796711,0.2126527640057858,0.15080382814005142
9468496,992293,3.54017468016409,0.0,0.603689573487997,1.1147172255668414,0.8218592261175304,0.28399042141371345
14614641,992293,3.5463287522782645,0.02032554479421079,0.0,1.3764641860969307,0.9936955526246748,0.0
5756210,992293,13.624228089793208,4.103904183729682e-05,1.5066549665628026,0.0,0.0,0.3153230588685442
49905142,992293,6.878719254547063,0.0,0.0009801482621904362,2.8575246921186883,0.38644506860739547,0.0
