member,group_id,r1,r2,r3,r4,r5,r6
8071937,992293,7.563401549402339,0.27800102593536846,0.0,0.8836576995839094,0.3167621853070539,1.3343628310478908
486530,992293,0.34433989804724846,17.844908586025465,0.016656677721985935,1.1996832215813946,0.00021683130951256446,1.0506981896258687
7516161,992293,2.1676144081063846,0.4849777151004358,0.957247048556314,2.3022381248575523,0.33323976161355445,0.2551854014027677
72435842,992293,4.0349529532166555,0.0991885447711898,0.16680225764086984,1.0527778592041581,0.5534043239119466,2.24337447598793
12861706,992293,3.149814402530152,0.021438824314308044,0.4158351232339209,0.46350319661983347,0.8246278299161319,0.07671825730250251
72374672,992293,2.0204363875800535,0.11319823253916314,1.3942281949408912,0.18023342605593803,0.24623409961394926,0.6253645960125671
32617362,992293,2.783095507940632,0.0,0.8118720571479603,0.8277249304494243,0.2852765266709174,1.4134768141135632
40142492,992293,2.7768475316086656,0.0,0.7591365125820793,1.0552717044214388,0.39005830529818336,1.1923357879640462
69335452,992293,1.7112603811767646,0.5148246782137231,1.8027228321501163,0.0,0.0,0.0
2876451,992293,1.4129326460459488,4.340614586579884,1.0109040329351333,0.1879615468757465,0.34583960138015024,0.754482175712418
3037487,992293,3.150659758096071,0.07628055660908917,0.48883987118161254,0.028543227098026838,0.7276919848432853,0.3336444915866605
8638273,992293,3.141382187806299,0.07818819725530296,0.41692249232061523,0.4151591079988831,0.8156351486166793,0.10816342061066775
19959501,992293,3.8568964793402243,0.37569334508769436,0.1970116747344517,1.649182981326079,0.9834528162778419,0.0
37238492,992293,15.086923904721015,0.05668815017648834,0.0,0.4763439754221922,0.0,1.790952937367436
66910052,992293,3.3289426952105945,0.05561387574808381,0.6933965272067336,0.2349756070822988,0.43801055577006,0.9127267256511751
73719782,992293,2.7903665413434573,0.03981219445097097,0.9170241338031534,0.0,0.23462112193103404,1.6833662096828335
35583722,992293,2.2212713190135775,0.12755426219091456,1.2262009643593215,0.03819746532058862,0.4044015622405277,0.0
32574192,992293,2.7919879763701543,0.0,0.868037603936475,0.2022717225689425,0.2695476206088442,1.6534946667163057
3384435,992293,6.389257525211677,0.1132729912441609,0.0,0.20319537438672616,1.1780791316011388,0.33390792367989397
