member,group_id,r1,r2,r3,r4,r5,r6
7679329,992293,4.614909823814939,0.0,0.8954812125440644,0.5542110105424404,1.3194734999135014,0.646883153772282
486530,992293,0.5361207124511255,17.586434921467106,3.460360926716782,0.0,0.267040553822279,0.0
2876451,992293,2.6745758509812663,3.858497307875772,0.7726517022973551,0.42968740446569764,1.0984940377369983,1.420552764599429
13216516,992293,9.154910916908737,0.05312199463090909,0.29099678738261314,0.3296273982674099,0.7099104649567958,0.005390602248332811
9667970,992293,3.6435632796381916,0.0,0.23026840710874627,0.9711806844211767,0.018393104710549543,0.18614906288742672
3389158,992293,14.70798019029757,0.05666297045633565,0.5070990309320529,0.0,1.3990164739344457,0.0
13383163,992293,3.611711371819103,0.0,0.2978518142647111,0.887269012597848,0.007591519981926509,0.7752107528316612
2870846,992293,3.6428952635700074,0.0,0.1486196223310091,0.9804878458194557,0.06172732212011093,0.16781002398559228
10017642,992293,3.9251182990752325,0.0,0.7570828132451919,0.6911208962381565,1.4398791783854583,0.20344555832424457
13444783,992293,3.9223032521567514,0.0,0.14759545716763142,0.740912608753663,1.864742717738389,0.1556894047858637
11858769,992293,1.8347195512461127,1.3227316874557156,0.0,1.5271897752759616,1.1578313974841914,0.0
11092407,992293,3.8847181048242234,0.0639169455640397,0.957828530067907,0.8145068432790292,0.8453473893831089,0.4377326926343403
1220056,992293,3.924793639124854,0.054447131680939294,1.6968041110908885,0.6655208554587367,0.7577771337475582,0.0
3222775,992293,3.1740691908289933,2.5051391141763135,0.0,0.6110103764817026,0.33125031202514266,1.327677212710697
13191742,992293,3.900115875016196,0.0,0.44689751898843927,0.8724761385819146,1.1276431955506099,0.31347073857901986
