member,group_id,r1,r2,r3,r4,r5,r6
7679329,992293,0.32718511476958234,0.45054646372728535,2.8155442346433337,0.0,0.8890033416514241,1.135203624653504
2876451,992293,8.012977284378819,0.0,0.0,0.1408531982448326,0.24951950707211368,0.7921241419643125
10076935,992293,0.0,0.11139937766706032,0.0,1.9217442060274126,0.0,0.0
299304,992293,0.14535480541747658,0.19633095899109768,1.4144155872273894,0.13424328892716725,0.5698060961066194,0.7566898236974006
9907402,992293,0.6023411029641264,0.2679685256074781,0.6166875795257294,1.9752967742246454,0.726786036336219,0.0
1662955,992293,0.24703591716407744,3.4380253485278622,0.7033664380098037,0.0007435665526495086,0.7055462472785285,0.5471262010202367
1215823,992293,0.028958831393424235,0.5403704915150348,2.624824504575745,0.8722336920586593,0.04766757448951818,0.07099685410872955
9912783,992293,0.5268905368901475,0.30083291177272864,0.6155449181479963,1.082351294175707,1.2246497280737287,0.41067668526808715
8326383,992293,0.034703547734870194,3.57597351800738,0.2192820893498564,0.4748831172987351,0.5649901598011946,0.29755632283293887
10411858,992293,0.02242659889043935,5.729848149280246,0.0,0.7402262095794441,0.0,0.0
9451928,992293,0.2795906169537662,0.6443224435525541,0.5613941689578005,0.9343435757410403,0.0,1.3168298067826825
8449308,992293,0.7376933760688188,2.2890730004994793,0.24717978235422383,1.1114710277344735,0.9631604633621865,0.03183468489444729
10307933,992293,0.13540879078436824,3.53381881260327,0.165919606368382,0.5038891347497618,0.5480746230305349,0.30486565417430117
