member,group_id,r1,r2,r3,r4,r5,r6
7587073,992293,3.901808803013432,1.3648163770398483,0.3148466783682604,0.23062669137999442,0.9546266091918304,1.1092855205083927
486530,992293,0.1973210405361833,17.94698208395053,1.4303854622347238,0.008184368173490539,1.3521526399795525,0.0
14586370,992293,1.9026185191733942,0.14502147931605366,0.48848951152175357,1.8368098837258904,0.0707748086843458,0.23020554268008164
115057252,992293,2.143543224977396,0.2656535117531516,0.21088356150967147,1.1223210611656442,1.5341817517946033,0.0009672264460523471
187164738,992293,7.642470752620094,0.28867238881636825,0.13133287910564298,0.1463352883720562,0.0,1.0902074986006867
186930726,992293,7.273028256672235,0.0,0.5218690738520511,0.2070539752158335,0.6351010963928972,0.45303763176500284
184835145,992293,3.6784871952170874,0.0636364752116433,0.045220982733490275,0.22729899800286837,2.2894492733904253,0.0
12131561,992293,3.725457454717288,0.10044937858732983,0.8856133033627737,0.46841258086648263,0.8228617799883021,0.9425977338335316
184010832,992293,3.7430761959045937,0.06542379272942375,0.17678153246972786,0.1904173796101862,2.499920496246421,0.3156782977281331
185523955,992293,3.6888962101676426,0.0,0.1901035250933552,0.32824296746213244,1.8615869884011793,0.18557139729218816
127057172,992293,3.6629602620965054,0.0047862903379415535,0.12253106747745329,0.2587478519060368,2.05749015089038,0.3824135808579704
10372531,992293,3.196491661628585,1.2210265517794152,0.0,0.4928443248431817,1.2864281415928729,0.5092203944549267
27168982,992293,14.272762626654941,0.10639456556562824,3.6461296559029353,0.0,0.0,0.05377390665920675
146835702,992293,2.7881519295814745,0.0,0.4404348013787618,0.9895253989539567,0.5407642377534267,0.4001632007328051
10729114,992293,3.661743885567012,0.0,0.3244998131612378,0.36086134213490656,1.4484232854256636,0.706265914415057
183784347,992293,3.6712347819750293,0.028560326472846544,0.9593149341890709,0.6632672655252185,0.06239306437550585,0.7780266235820258
22359231,992293,7.166746084677281,0.2985351867874606,0.2051825959299789,0.0,1.9014095816741035,0.0
