member,group_id,r1,r2,r3,r4,r5,r6
18812481,992293,3.3211261642876564,0.0,0.0,1.373284401219865,0.2666080079474693,0.0
486530,992293,0.3084392456974348,17.78058832018099,0.934018141663113,0.0,0.8824571498955551,0.012850995032750107
2876451,992293,2.213478550068231,4.15075188607238,0.0,0.5309514497029977,0.7041369543228558,1.5627769763484485
1772898,992293,3.3211261642876564,0.0,0.0,1.373284401219865,0.2666080079474693,0.0
22049221,992293,4.445518972592163,0.0050541206964692135,0.18113554527960027,0.6347151581371443,1.8235856808846007,0.022321828458954536
21912641,992293,13.182778262299488,0.09945548451231741,0.0,0.2141105783669782,0.39280572842702005,0.0
9907402,992293,6.599202037992545,0.32525669416793485,0.519357478850994,0.29828504621187213,0.4706593384005196,0.31524981651412565
14337867,992293,3.3142682569704474,0.0036054707844324486,0.6632798643691542,1.306236516556184,0.0,0.0
10301515,992293,13.166885925384543,0.035458272862370376,1.3288400965875453,0.0,0.44769870124665695,0.09537883106692359
22923151,992293,6.727864842557614,0.0,0.22242562443515307,0.3744576536521375,0.7464363261322013,0.2146606501222019
2243604,992293,4.425386000791721,0.02432819879388269,1.9221796963414788,0.46279404397844726,0.6624157262407635,0.04521536022446737
17221301,992293,3.3074782613488987,0.05272532928070241,0.473703171742942,1.312185462768085,0.07602977175494052,0.037085866454230884
4167382,992293,4.402308055415081,0.029551987952735562,0.48352717792579364,0.4142878008309981,1.7084668156782368,0.6724306925772422
12681244,992293,8.205609174078026,0.0,0.7130532658505575,0.3836144462006286,0.0,0.6361427184969122
