member,group_id,r1,r2,r3,r4,r5,r6
12394885,9968182,4.330349534076411,0.20393621156088154,0.4305416481237886,0.9888550096092726,0.2481195756711918,0.5742327103788845
57171942,9968182,1.0399563230248485,7.262325274118766,0.8440644028935292,0.0,1.2234050040782427,0.9587428113558027
6218632,9968182,3.4728080871212303,0.546031865913565,7.006896269109549,0.5073372822629966,0.020584726388942685,0.0
3201481,9968182,3.4816856455849923,0.15083186065972232,0.020399982545313222,0.6201917033942169,1.2309084516827686,0.35469465779501125
115892362,9968182,3.656312900054572,0.024465923588209162,0.43029095523964994,3.344876693369797,0.24718852959391316,0.4004535252527631
8312620,9968182,2.6254371521182516,0.006612997266339353,1.5948985554356203,1.8913379095213496,1.2339589869143441,0.4898354987171632
79078252,9968182,3.495881979645836,0.05845091607479958,0.11753462417630067,0.62582690337393,1.2977780431583632,0.18777893499676568
108802542,9968182,5.729742970420041,0.24953065337806823,0.0,0.0,0.16829181307826035,0.24208068524688478
5279504,9968182,4.093452966077209,0.0,1.8232780080627633,0.48000176077448997,0.0,0.6452574494110113
89578162,9968182,1.0024828674777346,7.7545828460488435,0.0,0.0,1.673684885735648,0.0
10023858,9968182,4.360678434529753,0.39272874375246214,3.0781021026036135,0.16207413676417334,0.009453895400152974,0.5075575927223367
9445236,9968182,4.430042180498314,0.2983463954705628,0.293459176244281,1.5190685589026314,0.004460964112435694,0.7367508708115554
46368282,9968182,1.2156529524222357,6.370308566876086,0.5163079121939388,0.19269151787339184,1.5426252293943017,0.3471546279201123
