member,group_id,r1,r2,r3,r4,r5,r6
7723066,9968182,4.333944978661743,0.006129005784867737,0.8238222572961202,0.0,0.7910152671350558,0.4159865092664111
57171942,9968182,1.4456957129735337,7.190406895276353,0.5622801382116879,0.7419378633033832,1.4799386419095732,0.0
57051082,9968182,2.9190687240554714,0.1749670683427334,4.223533811938783,1.7856473272413813,0.4028790459786219,0.2642128069571196
21258411,9968182,2.9397069914163247,0.0,3.9115436965311083,1.844290488848945,0.647876959129545,0.2813881268721726
10024727,9968182,2.627096422525493,2.2791616128071057,0.0,1.365918762376522,0.3860792433261562,0.49719121404350325
13128749,9968182,5.646917635915977,0.04843653108049209,0.16125030660702952,0.5222056253649748,0.0,0.19051157283190998
3466187,9968182,3.208015454911976,1.1668870140049648,7.334296225746736,0.0042198804977399505,0.0,0.030050060367357138
7208589,9968182,5.635100875299324,0.24485043610630722,0.4535954956060634,0.34290994611452874,0.9515036308132839,0.10724798983791016
89578162,9968182,1.1899251496022907,7.685058230658248,0.0,0.7193720387649324,0.0,0.4975748705527091
12253111,9968182,3.4936289540864363,0.10928355190869879,0.2824892017948014,2.3749858254262834,0.6165536455500649,0.03207445055685487
46368282,9968182,1.278244993187712,6.3254498948300695,0.4337416540447444,0.8814280076865912,0.5913882149833617,0.7260449084866639
91622172,9968182,2.9298742603027335,0.09327921906046262,3.058866671737895,2.0530346891206803,0.5396704520517087,0.3437851896048685
114629342,9968182,2.514081725773874,0.47364059714494183,0.09917007253460239,3.275945600224325,0.11677805978270703,0.6392722857447986
