member,group_id,r1,r2,r3,r4,r5,r6
57171942,9968182,2.178344455119862,6.862313284557751,0.6279602956482666,0.7925323735595065,1.0793467867677733,0.8994804577522367
3466187,9968182,4.559720237369127,0.0026377402932009466,8.434312459232517,0.09410130299783676,0.2316423512111758,0.09515840710140694
7208589,9968182,4.726945204061454,0.03905739042790303,0.378665309133504,3.8497117354241257,0.7807686704599202,0.0
89578162,9968182,2.164293153419267,7.575021893662077,0.0,1.400980126820061,0.0,0.0
68877362,9968182,5.983445423497436,0.0006136502074248238,0.0,0.20005441627008982,0.3854221417984546,0.05757821680229563
9445236,9968182,5.953917043815436,0.009912266926544552,0.522995662797638,0.0,1.0357140701994316,0.3775311907029746
46368282,9968182,2.352176815351795,5.918979035883531,0.44017613030867664,1.539105228607608,0.1789697363642123,1.1971205112833663
